ISO-10303-21;
HEADER;

/* File generated by Shapr3D Version 26.143.0.11521 */

FILE_DESCRIPTION(('HOOPS Exchange Step'),'2;1');

FILE_NAME('/Users/hrushka/Library/Containers/com.shapr3d.shapr/Data/tmp/export/temp_export',
'2026-09-26T16:53:50-07:00',
('hrushka'),
('Shapr3D Limited'),
'HOOPS Exchange 2026.3',
'Shapr3D',
'Authorized');

FILE_SCHEMA( ('AP242_MANAGED_MODEL_BASED_3D_ENGINEERING_MIM_LF {1 0 10303 442 1 1 4}') );

ENDSEC;

DATA;
#3=(NAMED_UNIT(*)PLANE_ANGLE_UNIT()SI_UNIT($,.RADIAN.));
#4=PLANE_ANGLE_MEASURE_WITH_UNIT(PLANE_ANGLE_MEASURE(0.0174532925),#3);
#5=(CONVERSION_BASED_UNIT('DEGREE',#4)NAMED_UNIT(#6)PLANE_ANGLE_UNIT());
#6=DIMENSIONAL_EXPONENTS(0.,0.,0.,0.,0.,0.,0.);
#7=(NAMED_UNIT(*)SI_UNIT($,.STERADIAN.)SOLID_ANGLE_UNIT());
#8=(LENGTH_UNIT()NAMED_UNIT(*)SI_UNIT(.MILLI.,.METRE.));
#9=UNCERTAINTY_MEASURE_WITH_UNIT(LENGTH_MEASURE(1.000000E-03),#8,'DISTANCE_ACCURACY_VALUE','Maximum Tolerance applied to model');
#10=(GEOMETRIC_REPRESENTATION_CONTEXT(3)GLOBAL_UNCERTAINTY_ASSIGNED_CONTEXT((#9))GLOBAL_UNIT_ASSIGNED_CONTEXT((#8,#5,#7))REPRESENTATION_CONTEXT('','root'));
#12=CARTESIAN_POINT('',(0.,0.,0.));
#13=DIRECTION('',(0.,0.,1.));
#14=DIRECTION('',(1.,0.,0.));
#15=AXIS2_PLACEMENT_3D('TS3D_PRODUCT_CSYS',#12,#13,#14);
#26=(NAMED_UNIT(*)PLANE_ANGLE_UNIT()SI_UNIT($,.RADIAN.));
#27=PLANE_ANGLE_MEASURE_WITH_UNIT(PLANE_ANGLE_MEASURE(0.0174532925),#26);
#28=(CONVERSION_BASED_UNIT('DEGREE',#27)NAMED_UNIT(#29)PLANE_ANGLE_UNIT());
#29=DIMENSIONAL_EXPONENTS(0.,0.,0.,0.,0.,0.,0.);
#30=(NAMED_UNIT(*)SI_UNIT($,.STERADIAN.)SOLID_ANGLE_UNIT());
#31=(LENGTH_UNIT()NAMED_UNIT(*)SI_UNIT(.MILLI.,.METRE.));
#32=UNCERTAINTY_MEASURE_WITH_UNIT(LENGTH_MEASURE(1.000000E-03),#31,'DISTANCE_ACCURACY_VALUE','Maximum Tolerance applied to model');
#33=(GEOMETRIC_REPRESENTATION_CONTEXT(3)GLOBAL_UNCERTAINTY_ASSIGNED_CONTEXT((#32))GLOBAL_UNIT_ASSIGNED_CONTEXT((#31,#28,#30))REPRESENTATION_CONTEXT('','701_battery_cap.step'));
#45=CARTESIAN_POINT('',(0.,0.,0.));
#46=DIRECTION('',(0.,0.,1.));
#47=DIRECTION('',(1.,0.,-0.));
#48=AXIS2_PLACEMENT_3D('',#45,#46,#47);
#49=ITEM_DEFINED_TRANSFORMATION('','',#48,#15);
#50=(REPRESENTATION_RELATIONSHIP('','',#35,#16)REPRESENTATION_RELATIONSHIP_WITH_TRANSFORMATION(#49)SHAPE_REPRESENTATION_RELATIONSHIP());
#51=NEXT_ASSEMBLY_USAGE_OCCURRENCE('701_battery_cap.step_1','701_battery_cap.step','701_battery_cap.step',#25,#44,$);
#52=PRODUCT_DEFINITION_SHAPE('','',#51);
#53=CONTEXT_DEPENDENT_SHAPE_REPRESENTATION(#50,#52);
#54=(NAMED_UNIT(*)PLANE_ANGLE_UNIT()SI_UNIT($,.RADIAN.));
#55=PLANE_ANGLE_MEASURE_WITH_UNIT(PLANE_ANGLE_MEASURE(0.0174532925),#54);
#56=(CONVERSION_BASED_UNIT('DEGREE',#55)NAMED_UNIT(#57)PLANE_ANGLE_UNIT());
#57=DIMENSIONAL_EXPONENTS(0.,0.,0.,0.,0.,0.,0.);
#58=(NAMED_UNIT(*)SI_UNIT($,.STERADIAN.)SOLID_ANGLE_UNIT());
#59=(LENGTH_UNIT()NAMED_UNIT(*)SI_UNIT(.MILLI.,.METRE.));
#60=UNCERTAINTY_MEASURE_WITH_UNIT(LENGTH_MEASURE(1.000000E-05),#59,'DISTANCE_ACCURACY_VALUE','Maximum Tolerance applied to model');
#61=(GEOMETRIC_REPRESENTATION_CONTEXT(3)GLOBAL_UNCERTAINTY_ASSIGNED_CONTEXT((#60))GLOBAL_UNIT_ASSIGNED_CONTEXT((#59,#56,#58))REPRESENTATION_CONTEXT('','front'));
#73=CARTESIAN_POINT('',(0.,0.,0.));
#74=DIRECTION('',(0.,0.,1.));
#75=DIRECTION('',(1.,0.,-0.));
#76=AXIS2_PLACEMENT_3D('',#73,#74,#75);
#77=ITEM_DEFINED_TRANSFORMATION('','',#76,#15);
#78=(REPRESENTATION_RELATIONSHIP('','',#63,#35)REPRESENTATION_RELATIONSHIP_WITH_TRANSFORMATION(#77)SHAPE_REPRESENTATION_RELATIONSHIP());
#79=NEXT_ASSEMBLY_USAGE_OCCURRENCE('front_2','front','front',#44,#72,$);
#80=PRODUCT_DEFINITION_SHAPE('','',#79);
#81=CONTEXT_DEPENDENT_SHAPE_REPRESENTATION(#78,#80);
#83=CARTESIAN_POINT('',(34.10092424,-14.699867966,13.));
#84=DIRECTION('',(-0.989949494,-0.141421356,0.));
#85=DIRECTION('',(0.141421356,-0.989949494,0.));
#86=AXIS2_PLACEMENT_3D('',#83,#84,#85);
#87=PLANE('',#86);
#88=CARTESIAN_POINT('',(5.604983769,184.771715737,10.25));
#89=VERTEX_POINT('',#88);
#90=CARTESIAN_POINT('',(5.619269483,184.671715737,10.25));
#91=VERTEX_POINT('',#90);
#92=CARTESIAN_POINT('',(5.604983769,184.771715737,10.25));
#93=DIRECTION('',(0.141421356,-0.989949494,0.));
#94=VECTOR('',#93,0.101015254);
#95=LINE('',#92,#94);
#96=EDGE_CURVE('',#89,#91,#95,.T.);
#97=ORIENTED_EDGE('',*,*,#96,.T.);
#98=CARTESIAN_POINT('',(5.619269455,184.671715733,10.5));
#99=VERTEX_POINT('',#98);
#100=CARTESIAN_POINT('',(5.619269483,184.671715737,10.25));
#101=DIRECTION('',(0.,0.,1.));
#102=VECTOR('',#101,0.25);
#103=LINE('',#100,#102);
#104=EDGE_CURVE('',#91,#99,#103,.T.);
#105=ORIENTED_EDGE('',*,*,#104,.T.);
#106=CARTESIAN_POINT('',(5.604983741,184.771715733,10.5));
#107=VERTEX_POINT('',#106);
#108=CARTESIAN_POINT('',(5.604983713,184.771715729,10.5));
#109=DIRECTION('',(0.141421358,-0.989949493,0.));
#110=VECTOR('',#109,0.101015254);
#111=LINE('',#108,#110);
#112=EDGE_CURVE('',#107,#99,#111,.T.);
#113=ORIENTED_EDGE('',*,*,#112,.F.);
#114=CARTESIAN_POINT('',(5.604983769,184.771715737,10.5));
#115=DIRECTION('',(-0.,-0.,-1.));
#116=VECTOR('',#115,0.25);
#117=LINE('',#114,#116);
#118=EDGE_CURVE('',#107,#89,#117,.T.);
#119=ORIENTED_EDGE('',*,*,#118,.T.);
#120=EDGE_LOOP('',(#97,#105,#113,#119));
#121=FACE_BOUND('',#120,.T.);
#122=ADVANCED_FACE('',(#121),#87,.T.);
#123=CARTESIAN_POINT('',(-4.5,-20.,10.25));
#124=DIRECTION('',(0.,0.,1.));
#125=DIRECTION('',(1.,0.,0.));
#126=AXIS2_PLACEMENT_3D('',#123,#124,#125);
#127=PLANE('',#126);
#128=CARTESIAN_POINT('',(34.581986054,184.67127506,10.249999904));
#129=VERTEX_POINT('',#128);
#130=CARTESIAN_POINT('',(34.596493312,184.771316105,10.249999871));
#131=VERTEX_POINT('',#130);
#132=CARTESIAN_POINT('',(34.582003318,184.671272555,10.25));
#133=DIRECTION('',(0.143614204,0.989633751,0.));
#134=VECTOR('',#133,0.101087443);
#135=LINE('',#132,#134);
#136=EDGE_CURVE('',#129,#131,#135,.T.);
#137=ORIENTED_EDGE('',*,*,#136,.F.);
#138=CARTESIAN_POINT('',(34.384074573,184.5,10.250000001));
#139=VERTEX_POINT('',#138);
#140=CARTESIAN_POINT('',(34.581968684,184.671277581,10.250000004));
#141=CARTESIAN_POINT('',(34.575106491,184.62399016,10.250000004));
#142=CARTESIAN_POINT('',(34.551025414,184.580064421,10.25));
#143=CARTESIAN_POINT('',(34.515032013,184.548866568,10.25));
#144=CARTESIAN_POINT('',(34.479038611,184.517668716,10.25));
#145=CARTESIAN_POINT('',(34.431844946,184.500008876,10.25));
#146=CARTESIAN_POINT('',(34.384074565,184.500000003,10.25));
#147=B_SPLINE_CURVE_WITH_KNOTS('',3,(#140,#141,#142,#143,#144,#145,#146),.UNSPECIFIED.,.F.,.F.,(4,3,4),(0.,0.000141245,0.000282491),.UNSPECIFIED.);
#148=EDGE_CURVE('',#129,#139,#147,.T.);
#149=ORIENTED_EDGE('',*,*,#148,.T.);
#150=CARTESIAN_POINT('',(5.817259326,184.5,10.25));
#151=VERTEX_POINT('',#150);
#152=CARTESIAN_POINT('',(5.817259326,184.5,10.25));
#153=DIRECTION('',(1.,0.,-0.));
#154=VECTOR('',#153,28.566815247);
#155=LINE('',#152,#154);
#156=EDGE_CURVE('',#151,#139,#155,.T.);
#157=ORIENTED_EDGE('',*,*,#156,.F.);
#158=CARTESIAN_POINT('',(5.817259326,184.7,10.25));
#159=DIRECTION('',(-0.,-0.,-1.));
#160=DIRECTION('',(1.,0.,-0.));
#161=AXIS2_PLACEMENT_3D('',#158,#159,#160);
#162=CIRCLE('',#161,0.2);
#163=EDGE_CURVE('',#151,#91,#162,.T.);
#164=ORIENTED_EDGE('',*,*,#163,.T.);
#165=ORIENTED_EDGE('',*,*,#96,.F.);
#166=CARTESIAN_POINT('',(5.602973611,184.8,10.25));
#167=VERTEX_POINT('',#166);
#168=CARTESIAN_POINT('',(5.802973611,184.8,10.25));
#169=DIRECTION('',(0.,0.,-1.));
#170=DIRECTION('',(-1.,0.,0.));
#171=AXIS2_PLACEMENT_3D('',#168,#169,#170);
#172=CIRCLE('',#171,0.2);
#173=EDGE_CURVE('',#89,#167,#172,.T.);
#174=ORIENTED_EDGE('',*,*,#173,.T.);
#175=CARTESIAN_POINT('',(5.802973611,185.,10.25));
#176=VERTEX_POINT('',#175);
#177=CARTESIAN_POINT('',(5.802973611,184.8,10.25));
#178=DIRECTION('',(0.,0.,-1.));
#179=DIRECTION('',(-1.,0.,0.));
#180=AXIS2_PLACEMENT_3D('',#177,#178,#179);
#181=CIRCLE('',#180,0.2);
#182=EDGE_CURVE('',#167,#176,#181,.T.);
#183=ORIENTED_EDGE('',*,*,#182,.T.);
#184=CARTESIAN_POINT('',(34.398578453,184.999999998,10.25));
#185=VERTEX_POINT('',#184);
#186=CARTESIAN_POINT('',(5.802973611,185.,10.25));
#187=DIRECTION('',(1.,0.,-0.));
#188=VECTOR('',#187,28.595604842);
#189=LINE('',#186,#188);
#190=EDGE_CURVE('',#176,#185,#189,.T.);
#191=ORIENTED_EDGE('',*,*,#190,.T.);
#192=CARTESIAN_POINT('',(34.398578249,184.999999995,10.25));
#193=CARTESIAN_POINT('',(34.456115712,184.99998762,10.25));
#194=CARTESIAN_POINT('',(34.511985781,184.974445521,10.25));
#195=CARTESIAN_POINT('',(34.549635118,184.931033867,10.25));
#196=CARTESIAN_POINT('',(34.587284454,184.887622214,10.25));
#197=CARTESIAN_POINT('',(34.604606038,184.827454514,10.25));
#198=CARTESIAN_POINT('',(34.596472501,184.77131912,10.25));
#199=B_SPLINE_CURVE_WITH_KNOTS('',3,(#192,#193,#194,#195,#196,#197,#198),.UNSPECIFIED.,.F.,.F.,(4,3,4),(0.,0.000170165,0.000340329),.UNSPECIFIED.);
#200=EDGE_CURVE('',#185,#131,#199,.T.);
#201=ORIENTED_EDGE('',*,*,#200,.T.);
#202=EDGE_LOOP('',(#137,#149,#157,#164,#165,#174,#183,#191,#201));
#203=FACE_BOUND('',#202,.T.);
#204=ADVANCED_FACE('',(#203),#127,.F.);
#205=CARTESIAN_POINT('',(36.066426999,184.455821377,10.258193074));
#206=CARTESIAN_POINT('',(36.071378018,184.489932226,10.258166987));
#207=CARTESIAN_POINT('',(36.076326539,184.52404393,10.258140913));
#208=CARTESIAN_POINT('',(36.081271362,184.558157074,10.258114756));
#209=CARTESIAN_POINT('',(36.066064736,184.456270948,10.335650224));
#210=CARTESIAN_POINT('',(36.070991431,184.490384579,10.335622816));
#211=CARTESIAN_POINT('',(36.075916691,184.524498887,10.335595403));
#212=CARTESIAN_POINT('',(36.080839535,184.558614395,10.335567891));
#213=CARTESIAN_POINT('',(36.065702473,184.456720519,10.413107373));
#214=CARTESIAN_POINT('',(36.070604844,184.490836931,10.413078646));
#215=CARTESIAN_POINT('',(36.075506843,184.524953845,10.413049892));
#216=CARTESIAN_POINT('',(36.080407707,184.559071716,10.413021025));
#217=CARTESIAN_POINT('',(36.06534021,184.457170089,10.490564523));
#218=CARTESIAN_POINT('',(36.070218256,184.491289283,10.490534475));
#219=CARTESIAN_POINT('',(36.075096995,184.525408802,10.490504381));
#220=CARTESIAN_POINT('',(36.07997588,184.559529037,10.49047416));
#221=CARTESIAN_POINT('',(36.065340054,184.457170283,10.490597848));
#222=CARTESIAN_POINT('',(36.07021809,184.491289478,10.4905678));
#223=CARTESIAN_POINT('',(36.075096819,184.525408998,10.490537706));
#224=CARTESIAN_POINT('',(36.079975694,184.559529233,10.490507484));
#225=CARTESIAN_POINT('',(36.065339898,184.457170476,10.490631174));
#226=CARTESIAN_POINT('',(36.070217924,184.491289673,10.490601126));
#227=CARTESIAN_POINT('',(36.075096642,184.525409194,10.490571031));
#228=CARTESIAN_POINT('',(36.079975508,184.55952943,10.490540808));
#229=CARTESIAN_POINT('',(36.065339742,184.45717067,10.4906645));
#230=CARTESIAN_POINT('',(36.070217757,184.491289867,10.490634451));
#231=CARTESIAN_POINT('',(36.075096466,184.52540939,10.490604355));
#232=CARTESIAN_POINT('',(36.079975322,184.559529627,10.490574133));
#233=CARTESIAN_POINT('',(36.065310357,184.45720714,10.49694802));
#234=CARTESIAN_POINT('',(36.070186399,184.491326563,10.496917864));
#235=CARTESIAN_POINT('',(36.07506322,184.525446297,10.496887659));
#236=CARTESIAN_POINT('',(36.079940294,184.559566726,10.496857327));
#237=CARTESIAN_POINT('',(36.065281174,184.45724362,10.503231523));
#238=CARTESIAN_POINT('',(36.070155249,184.491363266,10.50320126));
#239=CARTESIAN_POINT('',(36.075030192,184.525483208,10.503170947));
#240=CARTESIAN_POINT('',(36.07990549,184.559603826,10.503140505));
#241=CARTESIAN_POINT('',(36.065252196,184.457280109,10.50951501));
#242=CARTESIAN_POINT('',(36.070124312,184.491399975,10.50948464));
#243=CARTESIAN_POINT('',(36.074997383,184.525520123,10.509454219));
#244=CARTESIAN_POINT('',(36.079870914,184.559640927,10.509423667));
#245=B_SPLINE_SURFACE_WITH_KNOTS('',3,3,((#205,#206,#207,#208),(#209,#210,#211,#212),(#213,#214,#215,#216),(#217,#218,#219,#220),(#221,#222,#223,#224),(#225,#226,#227,#228),(#229,#230,#231,#232),(#233,#234,#235,#236),(#237,#238,#239,#240),(#241,#242,#243,#244)),.UNSPECIFIED.,.F.,.F.,.U.,(4,3,3,4),(4,4),(-0.007718965,-0.007487058,-0.007486958,-0.007468145),(-0.003323878,-0.003220683),.UNSPECIFIED.);
#246=OFFSET_SURFACE('',#245,1.5,.F.);
#247=CARTESIAN_POINT('',(34.594961598,184.771724069,10.499999889));
#248=VERTEX_POINT('',#247);
#249=CARTESIAN_POINT('',(34.580681052,184.671727597,10.499999963));
#250=VERTEX_POINT('',#249);
#251=CARTESIAN_POINT('',(34.594969344,184.771722336,10.5));
#252=DIRECTION('',(-0.141382347,-0.989955066,-0.));
#253=VECTOR('',#252,0.101010411);
#254=LINE('',#251,#253);
#255=EDGE_CURVE('',#248,#250,#254,.T.);
#256=ORIENTED_EDGE('',*,*,#255,.T.);
#257=CARTESIAN_POINT('',(34.580673849,184.671728626,10.499999925));
#258=CARTESIAN_POINT('',(34.581090834,184.671582151,10.416723471));
#259=CARTESIAN_POINT('',(34.581526143,184.67142894,10.333332742));
#260=CARTESIAN_POINT('',(34.581968684,184.671277573,10.249999808));
#261=B_SPLINE_CURVE_WITH_KNOTS('',3,(#257,#258,#259,#260),.UNSPECIFIED.,.F.,.F.,(4,4),(0.00054421,0.000794211),.UNSPECIFIED.);
#262=EDGE_CURVE('',#250,#129,#261,.T.);
#263=ORIENTED_EDGE('',*,*,#262,.T.);
#264=ORIENTED_EDGE('',*,*,#136,.T.);
#265=CARTESIAN_POINT('',(34.596472896,184.771321834,10.249999739));
#266=CARTESIAN_POINT('',(34.595954363,184.771459849,10.333326646));
#267=CARTESIAN_POINT('',(34.595443755,184.771595545,10.416735931));
#268=CARTESIAN_POINT('',(34.594953774,184.771725802,10.499999905));
#269=B_SPLINE_CURVE_WITH_KNOTS('',3,(#265,#266,#267,#268),.UNSPECIFIED.,.F.,.F.,(4,4),(0.002011836,0.002261821),.UNSPECIFIED.);
#270=EDGE_CURVE('',#131,#248,#269,.T.);
#271=ORIENTED_EDGE('',*,*,#270,.T.);
#272=EDGE_LOOP('',(#256,#263,#264,#271));
#273=FACE_BOUND('',#272,.T.);
#274=ADVANCED_FACE('',(#273),#246,.F.);
#275=CARTESIAN_POINT('',(20.100151704,185.,11.125001571));
#276=DIRECTION('',(0.,-1.,0.));
#277=DIRECTION('',(0.,0.,-1.));
#278=AXIS2_PLACEMENT_3D('',#275,#276,#277);
#279=PLANE('',#278);
#280=CARTESIAN_POINT('',(5.802973611,185.,10.5));
#281=VERTEX_POINT('',#280);
#282=CARTESIAN_POINT('',(34.396974518,185.,10.5));
#283=VERTEX_POINT('',#282);
#284=CARTESIAN_POINT('',(5.802973611,185.,10.5));
#285=DIRECTION('',(1.,0.,-0.));
#286=VECTOR('',#285,28.594000907);
#287=LINE('',#284,#286);
#288=EDGE_CURVE('',#281,#283,#287,.T.);
#289=ORIENTED_EDGE('',*,*,#288,.T.);
#290=CARTESIAN_POINT('',(34.396974518,185.,10.5));
#291=DIRECTION('',(0.006416426,0.,-0.999979415));
#292=VECTOR('',#291,0.250005145);
#293=LINE('',#290,#292);
#294=EDGE_CURVE('',#283,#185,#293,.T.);
#295=ORIENTED_EDGE('',*,*,#294,.T.);
#296=ORIENTED_EDGE('',*,*,#190,.F.);
#297=CARTESIAN_POINT('',(5.802973611,185.,10.25));
#298=DIRECTION('',(-0.,-0.,1.));
#299=VECTOR('',#298,0.25);
#300=LINE('',#297,#299);
#301=EDGE_CURVE('',#176,#281,#300,.T.);
#302=ORIENTED_EDGE('',*,*,#301,.T.);
#303=EDGE_LOOP('',(#289,#295,#296,#302));
#304=FACE_BOUND('',#303,.T.);
#305=ADVANCED_FACE('',(#304),#279,.F.);
#306=CARTESIAN_POINT('',(20.100151704,184.5,11.125001571));
#307=DIRECTION('',(0.,-1.,0.));
#308=DIRECTION('',(0.,0.,-1.));
#309=AXIS2_PLACEMENT_3D('',#306,#307,#308);
#310=PLANE('',#309);
#311=ORIENTED_EDGE('',*,*,#156,.T.);
#312=CARTESIAN_POINT('',(34.38269385,184.5,10.5));
#313=VERTEX_POINT('',#312);
#314=CARTESIAN_POINT('',(34.384074573,184.5,10.250000001));
#315=DIRECTION('',(-0.005522808,0.,0.999984749));
#316=VECTOR('',#315,0.250003812);
#317=LINE('',#314,#316);
#318=EDGE_CURVE('',#139,#313,#317,.T.);
#319=ORIENTED_EDGE('',*,*,#318,.T.);
#320=CARTESIAN_POINT('',(5.817259326,184.5,10.5));
#321=VERTEX_POINT('',#320);
#322=CARTESIAN_POINT('',(5.817259326,184.5,10.5));
#323=DIRECTION('',(1.,0.,-0.));
#324=VECTOR('',#323,28.565434524);
#325=LINE('',#322,#324);
#326=EDGE_CURVE('',#321,#313,#325,.T.);
#327=ORIENTED_EDGE('',*,*,#326,.F.);
#328=CARTESIAN_POINT('',(5.817259326,184.5,10.5));
#329=DIRECTION('',(0.,0.,-1.));
#330=VECTOR('',#329,0.25);
#331=LINE('',#328,#330);
#332=EDGE_CURVE('',#321,#151,#331,.T.);
#333=ORIENTED_EDGE('',*,*,#332,.T.);
#334=EDGE_LOOP('',(#311,#319,#327,#333));
#335=FACE_BOUND('',#334,.T.);
#336=ADVANCED_FACE('',(#335),#310,.T.);
#337=CARTESIAN_POINT('',(5.802973611,184.8,11.125001571));
#338=DIRECTION('',(0.,0.,-1.));
#339=DIRECTION('',(-1.,0.,0.));
#340=AXIS2_PLACEMENT_3D('',#337,#338,#339);
#341=CYLINDRICAL_SURFACE('',#340,0.2);
#342=CARTESIAN_POINT('',(5.602973611,184.8,10.5));
#343=VERTEX_POINT('',#342);
#344=CARTESIAN_POINT('',(5.602973611,184.8,10.25));
#345=DIRECTION('',(-0.,-0.,1.));
#346=VECTOR('',#345,0.25);
#347=LINE('',#344,#346);
#348=EDGE_CURVE('',#167,#343,#347,.T.);
#349=ORIENTED_EDGE('',*,*,#348,.T.);
#350=CARTESIAN_POINT('',(5.802973611,184.8,10.5));
#351=DIRECTION('',(-0.,-0.,1.));
#352=DIRECTION('',(-1.,0.,0.));
#353=AXIS2_PLACEMENT_3D('',#350,#351,#352);
#354=CIRCLE('',#353,0.2);
#355=EDGE_CURVE('',#281,#343,#354,.T.);
#356=ORIENTED_EDGE('',*,*,#355,.F.);
#357=ORIENTED_EDGE('',*,*,#301,.F.);
#358=ORIENTED_EDGE('',*,*,#182,.F.);
#359=EDGE_LOOP('',(#349,#356,#357,#358));
#360=FACE_BOUND('',#359,.T.);
#361=ADVANCED_FACE('',(#360),#341,.T.);
#362=CARTESIAN_POINT('',(5.817259326,184.7,13.));
#363=DIRECTION('',(0.,0.,1.));
#364=DIRECTION('',(1.,0.,-0.));
#365=AXIS2_PLACEMENT_3D('',#362,#363,#364);
#366=CYLINDRICAL_SURFACE('',#365,0.2);
#367=ORIENTED_EDGE('',*,*,#163,.F.);
#368=ORIENTED_EDGE('',*,*,#332,.F.);
#369=CARTESIAN_POINT('',(5.817259326,184.7,10.5));
#370=DIRECTION('',(0.,0.,1.));
#371=DIRECTION('',(1.,0.,-0.));
#372=AXIS2_PLACEMENT_3D('',#369,#370,#371);
#373=CIRCLE('',#372,0.2);
#374=EDGE_CURVE('',#99,#321,#373,.T.);
#375=ORIENTED_EDGE('',*,*,#374,.F.);
#376=ORIENTED_EDGE('',*,*,#104,.F.);
#377=EDGE_LOOP('',(#367,#368,#375,#376));
#378=FACE_BOUND('',#377,.T.);
#379=ADVANCED_FACE('',(#378),#366,.T.);
#380=CARTESIAN_POINT('',(34.398559733,184.999999999,10.24869092));
#381=CARTESIAN_POINT('',(34.427132051,184.999997717,10.248877917));
#382=CARTESIAN_POINT('',(34.455687962,184.993780394,10.249064807));
#383=CARTESIAN_POINT('',(34.507666874,184.970024721,10.249404999));
#384=CARTESIAN_POINT('',(34.531059919,184.952497532,10.249558105));
#385=CARTESIAN_POINT('',(34.568464951,184.909281073,10.249802929));
#386=CARTESIAN_POINT('',(34.58245607,184.883615913,10.249894511));
#387=CARTESIAN_POINT('',(34.598513448,184.828761493,10.24999964));
#388=CARTESIAN_POINT('',(34.600570734,184.799604537,10.250013067));
#389=CARTESIAN_POINT('',(34.59647298,184.771321812,10.249986275));
#390=CARTESIAN_POINT('',(34.596472849,184.771320907,10.249986274));
#391=CARTESIAN_POINT('',(34.596472718,184.771320002,10.249986274));
#392=CARTESIAN_POINT('',(34.596472587,184.771319098,10.249986273));
#393=CARTESIAN_POINT('',(34.398559704,184.999999999,10.248695407));
#394=CARTESIAN_POINT('',(34.427132021,184.999997717,10.248882404));
#395=CARTESIAN_POINT('',(34.455687932,184.993780394,10.249069294));
#396=CARTESIAN_POINT('',(34.507666842,184.970024722,10.249409486));
#397=CARTESIAN_POINT('',(34.531059888,184.952497534,10.249562592));
#398=CARTESIAN_POINT('',(34.56846492,184.909281077,10.249807416));
#399=CARTESIAN_POINT('',(34.582456038,184.883615918,10.249898998));
#400=CARTESIAN_POINT('',(34.598513418,184.828761499,10.250004127));
#401=CARTESIAN_POINT('',(34.600570705,184.799604544,10.250017554));
#402=CARTESIAN_POINT('',(34.596472952,184.771321819,10.249990762));
#403=CARTESIAN_POINT('',(34.596472821,184.771320914,10.249990761));
#404=CARTESIAN_POINT('',(34.59647269,184.77132001,10.24999076));
#405=CARTESIAN_POINT('',(34.596472559,184.771319105,10.24999076));
#406=CARTESIAN_POINT('',(34.398559675,184.999999999,10.248699894));
#407=CARTESIAN_POINT('',(34.427131992,184.999997717,10.248886891));
#408=CARTESIAN_POINT('',(34.455687902,184.993780394,10.249073781));
#409=CARTESIAN_POINT('',(34.507666811,184.970024724,10.249413973));
#410=CARTESIAN_POINT('',(34.531059856,184.952497536,10.249567079));
#411=CARTESIAN_POINT('',(34.568464888,184.90928108,10.249811903));
#412=CARTESIAN_POINT('',(34.582456007,184.883615922,10.249903485));
#413=CARTESIAN_POINT('',(34.598513388,184.828761506,10.250008614));
#414=CARTESIAN_POINT('',(34.600570676,184.799604551,10.250022041));
#415=CARTESIAN_POINT('',(34.596472924,184.771321827,10.249995249));
#416=CARTESIAN_POINT('',(34.596472793,184.771320922,10.249995248));
#417=CARTESIAN_POINT('',(34.596472662,184.771320017,10.249995247));
#418=CARTESIAN_POINT('',(34.596472531,184.771319112,10.249995247));
#419=CARTESIAN_POINT('',(34.398559646,184.999999999,10.248704381));
#420=CARTESIAN_POINT('',(34.427131962,184.999997717,10.248891378));
#421=CARTESIAN_POINT('',(34.455687871,184.993780394,10.249078268));
#422=CARTESIAN_POINT('',(34.50766678,184.970024725,10.24941846));
#423=CARTESIAN_POINT('',(34.531059825,184.952497538,10.249571566));
#424=CARTESIAN_POINT('',(34.568464857,184.909281084,10.24981639));
#425=CARTESIAN_POINT('',(34.582455976,184.883615927,10.249907972));
#426=CARTESIAN_POINT('',(34.598513358,184.828761512,10.250013101));
#427=CARTESIAN_POINT('',(34.600570647,184.799604558,10.250026528));
#428=CARTESIAN_POINT('',(34.596472896,184.771321834,10.249999736));
#429=CARTESIAN_POINT('',(34.596472765,184.771320929,10.249999735));
#430=CARTESIAN_POINT('',(34.596472634,184.771320025,10.249999734));
#431=CARTESIAN_POINT('',(34.596472503,184.77131912,10.249999733));
#432=CARTESIAN_POINT('',(34.398018316,184.999999999,10.332469508));
#433=CARTESIAN_POINT('',(34.4265789,184.999997713,10.332655997));
#434=CARTESIAN_POINT('',(34.455123111,184.993785564,10.33284238));
#435=CARTESIAN_POINT('',(34.507084853,184.970048792,10.333181677));
#436=CARTESIAN_POINT('',(34.530472492,184.952535296,10.333334394));
#437=CARTESIAN_POINT('',(34.567877373,184.909349754,10.333578653));
#438=CARTESIAN_POINT('',(34.581873783,184.883701762,10.333670058));
#439=CARTESIAN_POINT('',(34.597953533,184.828878353,10.333775089));
#440=CARTESIAN_POINT('',(34.600027906,184.799734606,10.333788615));
#441=CARTESIAN_POINT('',(34.595951654,184.77146057,10.333762024));
#442=CARTESIAN_POINT('',(34.595951524,184.771459666,10.333762023));
#443=CARTESIAN_POINT('',(34.595951393,184.771458761,10.333762022));
#444=CARTESIAN_POINT('',(34.595951263,184.771457857,10.333762021));
#445=CARTESIAN_POINT('',(34.397485993,184.999999999,10.416234689));
#446=CARTESIAN_POINT('',(34.42603507,184.999997709,10.416418906));
#447=CARTESIAN_POINT('',(34.454567804,184.993790638,10.416603017));
#448=CARTESIAN_POINT('',(34.506512707,184.970072408,10.416938202));
#449=CARTESIAN_POINT('',(34.529895038,184.952572348,10.417089084));
#450=CARTESIAN_POINT('',(34.567299762,184.909417147,10.417330457));
#451=CARTESIAN_POINT('',(34.581301355,184.883786006,10.417420815));
#452=CARTESIAN_POINT('',(34.597403032,184.828993051,10.417524741));
#453=CARTESIAN_POINT('',(34.599494157,184.799862292,10.41753823));
#454=CARTESIAN_POINT('',(34.595438992,184.771596811,10.417512083));
#455=CARTESIAN_POINT('',(34.595438862,184.771595907,10.417512082));
#456=CARTESIAN_POINT('',(34.595438733,184.771595003,10.417512081));
#457=CARTESIAN_POINT('',(34.595438603,184.771594099,10.41751208));
#458=CARTESIAN_POINT('',(34.396974569,184.999999999,10.5));
#459=CARTESIAN_POINT('',(34.425512631,184.999997707,10.500178309));
#460=CARTESIAN_POINT('',(34.454034381,184.993795506,10.500356516));
#461=CARTESIAN_POINT('',(34.505963166,184.970095055,10.500680974));
#462=CARTESIAN_POINT('',(34.52934042,184.952607877,10.500827039));
#463=CARTESIAN_POINT('',(34.566745002,184.909481772,10.501060753));
#464=CARTESIAN_POINT('',(34.580751562,184.883866791,10.501148271));
#465=CARTESIAN_POINT('',(34.596874248,184.829103056,10.501249018));
#466=CARTESIAN_POINT('',(34.59898142,184.799984978,10.501262181));
#467=CARTESIAN_POINT('',(34.594946496,184.771727737,10.501236978));
#468=CARTESIAN_POINT('',(34.594946367,184.771726833,10.501236977));
#469=CARTESIAN_POINT('',(34.594946238,184.771725929,10.501236976));
#470=CARTESIAN_POINT('',(34.594946109,184.771725025,10.501236976));
#471=B_SPLINE_SURFACE_WITH_KNOTS('',3,3,((#380,#381,#382,#383,#384,#385,#386,#387,#388,#389,#390,#391,#392),(#393,#394,#395,#396,#397,#398,#399,#400,#401,#402,#403,#404,#405),(#406,#407,#408,#409,#410,#411,#412,#413,#414,#415,#416,#417,#418),(#419,#420,#421,#422,#423,#424,#425,#426,#427,#428,#429,#430,#431),(#432,#433,#434,#435,#436,#437,#438,#439,#440,#441,#442,#443,#444),(#445,#446,#447,#448,#449,#450,#451,#452,#453,#454,#455,#456,#457),(#458,#459,#460,#461,#462,#463,#464,#465,#466,#467,#468,#469,#470)),.UNSPECIFIED.,.F.,.F.,.U.,(4,3,4),(4,2,2,2,3,4),(0.002011764,0.002011777,0.002263077),(0.000046269,0.25,0.5,0.75,1.,1.000007997),.UNSPECIFIED.);
#472=ORIENTED_EDGE('',*,*,#200,.F.);
#473=ORIENTED_EDGE('',*,*,#294,.F.);
#474=CARTESIAN_POINT('',(34.594953688,184.771725199,10.5));
#475=CARTESIAN_POINT('',(34.603076876,184.828607093,10.5));
#476=CARTESIAN_POINT('',(34.585765217,184.887441,10.5));
#477=CARTESIAN_POINT('',(34.548220701,184.930845994,10.5));
#478=CARTESIAN_POINT('',(34.510676185,184.974250988,10.5));
#479=CARTESIAN_POINT('',(34.454431603,184.999994849,10.5));
#480=CARTESIAN_POINT('',(34.396974569,184.999999999,10.5));
#481=B_SPLINE_CURVE_WITH_KNOTS('',3,(#474,#475,#476,#477,#478,#479,#480),.UNSPECIFIED.,.F.,.F.,(4,3,4),(0.,0.000169933,0.000339865),.UNSPECIFIED.);
#482=EDGE_CURVE('',#248,#283,#481,.T.);
#483=ORIENTED_EDGE('',*,*,#482,.F.);
#484=ORIENTED_EDGE('',*,*,#270,.F.);
#485=EDGE_LOOP('',(#472,#473,#483,#484));
#486=FACE_BOUND('',#485,.T.);
#487=ADVANCED_FACE('',(#486),#471,.T.);
#488=CARTESIAN_POINT('',(34.382715191,184.500000003,10.499999995));
#489=CARTESIAN_POINT('',(34.430335144,184.500008876,10.500255647));
#490=CARTESIAN_POINT('',(34.47775047,184.517711872,10.500510198));
#491=CARTESIAN_POINT('',(34.549706145,184.580124708,10.500896488));
#492=CARTESIAN_POINT('',(34.573935912,184.624576473,10.501026559));
#493=CARTESIAN_POINT('',(34.580668526,184.671730479,10.50106269));
#494=CARTESIAN_POINT('',(34.383155164,184.500000003,10.416296242));
#495=CARTESIAN_POINT('',(34.430750519,184.500008866,10.416560023));
#496=CARTESIAN_POINT('',(34.478141768,184.517692935,10.416822673));
#497=CARTESIAN_POINT('',(34.550083265,184.580047076,10.417221364));
#498=CARTESIAN_POINT('',(34.574323624,184.624459858,10.417355687));
#499=CARTESIAN_POINT('',(34.581087501,184.671584584,10.417393143));
#500=CARTESIAN_POINT('',(34.383614207,184.500000003,10.332592588));
#501=CARTESIAN_POINT('',(34.431184134,184.500008857,10.332859173));
#502=CARTESIAN_POINT('',(34.47855049,184.517673354,10.333124619));
#503=CARTESIAN_POINT('',(34.550477305,184.579966782,10.333527677));
#504=CARTESIAN_POINT('',(34.574728588,184.624339229,10.333663559));
#505=CARTESIAN_POINT('',(34.581524764,184.671433624,10.333701606));
#506=CARTESIAN_POINT('',(34.384080766,184.500000003,10.248888972));
#507=CARTESIAN_POINT('',(34.431624897,184.500008847,10.24915588));
#508=CARTESIAN_POINT('',(34.478965998,184.517653498,10.249421649));
#509=CARTESIAN_POINT('',(34.550877879,184.579885335,10.24982533));
#510=CARTESIAN_POINT('',(34.575140201,184.624216852,10.249961511));
#511=CARTESIAN_POINT('',(34.581969098,184.671280428,10.249999809));
#512=B_SPLINE_SURFACE_WITH_KNOTS('',3,3,((#488,#489,#490,#491,#492,#493),(#494,#495,#496,#497,#498,#499),(#500,#501,#502,#503,#504,#505),(#506,#507,#508,#509,#510,#511)),.UNSPECIFIED.,.F.,.F.,.U.,(4,4),(4,2,4),(0.000543127,0.000794242),(0.000125326,0.5,0.999995416),.UNSPECIFIED.);
#513=ORIENTED_EDGE('',*,*,#148,.F.);
#514=ORIENTED_EDGE('',*,*,#262,.F.);
#515=CARTESIAN_POINT('',(34.38269385,184.500000001,10.5));
#516=CARTESIAN_POINT('',(34.430557444,184.500003605,10.5));
#517=CARTESIAN_POINT('',(34.477565996,184.517592391,10.5));
#518=CARTESIAN_POINT('',(34.513629211,184.54882919,10.5));
#519=CARTESIAN_POINT('',(34.549692426,184.580065988,10.5));
#520=CARTESIAN_POINT('',(34.57400716,184.625040788,10.5));
#521=CARTESIAN_POINT('',(34.580673849,184.671728625,10.5));
#522=B_SPLINE_CURVE_WITH_KNOTS('',3,(#515,#516,#517,#518,#519,#520,#521),.UNSPECIFIED.,.F.,.F.,(4,3,4),(0.,0.000141484,0.000282968),.UNSPECIFIED.);
#523=EDGE_CURVE('',#313,#250,#522,.T.);
#524=ORIENTED_EDGE('',*,*,#523,.F.);
#525=ORIENTED_EDGE('',*,*,#318,.F.);
#526=EDGE_LOOP('',(#513,#514,#524,#525));
#527=FACE_BOUND('',#526,.T.);
#528=ADVANCED_FACE('',(#527),#512,.T.);
#529=CARTESIAN_POINT('',(-4.5,-20.,10.5));
#530=DIRECTION('',(0.,0.,1.));
#531=DIRECTION('',(1.,0.,0.));
#532=AXIS2_PLACEMENT_3D('',#529,#530,#531);
#533=PLANE('',#532);
#534=CARTESIAN_POINT('',(3.700000029,187.5,10.5));
#535=VERTEX_POINT('',#534);
#536=CARTESIAN_POINT('',(4.200000057,184.000000004,10.5));
#537=VERTEX_POINT('',#536);
#538=CARTESIAN_POINT('',(3.700000058,187.500000004,10.5));
#539=DIRECTION('',(0.141421356,-0.989949494,0.));
#540=VECTOR('',#539,3.535533906);
#541=LINE('',#538,#540);
#542=EDGE_CURVE('',#535,#537,#541,.T.);
#543=ORIENTED_EDGE('',*,*,#542,.F.);
#544=CARTESIAN_POINT('',(1.6,187.5,10.5));
#545=VERTEX_POINT('',#544);
#546=CARTESIAN_POINT('',(1.6,187.5,10.5));
#547=DIRECTION('',(1.,0.,-0.));
#548=VECTOR('',#547,2.100000029);
#549=LINE('',#546,#548);
#550=EDGE_CURVE('',#545,#535,#549,.T.);
#551=ORIENTED_EDGE('',*,*,#550,.F.);
#552=CARTESIAN_POINT('',(1.6,185.75,10.5));
#553=VERTEX_POINT('',#552);
#554=CARTESIAN_POINT('',(1.6,185.75,10.5));
#555=DIRECTION('',(0.,1.,0.));
#556=VECTOR('',#555,1.75);
#557=LINE('',#554,#556);
#558=EDGE_CURVE('',#553,#545,#557,.T.);
#559=ORIENTED_EDGE('',*,*,#558,.F.);
#560=CARTESIAN_POINT('',(-1.8,185.75,10.5));
#561=VERTEX_POINT('',#560);
#562=CARTESIAN_POINT('',(-1.8,185.75,10.5));
#563=DIRECTION('',(1.,0.,-0.));
#564=VECTOR('',#563,3.4);
#565=LINE('',#562,#564);
#566=EDGE_CURVE('',#561,#553,#565,.T.);
#567=ORIENTED_EDGE('',*,*,#566,.F.);
#568=CARTESIAN_POINT('',(-1.8,188.5,10.5));
#569=VERTEX_POINT('',#568);
#570=CARTESIAN_POINT('',(-1.8,188.5,10.5));
#571=DIRECTION('',(-0.,-1.,-0.));
#572=VECTOR('',#571,2.75);
#573=LINE('',#570,#572);
#574=EDGE_CURVE('',#569,#561,#573,.T.);
#575=ORIENTED_EDGE('',*,*,#574,.F.);
#576=CARTESIAN_POINT('',(39.500116669,188.499999915,10.5));
#577=VERTEX_POINT('',#576);
#578=CARTESIAN_POINT('',(-1.8,188.5,10.5));
#579=DIRECTION('',(1.,0.,-0.));
#580=VECTOR('',#579,41.300116669);
#581=LINE('',#578,#580);
#582=EDGE_CURVE('',#569,#577,#581,.T.);
#583=ORIENTED_EDGE('',*,*,#582,.T.);
#584=CARTESIAN_POINT('',(39.498245848,187.500679709,10.500123045));
#585=VERTEX_POINT('',#584);
#586=CARTESIAN_POINT('',(39.500116669,188.499999915,10.5));
#587=CARTESIAN_POINT('',(39.500074249,188.333448637,10.5));
#588=CARTESIAN_POINT('',(39.499724229,188.166897664,10.5));
#589=CARTESIAN_POINT('',(39.499624015,188.000346443,10.5));
#590=CARTESIAN_POINT('',(39.499573908,187.917070833,10.5));
#591=CARTESIAN_POINT('',(39.499769415,187.83379442,10.5));
#592=CARTESIAN_POINT('',(39.500848151,187.75051512,10.5));
#593=CARTESIAN_POINT('',(39.501926888,187.667235819,10.5));
#594=CARTESIAN_POINT('',(39.503675007,187.58395433,10.5));
#595=CARTESIAN_POINT('',(39.49799054,187.50069714,10.5));
#596=B_SPLINE_CURVE_WITH_KNOTS('',3,(#586,#587,#588,#589,#590,#591,#592,#593,#594,#595),.UNSPECIFIED.,.F.,.F.,(4,3,3,4),(0.,0.000499654,0.000749481,0.000999307),.UNSPECIFIED.);
#597=EDGE_CURVE('',#577,#585,#596,.T.);
#598=ORIENTED_EDGE('',*,*,#597,.T.);
#599=CARTESIAN_POINT('',(36.498107285,187.499776204,10.499809691));
#600=VERTEX_POINT('',#599);
#601=CARTESIAN_POINT('',(36.498058754,187.5,10.5));
#602=DIRECTION('',(1.,0.,-0.));
#603=VECTOR('',#602,3.000187094);
#604=LINE('',#601,#603);
#605=EDGE_CURVE('',#600,#585,#604,.T.);
#606=ORIENTED_EDGE('',*,*,#605,.F.);
#607=CARTESIAN_POINT('',(36.00006449,183.999997695,10.500000016));
#608=VERTEX_POINT('',#607);
#609=CARTESIAN_POINT('',(36.00006449,183.999997695,10.5));
#610=CARTESIAN_POINT('',(36.083087048,184.583238938,10.5));
#611=CARTESIAN_POINT('',(36.166595517,185.166410802,10.5));
#612=CARTESIAN_POINT('',(36.24991866,185.749609124,10.5));
#613=CARTESIAN_POINT('',(36.291580232,186.041208286,10.5));
#614=CARTESIAN_POINT('',(36.333422309,186.332781893,10.5));
#615=CARTESIAN_POINT('',(36.374867619,186.624411579,10.5));
#616=CARTESIAN_POINT('',(36.395590274,186.770226422,10.5));
#617=CARTESIAN_POINT('',(36.415695979,186.916128395,10.5));
#618=CARTESIAN_POINT('',(36.436977159,187.061864359,10.5));
#619=CARTESIAN_POINT('',(36.447617749,187.134732341,10.5));
#620=CARTESIAN_POINT('',(36.458825698,187.207520196,10.5));
#621=CARTESIAN_POINT('',(36.470120374,187.280295802,10.5));
#622=CARTESIAN_POINT('',(36.481415051,187.353071409,10.5));
#623=CARTESIAN_POINT('',(36.492836521,187.426018383,10.5));
#624=CARTESIAN_POINT('',(36.497907239,187.499483711,10.5));
#625=B_SPLINE_CURVE_WITH_KNOTS('',3,(#609,#610,#611,#612,#613,#614,#615,#616,#617,#618,#619,#620,#621,#622,#623,#624),.UNSPECIFIED.,.F.,.F.,(4,3,3,3,3,4),(-0.001010107,0.000757255,0.001640936,0.002082776,0.002303696,0.002524617),.UNSPECIFIED.);
#626=EDGE_CURVE('',#608,#600,#625,.T.);
#627=ORIENTED_EDGE('',*,*,#626,.F.);
#628=CARTESIAN_POINT('',(4.200000057,184.,10.5));
#629=DIRECTION('',(1.,0.,-0.));
#630=VECTOR('',#629,31.800064433);
#631=LINE('',#628,#630);
#632=EDGE_CURVE('',#537,#608,#631,.T.);
#633=ORIENTED_EDGE('',*,*,#632,.F.);
#634=EDGE_LOOP('',(#543,#551,#559,#567,#575,#583,#598,#606,#627,#633));
#635=FACE_BOUND('',#634,.T.);
#636=ORIENTED_EDGE('',*,*,#255,.F.);
#637=ORIENTED_EDGE('',*,*,#482,.T.);
#638=ORIENTED_EDGE('',*,*,#288,.F.);
#639=ORIENTED_EDGE('',*,*,#355,.T.);
#640=CARTESIAN_POINT('',(5.802973611,184.8,10.5));
#641=DIRECTION('',(-0.,-0.,1.));
#642=DIRECTION('',(-1.,0.,0.));
#643=AXIS2_PLACEMENT_3D('',#640,#641,#642);
#644=CIRCLE('',#643,0.2);
#645=EDGE_CURVE('',#343,#107,#644,.T.);
#646=ORIENTED_EDGE('',*,*,#645,.T.);
#647=ORIENTED_EDGE('',*,*,#112,.T.);
#648=ORIENTED_EDGE('',*,*,#374,.T.);
#649=ORIENTED_EDGE('',*,*,#326,.T.);
#650=ORIENTED_EDGE('',*,*,#523,.T.);
#651=EDGE_LOOP('',(#636,#637,#638,#639,#646,#647,#648,#649,#650));
#652=FACE_BOUND('',#651,.T.);
#653=ADVANCED_FACE('',(#635,#652),#533,.F.);
#654=CARTESIAN_POINT('',(18.25,184.,28.));
#655=DIRECTION('',(0.,1.,0.));
#656=DIRECTION('',(0.,0.,1.));
#657=AXIS2_PLACEMENT_3D('',#654,#655,#656);
#658=PLANE('',#657);
#659=ORIENTED_EDGE('',*,*,#632,.T.);
#660=CARTESIAN_POINT('',(36.000553988,184.,11.749998688));
#661=VERTEX_POINT('',#660);
#662=CARTESIAN_POINT('',(36.000064818,184.,10.500000032));
#663=CARTESIAN_POINT('',(35.999935488,184.,10.708332977));
#664=CARTESIAN_POINT('',(36.000063071,184.,10.91666596));
#665=CARTESIAN_POINT('',(36.000032533,184.,11.124998944));
#666=CARTESIAN_POINT('',(36.000001995,184.,11.333331928));
#667=CARTESIAN_POINT('',(35.998617814,184.,11.541666044));
#668=CARTESIAN_POINT('',(36.000553976,184.,11.749997376));
#669=B_SPLINE_CURVE_WITH_KNOTS('',3,(#662,#663,#664,#665,#666,#667,#668),.UNSPECIFIED.,.F.,.F.,(4,3,4),(0.,0.000624999,0.001249998),.UNSPECIFIED.);
#670=EDGE_CURVE('',#608,#661,#669,.T.);
#671=ORIENTED_EDGE('',*,*,#670,.T.);
#672=CARTESIAN_POINT('',(4.200000028,184.000000002,11.75));
#673=VERTEX_POINT('',#672);
#674=CARTESIAN_POINT('',(36.000553988,184.,11.75));
#675=DIRECTION('',(-1.,0.,0.));
#676=VECTOR('',#675,31.80055396);
#677=LINE('',#674,#676);
#678=EDGE_CURVE('',#661,#673,#677,.T.);
#679=ORIENTED_EDGE('',*,*,#678,.T.);
#680=CARTESIAN_POINT('',(4.200000056,184.000000008,10.5));
#681=DIRECTION('',(0.,0.,1.));
#682=VECTOR('',#681,1.25);
#683=LINE('',#680,#682);
#684=EDGE_CURVE('',#537,#673,#683,.T.);
#685=ORIENTED_EDGE('',*,*,#684,.F.);
#686=EDGE_LOOP('',(#659,#671,#679,#685));
#687=FACE_BOUND('',#686,.T.);
#688=ADVANCED_FACE('',(#687),#658,.F.);
#689=CARTESIAN_POINT('',(32.616,-14.912,13.));
#690=DIRECTION('',(-0.989949494,-0.141421356,0.));
#691=DIRECTION('',(0.141421356,-0.989949494,0.));
#692=AXIS2_PLACEMENT_3D('',#689,#690,#691);
#693=PLANE('',#692);
#694=CARTESIAN_POINT('',(3.7,187.5,11.75));
#695=VERTEX_POINT('',#694);
#696=CARTESIAN_POINT('',(3.7,187.5,11.75));
#697=DIRECTION('',(0.141421356,-0.989949494,0.));
#698=VECTOR('',#697,3.535533908);
#699=LINE('',#696,#698);
#700=EDGE_CURVE('',#695,#673,#699,.T.);
#701=ORIENTED_EDGE('',*,*,#700,.F.);
#702=CARTESIAN_POINT('',(3.7,187.5,10.5));
#703=DIRECTION('',(-0.,-0.,1.));
#704=VECTOR('',#703,1.25);
#705=LINE('',#702,#704);
#706=EDGE_CURVE('',#535,#695,#705,.T.);
#707=ORIENTED_EDGE('',*,*,#706,.F.);
#708=ORIENTED_EDGE('',*,*,#542,.T.);
#709=ORIENTED_EDGE('',*,*,#684,.T.);
#710=EDGE_LOOP('',(#701,#707,#708,#709));
#711=FACE_BOUND('',#710,.T.);
#712=ADVANCED_FACE('',(#711),#693,.T.);
#713=CARTESIAN_POINT('',(20.1,188.25,11.75));
#714=DIRECTION('',(0.,0.,-1.));
#715=DIRECTION('',(-1.,0.,0.));
#716=AXIS2_PLACEMENT_3D('',#713,#714,#715);
#717=PLANE('',#716);
#718=CARTESIAN_POINT('',(36.499349627,187.499992017,11.749999999));
#719=VERTEX_POINT('',#718);
#720=CARTESIAN_POINT('',(36.000554,183.999999998,11.75));
#721=CARTESIAN_POINT('',(36.082334974,184.583520322,11.75));
#722=CARTESIAN_POINT('',(36.166711644,185.166670935,11.75));
#723=CARTESIAN_POINT('',(36.250036605,185.749971366,11.75));
#724=CARTESIAN_POINT('',(36.291699086,186.041621582,11.75));
#725=CARTESIAN_POINT('',(36.333240161,186.333289105,11.75));
#726=CARTESIAN_POINT('',(36.374868796,186.62494418,11.75));
#727=CARTESIAN_POINT('',(36.395683113,186.770771717,11.75));
#728=CARTESIAN_POINT('',(36.416793862,186.916557073,11.75));
#729=CARTESIAN_POINT('',(36.438469193,187.062262092,11.75));
#730=CARTESIAN_POINT('',(36.460144523,187.207967111,11.75));
#731=CARTESIAN_POINT('',(36.48281728,187.3535302,11.75));
#732=CARTESIAN_POINT('',(36.499323334,187.499970784,11.75));
#733=B_SPLINE_CURVE_WITH_KNOTS('',3,(#720,#721,#722,#723,#724,#725,#726,#727,#728,#729,#730,#731,#732),.UNSPECIFIED.,.F.,.F.,(4,3,3,3,4),(0.000000039,0.001767705,0.002651537,0.003093454,0.00353537),.UNSPECIFIED.);
#734=EDGE_CURVE('',#661,#719,#733,.T.);
#735=ORIENTED_EDGE('',*,*,#734,.T.);
#736=CARTESIAN_POINT('',(39.499326627,187.5,11.75));
#737=VERTEX_POINT('',#736);
#738=CARTESIAN_POINT('',(39.499326627,187.5,11.75));
#739=DIRECTION('',(-1.,-0.,0.));
#740=VECTOR('',#739,2.999981998);
#741=LINE('',#738,#740);
#742=EDGE_CURVE('',#737,#719,#741,.T.);
#743=ORIENTED_EDGE('',*,*,#742,.F.);
#744=CARTESIAN_POINT('',(39.500070295,188.999871027,11.749986087));
#745=VERTEX_POINT('',#744);
#746=CARTESIAN_POINT('',(39.499326627,187.5,11.75));
#747=CARTESIAN_POINT('',(39.527384284,187.748953371,11.75));
#748=CARTESIAN_POINT('',(39.533616321,187.999173419,11.75));
#749=CARTESIAN_POINT('',(39.529863205,188.249479856,11.75));
#750=CARTESIAN_POINT('',(39.526110089,188.499786294,11.75));
#751=CARTESIAN_POINT('',(39.5138221,188.750207187,11.75));
#752=CARTESIAN_POINT('',(39.500075328,188.999871304,11.75));
#753=B_SPLINE_CURVE_WITH_KNOTS('',3,(#746,#747,#748,#749,#750,#751,#752),.UNSPECIFIED.,.F.,.F.,(4,3,4),(0.000000015,0.000750142,0.001500269),.UNSPECIFIED.);
#754=EDGE_CURVE('',#737,#745,#753,.T.);
#755=ORIENTED_EDGE('',*,*,#754,.T.);
#756=CARTESIAN_POINT('',(-1.8,189.,11.75));
#757=VERTEX_POINT('',#756);
#758=CARTESIAN_POINT('',(-1.8,189.,11.75));
#759=DIRECTION('',(1.,0.,-0.));
#760=VECTOR('',#759,41.300063356);
#761=LINE('',#758,#760);
#762=EDGE_CURVE('',#757,#745,#761,.T.);
#763=ORIENTED_EDGE('',*,*,#762,.F.);
#764=CARTESIAN_POINT('',(-1.8,185.75,11.75));
#765=VERTEX_POINT('',#764);
#766=CARTESIAN_POINT('',(-1.8,189.,11.75));
#767=DIRECTION('',(-0.,-1.,-0.));
#768=VECTOR('',#767,3.25);
#769=LINE('',#766,#768);
#770=EDGE_CURVE('',#757,#765,#769,.T.);
#771=ORIENTED_EDGE('',*,*,#770,.T.);
#772=CARTESIAN_POINT('',(0.4,185.75,11.75));
#773=VERTEX_POINT('',#772);
#774=CARTESIAN_POINT('',(0.4,185.75,11.75));
#775=DIRECTION('',(-1.,-0.,0.));
#776=VECTOR('',#775,2.2);
#777=LINE('',#774,#776);
#778=EDGE_CURVE('',#773,#765,#777,.T.);
#779=ORIENTED_EDGE('',*,*,#778,.F.);
#780=CARTESIAN_POINT('',(0.4,187.5,11.75));
#781=VERTEX_POINT('',#780);
#782=CARTESIAN_POINT('',(0.4,185.75,11.75));
#783=DIRECTION('',(0.,1.,0.));
#784=VECTOR('',#783,1.75);
#785=LINE('',#782,#784);
#786=EDGE_CURVE('',#773,#781,#785,.T.);
#787=ORIENTED_EDGE('',*,*,#786,.T.);
#788=CARTESIAN_POINT('',(1.6,187.5,11.75));
#789=VERTEX_POINT('',#788);
#790=CARTESIAN_POINT('',(1.6,187.5,11.75));
#791=DIRECTION('',(-1.,-0.,0.));
#792=VECTOR('',#791,1.2);
#793=LINE('',#790,#792);
#794=EDGE_CURVE('',#789,#781,#793,.T.);
#795=ORIENTED_EDGE('',*,*,#794,.F.);
#796=CARTESIAN_POINT('',(3.7,187.5,11.75));
#797=DIRECTION('',(-1.,-0.,0.));
#798=VECTOR('',#797,2.1);
#799=LINE('',#796,#798);
#800=EDGE_CURVE('',#695,#789,#799,.T.);
#801=ORIENTED_EDGE('',*,*,#800,.F.);
#802=ORIENTED_EDGE('',*,*,#700,.T.);
#803=ORIENTED_EDGE('',*,*,#678,.F.);
#804=EDGE_LOOP('',(#735,#743,#755,#763,#771,#779,#787,#795,#801,#802,#803));
#805=FACE_BOUND('',#804,.T.);
#806=ADVANCED_FACE('',(#805),#717,.F.);
#807=CARTESIAN_POINT('',(35.99901567,183.992629299,10.500006808));
#808=CARTESIAN_POINT('',(36.028607218,184.20053259,10.499815533));
#809=CARTESIAN_POINT('',(36.088119515,184.616883528,10.4994556));
#810=CARTESIAN_POINT('',(36.177436079,185.241936684,10.498876796));
#811=CARTESIAN_POINT('',(36.266841213,185.868143365,10.498185606));
#812=CARTESIAN_POINT('',(36.333973731,186.337298122,10.497932273));
#813=CARTESIAN_POINT('',(36.378635803,186.650626085,10.497484207));
#814=CARTESIAN_POINT('',(36.400773957,186.807380706,10.497213031));
#815=CARTESIAN_POINT('',(36.422799273,186.964094169,10.496944494));
#816=CARTESIAN_POINT('',(36.445351085,187.120524847,10.496754779));
#817=CARTESIAN_POINT('',(36.465461329,187.25032312,10.496742078));
#818=CARTESIAN_POINT('',(36.481549167,187.35360277,10.496884745));
#819=CARTESIAN_POINT('',(36.492029394,187.428038693,10.49706894));
#820=CARTESIAN_POINT('',(36.496416191,187.476781596,10.49723447));
#821=CARTESIAN_POINT('',(36.497993988,187.499779758,10.497315001));
#822=CARTESIAN_POINT('',(35.999024691,183.992853916,10.542731517));
#823=CARTESIAN_POINT('',(36.028516969,184.200767395,10.542536853));
#824=CARTESIAN_POINT('',(36.087834424,184.617143466,10.542168179));
#825=CARTESIAN_POINT('',(36.177031577,185.242200118,10.541574918));
#826=CARTESIAN_POINT('',(36.266423234,185.868352433,10.540881279));
#827=CARTESIAN_POINT('',(36.333654346,186.337509908,10.540598779));
#828=CARTESIAN_POINT('',(36.378463863,186.650769971,10.54015217));
#829=CARTESIAN_POINT('',(36.400715985,186.807471614,10.539887181));
#830=CARTESIAN_POINT('',(36.422885735,186.964119198,10.539627394));
#831=CARTESIAN_POINT('',(36.44552616,187.120484784,10.539444728));
#832=CARTESIAN_POINT('',(36.465415899,187.250257918,10.539432705));
#833=CARTESIAN_POINT('',(36.480989456,187.353591766,10.539563526));
#834=CARTESIAN_POINT('',(36.490938186,187.428114122,10.539731027));
#835=CARTESIAN_POINT('',(36.4953172,187.47690641,10.539878718));
#836=CARTESIAN_POINT('',(36.496948635,187.49992437,10.539950335));
#837=CARTESIAN_POINT('',(35.999059511,183.993322082,10.631188625));
#838=CARTESIAN_POINT('',(36.028344217,184.201256592,10.63098694));
#839=CARTESIAN_POINT('',(36.087266469,184.617681107,10.630600538));
#840=CARTESIAN_POINT('',(36.176232363,185.242740789,10.62997779));
#841=CARTESIAN_POINT('',(36.265598123,185.868781484,10.629278197));
#842=CARTESIAN_POINT('',(36.333007303,186.337943194,10.628937302));
#843=CARTESIAN_POINT('',(36.378110037,186.651065671,10.628493552));
#844=CARTESIAN_POINT('',(36.400587837,186.80766083,10.628240713));
#845=CARTESIAN_POINT('',(36.423056283,186.964175196,10.627997992));
#846=CARTESIAN_POINT('',(36.445861605,187.120411581,10.627828821));
#847=CARTESIAN_POINT('',(36.4653589,187.250131734,10.627817026));
#848=CARTESIAN_POINT('',(36.479886745,187.353575396,10.6279239));
#849=CARTESIAN_POINT('',(36.488858809,187.428263298,10.628057334));
#850=CARTESIAN_POINT('',(36.493228761,187.477152317,10.628169539));
#851=CARTESIAN_POINT('',(36.494965091,187.500209264,10.628223471));
#852=CARTESIAN_POINT('',(35.999194149,183.994292982,10.811103266));
#853=CARTESIAN_POINT('',(36.028052887,184.202266067,10.810887848));
#854=CARTESIAN_POINT('',(36.086217074,184.618772325,10.810466788));
#855=CARTESIAN_POINT('',(36.174790895,185.243815775,10.809787106));
#856=CARTESIAN_POINT('',(36.264120312,185.869638155,10.80906915));
#857=CARTESIAN_POINT('',(36.331761568,186.338797203,10.808620867));
#858=CARTESIAN_POINT('',(36.377401881,186.651651704,10.80818358));
#859=CARTESIAN_POINT('',(36.400306696,186.808045386,10.807951663));
#860=CARTESIAN_POINT('',(36.423312142,186.964310407,10.807737906));
#861=CARTESIAN_POINT('',(36.446374436,187.12030389,10.807590527));
#862=CARTESIAN_POINT('',(36.464875517,187.249987197,10.807568041));
#863=CARTESIAN_POINT('',(36.477879686,187.35363085,10.807619655));
#864=CARTESIAN_POINT('',(36.486088844,187.428535309,10.807684598));
#865=CARTESIAN_POINT('',(36.490562118,187.477565799,10.807736895));
#866=CARTESIAN_POINT('',(36.49247034,187.500681947,10.807761718));
#867=CARTESIAN_POINT('',(35.999449184,183.995582675,11.039735556));
#868=CARTESIAN_POINT('',(36.027809261,184.203583782,11.039504666));
#869=CARTESIAN_POINT('',(36.08514328,184.620151335,11.0390428));
#870=CARTESIAN_POINT('',(36.173458443,185.245114082,11.038298355));
#871=CARTESIAN_POINT('',(36.26277006,185.870687069,11.037539376));
#872=CARTESIAN_POINT('',(36.330420785,186.339801056,11.036986444));
#873=CARTESIAN_POINT('',(36.376533721,186.652353176,11.036558107));
#874=CARTESIAN_POINT('',(36.399819758,186.808533568,11.03634402));
#875=CARTESIAN_POINT('',(36.423217119,186.964549395,11.036151108));
#876=CARTESIAN_POINT('',(36.446193186,187.120358241,11.036005991));
#877=CARTESIAN_POINT('',(36.464052802,187.250061182,11.035940897));
#878=CARTESIAN_POINT('',(36.47686711,187.353814902,11.035920385));
#879=CARTESIAN_POINT('',(36.485227591,187.428827004,11.035917757));
#880=CARTESIAN_POINT('',(36.490047291,187.477927483,11.035920607));
#881=CARTESIAN_POINT('',(36.492168758,187.501073222,11.035922208));
#882=CARTESIAN_POINT('',(35.999657655,183.997248401,11.314047677));
#883=CARTESIAN_POINT('',(36.027509007,184.205255664,11.313801285));
#884=CARTESIAN_POINT('',(36.084787147,184.621733265,11.313291132));
#885=CARTESIAN_POINT('',(36.173288196,185.246499801,11.312476994));
#886=CARTESIAN_POINT('',(36.262578897,185.871802622,11.311649551));
#887=CARTESIAN_POINT('',(36.329971418,186.340768324,11.311020604));
#888=CARTESIAN_POINT('',(36.375739633,186.653112214,11.310595323));
#889=CARTESIAN_POINT('',(36.398922432,186.809160145,11.310386774));
#890=CARTESIAN_POINT('',(36.422384611,186.965026597,11.3101901));
#891=CARTESIAN_POINT('',(36.445741093,187.12069847,11.310013892));
#892=CARTESIAN_POINT('',(36.464303065,187.250325902,11.309890688));
#893=CARTESIAN_POINT('',(36.477871805,187.354054119,11.309807532));
#894=CARTESIAN_POINT('',(36.486902304,187.429058478,11.309754115));
#895=CARTESIAN_POINT('',(36.492252636,187.478153896,11.309722437));
#896=CARTESIAN_POINT('',(36.494638211,187.501296454,11.30970805));
#897=CARTESIAN_POINT('',(35.999124461,183.99886087,11.552490314));
#898=CARTESIAN_POINT('',(36.027643756,184.20672521,11.552221413));
#899=CARTESIAN_POINT('',(36.086153038,184.622938795,11.551662914));
#900=CARTESIAN_POINT('',(36.175010589,185.247488633,11.550794207));
#901=CARTESIAN_POINT('',(36.264286585,185.872564616,11.549906284));
#902=CARTESIAN_POINT('',(36.331471214,186.341328307,11.549233941));
#903=CARTESIAN_POINT('',(36.376368707,186.653605688,11.548799863));
#904=CARTESIAN_POINT('',(36.399001615,186.809634881,11.548587631));
#905=CARTESIAN_POINT('',(36.422029907,186.965483584,11.548380667));
#906=CARTESIAN_POINT('',(36.445513723,187.121102484,11.548177885));
#907=CARTESIAN_POINT('',(36.465015076,187.250622174,11.548012631));
#908=CARTESIAN_POINT('',(36.479748394,187.354236577,11.547887068));
#909=CARTESIAN_POINT('',(36.489679709,187.429159636,11.547801443));
#910=CARTESIAN_POINT('',(36.495538054,187.478214188,11.547749825));
#911=CARTESIAN_POINT('',(36.498138646,187.50134051,11.547726516));
#912=CARTESIAN_POINT('',(36.000032599,183.999726229,11.699471436));
#913=CARTESIAN_POINT('',(36.02900037,184.207496815,11.699188772));
#914=CARTESIAN_POINT('',(36.088195663,184.623551327,11.698604242));
#915=CARTESIAN_POINT('',(36.177328063,185.247950687,11.697704244));
#916=CARTESIAN_POINT('',(36.266617257,185.872888336,11.696783625));
#917=CARTESIAN_POINT('',(36.333575428,186.34154268,11.696089761));
#918=CARTESIAN_POINT('',(36.37813638,186.653756446,11.695644429));
#919=CARTESIAN_POINT('',(36.400568781,186.809759294,11.69542581));
#920=CARTESIAN_POINT('',(36.423383101,186.965590919,11.695209844));
#921=CARTESIAN_POINT('',(36.446675305,187.121204189,11.6949938));
#922=CARTESIAN_POINT('',(36.466076173,187.250727537,11.694813495));
#923=CARTESIAN_POINT('',(36.480784317,187.35434734,11.694674303));
#924=CARTESIAN_POINT('',(36.490721896,187.429275026,11.694578499));
#925=CARTESIAN_POINT('',(36.496595746,187.478332831,11.694520351));
#926=CARTESIAN_POINT('',(36.499205658,187.501460625,11.694494054));
#927=CARTESIAN_POINT('',(36.000605412,184.000027444,11.755049299));
#928=CARTESIAN_POINT('',(36.02973211,184.207763797,11.754761642));
#929=CARTESIAN_POINT('',(36.089156543,184.623761359,11.75416797));
#930=CARTESIAN_POINT('',(36.178383783,185.248103881,11.753256669));
#931=CARTESIAN_POINT('',(36.267671777,185.872990488,11.752324416));
#932=CARTESIAN_POINT('',(36.334534402,186.341605099,11.751623002));
#933=CARTESIAN_POINT('',(36.378980618,186.653793566,11.751172975));
#934=CARTESIAN_POINT('',(36.401344332,186.809785805,11.750951652));
#935=CARTESIAN_POINT('',(36.424073424,186.965611504,11.750732205));
#936=CARTESIAN_POINT('',(36.447255916,187.121226518,11.750511683));
#937=CARTESIAN_POINT('',(36.466545009,187.25075886,11.750326941));
#938=CARTESIAN_POINT('',(36.481166446,187.354388505,11.75018396));
#939=CARTESIAN_POINT('',(36.491049418,187.429323574,11.750085352));
#940=CARTESIAN_POINT('',(36.496897235,187.478385635,11.750025369));
#941=CARTESIAN_POINT('',(36.499497175,187.501515237,11.74999822));
#942=B_SPLINE_SURFACE_WITH_KNOTS('',3,3,((#807,#808,#809,#810,#811,#812,#813,#814,#815,#816,#817,#818,#819,#820,#821),(#822,#823,#824,#825,#826,#827,#828,#829,#830,#831,#832,#833,#834,#835,#836),(#837,#838,#839,#840,#841,#842,#843,#844,#845,#846,#847,#848,#849,#850,#851),(#852,#853,#854,#855,#856,#857,#858,#859,#860,#861,#862,#863,#864,#865,#866),(#867,#868,#869,#870,#871,#872,#873,#874,#875,#876,#877,#878,#879,#880,#881),(#882,#883,#884,#885,#886,#887,#888,#889,#890,#891,#892,#893,#894,#895,#896),(#897,#898,#899,#900,#901,#902,#903,#904,#905,#906,#907,#908,#909,#910,#911),(#912,#913,#914,#915,#916,#917,#918,#919,#920,#921,#922,#923,#924,#925,#926),(#927,#928,#929,#930,#931,#932,#933,#934,#935,#936,#937,#938,#939,#940,#941)),.UNSPECIFIED.,.F.,.F.,.U.,(4,1,1,1,1,1,4),(4,1,1,1,1,1,1,1,1,1,1,1,4),(-0.007478049,-0.007350158,-0.007213258,-0.006939458,-0.006665657,-0.006391857,-0.006225343),(-0.00379225,-0.003163539,-0.00253286,-0.00190218,-0.001271501,-0.001113831,-0.000956161,-0.000798491,-0.000640821,-0.000483151,-0.000404316,-0.000325481,-0.000255243),.UNSPECIFIED.);
#943=ORIENTED_EDGE('',*,*,#626,.T.);
#944=CARTESIAN_POINT('',(36.497954141,187.5,10.499539824));
#945=CARTESIAN_POINT('',(36.492814224,187.5,10.707901977));
#946=CARTESIAN_POINT('',(36.491595156,187.5,10.916337074));
#947=CARTESIAN_POINT('',(36.493016264,187.5,11.124757907));
#948=CARTESIAN_POINT('',(36.494437373,187.5,11.333178741));
#949=CARTESIAN_POINT('',(36.498252548,187.5,11.541575698));
#950=CARTESIAN_POINT('',(36.499326628,187.5,11.750000198));
#951=B_SPLINE_CURVE_WITH_KNOTS('',3,(#944,#945,#946,#947,#948,#949,#950),.UNSPECIFIED.,.F.,.F.,(4,3,4),(0.,0.000625255,0.00125051),.UNSPECIFIED.);
#952=EDGE_CURVE('',#600,#719,#951,.T.);
#953=ORIENTED_EDGE('',*,*,#952,.T.);
#954=ORIENTED_EDGE('',*,*,#734,.F.);
#955=ORIENTED_EDGE('',*,*,#670,.F.);
#956=EDGE_LOOP('',(#943,#953,#954,#955));
#957=FACE_BOUND('',#956,.T.);
#958=ADVANCED_FACE('',(#957),#942,.F.);
#959=CARTESIAN_POINT('',(18.85,187.5,19.875));
#960=DIRECTION('',(0.,-1.,0.));
#961=DIRECTION('',(0.,0.,-1.));
#962=AXIS2_PLACEMENT_3D('',#959,#960,#961);
#963=PLANE('',#962);
#964=ORIENTED_EDGE('',*,*,#952,.F.);
#965=ORIENTED_EDGE('',*,*,#605,.T.);
#966=CARTESIAN_POINT('',(39.497939946,187.5,10.500115505));
#967=CARTESIAN_POINT('',(39.492806356,187.5,10.708381794));
#968=CARTESIAN_POINT('',(39.491595809,187.5,10.91672093));
#969=CARTESIAN_POINT('',(39.493018227,187.5,11.125045533));
#970=CARTESIAN_POINT('',(39.494440644,187.5,11.333370137));
#971=CARTESIAN_POINT('',(39.498253043,187.5,11.541671415));
#972=CARTESIAN_POINT('',(39.499326627,187.5,11.75));
#973=B_SPLINE_CURVE_WITH_KNOTS('',3,(#966,#967,#968,#969,#970,#971,#972),.UNSPECIFIED.,.F.,.F.,(4,3,4),(0.,0.000624967,0.001249933),.UNSPECIFIED.);
#974=EDGE_CURVE('',#585,#737,#973,.T.);
#975=ORIENTED_EDGE('',*,*,#974,.T.);
#976=ORIENTED_EDGE('',*,*,#742,.T.);
#977=EDGE_LOOP('',(#964,#965,#975,#976));
#978=FACE_BOUND('',#977,.T.);
#979=ADVANCED_FACE('',(#978),#963,.T.);
#980=CARTESIAN_POINT('',(1.6,186.625,11.125));
#981=DIRECTION('',(1.,0.,0.));
#982=DIRECTION('',(0.,0.,-1.));
#983=AXIS2_PLACEMENT_3D('',#980,#981,#982);
#984=PLANE('',#983);
#985=ORIENTED_EDGE('',*,*,#558,.T.);
#986=CARTESIAN_POINT('',(1.6,187.5,10.5));
#987=DIRECTION('',(-0.,-0.,1.));
#988=VECTOR('',#987,1.25);
#989=LINE('',#986,#988);
#990=EDGE_CURVE('',#545,#789,#989,.T.);
#991=ORIENTED_EDGE('',*,*,#990,.T.);
#992=CARTESIAN_POINT('',(1.6,185.75,11.75));
#993=VERTEX_POINT('',#992);
#994=CARTESIAN_POINT('',(1.6,185.75,11.75));
#995=DIRECTION('',(0.,1.,0.));
#996=VECTOR('',#995,1.75);
#997=LINE('',#994,#996);
#998=EDGE_CURVE('',#993,#789,#997,.T.);
#999=ORIENTED_EDGE('',*,*,#998,.F.);
#1000=CARTESIAN_POINT('',(1.6,185.75,10.5));
#1001=DIRECTION('',(0.,0.,1.));
#1002=VECTOR('',#1001,1.25);
#1003=LINE('',#1000,#1002);
#1004=EDGE_CURVE('',#553,#993,#1003,.T.);
#1005=ORIENTED_EDGE('',*,*,#1004,.F.);
#1006=EDGE_LOOP('',(#985,#991,#999,#1005));
#1007=FACE_BOUND('',#1006,.T.);
#1008=ADVANCED_FACE('',(#1007),#984,.T.);
#1009=CARTESIAN_POINT('',(21.25,189.,28.));
#1010=DIRECTION('',(0.,1.,0.));
#1011=DIRECTION('',(0.,0.,1.));
#1012=AXIS2_PLACEMENT_3D('',#1009,#1010,#1011);
#1013=PLANE('',#1012);
#1014=ORIENTED_EDGE('',*,*,#762,.T.);
#1015=CARTESIAN_POINT('',(39.500050164,189.,11.000000002));
#1016=VERTEX_POINT('',#1015);
#1017=CARTESIAN_POINT('',(39.500050164,189.,11.000000002));
#1018=CARTESIAN_POINT('',(39.500039269,189.,11.249995364));
#1019=CARTESIAN_POINT('',(39.50006908,189.,11.499990725));
#1020=CARTESIAN_POINT('',(39.500068242,189.,11.749986087));
#1021=B_SPLINE_CURVE_WITH_KNOTS('',3,(#1017,#1018,#1019,#1020),.UNSPECIFIED.,.F.,.F.,(4,4),(0.,0.000749986),.UNSPECIFIED.);
#1022=EDGE_CURVE('',#1016,#745,#1021,.T.);
#1023=ORIENTED_EDGE('',*,*,#1022,.F.);
#1024=CARTESIAN_POINT('',(-1.8,189.,11.));
#1025=VERTEX_POINT('',#1024);
#1026=CARTESIAN_POINT('',(39.500050164,189.,11.));
#1027=DIRECTION('',(-1.,-0.,0.));
#1028=VECTOR('',#1027,41.300050164);
#1029=LINE('',#1026,#1028);
#1030=EDGE_CURVE('',#1016,#1025,#1029,.T.);
#1031=ORIENTED_EDGE('',*,*,#1030,.T.);
#1032=CARTESIAN_POINT('',(-1.8,189.,11.75));
#1033=DIRECTION('',(-0.,-0.,-1.));
#1034=VECTOR('',#1033,0.75);
#1035=LINE('',#1032,#1034);
#1036=EDGE_CURVE('',#757,#1025,#1035,.T.);
#1037=ORIENTED_EDGE('',*,*,#1036,.F.);
#1038=EDGE_LOOP('',(#1014,#1023,#1031,#1037));
#1039=FACE_BOUND('',#1038,.T.);
#1040=ADVANCED_FACE('',(#1039),#1013,.T.);
#1041=CARTESIAN_POINT('',(-1.5,188.5,11.));
#1042=DIRECTION('',(-1.,0.,0.));
#1043=DIRECTION('',(0.,0.,1.));
#1044=AXIS2_PLACEMENT_3D('',#1041,#1042,#1043);
#1045=CYLINDRICAL_SURFACE('',#1044,0.5);
#1046=ORIENTED_EDGE('',*,*,#1030,.F.);
#1047=CARTESIAN_POINT('',(39.500116669,188.499999915,10.5));
#1048=CARTESIAN_POINT('',(39.500133486,188.56602761,10.499999989));
#1049=CARTESIAN_POINT('',(39.500463294,188.630815558,10.512989881));
#1050=CARTESIAN_POINT('',(39.500768138,188.691339088,10.538059145));
#1051=CARTESIAN_POINT('',(39.501072983,188.751862619,10.563128409));
#1052=CARTESIAN_POINT('',(39.501326485,188.807306293,10.600232516));
#1053=CARTESIAN_POINT('',(39.501331174,188.853426994,10.646320258));
#1054=CARTESIAN_POINT('',(39.501340551,188.945668395,10.738495741));
#1055=CARTESIAN_POINT('',(39.500055918,189.000000001,10.867944739));
#1056=CARTESIAN_POINT('',(39.500050164,189.,11.000000002));
#1057=B_SPLINE_CURVE_WITH_KNOTS('',3,(#1047,#1048,#1049,#1050,#1051,#1052,#1053,#1054,#1055,#1056),.UNSPECIFIED.,.F.,.F.,(4,3,3,4),(0.,0.000195271,0.000390542,0.000781084),.UNSPECIFIED.);
#1058=EDGE_CURVE('',#577,#1016,#1057,.T.);
#1059=ORIENTED_EDGE('',*,*,#1058,.F.);
#1060=ORIENTED_EDGE('',*,*,#582,.F.);
#1061=CARTESIAN_POINT('',(-1.8,188.5,11.));
#1062=DIRECTION('',(-1.,0.,0.));
#1063=DIRECTION('',(0.,0.,1.));
#1064=AXIS2_PLACEMENT_3D('',#1061,#1062,#1063);
#1065=CIRCLE('',#1064,0.5);
#1066=EDGE_CURVE('',#1025,#569,#1065,.T.);
#1067=ORIENTED_EDGE('',*,*,#1066,.F.);
#1068=EDGE_LOOP('',(#1046,#1059,#1060,#1067));
#1069=FACE_BOUND('',#1068,.T.);
#1070=ADVANCED_FACE('',(#1069),#1045,.T.);
#1071=CARTESIAN_POINT('',(21.25,185.75,28.));
#1072=DIRECTION('',(0.,1.,0.));
#1073=DIRECTION('',(0.,0.,1.));
#1074=AXIS2_PLACEMENT_3D('',#1071,#1072,#1073);
#1075=PLANE('',#1074);
#1076=CARTESIAN_POINT('',(0.4,185.75,11.75));
#1077=DIRECTION('',(1.,0.,-0.));
#1078=VECTOR('',#1077,1.2);
#1079=LINE('',#1076,#1078);
#1080=EDGE_CURVE('',#773,#993,#1079,.T.);
#1081=ORIENTED_EDGE('',*,*,#1080,.F.);
#1082=ORIENTED_EDGE('',*,*,#778,.T.);
#1083=CARTESIAN_POINT('',(-1.8,185.75,11.75));
#1084=DIRECTION('',(-0.,-0.,-1.));
#1085=VECTOR('',#1084,1.25);
#1086=LINE('',#1083,#1085);
#1087=EDGE_CURVE('',#765,#561,#1086,.T.);
#1088=ORIENTED_EDGE('',*,*,#1087,.T.);
#1089=ORIENTED_EDGE('',*,*,#566,.T.);
#1090=ORIENTED_EDGE('',*,*,#1004,.T.);
#1091=EDGE_LOOP('',(#1081,#1082,#1088,#1089,#1090));
#1092=FACE_BOUND('',#1091,.T.);
#1093=ADVANCED_FACE('',(#1092),#1075,.F.);
#1094=CARTESIAN_POINT('',(-0.7,186.625,12.5));
#1095=DIRECTION('',(0.,0.,1.));
#1096=DIRECTION('',(1.,0.,0.));
#1097=AXIS2_PLACEMENT_3D('',#1094,#1095,#1096);
#1098=PLANE('',#1097);
#1099=CARTESIAN_POINT('',(1.563076923,185.715384617,12.5));
#1100=VERTEX_POINT('',#1099);
#1101=CARTESIAN_POINT('',(1.563076923,187.5,12.5));
#1102=VERTEX_POINT('',#1101);
#1103=CARTESIAN_POINT('',(1.563076923,185.715384617,12.5));
#1104=DIRECTION('',(0.,1.,0.));
#1105=VECTOR('',#1104,1.784615383);
#1106=LINE('',#1103,#1105);
#1107=EDGE_CURVE('',#1100,#1102,#1106,.T.);
#1108=ORIENTED_EDGE('',*,*,#1107,.T.);
#1109=CARTESIAN_POINT('',(0.363076923,187.5,12.5));
#1110=VERTEX_POINT('',#1109);
#1111=CARTESIAN_POINT('',(1.563076923,187.5,12.5));
#1112=DIRECTION('',(-1.,-0.,0.));
#1113=VECTOR('',#1112,1.2);
#1114=LINE('',#1111,#1113);
#1115=EDGE_CURVE('',#1102,#1110,#1114,.T.);
#1116=ORIENTED_EDGE('',*,*,#1115,.T.);
#1117=CARTESIAN_POINT('',(0.363076923,185.715384617,12.5));
#1118=VERTEX_POINT('',#1117);
#1119=CARTESIAN_POINT('',(0.363076923,187.5,12.5));
#1120=DIRECTION('',(-0.,-1.,-0.));
#1121=VECTOR('',#1120,1.784615383);
#1122=LINE('',#1119,#1121);
#1123=EDGE_CURVE('',#1110,#1118,#1122,.T.);
#1124=ORIENTED_EDGE('',*,*,#1123,.T.);
#1125=CARTESIAN_POINT('',(0.363076923,185.715384615,12.5));
#1126=DIRECTION('',(1.,0.,-0.));
#1127=VECTOR('',#1126,1.2);
#1128=LINE('',#1125,#1127);
#1129=EDGE_CURVE('',#1118,#1100,#1128,.T.);
#1130=ORIENTED_EDGE('',*,*,#1129,.T.);
#1131=EDGE_LOOP('',(#1108,#1116,#1124,#1130));
#1132=FACE_BOUND('',#1131,.T.);
#1133=ADVANCED_FACE('',(#1132),#1098,.T.);
#1134=CARTESIAN_POINT('',(0.,185.25507794,22.47331129));
#1135=DIRECTION('',(0.,-0.99893661,-0.046104767));
#1136=DIRECTION('',(0.,0.046104767,-0.99893661));
#1137=AXIS2_PLACEMENT_3D('',#1134,#1135,#1136);
#1138=PLANE('',#1137);
#1139=ORIENTED_EDGE('',*,*,#1129,.F.);
#1140=CARTESIAN_POINT('',(0.363076923,185.715384619,12.5));
#1141=DIRECTION('',(0.049119056,0.046049115,-0.997730824));
#1142=VECTOR('',#1141,0.751705753);
#1143=LINE('',#1140,#1142);
#1144=EDGE_CURVE('',#1118,#773,#1143,.T.);
#1145=ORIENTED_EDGE('',*,*,#1144,.T.);
#1146=ORIENTED_EDGE('',*,*,#1080,.T.);
#1147=CARTESIAN_POINT('',(1.6,185.750000004,11.75));
#1148=DIRECTION('',(-0.049119056,-0.046049115,0.997730824));
#1149=VECTOR('',#1148,0.751705753);
#1150=LINE('',#1147,#1149);
#1151=EDGE_CURVE('',#993,#1100,#1150,.T.);
#1152=ORIENTED_EDGE('',*,*,#1151,.T.);
#1153=EDGE_LOOP('',(#1139,#1145,#1146,#1152));
#1154=FACE_BOUND('',#1153,.T.);
#1155=ADVANCED_FACE('',(#1154),#1138,.T.);
#1156=CARTESIAN_POINT('',(0.337643203,-20.75,13.016622435));
#1157=DIRECTION('',(-0.998790364,0.,-0.049171218));
#1158=DIRECTION('',(-0.049171218,0.,0.998790364));
#1159=AXIS2_PLACEMENT_3D('',#1156,#1157,#1158);
#1160=PLANE('',#1159);
#1161=ORIENTED_EDGE('',*,*,#1123,.F.);
#1162=CARTESIAN_POINT('',(0.363076923,187.5,12.5));
#1163=DIRECTION('',(0.049171218,-0.,-0.998790364));
#1164=VECTOR('',#1163,0.750908326);
#1165=LINE('',#1162,#1164);
#1166=EDGE_CURVE('',#1110,#781,#1165,.T.);
#1167=ORIENTED_EDGE('',*,*,#1166,.T.);
#1168=ORIENTED_EDGE('',*,*,#786,.F.);
#1169=ORIENTED_EDGE('',*,*,#1144,.F.);
#1170=EDGE_LOOP('',(#1161,#1167,#1168,#1169));
#1171=FACE_BOUND('',#1170,.T.);
#1172=ADVANCED_FACE('',(#1171),#1160,.T.);
#1173=CARTESIAN_POINT('',(1.534741833,-20.75,13.075556521));
#1174=DIRECTION('',(0.998790364,0.,0.049171218));
#1175=DIRECTION('',(0.049171218,0.,-0.998790364));
#1176=AXIS2_PLACEMENT_3D('',#1173,#1174,#1175);
#1177=PLANE('',#1176);
#1178=ORIENTED_EDGE('',*,*,#1107,.F.);
#1179=ORIENTED_EDGE('',*,*,#1151,.F.);
#1180=ORIENTED_EDGE('',*,*,#998,.T.);
#1181=CARTESIAN_POINT('',(1.563076923,187.5,12.5));
#1182=DIRECTION('',(0.049171218,0.,-0.998790364));
#1183=VECTOR('',#1182,0.750908326);
#1184=LINE('',#1181,#1183);
#1185=EDGE_CURVE('',#1102,#789,#1184,.T.);
#1186=ORIENTED_EDGE('',*,*,#1185,.F.);
#1187=EDGE_LOOP('',(#1178,#1179,#1180,#1186));
#1188=FACE_BOUND('',#1187,.T.);
#1189=ADVANCED_FACE('',(#1188),#1177,.T.);
#1190=CARTESIAN_POINT('',(14.901757305,187.5,20.244686458));
#1191=DIRECTION('',(0.,-1.,0.));
#1192=DIRECTION('',(0.,0.,-1.));
#1193=AXIS2_PLACEMENT_3D('',#1190,#1191,#1192);
#1194=PLANE('',#1193);
#1195=ORIENTED_EDGE('',*,*,#1115,.F.);
#1196=ORIENTED_EDGE('',*,*,#1185,.T.);
#1197=ORIENTED_EDGE('',*,*,#794,.T.);
#1198=ORIENTED_EDGE('',*,*,#1166,.F.);
#1199=EDGE_LOOP('',(#1195,#1196,#1197,#1198));
#1200=FACE_BOUND('',#1199,.T.);
#1201=ADVANCED_FACE('',(#1200),#1194,.F.);
#1202=CARTESIAN_POINT('',(18.85,187.5,19.875));
#1203=DIRECTION('',(0.,-1.,0.));
#1204=DIRECTION('',(0.,0.,-1.));
#1205=AXIS2_PLACEMENT_3D('',#1202,#1203,#1204);
#1206=PLANE('',#1205);
#1207=ORIENTED_EDGE('',*,*,#550,.T.);
#1208=ORIENTED_EDGE('',*,*,#706,.T.);
#1209=ORIENTED_EDGE('',*,*,#800,.T.);
#1210=ORIENTED_EDGE('',*,*,#990,.F.);
#1211=EDGE_LOOP('',(#1207,#1208,#1209,#1210));
#1212=FACE_BOUND('',#1211,.T.);
#1213=ADVANCED_FACE('',(#1212),#1206,.T.);
#1214=CARTESIAN_POINT('',(39.497841445,187.498279786,10.49928282));
#1215=CARTESIAN_POINT('',(39.49784226,187.498291503,10.499282861));
#1216=CARTESIAN_POINT('',(39.497843076,187.498303219,10.499282902));
#1217=CARTESIAN_POINT('',(39.497843892,187.498314936,10.499282943));
#1218=CARTESIAN_POINT('',(39.499870989,187.527432397,10.499384242));
#1219=CARTESIAN_POINT('',(39.50332418,187.608314592,10.499677025));
#1220=CARTESIAN_POINT('',(39.500613768,187.742054966,10.500021333));
#1221=CARTESIAN_POINT('',(39.499499753,187.899863959,10.499898311));
#1222=CARTESIAN_POINT('',(39.499711396,188.111070602,10.49937116));
#1223=CARTESIAN_POINT('',(39.500232152,188.478249787,10.498594481));
#1224=CARTESIAN_POINT('',(39.500076514,188.791877276,10.498485637));
#1225=CARTESIAN_POINT('',(39.499728664,189.000375646,10.498427796));
#1226=CARTESIAN_POINT('',(39.49783591,187.498280543,10.499508591));
#1227=CARTESIAN_POINT('',(39.497836726,187.49829226,10.499508632));
#1228=CARTESIAN_POINT('',(39.497837542,187.498303977,10.499508673));
#1229=CARTESIAN_POINT('',(39.497838358,187.498315693,10.499508714));
#1230=CARTESIAN_POINT('',(39.499865798,187.527433288,10.499609953));
#1231=CARTESIAN_POINT('',(39.503321292,187.608315772,10.499902559));
#1232=CARTESIAN_POINT('',(39.500618368,187.742056,10.500246658));
#1233=CARTESIAN_POINT('',(39.499506621,187.899864431,10.500123725));
#1234=CARTESIAN_POINT('',(39.499719148,188.111070258,10.499596822));
#1235=CARTESIAN_POINT('',(39.500238906,188.478249142,10.498820295));
#1236=CARTESIAN_POINT('',(39.500079538,188.791876878,10.49871143));
#1237=CARTESIAN_POINT('',(39.49972911,189.000375379,10.498653598));
#1238=CARTESIAN_POINT('',(39.497830376,187.498281301,10.499734362));
#1239=CARTESIAN_POINT('',(39.497831192,187.498293017,10.499734403));
#1240=CARTESIAN_POINT('',(39.497832008,187.498304734,10.499734444));
#1241=CARTESIAN_POINT('',(39.497832824,187.498316451,10.499734485));
#1242=CARTESIAN_POINT('',(39.499860607,187.527434178,10.499835665));
#1243=CARTESIAN_POINT('',(39.503318403,187.608316953,10.500128093));
#1244=CARTESIAN_POINT('',(39.500622967,187.742057033,10.500471982));
#1245=CARTESIAN_POINT('',(39.499513488,187.899864904,10.500349139));
#1246=CARTESIAN_POINT('',(39.4997269,188.111069913,10.499822485));
#1247=CARTESIAN_POINT('',(39.500245659,188.478248498,10.499046108));
#1248=CARTESIAN_POINT('',(39.500082562,188.791876481,10.498937224));
#1249=CARTESIAN_POINT('',(39.499729557,189.000375112,10.4988794));
#1250=CARTESIAN_POINT('',(39.497824842,187.498282058,10.499960133));
#1251=CARTESIAN_POINT('',(39.497825658,187.498293775,10.499960174));
#1252=CARTESIAN_POINT('',(39.497826474,187.498305492,10.499960215));
#1253=CARTESIAN_POINT('',(39.49782729,187.498317208,10.499960256));
#1254=CARTESIAN_POINT('',(39.499855415,187.527435069,10.500061376));
#1255=CARTESIAN_POINT('',(39.503315514,187.608318133,10.500353627));
#1256=CARTESIAN_POINT('',(39.500627566,187.742058067,10.500697307));
#1257=CARTESIAN_POINT('',(39.499520356,187.899865377,10.500574553));
#1258=CARTESIAN_POINT('',(39.499734652,188.111069568,10.500048147));
#1259=CARTESIAN_POINT('',(39.500252413,188.478247853,10.499271922));
#1260=CARTESIAN_POINT('',(39.500085586,188.791876083,10.499163018));
#1261=CARTESIAN_POINT('',(39.499730003,189.000374845,10.499105203));
#1262=CARTESIAN_POINT('',(39.496801378,187.498422114,10.541712566));
#1263=CARTESIAN_POINT('',(39.49680222,187.498433841,10.541712603));
#1264=CARTESIAN_POINT('',(39.496803062,187.498445568,10.541712639));
#1265=CARTESIAN_POINT('',(39.496803903,187.498457294,10.541712675));
#1266=CARTESIAN_POINT('',(39.498895348,187.527599833,10.541802788));
#1267=CARTESIAN_POINT('',(39.502781307,187.608536444,10.542062208));
#1268=CARTESIAN_POINT('',(39.501478121,187.742249244,10.54236718));
#1269=CARTESIAN_POINT('',(39.50079038,187.899952791,10.542260924));
#1270=CARTESIAN_POINT('',(39.501168224,188.111005791,10.54178051));
#1271=CARTESIAN_POINT('',(39.501501352,188.478128618,10.541032198));
#1272=CARTESIAN_POINT('',(39.500644879,188.791802534,10.540919641));
#1273=CARTESIAN_POINT('',(39.499812558,189.000325456,10.540863383));
#1274=CARTESIAN_POINT('',(39.494838549,187.498701106,10.629103343));
#1275=CARTESIAN_POINT('',(39.494839441,187.498712852,10.62910337));
#1276=CARTESIAN_POINT('',(39.494840333,187.498724598,10.629103397));
#1277=CARTESIAN_POINT('',(39.494841226,187.498736345,10.629103425));
#1278=CARTESIAN_POINT('',(39.497058064,187.527927974,10.629171468));
#1279=CARTESIAN_POINT('',(39.501772841,187.608972219,10.629365285));
#1280=CARTESIAN_POINT('',(39.503245753,187.742630057,10.629592373));
#1281=CARTESIAN_POINT('',(39.503437071,187.90012535,10.629517872));
#1282=CARTESIAN_POINT('',(39.504157506,188.110876078,10.6291285));
#1283=CARTESIAN_POINT('',(39.504092447,188.477883768,10.628438359));
#1284=CARTESIAN_POINT('',(39.501789771,188.791655476,10.628318488));
#1285=CARTESIAN_POINT('',(39.499947137,189.000231289,10.628265127));
#1286=CARTESIAN_POINT('',(39.492345044,187.499167593,10.807760093));
#1287=CARTESIAN_POINT('',(39.492346021,187.49917937,10.807760106));
#1288=CARTESIAN_POINT('',(39.492346997,187.499191146,10.807760118));
#1289=CARTESIAN_POINT('',(39.492347974,187.499202923,10.807760131));
#1290=CARTESIAN_POINT('',(39.494774748,187.528469535,10.807791549));
#1291=CARTESIAN_POINT('',(39.500617658,187.609689435,10.807879672));
#1292=CARTESIAN_POINT('',(39.50615457,187.743299768,10.807977608));
#1293=CARTESIAN_POINT('',(39.508794292,187.900426153,10.807932407));
#1294=CARTESIAN_POINT('',(39.510222484,188.110656141,10.807691598));
#1295=CARTESIAN_POINT('',(39.509255883,188.47739172,10.807134003));
#1296=CARTESIAN_POINT('',(39.504023223,188.79138922,10.806995154));
#1297=CARTESIAN_POINT('',(39.500064254,189.000083157,10.806947077));
#1298=CARTESIAN_POINT('',(39.492029564,187.499556924,11.035922105));
#1299=CARTESIAN_POINT('',(39.492030648,187.499568716,11.035922105));
#1300=CARTESIAN_POINT('',(39.492031732,187.499580507,11.035922106));
#1301=CARTESIAN_POINT('',(39.492032816,187.499592299,11.035922107));
#1302=CARTESIAN_POINT('',(39.494726876,187.528896558,11.03592412));
#1303=CARTESIAN_POINT('',(39.501533775,187.61020611,11.035930925));
#1304=CARTESIAN_POINT('',(39.509538217,187.743812188,11.035928294));
#1305=CARTESIAN_POINT('',(39.514875646,187.90067683,11.035868452));
#1306=CARTESIAN_POINT('',(39.517826245,188.110476594,11.035714162));
#1307=CARTESIAN_POINT('',(39.515435526,188.476826612,11.035339031));
#1308=CARTESIAN_POINT('',(39.506642367,188.791113818,11.035186187));
#1309=CARTESIAN_POINT('',(39.500042639,188.999975047,11.035141284));
#1310=CARTESIAN_POINT('',(39.494481735,187.499780364,11.309708993));
#1311=CARTESIAN_POINT('',(39.494482953,187.499792154,11.309708986));
#1312=CARTESIAN_POINT('',(39.494484172,187.499803944,11.309708978));
#1313=CARTESIAN_POINT('',(39.49448539,187.499815734,11.309708971));
#1314=CARTESIAN_POINT('',(39.497513072,187.529116007,11.309690726));
#1315=CARTESIAN_POINT('',(39.505308347,187.610411044,11.309642544));
#1316=CARTESIAN_POINT('',(39.515056476,187.743957139,11.309569756));
#1317=CARTESIAN_POINT('',(39.521819986,187.900705622,11.309482623));
#1318=CARTESIAN_POINT('',(39.525634766,188.110313988,11.309355253));
#1319=CARTESIAN_POINT('',(39.521757363,188.476408166,11.309116703));
#1320=CARTESIAN_POINT('',(39.50924461,188.790894842,11.308995161));
#1321=CARTESIAN_POINT('',(39.500055592,188.99992014,11.308955835));
#1322=CARTESIAN_POINT('',(39.497971635,187.499825535,11.547972826));
#1323=CARTESIAN_POINT('',(39.497972963,187.499837316,11.547972814));
#1324=CARTESIAN_POINT('',(39.497974292,187.499849098,11.547972802));
#1325=CARTESIAN_POINT('',(39.49797562,187.49986088,11.54797279));
#1326=CARTESIAN_POINT('',(39.501277128,187.529140414,11.547943213));
#1327=CARTESIAN_POINT('',(39.509723998,187.610391345,11.547865698));
#1328=CARTESIAN_POINT('',(39.519888908,187.743933413,11.547760087));
#1329=CARTESIAN_POINT('',(39.526764364,187.900685953,11.547657564));
#1330=CARTESIAN_POINT('',(39.530420593,188.110272933,11.547536881));
#1331=CARTESIAN_POINT('',(39.525505339,188.476284952,11.547356445));
#1332=CARTESIAN_POINT('',(39.51085683,188.790824581,11.547269472));
#1333=CARTESIAN_POINT('',(39.500070728,188.999926364,11.547239511));
#1334=CARTESIAN_POINT('',(39.499038009,187.499945906,11.694985367));
#1335=CARTESIAN_POINT('',(39.499039342,187.499957689,11.694985354));
#1336=CARTESIAN_POINT('',(39.499040675,187.499969471,11.69498534));
#1337=CARTESIAN_POINT('',(39.499042008,187.499981254,11.694985327));
#1338=CARTESIAN_POINT('',(39.502354965,187.529262683,11.694951961));
#1339=CARTESIAN_POINT('',(39.510842735,187.610518598,11.694864319));
#1340=CARTESIAN_POINT('',(39.521103208,187.74406478,11.694745341));
#1341=CARTESIAN_POINT('',(39.528102135,187.900809003,11.694634323));
#1342=CARTESIAN_POINT('',(39.531854214,188.110369768,11.694512274));
#1343=CARTESIAN_POINT('',(39.526789316,188.476317396,11.694349118));
#1344=CARTESIAN_POINT('',(39.51142484,188.790843293,11.69427743));
#1345=CARTESIAN_POINT('',(39.500070963,188.999953512,11.694252171));
#1346=CARTESIAN_POINT('',(39.499330486,187.500000722,11.750734395));
#1347=CARTESIAN_POINT('',(39.499331814,187.500012505,11.750734381));
#1348=CARTESIAN_POINT('',(39.499333142,187.500024289,11.750734367));
#1349=CARTESIAN_POINT('',(39.49933447,187.500036072,11.750734353));
#1350=CARTESIAN_POINT('',(39.50263447,187.529319824,11.750699905));
#1351=CARTESIAN_POINT('',(39.511096596,187.610581305,11.750609323));
#1352=CARTESIAN_POINT('',(39.521365573,187.744130817,11.750486142));
#1353=CARTESIAN_POINT('',(39.528406369,187.900871813,11.750372143));
#1354=CARTESIAN_POINT('',(39.532207569,188.11042201,11.750249094));
#1355=CARTESIAN_POINT('',(39.527140863,188.47634353,11.750090474));
#1356=CARTESIAN_POINT('',(39.511584167,188.790858203,11.750023687));
#1357=CARTESIAN_POINT('',(39.500070076,188.999966696,11.749999966));
#1358=B_SPLINE_SURFACE_WITH_KNOTS('',3,3,((#1214,#1215,#1216,#1217,#1218,#1219,#1220,#1221,#1222,#1223,#1224,#1225),(#1226,#1227,#1228,#1229,#1230,#1231,#1232,#1233,#1234,#1235,#1236,#1237),(#1238,#1239,#1240,#1241,#1242,#1243,#1244,#1245,#1246,#1247,#1248,#1249),(#1250,#1251,#1252,#1253,#1254,#1255,#1256,#1257,#1258,#1259,#1260,#1261),(#1262,#1263,#1264,#1265,#1266,#1267,#1268,#1269,#1270,#1271,#1272,#1273),(#1274,#1275,#1276,#1277,#1278,#1279,#1280,#1281,#1282,#1283,#1284,#1285),(#1286,#1287,#1288,#1289,#1290,#1291,#1292,#1293,#1294,#1295,#1296,#1297),(#1298,#1299,#1300,#1301,#1302,#1303,#1304,#1305,#1306,#1307,#1308,#1309),(#1310,#1311,#1312,#1313,#1314,#1315,#1316,#1317,#1318,#1319,#1320,#1321),(#1322,#1323,#1324,#1325,#1326,#1327,#1328,#1329,#1330,#1331,#1332,#1333),(#1334,#1335,#1336,#1337,#1338,#1339,#1340,#1341,#1342,#1343,#1344,#1345),(#1346,#1347,#1348,#1349,#1350,#1351,#1352,#1353,#1354,#1355,#1356,#1357)),.UNSPECIFIED.,.F.,.F.,.U.,(4,3,1,1,1,1,1,4),(4,3,1,1,1,1,1,4),(-0.007476076,-0.007475399,-0.007350158,-0.007213258,-0.006939458,-0.006665657,-0.006391857,-0.006224608),(-0.000256777,-0.000256741,-0.000167811,-0.000010142,0.000147528,0.000305198,0.000620538,0.001245214),.UNSPECIFIED.);
#1359=ORIENTED_EDGE('',*,*,#974,.F.);
#1360=ORIENTED_EDGE('',*,*,#597,.F.);
#1361=ORIENTED_EDGE('',*,*,#1058,.T.);
#1362=ORIENTED_EDGE('',*,*,#1022,.T.);
#1363=ORIENTED_EDGE('',*,*,#754,.F.);
#1364=EDGE_LOOP('',(#1359,#1360,#1361,#1362,#1363));
#1365=FACE_BOUND('',#1364,.T.);
#1366=ADVANCED_FACE('',(#1365),#1358,.F.);
#1367=CARTESIAN_POINT('',(-1.8,-20.,13.));
#1368=DIRECTION('',(-1.,0.,0.));
#1369=DIRECTION('',(0.,0.,1.));
#1370=AXIS2_PLACEMENT_3D('',#1367,#1368,#1369);
#1371=PLANE('',#1370);
#1372=ORIENTED_EDGE('',*,*,#770,.F.);
#1373=ORIENTED_EDGE('',*,*,#1036,.T.);
#1374=ORIENTED_EDGE('',*,*,#1066,.T.);
#1375=ORIENTED_EDGE('',*,*,#574,.T.);
#1376=ORIENTED_EDGE('',*,*,#1087,.F.);
#1377=EDGE_LOOP('',(#1372,#1373,#1374,#1375,#1376));
#1378=FACE_BOUND('',#1377,.T.);
#1379=ADVANCED_FACE('',(#1378),#1371,.T.);
#1380=CARTESIAN_POINT('',(5.802973611,184.8,11.125001571));
#1381=DIRECTION('',(0.,0.,-1.));
#1382=DIRECTION('',(-1.,0.,0.));
#1383=AXIS2_PLACEMENT_3D('',#1380,#1381,#1382);
#1384=CYLINDRICAL_SURFACE('',#1383,0.2);
#1385=ORIENTED_EDGE('',*,*,#348,.F.);
#1386=ORIENTED_EDGE('',*,*,#173,.F.);
#1387=ORIENTED_EDGE('',*,*,#118,.F.);
#1388=ORIENTED_EDGE('',*,*,#645,.F.);
#1389=EDGE_LOOP('',(#1385,#1386,#1387,#1388));
#1390=FACE_BOUND('',#1389,.T.);
#1391=ADVANCED_FACE('',(#1390),#1384,.T.);
#1392=CLOSED_SHELL('',(#122,#204,#274,#305,#336,#361,#379,#487,#528,#653,#688,#712,#806,#958,#979,#1008,#1040,#1070,#1093,#1133,#1155,#1172,#1189,#1201,#1213,#1366,
#1379,#1391));
#1393=MANIFOLD_SOLID_BREP('Body 02****',#1392);
#1394=COLOUR_RGB('',0.494117647,0.494117647,0.525490224);
#1395=FILL_AREA_STYLE_COLOUR('',#1394);
#1396=FILL_AREA_STYLE('',(#1395));
#1397=SURFACE_STYLE_FILL_AREA(#1396);
#1398=SURFACE_SIDE_STYLE('',(#1397));
#1399=SURFACE_STYLE_USAGE(.BOTH.,#1398);
#1400=PRESENTATION_STYLE_ASSIGNMENT((#1399));
#82=STYLED_ITEM('',(#1400),#1393);
#1402=CARTESIAN_POINT('',(21.25,187.5,28.));
#1403=DIRECTION('',(0.,1.,0.));
#1404=DIRECTION('',(0.,0.,1.));
#1405=AXIS2_PLACEMENT_3D('',#1402,#1403,#1404);
#1406=PLANE('',#1405);
#1407=CARTESIAN_POINT('',(0.8,187.5,28.));
#1408=VERTEX_POINT('',#1407);
#1409=CARTESIAN_POINT('',(47.5,187.5,28.));
#1410=VERTEX_POINT('',#1409);
#1411=CARTESIAN_POINT('',(0.8,187.5,28.));
#1412=DIRECTION('',(1.,0.,-0.));
#1413=VECTOR('',#1412,46.7);
#1414=LINE('',#1411,#1413);
#1415=EDGE_CURVE('',#1408,#1410,#1414,.T.);
#1416=ORIENTED_EDGE('',*,*,#1415,.F.);
#1417=CARTESIAN_POINT('',(1.563076923,187.5,12.5));
#1418=VERTEX_POINT('',#1417);
#1419=CARTESIAN_POINT('',(0.8,187.5,28.));
#1420=DIRECTION('',(0.049171218,0.,-0.998790364));
#1421=VECTOR('',#1420,15.518772065);
#1422=LINE('',#1419,#1421);
#1423=EDGE_CURVE('',#1408,#1418,#1422,.T.);
#1424=ORIENTED_EDGE('',*,*,#1423,.T.);
#1425=CARTESIAN_POINT('',(0.363076923,187.5,12.5));
#1426=VERTEX_POINT('',#1425);
#1427=CARTESIAN_POINT('',(1.563076923,187.5,12.5));
#1428=DIRECTION('',(-1.,-0.,0.));
#1429=VECTOR('',#1428,1.2);
#1430=LINE('',#1427,#1429);
#1431=EDGE_CURVE('',#1418,#1426,#1430,.T.);
#1432=ORIENTED_EDGE('',*,*,#1431,.T.);
#1433=CARTESIAN_POINT('',(-0.400000001,187.5,28.));
#1434=VERTEX_POINT('',#1433);
#1435=CARTESIAN_POINT('',(-0.400000001,187.5,28.));
#1436=DIRECTION('',(0.049171218,-0.,-0.998790364));
#1437=VECTOR('',#1436,15.518772065);
#1438=LINE('',#1435,#1437);
#1439=EDGE_CURVE('',#1434,#1426,#1438,.T.);
#1440=ORIENTED_EDGE('',*,*,#1439,.F.);
#1441=CARTESIAN_POINT('',(-1.8,187.5,28.));
#1442=VERTEX_POINT('',#1441);
#1443=CARTESIAN_POINT('',(-1.8,187.5,28.));
#1444=DIRECTION('',(1.,0.,-0.));
#1445=VECTOR('',#1444,1.399999999);
#1446=LINE('',#1443,#1445);
#1447=EDGE_CURVE('',#1442,#1434,#1446,.T.);
#1448=ORIENTED_EDGE('',*,*,#1447,.F.);
#1449=CARTESIAN_POINT('',(-1.8,187.5,11.75));
#1450=VERTEX_POINT('',#1449);
#1451=CARTESIAN_POINT('',(-1.8,187.5,28.));
#1452=DIRECTION('',(-0.,-0.,-1.));
#1453=VECTOR('',#1452,16.25);
#1454=LINE('',#1451,#1453);
#1455=EDGE_CURVE('',#1442,#1450,#1454,.T.);
#1456=ORIENTED_EDGE('',*,*,#1455,.T.);
#1457=CARTESIAN_POINT('',(39.5,187.5,11.75));
#1458=VERTEX_POINT('',#1457);
#1459=CARTESIAN_POINT('',(39.5,187.5,11.75));
#1460=DIRECTION('',(-1.,-0.,0.));
#1461=VECTOR('',#1460,41.3);
#1462=LINE('',#1459,#1461);
#1463=EDGE_CURVE('',#1458,#1450,#1462,.T.);
#1464=ORIENTED_EDGE('',*,*,#1463,.F.);
#1465=CARTESIAN_POINT('',(39.5,187.5,10.5));
#1466=VERTEX_POINT('',#1465);
#1467=CARTESIAN_POINT('',(39.5,187.5,10.5));
#1468=DIRECTION('',(0.,0.,1.));
#1469=VECTOR('',#1468,1.25);
#1470=LINE('',#1467,#1469);
#1471=EDGE_CURVE('',#1466,#1458,#1470,.T.);
#1472=ORIENTED_EDGE('',*,*,#1471,.F.);
#1473=CARTESIAN_POINT('',(47.5,187.5,18.5));
#1474=VERTEX_POINT('',#1473);
#1475=CARTESIAN_POINT('',(39.5,187.5,10.5));
#1476=CARTESIAN_POINT('',(40.018862688,187.5,10.5));
#1477=CARTESIAN_POINT('',(40.525552059,187.5,10.573335373));
#1478=CARTESIAN_POINT('',(41.023148124,187.5,10.701451303));
#1479=CARTESIAN_POINT('',(41.271946156,187.5,10.765509268));
#1480=CARTESIAN_POINT('',(41.519432426,187.5,10.844064318));
#1481=CARTESIAN_POINT('',(41.760593468,187.5,10.93413376));
#1482=CARTESIAN_POINT('',(42.00175451,187.5,11.024203202));
#1483=CARTESIAN_POINT('',(42.237365865,187.5,11.12586697));
#1484=CARTESIAN_POINT('',(42.46793948,187.5,11.238055514));
#1485=CARTESIAN_POINT('',(42.698513094,187.5,11.350244057));
#1486=CARTESIAN_POINT('',(42.924046545,187.5,11.472962438));
#1487=CARTESIAN_POINT('',(43.144795591,187.5,11.60567633));
#1488=CARTESIAN_POINT('',(43.365544637,187.5,11.738390222));
#1489=CARTESIAN_POINT('',(43.581529999,187.5,11.88121725));
#1490=CARTESIAN_POINT('',(43.79036565,187.5,12.031973525));
#1491=CARTESIAN_POINT('',(43.999201302,187.5,12.1827298));
#1492=CARTESIAN_POINT('',(44.201574103,187.5,12.341805861));
#1493=CARTESIAN_POINT('',(44.397653947,187.5,12.508983002));
#1494=CARTESIAN_POINT('',(44.593733791,187.5,12.676160142));
#1495=CARTESIAN_POINT('',(44.783884223,187.5,12.851855208));
#1496=CARTESIAN_POINT('',(44.965960527,187.5,13.033928593));
#1497=CARTESIAN_POINT('',(45.330113135,187.5,13.398075362));
#1498=CARTESIAN_POINT('',(45.663796393,187.5,13.788563403));
#1499=CARTESIAN_POINT('',(45.965750019,187.5,14.206482251));
#1500=CARTESIAN_POINT('',(46.116726832,187.5,14.415441675));
#1501=CARTESIAN_POINT('',(46.259542833,187.5,14.631254345));
#1502=CARTESIAN_POINT('',(46.392143941,187.5,14.851580692));
#1503=CARTESIAN_POINT('',(46.524745048,187.5,15.071907039));
#1504=CARTESIAN_POINT('',(46.64761892,187.5,15.297383823));
#1505=CARTESIAN_POINT('',(46.760135408,187.5,15.528344701));
#1506=CARTESIAN_POINT('',(46.985168384,187.5,15.990266456));
#1507=CARTESIAN_POINT('',(47.169589413,187.5,16.477109814));
#1508=CARTESIAN_POINT('',(47.297578614,187.5,16.973088305));
#1509=CARTESIAN_POINT('',(47.361573214,187.5,17.221077551));
#1510=CARTESIAN_POINT('',(47.411856581,187.5,17.472174196));
#1511=CARTESIAN_POINT('',(47.446473558,187.5,17.726821341));
#1512=CARTESIAN_POINT('',(47.481090536,187.5,17.981468486));
#1513=CARTESIAN_POINT('',(47.5,187.5,18.240723476));
#1514=CARTESIAN_POINT('',(47.5,187.5,18.5));
#1515=B_SPLINE_CURVE_WITH_KNOTS('',3,(#1475,#1476,#1477,#1478,#1479,#1480,#1481,#1482,#1483,#1484,#1485,#1486,#1487,#1488,#1489,#1490,#1491,#1492,#1493,#1494,#1495,#1496,#1497,#1498,#1499,#1500,
#1501,#1502,#1503,#1504,#1505,#1506,#1507,#1508,#1509,#1510,#1511,#1512,#1513,#1514),.UNSPECIFIED.,.F.,.F.,(4,3,3,3,3,3,3,3,3,3,3,3,3,4),(0.,0.001535576,0.002303364,0.003071152,0.00383894,0.004606728,0.005374516,0.006142304,0.007677879,0.008445667,0.009213455,0.010749031,0.011516819,0.012284607),.UNSPECIFIED.);
#1516=EDGE_CURVE('',#1466,#1474,#1515,.T.);
#1517=ORIENTED_EDGE('',*,*,#1516,.T.);
#1518=CARTESIAN_POINT('',(47.5,187.5,28.));
#1519=DIRECTION('',(0.,0.,-1.));
#1520=VECTOR('',#1519,9.5);
#1521=LINE('',#1518,#1520);
#1522=EDGE_CURVE('',#1410,#1474,#1521,.T.);
#1523=ORIENTED_EDGE('',*,*,#1522,.F.);
#1524=EDGE_LOOP('',(#1416,#1424,#1432,#1440,#1448,#1456,#1464,#1472,#1517,#1523));
#1525=FACE_BOUND('',#1524,.T.);
#1526=CARTESIAN_POINT('',(7.524551742,187.5,22.836985489));
#1527=VERTEX_POINT('',#1526);
#1528=CARTESIAN_POINT('',(7.524551742,187.5,14.604985489));
#1529=VERTEX_POINT('',#1528);
#1530=CARTESIAN_POINT('',(7.524551742,187.5,22.836985489));
#1531=DIRECTION('',(-0.,-0.,-1.));
#1532=VECTOR('',#1531,8.232);
#1533=LINE('',#1530,#1532);
#1534=EDGE_CURVE('',#1527,#1529,#1533,.T.);
#1535=ORIENTED_EDGE('',*,*,#1534,.F.);
#1536=CARTESIAN_POINT('',(8.210551742,187.5,23.522985489));
#1537=VERTEX_POINT('',#1536);
#1538=CARTESIAN_POINT('',(7.524551742,187.5,22.836985489));
#1539=CARTESIAN_POINT('',(7.524551742,187.5,22.917831364));
#1540=CARTESIAN_POINT('',(7.539286157,187.5,23.005053952));
#1541=CARTESIAN_POINT('',(7.572716967,187.5,23.08949846));
#1542=CARTESIAN_POINT('',(7.606147778,187.5,23.173942968));
#1543=CARTESIAN_POINT('',(7.658501574,187.5,23.255085825));
#1544=CARTESIAN_POINT('',(7.72547649,187.5,23.322060741));
#1545=CARTESIAN_POINT('',(7.792451406,187.5,23.389035657));
#1546=CARTESIAN_POINT('',(7.873594263,187.5,23.441389453));
#1547=CARTESIAN_POINT('',(7.958038771,187.5,23.474820264));
#1548=CARTESIAN_POINT('',(8.042483279,187.5,23.508251074));
#1549=CARTESIAN_POINT('',(8.129705867,187.5,23.522985489));
#1550=CARTESIAN_POINT('',(8.210551742,187.5,23.522985489));
#1551=B_SPLINE_CURVE_WITH_KNOTS('',3,(#1538,#1539,#1540,#1541,#1542,#1543,#1544,#1545,#1546,#1547,#1548,#1549,#1550),.UNSPECIFIED.,.F.,.F.,(4,3,3,3,4),(0.,0.25,0.5,0.75,1.),.UNSPECIFIED.);
#1552=EDGE_CURVE('',#1527,#1537,#1551,.T.);
#1553=ORIENTED_EDGE('',*,*,#1552,.T.);
#1554=CARTESIAN_POINT('',(33.935551742,187.5,23.522985489));
#1555=VERTEX_POINT('',#1554);
#1556=CARTESIAN_POINT('',(8.210551742,187.5,23.522985489));
#1557=DIRECTION('',(1.,0.,-0.));
#1558=VECTOR('',#1557,25.725);
#1559=LINE('',#1556,#1558);
#1560=EDGE_CURVE('',#1537,#1555,#1559,.T.);
#1561=ORIENTED_EDGE('',*,*,#1560,.T.);
#1562=CARTESIAN_POINT('',(35.573872468,187.5,14.726507648));
#1563=VERTEX_POINT('',#1562);
#1564=CARTESIAN_POINT('',(33.935551742,187.5,23.522985489));
#1565=CARTESIAN_POINT('',(38.726780981,187.5,22.370812329));
#1566=CARTESIAN_POINT('',(39.629058258,187.5,17.52630238));
#1567=CARTESIAN_POINT('',(35.573872494,187.5,14.726507667));
#1568=(BOUNDED_CURVE()
B_SPLINE_CURVE(3,(#1564,#1565,#1566,#1567),.UNSPECIFIED.,.F.,.F.)
B_SPLINE_CURVE_WITH_KNOTS((4,4),(0.000000001,0.99999998),.UNSPECIFIED.)
CURVE()
GEOMETRIC_REPRESENTATION_ITEM()
RATIONAL_B_SPLINE_CURVE((1.,0.605254044,0.605254036,0.999999976))
REPRESENTATION_ITEM(''));
#1569=EDGE_CURVE('',#1555,#1563,#1568,.T.);
#1570=ORIENTED_EDGE('',*,*,#1569,.T.);
#1571=CARTESIAN_POINT('',(31.258668403,187.5,13.232985489));
#1572=VERTEX_POINT('',#1571);
#1573=CARTESIAN_POINT('',(35.57387263,187.5,14.72650776));
#1574=CARTESIAN_POINT('',(35.254979065,187.5,14.506336231));
#1575=CARTESIAN_POINT('',(34.92547792,187.5,14.307203578));
#1576=CARTESIAN_POINT('',(34.585180027,187.5,14.129484994));
#1577=CARTESIAN_POINT('',(34.244882134,187.5,13.95176641));
#1578=CARTESIAN_POINT('',(33.893816449,187.5,13.795404463));
#1579=CARTESIAN_POINT('',(33.530471611,187.5,13.663396759));
#1580=CARTESIAN_POINT('',(33.348799193,187.5,13.597392906));
#1581=CARTESIAN_POINT('',(33.163859711,187.5,13.537521305));
#1582=CARTESIAN_POINT('',(32.977519769,187.5,13.485033909));
#1583=CARTESIAN_POINT('',(32.791179827,187.5,13.432546513));
#1584=CARTESIAN_POINT('',(32.602987218,187.5,13.387254774));
#1585=CARTESIAN_POINT('',(32.412736227,187.5,13.349957669));
#1586=CARTESIAN_POINT('',(32.032234247,187.5,13.27536346));
#1587=CARTESIAN_POINT('',(31.647037195,187.5,13.232985533));
#1588=CARTESIAN_POINT('',(31.258668403,187.5,13.232985489));
#1589=B_SPLINE_CURVE_WITH_KNOTS('',3,(#1573,#1574,#1575,#1576,#1577,#1578,#1579,#1580,#1581,#1582,#1583,#1584,#1585,#1586,#1587,#1588),.UNSPECIFIED.,.F.,.F.,(4,3,3,3,3,4),(0.,0.001151611,0.002303222,0.002879028,0.003454833,0.004606444),.UNSPECIFIED.);
#1590=EDGE_CURVE('',#1563,#1572,#1589,.T.);
#1591=ORIENTED_EDGE('',*,*,#1590,.T.);
#1592=CARTESIAN_POINT('',(8.896551742,187.5,13.232985489));
#1593=VERTEX_POINT('',#1592);
#1594=CARTESIAN_POINT('',(8.896551742,187.5,13.232985489));
#1595=DIRECTION('',(1.,0.,-0.));
#1596=VECTOR('',#1595,22.362116661);
#1597=LINE('',#1594,#1596);
#1598=EDGE_CURVE('',#1593,#1572,#1597,.T.);
#1599=ORIENTED_EDGE('',*,*,#1598,.F.);
#1600=CARTESIAN_POINT('',(8.896551742,187.5,13.232985489));
#1601=CARTESIAN_POINT('',(8.09285275,187.5,13.232985489));
#1602=CARTESIAN_POINT('',(7.524551742,187.5,13.801286497));
#1603=CARTESIAN_POINT('',(7.524551742,187.5,14.604985489));
#1604=(BOUNDED_CURVE()
B_SPLINE_CURVE(3,(#1600,#1601,#1602,#1603),.UNSPECIFIED.,.F.,.F.)
B_SPLINE_CURVE_WITH_KNOTS((4,4),(0.,1.),.UNSPECIFIED.)
CURVE()
GEOMETRIC_REPRESENTATION_ITEM()
RATIONAL_B_SPLINE_CURVE((1.,0.804737854,0.804737854,1.))
REPRESENTATION_ITEM(''));
#1605=EDGE_CURVE('',#1593,#1529,#1604,.T.);
#1606=ORIENTED_EDGE('',*,*,#1605,.T.);
#1607=EDGE_LOOP('',(#1535,#1553,#1561,#1570,#1591,#1599,#1606));
#1608=FACE_BOUND('',#1607,.T.);
#1609=CARTESIAN_POINT('',(44.5,187.5,26.4));
#1610=VERTEX_POINT('',#1609);
#1611=CARTESIAN_POINT('',(44.500010664,187.5,17.177768677));
#1612=VERTEX_POINT('',#1611);
#1613=CARTESIAN_POINT('',(44.5,187.5,26.4));
#1614=DIRECTION('',(0.,0.,-1.));
#1615=VECTOR('',#1614,9.222230921);
#1616=LINE('',#1613,#1615);
#1617=EDGE_CURVE('',#1610,#1612,#1616,.T.);
#1618=ORIENTED_EDGE('',*,*,#1617,.F.);
#1619=CARTESIAN_POINT('',(45.7,187.5,26.4));
#1620=VERTEX_POINT('',#1619);
#1621=CARTESIAN_POINT('',(44.5,187.5,26.4));
#1622=DIRECTION('',(1.,0.,-0.));
#1623=VECTOR('',#1622,1.2);
#1624=LINE('',#1621,#1623);
#1625=EDGE_CURVE('',#1610,#1620,#1624,.T.);
#1626=ORIENTED_EDGE('',*,*,#1625,.T.);
#1627=CARTESIAN_POINT('',(45.7,187.5,18.516505373));
#1628=VERTEX_POINT('',#1627);
#1629=CARTESIAN_POINT('',(45.7,187.5,26.4));
#1630=DIRECTION('',(0.,0.,-1.));
#1631=VECTOR('',#1630,7.883494627);
#1632=LINE('',#1629,#1631);
#1633=EDGE_CURVE('',#1620,#1628,#1632,.T.);
#1634=ORIENTED_EDGE('',*,*,#1633,.T.);
#1635=CARTESIAN_POINT('',(44.500015797,187.5,17.177763144));
#1636=CARTESIAN_POINT('',(44.940182695,187.5,17.586087974));
#1637=CARTESIAN_POINT('',(45.342797602,187.5,18.033916053));
#1638=CARTESIAN_POINT('',(45.6999991,187.5,18.516506067));
#1639=B_SPLINE_CURVE_WITH_KNOTS('',3,(#1635,#1636,#1637,#1638),.UNSPECIFIED.,.F.,.F.,(4,4),(0.,0.001799325),.UNSPECIFIED.);
#1640=EDGE_CURVE('',#1612,#1628,#1639,.T.);
#1641=ORIENTED_EDGE('',*,*,#1640,.F.);
#1642=EDGE_LOOP('',(#1618,#1626,#1634,#1641));
#1643=FACE_BOUND('',#1642,.T.);
#1644=ADVANCED_FACE('',(#1525,#1608,#1643),#1406,.F.);
#1645=CARTESIAN_POINT('',(-1.5,-20.,28.));
#1646=DIRECTION('',(0.,0.,1.));
#1647=DIRECTION('',(1.,0.,0.));
#1648=AXIS2_PLACEMENT_3D('',#1645,#1646,#1647);
#1649=PLANE('',#1648);
#1650=ORIENTED_EDGE('',*,*,#1447,.T.);
#1651=CARTESIAN_POINT('',(-0.399979854,185.523542798,27.99918158));
#1652=VERTEX_POINT('',#1651);
#1653=CARTESIAN_POINT('',(-0.4,187.5,28.));
#1654=DIRECTION('',(-0.,-1.,-0.));
#1655=VECTOR('',#1654,1.976390816);
#1656=LINE('',#1653,#1655);
#1657=EDGE_CURVE('',#1434,#1652,#1656,.T.);
#1658=ORIENTED_EDGE('',*,*,#1657,.T.);
#1659=CARTESIAN_POINT('',(0.800020146,185.523542798,27.99918158));
#1660=VERTEX_POINT('',#1659);
#1661=CARTESIAN_POINT('',(-0.4,185.523609184,28.));
#1662=DIRECTION('',(1.,0.,-0.));
#1663=VECTOR('',#1662,1.2);
#1664=LINE('',#1661,#1663);
#1665=EDGE_CURVE('',#1652,#1660,#1664,.T.);
#1666=ORIENTED_EDGE('',*,*,#1665,.T.);
#1667=CARTESIAN_POINT('',(0.8,185.523609184,28.));
#1668=DIRECTION('',(0.,1.,0.));
#1669=VECTOR('',#1668,1.976390816);
#1670=LINE('',#1667,#1669);
#1671=EDGE_CURVE('',#1660,#1408,#1670,.T.);
#1672=ORIENTED_EDGE('',*,*,#1671,.T.);
#1673=ORIENTED_EDGE('',*,*,#1415,.T.);
#1674=CARTESIAN_POINT('',(47.5,188.5,28.));
#1675=VERTEX_POINT('',#1674);
#1676=CARTESIAN_POINT('',(47.5,188.5,28.));
#1677=DIRECTION('',(-0.,-1.,-0.));
#1678=VECTOR('',#1677,1.);
#1679=LINE('',#1676,#1678);
#1680=EDGE_CURVE('',#1675,#1410,#1679,.T.);
#1681=ORIENTED_EDGE('',*,*,#1680,.F.);
#1682=CARTESIAN_POINT('',(47.,189.,28.));
#1683=VERTEX_POINT('',#1682);
#1684=CARTESIAN_POINT('',(47.,188.5,28.));
#1685=DIRECTION('',(-0.,-0.,1.));
#1686=DIRECTION('',(-1.,0.,0.));
#1687=AXIS2_PLACEMENT_3D('',#1684,#1685,#1686);
#1688=CIRCLE('',#1687,0.5);
#1689=EDGE_CURVE('',#1675,#1683,#1688,.T.);
#1690=ORIENTED_EDGE('',*,*,#1689,.T.);
#1691=CARTESIAN_POINT('',(-1.8,189.,28.));
#1692=VERTEX_POINT('',#1691);
#1693=CARTESIAN_POINT('',(-1.8,189.,28.));
#1694=DIRECTION('',(1.,0.,-0.));
#1695=VECTOR('',#1694,48.8);
#1696=LINE('',#1693,#1695);
#1697=EDGE_CURVE('',#1692,#1683,#1696,.T.);
#1698=ORIENTED_EDGE('',*,*,#1697,.F.);
#1699=CARTESIAN_POINT('',(-1.8,189.,28.));
#1700=DIRECTION('',(-0.,-1.,-0.));
#1701=VECTOR('',#1700,1.5);
#1702=LINE('',#1699,#1701);
#1703=EDGE_CURVE('',#1692,#1442,#1702,.T.);
#1704=ORIENTED_EDGE('',*,*,#1703,.T.);
#1705=EDGE_LOOP('',(#1650,#1658,#1666,#1672,#1673,#1681,#1690,#1698,#1704));
#1706=FACE_BOUND('',#1705,.T.);
#1707=ADVANCED_FACE('',(#1706),#1649,.T.);
#1708=CARTESIAN_POINT('',(21.25,189.,28.));
#1709=DIRECTION('',(0.,1.,0.));
#1710=DIRECTION('',(0.,0.,1.));
#1711=AXIS2_PLACEMENT_3D('',#1708,#1709,#1710);
#1712=PLANE('',#1711);
#1713=CARTESIAN_POINT('',(-1.8,189.,11.75));
#1714=VERTEX_POINT('',#1713);
#1715=CARTESIAN_POINT('',(39.5,189.,11.75));
#1716=VERTEX_POINT('',#1715);
#1717=CARTESIAN_POINT('',(-1.8,189.,11.75));
#1718=DIRECTION('',(1.,0.,-0.));
#1719=VECTOR('',#1718,41.3);
#1720=LINE('',#1717,#1719);
#1721=EDGE_CURVE('',#1714,#1716,#1720,.T.);
#1722=ORIENTED_EDGE('',*,*,#1721,.F.);
#1723=CARTESIAN_POINT('',(-1.8,189.,28.));
#1724=DIRECTION('',(-0.,-0.,-1.));
#1725=VECTOR('',#1724,16.25);
#1726=LINE('',#1723,#1725);
#1727=EDGE_CURVE('',#1692,#1714,#1726,.T.);
#1728=ORIENTED_EDGE('',*,*,#1727,.F.);
#1729=ORIENTED_EDGE('',*,*,#1697,.T.);
#1730=CARTESIAN_POINT('',(47.,189.,18.5));
#1731=VERTEX_POINT('',#1730);
#1732=CARTESIAN_POINT('',(47.,189.,28.));
#1733=DIRECTION('',(-0.,-0.,-1.));
#1734=VECTOR('',#1733,9.5);
#1735=LINE('',#1732,#1734);
#1736=EDGE_CURVE('',#1683,#1731,#1735,.T.);
#1737=ORIENTED_EDGE('',*,*,#1736,.T.);
#1738=CARTESIAN_POINT('',(39.5,189.,11.));
#1739=VERTEX_POINT('',#1738);
#1740=CARTESIAN_POINT('',(47.,189.,18.5));
#1741=CARTESIAN_POINT('',(47.,189.,18.019572553));
#1742=CARTESIAN_POINT('',(46.93060365,189.,17.545177534));
#1743=CARTESIAN_POINT('',(46.8075782,189.,17.075444342));
#1744=CARTESIAN_POINT('',(46.746065475,189.,16.840577746));
#1745=CARTESIAN_POINT('',(46.671310543,189.,16.60918326));
#1746=CARTESIAN_POINT('',(46.586046148,189.,16.383969521));
#1747=CARTESIAN_POINT('',(46.500781753,189.,16.158755783));
#1748=CARTESIAN_POINT('',(46.404699238,189.,15.93864944));
#1749=CARTESIAN_POINT('',(46.298819465,189.,15.72316853));
#1750=CARTESIAN_POINT('',(46.192939692,189.,15.50768762));
#1751=CARTESIAN_POINT('',(46.077306346,189.,15.296811518));
#1752=CARTESIAN_POINT('',(45.952314775,189.,15.090353574));
#1753=CARTESIAN_POINT('',(45.827323204,189.,14.88389563));
#1754=CARTESIAN_POINT('',(45.692332881,189.,14.681045257));
#1755=CARTESIAN_POINT('',(45.550437971,189.,14.485446446));
#1756=CARTESIAN_POINT('',(45.26664815,189.,14.094248824));
#1757=CARTESIAN_POINT('',(44.95464749,189.,13.730113464));
#1758=CARTESIAN_POINT('',(44.616236683,189.,13.391312991));
#1759=CARTESIAN_POINT('',(44.277825876,189.,13.052512517));
#1760=CARTESIAN_POINT('',(43.911979195,189.,12.738289916));
#1761=CARTESIAN_POINT('',(43.519555029,189.,12.453195617));
#1762=CARTESIAN_POINT('',(43.127130863,189.,12.168101318));
#1763=CARTESIAN_POINT('',(42.716498341,189.,11.917916398));
#1764=CARTESIAN_POINT('',(42.28605212,189.,11.705718646));
#1765=CARTESIAN_POINT('',(42.07082901,189.,11.59961977));
#1766=CARTESIAN_POINT('',(41.850645952,189.,11.503030192));
#1767=CARTESIAN_POINT('',(41.624846865,189.,11.417207764));
#1768=CARTESIAN_POINT('',(41.399047778,189.,11.331385336));
#1769=CARTESIAN_POINT('',(41.166493128,189.,11.256012169));
#1770=CARTESIAN_POINT('',(40.932562758,189.,11.19442333));
#1771=CARTESIAN_POINT('',(40.464702017,189.,11.071245652));
#1772=CARTESIAN_POINT('',(39.988246561,189.,11.));
#1773=CARTESIAN_POINT('',(39.5,189.,11.));
#1774=B_SPLINE_CURVE_WITH_KNOTS('',3,(#1740,#1741,#1742,#1743,#1744,#1745,#1746,#1747,#1748,#1749,#1750,#1751,#1752,#1753,#1754,#1755,#1756,#1757,#1758,#1759,#1760,#1761,#1762,#1763,#1764,#1765,
#1766,#1767,#1768,#1769,#1770,#1771,#1772,#1773),.UNSPECIFIED.,.F.,.F.,(4,3,3,3,3,3,3,3,3,3,3,4),(0.,0.001445083,0.002167624,0.002890166,0.003612707,0.004335249,0.005780332,0.007225415,0.008670498,0.009393039,0.010115581,0.011560664),.UNSPECIFIED.);
#1775=EDGE_CURVE('',#1731,#1739,#1774,.T.);
#1776=ORIENTED_EDGE('',*,*,#1775,.T.);
#1777=CARTESIAN_POINT('',(39.5,189.,11.));
#1778=DIRECTION('',(0.,0.,1.));
#1779=VECTOR('',#1778,0.75);
#1780=LINE('',#1777,#1779);
#1781=EDGE_CURVE('',#1739,#1716,#1780,.T.);
#1782=ORIENTED_EDGE('',*,*,#1781,.T.);
#1783=EDGE_LOOP('',(#1722,#1728,#1729,#1737,#1776,#1782));
#1784=FACE_BOUND('',#1783,.T.);
#1785=ADVANCED_FACE('',(#1784),#1712,.T.);
#1786=CARTESIAN_POINT('',(-1.8,-20.,13.));
#1787=DIRECTION('',(-1.,0.,0.));
#1788=DIRECTION('',(0.,0.,1.));
#1789=AXIS2_PLACEMENT_3D('',#1786,#1787,#1788);
#1790=PLANE('',#1789);
#1791=ORIENTED_EDGE('',*,*,#1727,.T.);
#1792=CARTESIAN_POINT('',(-1.8,189.,11.75));
#1793=DIRECTION('',(-0.,-1.,-0.));
#1794=VECTOR('',#1793,1.5);
#1795=LINE('',#1792,#1794);
#1796=EDGE_CURVE('',#1714,#1450,#1795,.T.);
#1797=ORIENTED_EDGE('',*,*,#1796,.T.);
#1798=ORIENTED_EDGE('',*,*,#1455,.F.);
#1799=ORIENTED_EDGE('',*,*,#1703,.F.);
#1800=EDGE_LOOP('',(#1791,#1797,#1798,#1799));
#1801=FACE_BOUND('',#1800,.T.);
#1802=ADVANCED_FACE('',(#1801),#1790,.T.);
#1803=CARTESIAN_POINT('',(-0.1,186.625,11.75));
#1804=DIRECTION('',(0.,0.,1.));
#1805=DIRECTION('',(1.,0.,0.));
#1806=AXIS2_PLACEMENT_3D('',#1803,#1804,#1805);
#1807=PLANE('',#1806);
#1808=ORIENTED_EDGE('',*,*,#1721,.T.);
#1809=CARTESIAN_POINT('',(39.5,189.,11.75));
#1810=DIRECTION('',(0.,-1.,0.));
#1811=VECTOR('',#1810,1.5);
#1812=LINE('',#1809,#1811);
#1813=EDGE_CURVE('',#1716,#1458,#1812,.T.);
#1814=ORIENTED_EDGE('',*,*,#1813,.T.);
#1815=ORIENTED_EDGE('',*,*,#1463,.T.);
#1816=ORIENTED_EDGE('',*,*,#1796,.F.);
#1817=EDGE_LOOP('',(#1808,#1814,#1815,#1816));
#1818=FACE_BOUND('',#1817,.T.);
#1819=ADVANCED_FACE('',(#1818),#1807,.F.);
#1820=CARTESIAN_POINT('',(39.5,185.75,11.125));
#1821=DIRECTION('',(-1.,0.,0.));
#1822=DIRECTION('',(0.,0.,1.));
#1823=AXIS2_PLACEMENT_3D('',#1820,#1821,#1822);
#1824=PLANE('',#1823);
#1825=ORIENTED_EDGE('',*,*,#1813,.F.);
#1826=ORIENTED_EDGE('',*,*,#1781,.F.);
#1827=CARTESIAN_POINT('',(39.5,188.5,10.5));
#1828=VERTEX_POINT('',#1827);
#1829=CARTESIAN_POINT('',(39.5,188.5,10.5));
#1830=CARTESIAN_POINT('',(39.5,188.565827355,10.5));
#1831=CARTESIAN_POINT('',(39.5,188.630198323,10.51281084));
#1832=CARTESIAN_POINT('',(39.5,188.690848833,10.537856387));
#1833=CARTESIAN_POINT('',(39.5,188.751499342,10.562901934));
#1834=CARTESIAN_POINT('',(39.5,188.807225363,10.600099862));
#1835=CARTESIAN_POINT('',(39.5,188.853623856,10.646517089));
#1836=CARTESIAN_POINT('',(39.5,188.900022349,10.692934317));
#1837=CARTESIAN_POINT('',(39.5,188.936558476,10.74752378));
#1838=CARTESIAN_POINT('',(39.5,188.961784719,10.808284402));
#1839=CARTESIAN_POINT('',(39.5,188.987010963,10.869045024));
#1840=CARTESIAN_POINT('',(39.5,189.,10.935106003));
#1841=CARTESIAN_POINT('',(39.5,189.,11.));
#1842=B_SPLINE_CURVE_WITH_KNOTS('',3,(#1829,#1830,#1831,#1832,#1833,#1834,#1835,#1836,#1837,#1838,#1839,#1840,#1841),.UNSPECIFIED.,.F.,.F.,(4,3,3,3,4),(0.,0.000194682,0.000389364,0.000584046,0.000778728),.UNSPECIFIED.);
#1843=EDGE_CURVE('',#1828,#1739,#1842,.T.);
#1844=ORIENTED_EDGE('',*,*,#1843,.F.);
#1845=CARTESIAN_POINT('',(39.5,187.5,10.5));
#1846=DIRECTION('',(0.,1.,0.));
#1847=VECTOR('',#1846,1.);
#1848=LINE('',#1845,#1847);
#1849=EDGE_CURVE('',#1466,#1828,#1848,.T.);
#1850=ORIENTED_EDGE('',*,*,#1849,.F.);
#1851=ORIENTED_EDGE('',*,*,#1471,.T.);
#1852=EDGE_LOOP('',(#1825,#1826,#1844,#1850,#1851));
#1853=FACE_BOUND('',#1852,.T.);
#1854=ADVANCED_FACE('',(#1853),#1824,.T.);
#1855=CARTESIAN_POINT('',(39.5,189.,11.));
#1856=CARTESIAN_POINT('',(39.5,189.,10.934550153));
#1857=CARTESIAN_POINT('',(39.5,188.986986338,10.869126058));
#1858=CARTESIAN_POINT('',(39.5,188.936893194,10.74819051));
#1859=CARTESIAN_POINT('',(39.5,188.899833421,10.69272664));
#1860=CARTESIAN_POINT('',(39.5,188.80727336,10.600166579));
#1861=CARTESIAN_POINT('',(39.5,188.75180949,10.563106806));
#1862=CARTESIAN_POINT('',(39.5,188.630873942,10.513013662));
#1863=CARTESIAN_POINT('',(39.5,188.565449847,10.5));
#1864=CARTESIAN_POINT('',(39.5,188.5,10.5));
#1865=CARTESIAN_POINT('',(39.744123281,189.,11.));
#1866=CARTESIAN_POINT('',(39.747414034,189.,10.934550153));
#1867=CARTESIAN_POINT('',(39.750703493,188.986986338,10.869126058));
#1868=CARTESIAN_POINT('',(39.756784012,188.936893194,10.74819051));
#1869=CARTESIAN_POINT('',(39.75957268,188.899833421,10.69272664));
#1870=CARTESIAN_POINT('',(39.764226508,188.80727336,10.600166579));
#1871=CARTESIAN_POINT('',(39.766089837,188.75180949,10.563106806));
#1872=CARTESIAN_POINT('',(39.768608471,188.630873942,10.513013662));
#1873=CARTESIAN_POINT('',(39.769262785,188.565449847,10.5));
#1874=CARTESIAN_POINT('',(39.769262785,188.5,10.5));
#1875=CARTESIAN_POINT('',(39.98522963,189.,11.018229267));
#1876=CARTESIAN_POINT('',(39.991500809,188.999999999,10.953021268));
#1877=CARTESIAN_POINT('',(39.997769521,188.986986337,10.887838926));
#1878=CARTESIAN_POINT('',(40.009357148,188.936893192,10.767350256));
#1879=CARTESIAN_POINT('',(40.014671505,188.899833418,10.712091335));
#1880=CARTESIAN_POINT('',(40.023540291,188.807273357,10.6198733));
#1881=CARTESIAN_POINT('',(40.02709123,188.751809488,10.58295047));
#1882=CARTESIAN_POINT('',(40.031890983,188.630873941,10.533042429));
#1883=CARTESIAN_POINT('',(40.033137907,188.565449846,10.520076855));
#1884=CARTESIAN_POINT('',(40.033137907,188.5,10.520076855));
#1885=CARTESIAN_POINT('',(40.462480278,189.,11.084670111));
#1886=CARTESIAN_POINT('',(40.474258343,188.999999999,11.020228758));
#1887=CARTESIAN_POINT('',(40.486031774,188.986986337,10.955812761));
#1888=CARTESIAN_POINT('',(40.5077948,188.936893192,10.836740667));
#1889=CARTESIAN_POINT('',(40.517775832,188.899833418,10.782131422));
#1890=CARTESIAN_POINT('',(40.534432531,188.807273357,10.690997587));
#1891=CARTESIAN_POINT('',(40.541101644,188.751809488,10.654508856));
#1892=CARTESIAN_POINT('',(40.550116185,188.630873941,10.60518758));
#1893=CARTESIAN_POINT('',(40.552458066,188.565449846,10.592374441));
#1894=CARTESIAN_POINT('',(40.552458066,188.5,10.592374441));
#1895=CARTESIAN_POINT('',(40.698614399,189.,11.13294318));
#1896=CARTESIAN_POINT('',(40.712918487,189.,11.069028978));
#1897=CARTESIAN_POINT('',(40.727216946,188.986986338,11.005139923));
#1898=CARTESIAN_POINT('',(40.753647453,188.936893194,10.887041877));
#1899=CARTESIAN_POINT('',(40.765769101,188.899833421,10.832879351));
#1900=CARTESIAN_POINT('',(40.785998136,188.80727336,10.74249102));
#1901=CARTESIAN_POINT('',(40.794097562,188.75180949,10.706300777));
#1902=CARTESIAN_POINT('',(40.805045437,188.630873942,10.657382965));
#1903=CARTESIAN_POINT('',(40.807889577,188.565449847,10.644674642));
#1904=CARTESIAN_POINT('',(40.807889577,188.5,10.644674642));
#1905=CARTESIAN_POINT('',(41.166476109,189.,11.256115005));
#1906=CARTESIAN_POINT('',(41.18549785,189.,11.193442798));
#1907=CARTESIAN_POINT('',(41.204512107,188.986986338,11.13079525));
#1908=CARTESIAN_POINT('',(41.239659701,188.936893194,11.014992111));
#1909=CARTESIAN_POINT('',(41.25577921,188.899833421,10.961882084));
#1910=CARTESIAN_POINT('',(41.282680014,188.80727336,10.873250199));
#1911=CARTESIAN_POINT('',(41.293450725,188.75180949,10.837763214));
#1912=CARTESIAN_POINT('',(41.308009335,188.630873942,10.789795983));
#1913=CARTESIAN_POINT('',(41.311791506,188.565449847,10.777334611));
#1914=CARTESIAN_POINT('',(41.311791506,188.5,10.777334611));
#1915=CARTESIAN_POINT('',(41.399007277,189.,11.331462986));
#1916=CARTESIAN_POINT('',(41.420226575,189.,11.269510131));
#1917=CARTESIAN_POINT('',(41.441437525,188.986986338,11.207581652));
#1918=CARTESIAN_POINT('',(41.480645675,188.936893194,11.093107703));
#1919=CARTESIAN_POINT('',(41.49862745,188.899833421,11.040607273));
#1920=CARTESIAN_POINT('',(41.52863607,188.80727336,10.952992706));
#1921=CARTESIAN_POINT('',(41.540651107,188.75180949,10.91791304));
#1922=CARTESIAN_POINT('',(41.556891655,188.630873942,10.870496378));
#1923=CARTESIAN_POINT('',(41.561110775,188.565449847,10.858178038));
#1924=CARTESIAN_POINT('',(41.561110775,188.5,10.858178038));
#1925=CARTESIAN_POINT('',(41.8506077,189.,11.50310353));
#1926=CARTESIAN_POINT('',(41.875893965,189.,11.442696414));
#1927=CARTESIAN_POINT('',(41.901170281,188.986986338,11.382313066));
#1928=CARTESIAN_POINT('',(41.947893206,188.936893194,11.27069527));
#1929=CARTESIAN_POINT('',(41.969321432,188.899833421,11.219504739));
#1930=CARTESIAN_POINT('',(42.005081611,188.80727336,11.134076177));
#1931=CARTESIAN_POINT('',(42.019399493,188.75180949,11.099871758));
#1932=CARTESIAN_POINT('',(42.038752763,188.630873942,11.053638153));
#1933=CARTESIAN_POINT('',(42.043780535,188.565449847,11.041627158));
#1934=CARTESIAN_POINT('',(42.043780534,188.5,11.041627158));
#1935=CARTESIAN_POINT('',(42.07082901,189.,11.59961977));
#1936=CARTESIAN_POINT('',(42.097996808,189.,11.540042131));
#1937=CARTESIAN_POINT('',(42.125153915,188.986986338,11.480487933));
#1938=CARTESIAN_POINT('',(42.175353459,188.936893194,11.37040281));
#1939=CARTESIAN_POINT('',(42.198376143,188.899833421,11.319915199));
#1940=CARTESIAN_POINT('',(42.23679721,188.807273359,11.235659694));
#1941=CARTESIAN_POINT('',(42.252180476,188.75180949,11.201924951));
#1942=CARTESIAN_POINT('',(42.272973808,188.630873942,11.1563262));
#1943=CARTESIAN_POINT('',(42.278375692,188.565449847,11.144480134));
#1944=CARTESIAN_POINT('',(42.278375692,188.5,11.144480134));
#1945=CARTESIAN_POINT('',(42.716498341,189.,11.917916398));
#1946=CARTESIAN_POINT('',(42.748981299,189.,11.860958982));
#1947=CARTESIAN_POINT('',(42.781451477,188.986986338,11.804023977));
#1948=CARTESIAN_POINT('',(42.841472158,188.936893194,11.698780396));
#1949=CARTESIAN_POINT('',(42.868999046,188.899833421,11.650513229));
#1950=CARTESIAN_POINT('',(42.914936886,188.807273359,11.569963279));
#1951=CARTESIAN_POINT('',(42.933329764,188.75180949,11.53771219));
#1952=CARTESIAN_POINT('',(42.958191144,188.630873942,11.494118871));
#1953=CARTESIAN_POINT('',(42.964649864,188.565449847,11.482793794));
#1954=CARTESIAN_POINT('',(42.964649864,188.5,11.482793794));
#1955=CARTESIAN_POINT('',(43.127130864,189.,12.168101318));
#1956=CARTESIAN_POINT('',(43.162724626,188.999999765,12.113061558));
#1957=CARTESIAN_POINT('',(43.198304362,188.986985929,12.058043495));
#1958=CARTESIAN_POINT('',(43.264073,188.936892574,11.956343402));
#1959=CARTESIAN_POINT('',(43.294236025,188.899832764,11.909701386));
#1960=CARTESIAN_POINT('',(43.344573143,188.807272748,11.831863566));
#1961=CARTESIAN_POINT('',(43.364727431,188.75180896,11.800698389));
#1962=CARTESIAN_POINT('',(43.391969693,188.630873643,11.758572893));
#1963=CARTESIAN_POINT('',(43.399046949,188.565449697,11.747629149));
#1964=CARTESIAN_POINT('',(43.399046968,188.5,11.74762916));
#1965=CARTESIAN_POINT('',(43.715767112,189.,12.595742767));
#1966=CARTESIAN_POINT('',(43.755673376,188.999999768,12.543836021));
#1967=CARTESIAN_POINT('',(43.795563917,188.986985934,12.491949739));
#1968=CARTESIAN_POINT('',(43.869301022,188.936892581,12.396038703));
#1969=CARTESIAN_POINT('',(43.903118573,188.899832772,12.352051685));
#1970=CARTESIAN_POINT('',(43.959554499,188.807272756,12.278644627));
#1971=CARTESIAN_POINT('',(43.982150668,188.751808966,12.249253468));
#1972=CARTESIAN_POINT('',(44.012693595,188.630873647,12.209525895));
#1973=CARTESIAN_POINT('',(44.020628335,188.565449699,12.199205112));
#1974=CARTESIAN_POINT('',(44.020628368,188.5,12.199205137));
#1975=CARTESIAN_POINT('',(43.905760147,189.,12.745996738));
#1976=CARTESIAN_POINT('',(43.947031075,188.99999982,12.695170455));
#1977=CARTESIAN_POINT('',(43.988285739,188.986986024,12.644364195));
#1978=CARTESIAN_POINT('',(44.064544393,188.936892718,12.550449538));
#1979=CARTESIAN_POINT('',(44.099518378,188.899832917,12.507378094));
#1980=CARTESIAN_POINT('',(44.15788418,188.80727289,12.435498954));
#1981=CARTESIAN_POINT('',(44.181253032,188.751809083,12.406719539));
#1982=CARTESIAN_POINT('',(44.212840348,188.630873713,12.367818824));
#1983=CARTESIAN_POINT('',(44.221046384,188.565449732,12.35771283));
#1984=CARTESIAN_POINT('',(44.221046367,188.5,12.357712816));
#1985=CARTESIAN_POINT('',(44.271157686,189.,13.058909218));
#1986=CARTESIAN_POINT('',(44.315030294,188.999999819,13.010310918));
#1987=CARTESIAN_POINT('',(44.358885614,188.986986022,12.961731764));
#1988=CARTESIAN_POINT('',(44.439951547,188.936892715,12.871933885));
#1989=CARTESIAN_POINT('',(44.477130263,188.899832914,12.830750491));
#1990=CARTESIAN_POINT('',(44.539175401,188.807272888,12.762022199));
#1991=CARTESIAN_POINT('',(44.564017411,188.751809081,12.734504342));
#1992=CARTESIAN_POINT('',(44.597595978,188.630873712,12.697308859));
#1993=CARTESIAN_POINT('',(44.606319323,188.565449732,12.687645868));
#1994=CARTESIAN_POINT('',(44.606319313,188.5,12.687645859));
#1995=CARTESIAN_POINT('',(44.447031279,189.,13.221912754));
#1996=CARTESIAN_POINT('',(44.492144248,188.999999934,13.174464361));
#1997=CARTESIAN_POINT('',(44.537239457,188.986986224,13.127034646));
#1998=CARTESIAN_POINT('',(44.620597326,188.93689302,13.039361475));
#1999=CARTESIAN_POINT('',(44.658827188,188.899833237,12.999152513));
#2000=CARTESIAN_POINT('',(44.722626525,188.807273189,12.932050384));
#2001=CARTESIAN_POINT('',(44.748170898,188.751809342,12.905183618));
#2002=CARTESIAN_POINT('',(44.782698844,188.630873858,12.868868208));
#2003=CARTESIAN_POINT('',(44.791668833,188.565449805,12.859433854));
#2004=CARTESIAN_POINT('',(44.79166883,188.5,12.859433852));
#2005=CARTESIAN_POINT('',(44.95464749,189.,13.730113465));
#2006=CARTESIAN_POINT('',(45.003341424,188.999999934,13.686250161));
#2007=CARTESIAN_POINT('',(45.052016189,188.986986223,13.642404124));
#2008=CARTESIAN_POINT('',(45.141990819,188.93689302,13.561355333));
#2009=CARTESIAN_POINT('',(45.183255283,188.899833237,13.524184468));
#2010=CARTESIAN_POINT('',(45.252118872,188.807273188,13.462152422));
#2011=CARTESIAN_POINT('',(45.279690902,188.751809341,13.437315648));
#2012=CARTESIAN_POINT('',(45.316959606,188.630873858,13.403744152));
#2013=CARTESIAN_POINT('',(45.326641616,188.565449805,13.395022638));
#2014=CARTESIAN_POINT('',(45.326641617,188.5,13.39502264));
#2015=CARTESIAN_POINT('',(45.26664815,189.,14.094248824));
#2016=CARTESIAN_POINT('',(45.317545773,188.999999479,14.052949721));
#2017=CARTESIAN_POINT('',(45.368423296,188.98698543,14.011666939));
#2018=CARTESIAN_POINT('',(45.46246963,188.936891817,13.935356361));
#2019=CARTESIAN_POINT('',(45.505601439,188.899831963,13.90035859));
#2020=CARTESIAN_POINT('',(45.577581302,188.807272003,13.841953117));
#2021=CARTESIAN_POINT('',(45.606401036,188.751808314,13.818568396));
#2022=CARTESIAN_POINT('',(45.645356256,188.630873279,13.786959644));
#2023=CARTESIAN_POINT('',(45.655476415,188.565449515,13.778748049));
#2024=CARTESIAN_POINT('',(45.655476444,188.5,13.778748082));
#2025=CARTESIAN_POINT('',(45.692332881,189.,14.681045257));
#2026=CARTESIAN_POINT('',(45.746350213,188.999999485,14.64404656));
#2027=CARTESIAN_POINT('',(45.800346217,188.98698544,14.607062492));
#2028=CARTESIAN_POINT('',(45.900157025,188.936891833,14.538698034));
#2029=CARTESIAN_POINT('',(45.945932558,188.899831979,14.507344543));
#2030=CARTESIAN_POINT('',(46.022324369,188.807272018,14.455020789));
#2031=CARTESIAN_POINT('',(46.052910591,188.751808327,14.434071112));
#2032=CARTESIAN_POINT('',(46.09425356,188.630873287,14.4057538));
#2033=CARTESIAN_POINT('',(46.104994041,188.565449519,14.398397305));
#2034=CARTESIAN_POINT('',(46.10499409,188.5,14.398397375));
#2035=CARTESIAN_POINT('',(45.82726874,189.,14.883921343));
#2036=CARTESIAN_POINT('',(45.882295917,189.,14.848436978));
#2037=CARTESIAN_POINT('',(45.937301442,188.986986338,14.812966574));
#2038=CARTESIAN_POINT('',(46.038978406,188.936893194,14.747400017));
#2039=CARTESIAN_POINT('',(46.085609839,188.899833421,14.717329661));
#2040=CARTESIAN_POINT('',(46.163430018,188.80727336,14.66714719));
#2041=CARTESIAN_POINT('',(46.194588145,188.75180949,14.647054821));
#2042=CARTESIAN_POINT('',(46.236704122,188.630873942,14.619896263));
#2043=CARTESIAN_POINT('',(46.247645402,188.565449847,14.612840761));
#2044=CARTESIAN_POINT('',(46.247645402,188.5,14.612840761));
#2045=CARTESIAN_POINT('',(46.077250685,189.,15.296837797));
#2046=CARTESIAN_POINT('',(46.134201139,189.,15.264530274));
#2047=CARTESIAN_POINT('',(46.191129186,188.986986338,15.232235463));
#2048=CARTESIAN_POINT('',(46.296359905,188.936893194,15.172538946));
#2049=CARTESIAN_POINT('',(46.344621173,188.899833421,15.145160727));
#2050=CARTESIAN_POINT('',(46.425161278,188.80727336,15.09947099));
#2051=CARTESIAN_POINT('',(46.457408427,188.75180949,15.081177449));
#2052=CARTESIAN_POINT('',(46.500996418,188.630873942,15.056450342));
#2053=CARTESIAN_POINT('',(46.51232011,188.565449847,15.050026505));
#2054=CARTESIAN_POINT('',(46.51232011,188.5,15.050026505));
#2055=CARTESIAN_POINT('',(46.192939692,189.,15.507687621));
#2056=CARTESIAN_POINT('',(46.250808715,189.,15.477048208));
#2057=CARTESIAN_POINT('',(46.30865497,188.986986338,15.44642085));
#2058=CARTESIAN_POINT('',(46.415582982,188.936893194,15.389806598));
#2059=CARTESIAN_POINT('',(46.464622668,188.899833421,15.363841978));
#2060=CARTESIAN_POINT('',(46.546461826,188.807273359,15.320511305));
#2061=CARTESIAN_POINT('',(46.579229097,188.75180949,15.3031623));
#2062=CARTESIAN_POINT('',(46.623520129,188.630873942,15.279711909));
#2063=CARTESIAN_POINT('',(46.635026465,188.565449847,15.273619749));
#2064=CARTESIAN_POINT('',(46.635026465,188.5,15.273619749));
#2065=CARTESIAN_POINT('',(46.404699238,189.,15.938649441));
#2066=CARTESIAN_POINT('',(46.464313435,189.,15.911561713));
#2067=CARTESIAN_POINT('',(46.523904177,188.986986338,15.884484643));
#2068=CARTESIAN_POINT('',(46.634056849,188.936893194,15.834433049));
#2069=CARTESIAN_POINT('',(46.684575441,188.899833421,15.811478217));
#2070=CARTESIAN_POINT('',(46.768882646,188.807273359,15.773170385));
#2071=CARTESIAN_POINT('',(46.80263809,188.75180949,15.757832457));
#2072=CARTESIAN_POINT('',(46.848264821,188.630873942,15.737100408));
#2073=CARTESIAN_POINT('',(46.860118156,188.565449847,15.731714444));
#2074=CARTESIAN_POINT('',(46.860118156,188.5,15.731714444));
#2075=CARTESIAN_POINT('',(46.500781753,189.,16.158755783));
#2076=CARTESIAN_POINT('',(46.561222869,189.,16.133551229));
#2077=CARTESIAN_POINT('',(46.621640204,188.986986338,16.108356592));
#2078=CARTESIAN_POINT('',(46.733320824,188.936893194,16.061784649));
#2079=CARTESIAN_POINT('',(46.784540167,188.899833421,16.040425667));
#2080=CARTESIAN_POINT('',(46.870016813,188.807273359,16.004781045));
#2081=CARTESIAN_POINT('',(46.904240484,188.75180949,15.990509429));
#2082=CARTESIAN_POINT('',(46.950500111,188.630873942,15.971218699));
#2083=CARTESIAN_POINT('',(46.962517866,188.565449847,15.966207174));
#2084=CARTESIAN_POINT('',(46.962517866,188.5,15.966207174));
#2085=CARTESIAN_POINT('',(46.628678345,189.,16.496576391));
#2086=CARTESIAN_POINT('',(46.69027277,189.,16.474418137));
#2087=CARTESIAN_POINT('',(46.75184296,188.986986338,16.452268602));
#2088=CARTESIAN_POINT('',(46.865654617,188.936893194,16.411325489));
#2089=CARTESIAN_POINT('',(46.917851303,188.899833421,16.39254802));
#2090=CARTESIAN_POINT('',(47.004958974,188.807273359,16.361211518));
#2091=CARTESIAN_POINT('',(47.039835685,188.75180949,16.348664814));
#2092=CARTESIAN_POINT('',(47.086978016,188.630873942,16.331705621));
#2093=CARTESIAN_POINT('',(47.099225089,188.565449847,16.327299805));
#2094=CARTESIAN_POINT('',(47.099225089,188.5,16.327299805));
#2095=CARTESIAN_POINT('',(46.668597092,189.,16.610464321));
#2096=CARTESIAN_POINT('',(46.730561271,189.,16.58935865));
#2097=CARTESIAN_POINT('',(46.79250107,188.986986338,16.568261283));
#2098=CARTESIAN_POINT('',(46.906995944,188.936893194,16.529263087));
#2099=CARTESIAN_POINT('',(46.959505969,188.899833421,16.511377603));
#2100=CARTESIAN_POINT('',(47.047136552,188.80727336,16.481529677));
#2101=CARTESIAN_POINT('',(47.082222629,188.75180949,16.469578978));
#2102=CARTESIAN_POINT('',(47.129647959,188.630873942,16.453425397));
#2103=CARTESIAN_POINT('',(47.141968551,188.565449847,16.449228869));
#2104=CARTESIAN_POINT('',(47.141968551,188.5,16.449228869));
#2105=CARTESIAN_POINT('',(46.742615709,189.,16.840987359));
#2106=CARTESIAN_POINT('',(46.805284069,189.,16.822074783));
#2107=CARTESIAN_POINT('',(46.867927771,188.986986338,16.803169647));
#2108=CARTESIAN_POINT('',(46.9837238,188.936893194,16.768223761));
#2109=CARTESIAN_POINT('',(47.036830567,188.899833421,16.752196761));
#2110=CARTESIAN_POINT('',(47.12545701,188.80727336,16.725450339));
#2111=CARTESIAN_POINT('',(47.160941817,188.75180949,16.714741439));
#2112=CARTESIAN_POINT('',(47.208906103,188.630873942,16.70026638));
#2113=CARTESIAN_POINT('',(47.22136671,188.565449847,16.696505914));
#2114=CARTESIAN_POINT('',(47.22136671,188.5,16.696505914));
#2115=CARTESIAN_POINT('',(46.776821838,189.,16.958011044));
#2116=CARTESIAN_POINT('',(46.839824695,188.99999882,16.940242345));
#2117=CARTESIAN_POINT('',(46.902802527,188.986984282,16.922480658));
#2118=CARTESIAN_POINT('',(47.01921593,188.936890077,16.889648402));
#2119=CARTESIAN_POINT('',(47.072605699,188.899830121,16.874590751));
#2120=CARTESIAN_POINT('',(47.161704306,188.807270287,16.849461937));
#2121=CARTESIAN_POINT('',(47.197378089,188.751806828,16.839400661));
#2122=CARTESIAN_POINT('',(47.245597752,188.630872442,16.825800836));
#2123=CARTESIAN_POINT('',(47.258124661,188.565449096,16.822267638));
#2124=CARTESIAN_POINT('',(47.2581246,188.5,16.822267422));
#2125=CARTESIAN_POINT('',(46.869090925,189.,17.310310938));
#2126=CARTESIAN_POINT('',(46.933025513,188.999998809,17.296099609));
#2127=CARTESIAN_POINT('',(46.996934709,188.986984262,17.281893891));
#2128=CARTESIAN_POINT('',(47.115069731,188.936890047,17.255634808));
#2129=CARTESIAN_POINT('',(47.169249077,188.899830089,17.243591774));
#2130=CARTESIAN_POINT('',(47.25966537,188.807270258,17.223493883));
#2131=CARTESIAN_POINT('',(47.295866742,188.751806802,17.215446933));
#2132=CARTESIAN_POINT('',(47.344799559,188.630872427,17.204569885));
#2133=CARTESIAN_POINT('',(47.357511752,188.565449089,17.201744067));
#2134=CARTESIAN_POINT('',(47.357511719,188.5,17.201743912));
#2135=CARTESIAN_POINT('',(46.916884036,189.,17.546370142));
#2136=CARTESIAN_POINT('',(46.981342749,189.,17.534690037));
#2137=CARTESIAN_POINT('',(47.045776099,188.986986338,17.523014527));
#2138=CARTESIAN_POINT('',(47.16488027,188.936893194,17.501432508));
#2139=CARTESIAN_POINT('',(47.219504227,188.899833421,17.491534489));
#2140=CARTESIAN_POINT('',(47.310662612,188.807273359,17.475016326));
#2141=CARTESIAN_POINT('',(47.347161173,188.75180949,17.468402681));
#2142=CARTESIAN_POINT('',(47.396495736,188.630873942,17.459463116));
#2143=CARTESIAN_POINT('',(47.409312326,188.565449847,17.457140712));
#2144=CARTESIAN_POINT('',(47.409312326,188.5,17.457140712));
#2145=CARTESIAN_POINT('',(46.965961543,189.,17.902424558));
#2146=CARTESIAN_POINT('',(47.030987424,189.,17.894859231));
#2147=CARTESIAN_POINT('',(47.095987721,188.986986338,17.88729688));
#2148=CARTESIAN_POINT('',(47.216139883,188.936893194,17.873317978));
#2149=CARTESIAN_POINT('',(47.271244474,188.899833421,17.866906926));
#2150=CARTESIAN_POINT('',(47.363204957,188.807273359,17.856207938));
#2151=CARTESIAN_POINT('',(47.400024667,188.75180949,17.85192421));
#2152=CARTESIAN_POINT('',(47.449793322,188.630873942,17.846133959));
#2153=CARTESIAN_POINT('',(47.462722685,188.565449847,17.844629714));
#2154=CARTESIAN_POINT('',(47.462722685,188.5,17.844629714));
#2155=CARTESIAN_POINT('',(46.97853566,189.,18.021438387));
#2156=CARTESIAN_POINT('',(47.043713875,189.,18.015298039));
#2157=CARTESIAN_POINT('',(47.108866445,188.986986338,18.009160106));
#2158=CARTESIAN_POINT('',(47.229300082,188.936893194,17.99781422));
#2159=CARTESIAN_POINT('',(47.284533764,188.899833421,17.992610732));
#2160=CARTESIAN_POINT('',(47.37670968,188.80727336,17.983926968));
#2161=CARTESIAN_POINT('',(47.413615646,188.75180949,17.980450108));
#2162=CARTESIAN_POINT('',(47.463500892,188.630873942,17.975750488));
#2163=CARTESIAN_POINT('',(47.476460544,188.565449847,17.974529578));
#2164=CARTESIAN_POINT('',(47.476460544,188.5,17.974529578));
#2165=CARTESIAN_POINT('',(46.991299271,189.,18.200489176));
#2166=CARTESIAN_POINT('',(47.056636441,189.,18.196578688));
#2167=CARTESIAN_POINT('',(47.121947904,188.986986338,18.19266974));
#2168=CARTESIAN_POINT('',(47.242675253,188.936893194,18.185444101));
#2169=CARTESIAN_POINT('',(47.298043638,188.899833421,18.182130255));
#2170=CARTESIAN_POINT('',(47.39044435,188.80727336,18.17659999));
#2171=CARTESIAN_POINT('',(47.427440322,188.75180949,18.174385749));
#2172=CARTESIAN_POINT('',(47.477447227,188.630873942,18.171392791));
#2173=CARTESIAN_POINT('',(47.490438485,188.565449847,18.170615253));
#2174=CARTESIAN_POINT('',(47.490438485,188.5,18.170615253));
#2175=CARTESIAN_POINT('',(46.994536222,189.,18.260261227));
#2176=CARTESIAN_POINT('',(47.059914739,189.,18.257109443));
#2177=CARTESIAN_POINT('',(47.125267533,188.986986338,18.253958899));
#2178=CARTESIAN_POINT('',(47.246071281,188.936893194,18.24813516));
#2179=CARTESIAN_POINT('',(47.301474704,188.899833421,18.245464258));
#2180=CARTESIAN_POINT('',(47.39393389,188.80727336,18.241006962));
#2181=CARTESIAN_POINT('',(47.430953273,188.75180949,18.239222322));
#2182=CARTESIAN_POINT('',(47.480991824,188.630873942,18.23681005));
#2183=CARTESIAN_POINT('',(47.493991303,188.565449847,18.236183368));
#2184=CARTESIAN_POINT('',(47.493991303,188.5,18.236183368));
#2185=CARTESIAN_POINT('',(46.997798964,189.,18.350057753));
#2186=CARTESIAN_POINT('',(47.063219734,189.,18.348068834));
#2187=CARTESIAN_POINT('',(47.128614763,188.986986338,18.346080697));
#2188=CARTESIAN_POINT('',(47.249496583,188.936893194,18.342405653));
#2189=CARTESIAN_POINT('',(47.304935812,188.899833421,18.340720192));
#2190=CARTESIAN_POINT('',(47.397454752,188.80727336,18.337907435));
#2191=CARTESIAN_POINT('',(47.434498061,188.75180949,18.336781246));
#2192=CARTESIAN_POINT('',(47.48456895,188.630873942,18.335258994));
#2193=CARTESIAN_POINT('',(47.49757683,188.565449847,18.334863529));
#2194=CARTESIAN_POINT('',(47.49757683,188.5,18.334863529));
#2195=CARTESIAN_POINT('',(46.998630966,189.,18.380012145));
#2196=CARTESIAN_POINT('',(47.064061649,188.999998684,18.378413571));
#2197=CARTESIAN_POINT('',(47.129466328,188.986984044,18.37681565));
#2198=CARTESIAN_POINT('',(47.250365711,188.936889717,18.373861953));
#2199=CARTESIAN_POINT('',(47.30581285,188.899829739,18.372507339));
#2200=CARTESIAN_POINT('',(47.398344881,188.807269932,18.370246754));
#2201=CARTESIAN_POINT('',(47.435393369,188.75180652,18.369341671));
#2202=CARTESIAN_POINT('',(47.485471241,188.630872268,18.368118343));
#2203=CARTESIAN_POINT('',(47.498480924,188.565449009,18.367800578));
#2204=CARTESIAN_POINT('',(47.498480926,188.5,18.36780066));
#2205=CARTESIAN_POINT('',(46.999456444,189.,18.424980461));
#2206=CARTESIAN_POINT('',(47.064898044,188.999998685,18.42397594));
#2207=CARTESIAN_POINT('',(47.130313636,188.986984045,18.422971836));
#2208=CARTESIAN_POINT('',(47.251233192,188.936889719,18.421115806));
#2209=CARTESIAN_POINT('',(47.306689582,188.899829742,18.42026461));
#2210=CARTESIAN_POINT('',(47.399237052,188.807269934,18.418844149));
#2211=CARTESIAN_POINT('',(47.436291721,188.751806522,18.418275443));
#2212=CARTESIAN_POINT('',(47.486377948,188.630872269,18.417506799));
#2213=CARTESIAN_POINT('',(47.499389801,188.56544901,18.417307162));
#2214=CARTESIAN_POINT('',(47.499389803,188.5,18.417307256));
#2215=CARTESIAN_POINT('',(46.999656255,189.,18.43997645));
#2216=CARTESIAN_POINT('',(47.065101239,188.999999645,18.439172054));
#2217=CARTESIAN_POINT('',(47.130520403,188.98698572,18.43836798));
#2218=CARTESIAN_POINT('',(47.251446763,188.936892257,18.436881672));
#2219=CARTESIAN_POINT('',(47.306906379,188.899832429,18.436200022));
#2220=CARTESIAN_POINT('',(47.399459313,188.807272437,18.435062474));
#2221=CARTESIAN_POINT('',(47.436516215,188.75180869,18.434607023));
#2222=CARTESIAN_POINT('',(47.486605474,188.630873491,18.433991416));
#2223=CARTESIAN_POINT('',(47.499618123,188.565449621,18.433831501));
#2224=CARTESIAN_POINT('',(47.499618124,188.5,18.433831528));
#2225=CARTESIAN_POINT('',(46.999863876,189.,18.462478439));
#2226=CARTESIAN_POINT('',(47.065311632,188.999999646,18.461974312));
#2227=CARTESIAN_POINT('',(47.130733567,188.98698572,18.461470389));
#2228=CARTESIAN_POINT('',(47.251665049,188.936892258,18.460538907));
#2229=CARTESIAN_POINT('',(47.307127015,188.89983243,18.460111714));
#2230=CARTESIAN_POINT('',(47.399683869,188.807272437,18.459398813));
#2231=CARTESIAN_POINT('',(47.436742341,188.75180869,18.459113385));
#2232=CARTESIAN_POINT('',(47.486833722,188.630873491,18.458727596));
#2233=CARTESIAN_POINT('',(47.499846922,188.565449621,18.458627387));
#2234=CARTESIAN_POINT('',(47.499846922,188.5,18.458627415));
#2235=CARTESIAN_POINT('',(46.999913875,189.,18.469980771));
#2236=CARTESIAN_POINT('',(47.065362498,188.999999908,18.469577294));
#2237=CARTESIAN_POINT('',(47.13078535,188.986986178,18.469173977));
#2238=CARTESIAN_POINT('',(47.251718582,188.936892951,18.468428455));
#2239=CARTESIAN_POINT('',(47.30718138,188.899833164,18.468086542));
#2240=CARTESIAN_POINT('',(47.399739644,188.80727312,18.46751595));
#2241=CARTESIAN_POINT('',(47.436798693,188.751809283,18.467287495));
#2242=CARTESIAN_POINT('',(47.486890857,188.630873825,18.466978701));
#2243=CARTESIAN_POINT('',(47.499904263,188.565449788,18.466898484));
#2244=CARTESIAN_POINT('',(47.499904263,188.5,18.466898491));
#2245=CARTESIAN_POINT('',(46.99996594,189.,18.481236264));
#2246=CARTESIAN_POINT('',(47.065415261,188.999999908,18.480983743));
#2247=CARTESIAN_POINT('',(47.130838811,188.986986178,18.480731322));
#2248=CARTESIAN_POINT('',(47.251773334,188.936892951,18.48026473));
#2249=CARTESIAN_POINT('',(47.307236724,188.899833164,18.480050741));
#2250=CARTESIAN_POINT('',(47.399795975,188.807273121,18.479693633));
#2251=CARTESIAN_POINT('',(47.43685542,188.751809283,18.479550654));
#2252=CARTESIAN_POINT('',(47.486948119,188.630873825,18.479357397));
#2253=CARTESIAN_POINT('',(47.499961664,188.565449788,18.479307195));
#2254=CARTESIAN_POINT('',(47.499961664,188.5,18.479307202));
#2255=CARTESIAN_POINT('',(46.999978445,189.,18.484988516));
#2256=CARTESIAN_POINT('',(47.065427985,188.999999977,18.484786458));
#2257=CARTESIAN_POINT('',(47.130851768,188.986986298,18.484584479));
#2258=CARTESIAN_POINT('',(47.251786735,188.936893132,18.484211126));
#2259=CARTESIAN_POINT('',(47.307250335,188.899833356,18.484039897));
#2260=CARTESIAN_POINT('',(47.399809945,188.807273299,18.483754146));
#2261=CARTESIAN_POINT('',(47.436869537,188.751809437,18.483639736));
#2262=CARTESIAN_POINT('',(47.486962435,188.630873912,18.483485091));
#2263=CARTESIAN_POINT('',(47.499976032,188.565449832,18.483444917));
#2264=CARTESIAN_POINT('',(47.499976032,188.5,18.483444919));
#2265=CARTESIAN_POINT('',(46.999995827,189.,18.492493684));
#2266=CARTESIAN_POINT('',(47.0654456,188.999999977,18.492392538));
#2267=CARTESIAN_POINT('',(47.130869617,188.986986298,18.492291433));
#2268=CARTESIAN_POINT('',(47.251805016,188.936893132,18.492104541));
#2269=CARTESIAN_POINT('',(47.307268814,188.899833356,18.492018829));
#2270=CARTESIAN_POINT('',(47.399828755,188.807273299,18.49187579));
#2271=CARTESIAN_POINT('',(47.436888478,188.751809437,18.49181852));
#2272=CARTESIAN_POINT('',(47.486981556,188.630873912,18.49174111));
#2273=CARTESIAN_POINT('',(47.4999952,188.565449832,18.491721001));
#2274=CARTESIAN_POINT('',(47.4999952,188.5,18.491721003));
#2275=CARTESIAN_POINT('',(47.,189.,18.496246661));
#2276=CARTESIAN_POINT('',(47.065449847,189.,18.496246661));
#2277=CARTESIAN_POINT('',(47.130873942,188.986986338,18.496246661));
#2278=CARTESIAN_POINT('',(47.25180949,188.936893194,18.496246661));
#2279=CARTESIAN_POINT('',(47.30727336,188.899833421,18.496246661));
#2280=CARTESIAN_POINT('',(47.399833421,188.80727336,18.496246661));
#2281=CARTESIAN_POINT('',(47.436893194,188.75180949,18.496246661));
#2282=CARTESIAN_POINT('',(47.486986338,188.630873942,18.496246661));
#2283=CARTESIAN_POINT('',(47.5,188.565449847,18.496246661));
#2284=CARTESIAN_POINT('',(47.5,188.5,18.496246661));
#2285=CARTESIAN_POINT('',(47.,189.,18.5));
#2286=CARTESIAN_POINT('',(47.065449847,189.,18.5));
#2287=CARTESIAN_POINT('',(47.130873942,188.986986338,18.5));
#2288=CARTESIAN_POINT('',(47.25180949,188.936893194,18.5));
#2289=CARTESIAN_POINT('',(47.30727336,188.899833421,18.5));
#2290=CARTESIAN_POINT('',(47.399833421,188.80727336,18.5));
#2291=CARTESIAN_POINT('',(47.436893194,188.75180949,18.5));
#2292=CARTESIAN_POINT('',(47.486986338,188.630873942,18.5));
#2293=CARTESIAN_POINT('',(47.5,188.565449847,18.5));
#2294=CARTESIAN_POINT('',(47.5,188.5,18.5));
#2295=B_SPLINE_SURFACE_WITH_KNOTS('',3,3,((#1855,#1856,#1857,#1858,#1859,#1860,#1861,#1862,#1863,#1864),(#1865,#1866,#1867,#1868,#1869,#1870,#1871,#1872,#1873,#1874),(#1875,#1876,#1877,#1878,#1879,#1880,#1881,#1882,#1883,#1884),(#1885,#1886,#1887,#1888,#1889,#1890,#1891,#1892,#1893,#1894),(#1895,#1896,#1897,#1898,#1899,#1900,#1901,#1902,#1903,#1904),(#1905,#1906,#1907,#1908,#1909,#1910,#1911,#1912,#1913,#1914),(#1915,#1916,#1917,#1918,#1919,#1920,#1921,#1922,#1923,#1924),(#1925,#1926,#1927,#1928,#1929,#1930,#1931,#1932,#1933,#1934),(#1935,#1936,#1937,#1938,#1939,#1940,#1941,#1942,#1943,#1944),(#1945,#1946,#1947,#1948,#1949,#1950,#1951,#1952,#1953,#1954),(#1955,#1956,#1957,#1958,#1959,#1960,#1961,#1962,#1963,#1964),(#1965,#1966,#1967,#1968,#1969,#1970,#1971,#1972,#1973,#1974),(#1975,#1976,#1977,#1978,#1979,#1980,#1981,#1982,#1983,#1984),(#1985,#1986,#1987,#1988,#1989,#1990,#1991,#1992,#1993,#1994),(#1995,#1996,#1997,#1998,#1999,#2000,#2001,#2002,#2003,#2004),(#2005,#2006,#2007,#2008,#2009,#2010,#2011,#2012,#2013,#2014),(#2015,#2016,#2017,#2018,#2019,#2020,#2021,#2022,#2023,#2024),(#2025,#2026,#2027,#2028,#2029,#2030,#2031,#2032,#2033,#2034),(#2035,#2036,#2037,#2038,#2039,#2040,#2041,#2042,#2043,#2044),(#2045,#2046,#2047,#2048,#2049,#2050,#2051,#2052,#2053,#2054),(#2055,#2056,#2057,#2058,#2059,#2060,#2061,#2062,#2063,#2064),(#2065,#2066,#2067,#2068,#2069,#2070,#2071,#2072,#2073,#2074),(#2075,#2076,#2077,#2078,#2079,#2080,#2081,#2082,#2083,#2084),(#2085,#2086,#2087,#2088,#2089,#2090,#2091,#2092,#2093,#2094),(#2095,#2096,#2097,#2098,#2099,#2100,#2101,#2102,#2103,#2104),(#2105,#2106,#2107,#2108,#2109,#2110,#2111,#2112,#2113,#2114),
(#2115,#2116,#2117,#2118,#2119,#2120,#2121,#2122,#2123,#2124),(#2125,#2126,#2127,#2128,#2129,#2130,#2131,#2132,#2133,#2134),(#2135,#2136,#2137,#2138,#2139,#2140,#2141,#2142,#2143,#2144),(#2145,#2146,#2147,#2148,#2149,#2150,#2151,#2152,#2153,#2154),(#2155,#2156,#2157,#2158,#2159,#2160,#2161,#2162,#2163,#2164),(#2165,#2166,#2167,#2168,#2169,#2170,#2171,#2172,#2173,#2174),(#2175,#2176,#2177,#2178,#2179,#2180,#2181,#2182,#2183,#2184),(#2185,#2186,#2187,#2188,#2189,#2190,#2191,#2192,#2193,#2194),(#2195,#2196,#2197,#2198,#2199,#2200,#2201,#2202,#2203,#2204),(#2205,#2206,#2207,#2208,#2209,#2210,#2211,#2212,#2213,#2214),(#2215,#2216,#2217,#2218,#2219,#2220,#2221,#2222,#2223,#2224),(#2225,#2226,#2227,#2228,#2229,#2230,#2231,#2232,#2233,#2234),(#2235,#2236,#2237,#2238,#2239,#2240,#2241,#2242,#2243,#2244),(#2245,#2246,#2247,#2248,#2249,#2250,#2251,#2252,#2253,#2254),(#2255,#2256,#2257,#2258,#2259,#2260,#2261,#2262,#2263,#2264),(#2265,#2266,#2267,#2268,#2269,#2270,#2271,#2272,#2273,#2274),(#2275,#2276,#2277,#2278,#2279,#2280,#2281,#2282,#2283,#2284),(#2285,#2286,#2287,#2288,#2289,#2290,#2291,#2292,#2293,#2294)),.UNSPECIFIED.,.F.,.F.,.U.,(4,2,2,2,2,2,2,2,2,2,2,2,2,2,2,2,2,2,2,2,2,4),(4,2,2,2,4),(0.,0.000722541,0.001445083,0.002167624,0.002890166,0.004335249,0.00505779,0.005780332,0.007225415,0.007947956,0.008670498,0.009393039,0.00975431,0.010115581,0.010838122,0.011199393,0.011380028,0.011470346,0.011515505,0.011538084,0.011549374,0.011560664),(0.,0.25,0.5,0.75,1.),.UNSPECIFIED.);
#2296=CARTESIAN_POINT('',(47.5,188.5,18.499998));
#2297=VERTEX_POINT('',#2296);
#2298=CARTESIAN_POINT('',(39.5,188.5,10.5));
#2299=CARTESIAN_POINT('',(40.038525756,188.5,10.5));
#2300=CARTESIAN_POINT('',(40.555938428,188.5,10.57834465));
#2301=CARTESIAN_POINT('',(41.059840191,188.5,10.711004534));
#2302=CARTESIAN_POINT('',(41.311791073,188.5,10.777334476));
#2303=CARTESIAN_POINT('',(41.561110434,188.5,10.858177918));
#2304=CARTESIAN_POINT('',(41.802445235,188.5,10.949902439));
#2305=CARTESIAN_POINT('',(42.043780036,188.5,11.041626959));
#2306=CARTESIAN_POINT('',(42.278374961,188.5,11.144479809));
#2307=CARTESIAN_POINT('',(42.507132903,188.5,11.257250937));
#2308=CARTESIAN_POINT('',(42.964648785,188.5,11.482793191));
#2309=CARTESIAN_POINT('',(43.399045776,188.5,11.7476284));
#2310=CARTESIAN_POINT('',(43.81343337,188.5,12.048678941));
#2311=CARTESIAN_POINT('',(44.020627166,188.5,12.199204211));
#2312=CARTESIAN_POINT('',(44.22104527,188.5,12.357711922));
#2313=CARTESIAN_POINT('',(44.413681703,188.5,12.522678364));
#2314=CARTESIAN_POINT('',(44.606318136,188.5,12.687644806));
#2315=CARTESIAN_POINT('',(44.791667491,188.5,12.859432588));
#2316=CARTESIAN_POINT('',(44.96999169,188.5,13.037962044));
#2317=CARTESIAN_POINT('',(45.326640086,188.5,13.395020955));
#2318=CARTESIAN_POINT('',(45.655474887,188.5,13.778746177));
#2319=CARTESIAN_POINT('',(45.955153384,188.5,14.191845556));
#2320=CARTESIAN_POINT('',(46.104992633,188.5,14.398395246));
#2321=CARTESIAN_POINT('',(46.247644052,188.5,14.612838663));
#2322=CARTESIAN_POINT('',(46.379981424,188.5,14.831431433));
#2323=CARTESIAN_POINT('',(46.512318797,188.5,15.050024203));
#2324=CARTESIAN_POINT('',(46.635025092,188.5,15.273617172));
#2325=CARTESIAN_POINT('',(46.747570983,188.5,15.502664394));
#2326=CARTESIAN_POINT('',(46.860116874,188.5,15.731711617));
#2327=CARTESIAN_POINT('',(46.962516705,188.5,15.966204381));
#2328=CARTESIAN_POINT('',(47.053654929,188.5,16.206932726));
#2329=CARTESIAN_POINT('',(47.144793153,188.5,16.447661071));
#2330=CARTESIAN_POINT('',(47.224994492,188.5,16.695771747));
#2331=CARTESIAN_POINT('',(47.291252705,188.5,16.948756016));
#2332=CARTESIAN_POINT('',(47.357510917,188.5,17.201740285));
#2333=CARTESIAN_POINT('',(47.409311686,188.5,17.457137153));
#2334=CARTESIAN_POINT('',(47.444918734,188.5,17.715463098));
#2335=CARTESIAN_POINT('',(47.462722258,188.5,17.84462607));
#2336=CARTESIAN_POINT('',(47.476460183,188.5,17.974525784));
#2337=CARTESIAN_POINT('',(47.485778899,188.5,18.105249536));
#2338=CARTESIAN_POINT('',(47.490438256,188.5,18.170611411));
#2339=CARTESIAN_POINT('',(47.493991124,188.5,18.236179632));
#2340=CARTESIAN_POINT('',(47.496381518,188.5,18.30196639));
#2341=CARTESIAN_POINT('',(47.497576715,188.5,18.334859769));
#2342=CARTESIAN_POINT('',(47.49848083,188.5,18.367796771));
#2343=CARTESIAN_POINT('',(47.49908677,188.5,18.400801037));
#2344=CARTESIAN_POINT('',(47.49938974,188.5,18.417303171));
#2345=CARTESIAN_POINT('',(47.499618073,188.5,18.433827376));
#2346=CARTESIAN_POINT('',(47.499770618,188.5,18.450358026));
#2347=CARTESIAN_POINT('',(47.499846891,188.5,18.45862335));
#2348=CARTESIAN_POINT('',(47.499904239,188.5,18.466894575));
#2349=CARTESIAN_POINT('',(47.499942512,188.5,18.475167079));
#2350=CARTESIAN_POINT('',(47.499980786,188.5,18.483439582));
#2351=CARTESIAN_POINT('',(47.499999993,188.5,18.492488419));
#2352=CARTESIAN_POINT('',(47.5,188.5,18.499996));
#2353=B_SPLINE_CURVE_WITH_KNOTS('',3,(#2298,#2299,#2300,#2301,#2302,#2303,#2304,#2305,#2306,#2307,#2308,#2309,#2310,#2311,#2312,#2313,#2314,#2315,#2316,#2317,#2318,#2319,#2320,#2321,#2322,#2323,
#2324,#2325,#2326,#2327,#2328,#2329,#2330,#2331,#2332,#2333,#2334,#2335,#2336,#2337,#2338,#2339,#2340,#2341,#2342,#2343,#2344,#2345,#2346,#2347,#2348,
#2349,#2350,#2351,#2352),.UNSPECIFIED.,.F.,.F.,(4,3,3,3,3,3,3,3,3,3,3,3,3,3,3,3,3,3,4),(0.,0.001445083,0.002167625,0.002890166,0.004335249,0.005057791,0.005780332,0.007225415,0.007947957,0.008670498,0.00939304,0.010115581,0.010838123,0.011199393,0.011380029,0.011470346,0.011515505,0.011538085,0.011560664),.UNSPECIFIED.);
#2354=EDGE_CURVE('',#1828,#2297,#2353,.T.);
#2355=ORIENTED_EDGE('',*,*,#2354,.F.);
#2356=ORIENTED_EDGE('',*,*,#1843,.T.);
#2357=ORIENTED_EDGE('',*,*,#1775,.F.);
#2358=CARTESIAN_POINT('',(47.,188.5,18.5));
#2359=DIRECTION('',(0.,0.,-1.));
#2360=DIRECTION('',(-1.,0.,0.));
#2361=AXIS2_PLACEMENT_3D('',#2358,#2359,#2360);
#2362=CIRCLE('',#2361,0.5);
#2363=EDGE_CURVE('',#1731,#2297,#2362,.T.);
#2364=ORIENTED_EDGE('',*,*,#2363,.T.);
#2365=EDGE_LOOP('',(#2355,#2356,#2357,#2364));
#2366=FACE_BOUND('',#2365,.T.);
#2367=ADVANCED_FACE('',(#2366),#2295,.T.);
#2368=CARTESIAN_POINT('',(47.5,187.5,18.5));
#2369=CARTESIAN_POINT('',(47.5,187.833333333,18.5));
#2370=CARTESIAN_POINT('',(47.5,188.166666667,18.5));
#2371=CARTESIAN_POINT('',(47.5,188.5,18.5));
#2372=CARTESIAN_POINT('',(47.5,187.5,10.5));
#2373=CARTESIAN_POINT('',(47.5,187.833333333,10.5));
#2374=CARTESIAN_POINT('',(47.5,188.166666667,10.5));
#2375=CARTESIAN_POINT('',(47.5,188.5,10.5));
#2376=CARTESIAN_POINT('',(39.5,187.5,10.5));
#2377=CARTESIAN_POINT('',(39.5,187.833333333,10.5));
#2378=CARTESIAN_POINT('',(39.5,188.166666667,10.5));
#2379=CARTESIAN_POINT('',(39.5,188.5,10.5));
#2380=(BOUNDED_SURFACE()
B_SPLINE_SURFACE(2,3,((#2368,#2369,#2370,#2371),(#2372,#2373,#2374,#2375),(#2376,#2377,#2378,#2379)),.UNSPECIFIED.,.F.,.F.,.U.)
B_SPLINE_SURFACE_WITH_KNOTS((3,3),(4,4),(0.,1.),(0.2075,0.2085),.UNSPECIFIED.)
GEOMETRIC_REPRESENTATION_ITEM()
RATIONAL_B_SPLINE_SURFACE(((1.,1.,1.,1.),(0.578541912,0.578541912,0.578541912,0.578541912),(1.,1.,1.,1.)))
REPRESENTATION_ITEM('')
SURFACE()
);
#2381=CARTESIAN_POINT('',(47.5,187.5,18.5));
#2382=DIRECTION('',(0.,1.,0.));
#2383=VECTOR('',#2382,1.);
#2384=LINE('',#2381,#2383);
#2385=EDGE_CURVE('',#1474,#2297,#2384,.T.);
#2386=ORIENTED_EDGE('',*,*,#2385,.F.);
#2387=ORIENTED_EDGE('',*,*,#1516,.F.);
#2388=ORIENTED_EDGE('',*,*,#1849,.T.);
#2389=ORIENTED_EDGE('',*,*,#2354,.T.);
#2390=EDGE_LOOP('',(#2386,#2387,#2388,#2389));
#2391=FACE_BOUND('',#2390,.T.);
#2392=ADVANCED_FACE('',(#2391),#2380,.T.);
#2393=CARTESIAN_POINT('',(47.5,84.5,28.));
#2394=DIRECTION('',(1.,0.,0.));
#2395=DIRECTION('',(0.,0.,-1.));
#2396=AXIS2_PLACEMENT_3D('',#2393,#2394,#2395);
#2397=PLANE('',#2396);
#2398=ORIENTED_EDGE('',*,*,#2385,.T.);
#2399=CARTESIAN_POINT('',(47.5,188.5,18.5));
#2400=DIRECTION('',(-0.,-0.,1.));
#2401=VECTOR('',#2400,9.5);
#2402=LINE('',#2399,#2401);
#2403=EDGE_CURVE('',#2297,#1675,#2402,.T.);
#2404=ORIENTED_EDGE('',*,*,#2403,.T.);
#2405=ORIENTED_EDGE('',*,*,#1680,.T.);
#2406=ORIENTED_EDGE('',*,*,#1522,.T.);
#2407=EDGE_LOOP('',(#2398,#2404,#2405,#2406));
#2408=FACE_BOUND('',#2407,.T.);
#2409=ADVANCED_FACE('',(#2408),#2397,.T.);
#2410=CARTESIAN_POINT('',(47.,188.5,28.));
#2411=DIRECTION('',(0.,0.,-1.));
#2412=DIRECTION('',(-1.,0.,0.));
#2413=AXIS2_PLACEMENT_3D('',#2410,#2411,#2412);
#2414=CYLINDRICAL_SURFACE('',#2413,0.5);
#2415=ORIENTED_EDGE('',*,*,#1689,.F.);
#2416=ORIENTED_EDGE('',*,*,#2403,.F.);
#2417=ORIENTED_EDGE('',*,*,#2363,.F.);
#2418=ORIENTED_EDGE('',*,*,#1736,.F.);
#2419=EDGE_LOOP('',(#2415,#2416,#2417,#2418));
#2420=FACE_BOUND('',#2419,.T.);
#2421=ADVANCED_FACE('',(#2420),#2414,.T.);
#2422=CARTESIAN_POINT('',(1.534741833,-22.,13.075556521));
#2423=DIRECTION('',(0.998790364,0.,0.049171218));
#2424=DIRECTION('',(0.049171218,0.,-0.998790364));
#2425=AXIS2_PLACEMENT_3D('',#2422,#2423,#2424);
#2426=PLANE('',#2425);
#2427=CARTESIAN_POINT('',(1.563076923,184.465384614,12.5));
#2428=VERTEX_POINT('',#2427);
#2429=CARTESIAN_POINT('',(0.823766935,184.983348769,27.517234118));
#2430=VERTEX_POINT('',#2429);
#2431=CARTESIAN_POINT('',(1.563076923,184.465384614,12.5));
#2432=DIRECTION('',(-0.049142066,0.034429169,0.998198222));
#2433=VECTOR('',#2432,15.044340686);
#2434=LINE('',#2431,#2433);
#2435=EDGE_CURVE('',#2428,#2430,#2434,.T.);
#2436=ORIENTED_EDGE('',*,*,#2435,.F.);
#2437=CARTESIAN_POINT('',(1.563076923,184.465384614,12.5));
#2438=DIRECTION('',(0.,1.,0.));
#2439=VECTOR('',#2438,3.034615386);
#2440=LINE('',#2437,#2439);
#2441=EDGE_CURVE('',#2428,#1418,#2440,.T.);
#2442=ORIENTED_EDGE('',*,*,#2441,.T.);
#2443=ORIENTED_EDGE('',*,*,#1423,.F.);
#2444=ORIENTED_EDGE('',*,*,#1671,.F.);
#2445=CARTESIAN_POINT('',(0.824615384,185.483051667,27.5));
#2446=DIRECTION('',(0.998790364,0.,0.049171218));
#2447=DIRECTION('',(-0.049171218,0.,0.998790364));
#2448=AXIS2_PLACEMENT_3D('',#2445,#2446,#2447);
#2449=ELLIPSE('',#2448,0.50060555,0.5);
#2450=EDGE_CURVE('',#1660,#2430,#2449,.T.);
#2451=ORIENTED_EDGE('',*,*,#2450,.T.);
#2452=EDGE_LOOP('',(#2436,#2442,#2443,#2444,#2451));
#2453=FACE_BOUND('',#2452,.T.);
#2454=ADVANCED_FACE('',(#2453),#2426,.T.);
#2455=CARTESIAN_POINT('',(0.337643203,-22.,13.016622435));
#2456=DIRECTION('',(-0.998790364,0.,-0.049171218));
#2457=DIRECTION('',(-0.049171218,0.,0.998790364));
#2458=AXIS2_PLACEMENT_3D('',#2455,#2456,#2457);
#2459=PLANE('',#2458);
#2460=ORIENTED_EDGE('',*,*,#1439,.T.);
#2461=CARTESIAN_POINT('',(0.363076923,184.465384614,12.5));
#2462=VERTEX_POINT('',#2461);
#2463=CARTESIAN_POINT('',(0.363076923,187.5,12.5));
#2464=DIRECTION('',(-0.,-1.,-0.));
#2465=VECTOR('',#2464,3.034615386);
#2466=LINE('',#2463,#2465);
#2467=EDGE_CURVE('',#1426,#2462,#2466,.T.);
#2468=ORIENTED_EDGE('',*,*,#2467,.T.);
#2469=CARTESIAN_POINT('',(-0.376233065,184.983348769,27.517234118));
#2470=VERTEX_POINT('',#2469);
#2471=CARTESIAN_POINT('',(-0.376233065,184.983348767,27.517234118));
#2472=DIRECTION('',(0.049142066,-0.034429169,-0.998198222));
#2473=VECTOR('',#2472,15.044340686);
#2474=LINE('',#2471,#2473);
#2475=EDGE_CURVE('',#2470,#2462,#2474,.T.);
#2476=ORIENTED_EDGE('',*,*,#2475,.F.);
#2477=CARTESIAN_POINT('',(-0.375384617,185.483051667,27.5));
#2478=DIRECTION('',(-0.998790364,0.,-0.049171218));
#2479=DIRECTION('',(-0.049171218,0.,0.998790364));
#2480=AXIS2_PLACEMENT_3D('',#2477,#2478,#2479);
#2481=ELLIPSE('',#2480,0.50060555,0.5);
#2482=EDGE_CURVE('',#2470,#1652,#2481,.T.);
#2483=ORIENTED_EDGE('',*,*,#2482,.T.);
#2484=ORIENTED_EDGE('',*,*,#1657,.F.);
#2485=EDGE_LOOP('',(#2460,#2468,#2476,#2483,#2484));
#2486=FACE_BOUND('',#2485,.T.);
#2487=ADVANCED_FACE('',(#2486),#2459,.T.);
#2488=CARTESIAN_POINT('',(0.,184.239656398,5.955505648));
#2489=DIRECTION('',(0.,-0.999405705,0.034470817));
#2490=DIRECTION('',(0.,-0.034470817,-0.999405705));
#2491=AXIS2_PLACEMENT_3D('',#2488,#2489,#2490);
#2492=PLANE('',#2491);
#2493=ORIENTED_EDGE('',*,*,#2475,.T.);
#2494=CARTESIAN_POINT('',(0.363076923,184.465384614,12.5));
#2495=DIRECTION('',(1.,0.,-0.));
#2496=VECTOR('',#2495,1.2);
#2497=LINE('',#2494,#2496);
#2498=EDGE_CURVE('',#2462,#2428,#2497,.T.);
#2499=ORIENTED_EDGE('',*,*,#2498,.T.);
#2500=ORIENTED_EDGE('',*,*,#2435,.T.);
#2501=CARTESIAN_POINT('',(0.823766935,184.983348722,27.517232827));
#2502=DIRECTION('',(-1.,-0.,0.));
#2503=VECTOR('',#2502,1.2);
#2504=LINE('',#2501,#2503);
#2505=EDGE_CURVE('',#2430,#2470,#2504,.T.);
#2506=ORIENTED_EDGE('',*,*,#2505,.T.);
#2507=EDGE_LOOP('',(#2493,#2499,#2500,#2506));
#2508=FACE_BOUND('',#2507,.T.);
#2509=ADVANCED_FACE('',(#2508),#2492,.T.);
#2510=CARTESIAN_POINT('',(0.,185.483051667,27.5));
#2511=DIRECTION('',(-1.,0.,0.));
#2512=DIRECTION('',(0.,-1.,0.));
#2513=AXIS2_PLACEMENT_3D('',#2510,#2511,#2512);
#2514=CYLINDRICAL_SURFACE('',#2513,0.5);
#2515=ORIENTED_EDGE('',*,*,#2482,.F.);
#2516=ORIENTED_EDGE('',*,*,#2505,.F.);
#2517=ORIENTED_EDGE('',*,*,#2450,.F.);
#2518=ORIENTED_EDGE('',*,*,#1665,.F.);
#2519=EDGE_LOOP('',(#2515,#2516,#2517,#2518));
#2520=FACE_BOUND('',#2519,.T.);
#2521=ADVANCED_FACE('',(#2520),#2514,.T.);
#2522=CARTESIAN_POINT('',(-0.7,185.375,12.5));
#2523=DIRECTION('',(0.,0.,1.));
#2524=DIRECTION('',(1.,0.,0.));
#2525=AXIS2_PLACEMENT_3D('',#2522,#2523,#2524);
#2526=PLANE('',#2525);
#2527=ORIENTED_EDGE('',*,*,#2441,.F.);
#2528=ORIENTED_EDGE('',*,*,#2498,.F.);
#2529=ORIENTED_EDGE('',*,*,#2467,.F.);
#2530=ORIENTED_EDGE('',*,*,#1431,.F.);
#2531=EDGE_LOOP('',(#2527,#2528,#2529,#2530));
#2532=FACE_BOUND('',#2531,.T.);
#2533=ADVANCED_FACE('',(#2532),#2526,.F.);
#2534=CARTESIAN_POINT('',(7.524551742,42.1,23.522985489));
#2535=DIRECTION('',(0.,0.,1.));
#2536=DIRECTION('',(1.,0.,0.));
#2537=AXIS2_PLACEMENT_3D('',#2534,#2535,#2536);
#2538=PLANE('',#2537);
#2539=CARTESIAN_POINT('',(8.210551742,182.5,23.522985489));
#2540=VERTEX_POINT('',#2539);
#2541=CARTESIAN_POINT('',(8.210551742,187.5,23.522985489));
#2542=DIRECTION('',(-0.,-1.,-0.));
#2543=VECTOR('',#2542,5.);
#2544=LINE('',#2541,#2543);
#2545=EDGE_CURVE('',#1537,#2540,#2544,.T.);
#2546=ORIENTED_EDGE('',*,*,#2545,.T.);
#2547=CARTESIAN_POINT('',(33.935551742,182.5,23.522985489));
#2548=VERTEX_POINT('',#2547);
#2549=CARTESIAN_POINT('',(8.210551742,182.5,23.522985489));
#2550=DIRECTION('',(1.,0.,-0.));
#2551=VECTOR('',#2550,25.725);
#2552=LINE('',#2549,#2551);
#2553=EDGE_CURVE('',#2540,#2548,#2552,.T.);
#2554=ORIENTED_EDGE('',*,*,#2553,.T.);
#2555=CARTESIAN_POINT('',(33.935551742,182.5,23.522985489));
#2556=DIRECTION('',(0.,1.,0.));
#2557=VECTOR('',#2556,5.);
#2558=LINE('',#2555,#2557);
#2559=EDGE_CURVE('',#2548,#1555,#2558,.T.);
#2560=ORIENTED_EDGE('',*,*,#2559,.T.);
#2561=ORIENTED_EDGE('',*,*,#1560,.F.);
#2562=EDGE_LOOP('',(#2546,#2554,#2560,#2561));
#2563=FACE_BOUND('',#2562,.T.);
#2564=ADVANCED_FACE('',(#2563),#2538,.T.);
#2565=CARTESIAN_POINT('',(7.524551742,42.1,23.522985489));
#2566=DIRECTION('',(-1.,0.,0.));
#2567=DIRECTION('',(0.,0.,1.));
#2568=AXIS2_PLACEMENT_3D('',#2565,#2566,#2567);
#2569=PLANE('',#2568);
#2570=CARTESIAN_POINT('',(7.524551742,182.5,14.604985489));
#2571=VERTEX_POINT('',#2570);
#2572=CARTESIAN_POINT('',(7.524551742,187.5,14.604985489));
#2573=DIRECTION('',(-0.,-1.,-0.));
#2574=VECTOR('',#2573,5.);
#2575=LINE('',#2572,#2574);
#2576=EDGE_CURVE('',#1529,#2571,#2575,.T.);
#2577=ORIENTED_EDGE('',*,*,#2576,.T.);
#2578=CARTESIAN_POINT('',(7.524551742,182.5,22.836985489));
#2579=VERTEX_POINT('',#2578);
#2580=CARTESIAN_POINT('',(7.524551742,182.5,14.604985489));
#2581=DIRECTION('',(0.,0.,1.));
#2582=VECTOR('',#2581,8.232);
#2583=LINE('',#2580,#2582);
#2584=EDGE_CURVE('',#2571,#2579,#2583,.T.);
#2585=ORIENTED_EDGE('',*,*,#2584,.T.);
#2586=CARTESIAN_POINT('',(7.524551742,182.5,22.836985489));
#2587=DIRECTION('',(0.,1.,0.));
#2588=VECTOR('',#2587,5.);
#2589=LINE('',#2586,#2588);
#2590=EDGE_CURVE('',#2579,#1527,#2589,.T.);
#2591=ORIENTED_EDGE('',*,*,#2590,.T.);
#2592=ORIENTED_EDGE('',*,*,#1534,.T.);
#2593=EDGE_LOOP('',(#2577,#2585,#2591,#2592));
#2594=FACE_BOUND('',#2593,.T.);
#2595=ADVANCED_FACE('',(#2594),#2569,.T.);
#2596=CARTESIAN_POINT('',(8.896551742,42.1,13.232985489));
#2597=CARTESIAN_POINT('',(11.640551742,42.1,13.232985489));
#2598=CARTESIAN_POINT('',(11.640551742,42.1,15.976985489));
#2599=CARTESIAN_POINT('',(8.896551742,42.1,15.976985489));
#2600=CARTESIAN_POINT('',(6.152551742,42.1,15.976985489));
#2601=CARTESIAN_POINT('',(6.152551742,42.1,13.232985489));
#2602=CARTESIAN_POINT('',(8.896551742,42.1,13.232985489));
#2603=(BOUNDED_CURVE()
B_SPLINE_CURVE(3,(#2596,#2597,#2598,#2599,#2600,#2601,#2602),.UNSPECIFIED.,.T.,.F.)
B_SPLINE_CURVE_WITH_KNOTS((4,3,4),(0.,0.5,1.),.UNSPECIFIED.)
CURVE()
GEOMETRIC_REPRESENTATION_ITEM()
RATIONAL_B_SPLINE_CURVE((1.,0.333333333,0.333333333,1.,0.333333333,0.333333333,1.))
REPRESENTATION_ITEM(''));
#2604=DIRECTION('',(0.,-1.,0.));
#2605=VECTOR('',#2604,1.);
#2606=SURFACE_OF_LINEAR_EXTRUSION('',#2603,#2605);
#2607=CARTESIAN_POINT('',(8.896551742,182.5,13.232985489));
#2608=VERTEX_POINT('',#2607);
#2609=CARTESIAN_POINT('',(8.896551742,182.5,13.232985489));
#2610=DIRECTION('',(0.,1.,0.));
#2611=VECTOR('',#2610,5.);
#2612=LINE('',#2609,#2611);
#2613=EDGE_CURVE('',#2608,#1593,#2612,.T.);
#2614=ORIENTED_EDGE('',*,*,#2613,.F.);
#2615=CARTESIAN_POINT('',(8.896551742,182.5,13.232985489));
#2616=CARTESIAN_POINT('',(8.09285275,182.5,13.232985489));
#2617=CARTESIAN_POINT('',(7.524551742,182.5,13.801286497));
#2618=CARTESIAN_POINT('',(7.524551742,182.5,14.604985489));
#2619=(BOUNDED_CURVE()
B_SPLINE_CURVE(3,(#2615,#2616,#2617,#2618),.UNSPECIFIED.,.F.,.F.)
B_SPLINE_CURVE_WITH_KNOTS((4,4),(0.,1.),.UNSPECIFIED.)
CURVE()
GEOMETRIC_REPRESENTATION_ITEM()
RATIONAL_B_SPLINE_CURVE((1.,0.804737854,0.804737854,1.))
REPRESENTATION_ITEM(''));
#2620=EDGE_CURVE('',#2608,#2571,#2619,.T.);
#2621=ORIENTED_EDGE('',*,*,#2620,.T.);
#2622=ORIENTED_EDGE('',*,*,#2576,.F.);
#2623=ORIENTED_EDGE('',*,*,#1605,.F.);
#2624=EDGE_LOOP('',(#2614,#2621,#2622,#2623));
#2625=FACE_BOUND('',#2624,.T.);
#2626=ADVANCED_FACE('',(#2625),#2606,.T.);
#2627=CARTESIAN_POINT('',(7.524551742,42.1,13.232985489));
#2628=DIRECTION('',(0.,0.,1.));
#2629=DIRECTION('',(1.,0.,0.));
#2630=AXIS2_PLACEMENT_3D('',#2627,#2628,#2629);
#2631=PLANE('',#2630);
#2632=CARTESIAN_POINT('',(31.258668403,182.5,13.232985489));
#2633=VERTEX_POINT('',#2632);
#2634=CARTESIAN_POINT('',(31.258668403,187.5,13.232985489));
#2635=DIRECTION('',(-0.,-1.,-0.));
#2636=VECTOR('',#2635,5.);
#2637=LINE('',#2634,#2636);
#2638=EDGE_CURVE('',#1572,#2633,#2637,.T.);
#2639=ORIENTED_EDGE('',*,*,#2638,.T.);
#2640=CARTESIAN_POINT('',(8.896551742,182.5,13.232985489));
#2641=DIRECTION('',(1.,0.,-0.));
#2642=VECTOR('',#2641,22.362116661);
#2643=LINE('',#2640,#2642);
#2644=EDGE_CURVE('',#2608,#2633,#2643,.T.);
#2645=ORIENTED_EDGE('',*,*,#2644,.F.);
#2646=ORIENTED_EDGE('',*,*,#2613,.T.);
#2647=ORIENTED_EDGE('',*,*,#1598,.T.);
#2648=EDGE_LOOP('',(#2639,#2645,#2646,#2647));
#2649=FACE_BOUND('',#2648,.T.);
#2650=ADVANCED_FACE('',(#2649),#2631,.F.);
#2651=CARTESIAN_POINT('',(8.210551742,42.1,22.150985489));
#2652=CARTESIAN_POINT('',(9.582551742,42.1,22.150985489));
#2653=CARTESIAN_POINT('',(9.582551742,42.1,23.522985489));
#2654=CARTESIAN_POINT('',(8.210551742,42.1,23.522985489));
#2655=CARTESIAN_POINT('',(6.838551742,42.1,23.522985489));
#2656=CARTESIAN_POINT('',(6.838551742,42.1,22.150985489));
#2657=CARTESIAN_POINT('',(8.210551742,42.1,22.150985489));
#2658=(BOUNDED_CURVE()
B_SPLINE_CURVE(3,(#2651,#2652,#2653,#2654,#2655,#2656,#2657),.UNSPECIFIED.,.T.,.F.)
B_SPLINE_CURVE_WITH_KNOTS((4,3,4),(0.,0.5,1.),.UNSPECIFIED.)
CURVE()
GEOMETRIC_REPRESENTATION_ITEM()
RATIONAL_B_SPLINE_CURVE((1.,0.333333333,0.333333333,1.,0.333333333,0.333333333,1.))
REPRESENTATION_ITEM(''));
#2659=DIRECTION('',(0.,-1.,0.));
#2660=VECTOR('',#2659,1.);
#2661=SURFACE_OF_LINEAR_EXTRUSION('',#2658,#2660);
#2662=ORIENTED_EDGE('',*,*,#2590,.F.);
#2663=CARTESIAN_POINT('',(7.524551742,182.5,22.836985489));
#2664=CARTESIAN_POINT('',(7.524551742,182.5,22.917831364));
#2665=CARTESIAN_POINT('',(7.539286157,182.5,23.005053952));
#2666=CARTESIAN_POINT('',(7.572716967,182.5,23.08949846));
#2667=CARTESIAN_POINT('',(7.606147778,182.5,23.173942968));
#2668=CARTESIAN_POINT('',(7.658501574,182.5,23.255085825));
#2669=CARTESIAN_POINT('',(7.72547649,182.5,23.322060741));
#2670=CARTESIAN_POINT('',(7.792451406,182.5,23.389035657));
#2671=CARTESIAN_POINT('',(7.873594263,182.5,23.441389453));
#2672=CARTESIAN_POINT('',(7.958038771,182.5,23.474820264));
#2673=CARTESIAN_POINT('',(8.042483279,182.5,23.508251074));
#2674=CARTESIAN_POINT('',(8.129705867,182.5,23.522985489));
#2675=CARTESIAN_POINT('',(8.210551742,182.5,23.522985489));
#2676=B_SPLINE_CURVE_WITH_KNOTS('',3,(#2663,#2664,#2665,#2666,#2667,#2668,#2669,#2670,#2671,#2672,#2673,#2674,#2675),.UNSPECIFIED.,.F.,.F.,(4,3,3,3,4),(0.,0.25,0.5,0.75,1.),.UNSPECIFIED.);
#2677=EDGE_CURVE('',#2579,#2540,#2676,.T.);
#2678=ORIENTED_EDGE('',*,*,#2677,.T.);
#2679=ORIENTED_EDGE('',*,*,#2545,.F.);
#2680=ORIENTED_EDGE('',*,*,#1552,.F.);
#2681=EDGE_LOOP('',(#2662,#2678,#2679,#2680));
#2682=FACE_BOUND('',#2681,.T.);
#2683=ADVANCED_FACE('',(#2682),#2661,.T.);
#2684=CARTESIAN_POINT('',(35.573872412,182.5,14.72650761));
#2685=CARTESIAN_POINT('',(35.573872412,184.166666667,14.72650761));
#2686=CARTESIAN_POINT('',(35.573872412,185.833333333,14.72650761));
#2687=CARTESIAN_POINT('',(35.573872412,187.5,14.72650761));
#2688=CARTESIAN_POINT('',(33.410674489,182.5,13.232985489));
#2689=CARTESIAN_POINT('',(33.410674489,184.166666667,13.232985489));
#2690=CARTESIAN_POINT('',(33.410674489,185.833333333,13.232985489));
#2691=CARTESIAN_POINT('',(33.410674489,187.5,13.232985489));
#2692=CARTESIAN_POINT('',(31.258668403,182.5,13.232985489));
#2693=CARTESIAN_POINT('',(31.258668403,184.166666667,13.232985489));
#2694=CARTESIAN_POINT('',(31.258668403,185.833333333,13.232985489));
#2695=CARTESIAN_POINT('',(31.258668403,187.5,13.232985489));
#2696=(BOUNDED_SURFACE()
B_SPLINE_SURFACE(2,3,((#2684,#2685,#2686,#2687),(#2688,#2689,#2690,#2691),(#2692,#2693,#2694,#2695)),.UNSPECIFIED.,.F.,.F.,.U.)
B_SPLINE_SURFACE_WITH_KNOTS((3,3),(4,4),(0.52466589,1.),(0.06725,0.07225),.UNSPECIFIED.)
GEOMETRIC_REPRESENTATION_ITEM()
RATIONAL_B_SPLINE_SURFACE(((0.83023379,0.83023379,0.83023379,0.83023379),(0.838214935,0.838214935,0.838214935,0.838214935),(1.,1.,1.,1.)))
REPRESENTATION_ITEM('')
SURFACE()
);
#2697=CARTESIAN_POINT('',(35.573872414,182.5,14.726507611));
#2698=VERTEX_POINT('',#2697);
#2699=CARTESIAN_POINT('',(35.573872412,187.5,14.72650761));
#2700=DIRECTION('',(-0.,-1.,-0.));
#2701=VECTOR('',#2700,5.);
#2702=LINE('',#2699,#2701);
#2703=EDGE_CURVE('',#1563,#2698,#2702,.T.);
#2704=ORIENTED_EDGE('',*,*,#2703,.T.);
#2705=CARTESIAN_POINT('',(31.258668403,182.5,13.232985489));
#2706=CARTESIAN_POINT('',(31.64669884,182.5,13.232985489));
#2707=CARTESIAN_POINT('',(32.030129558,182.5,13.275110161));
#2708=CARTESIAN_POINT('',(32.410044724,182.5,13.349430586));
#2709=CARTESIAN_POINT('',(32.78995989,182.5,13.423751011));
#2710=CARTESIAN_POINT('',(33.16233121,182.5,13.529887615));
#2711=CARTESIAN_POINT('',(33.526008053,182.5,13.661776566));
#2712=CARTESIAN_POINT('',(33.889684896,182.5,13.793665516));
#2713=CARTESIAN_POINT('',(34.243359429,182.5,13.951012442));
#2714=CARTESIAN_POINT('',(34.584424308,182.5,14.129090372));
#2715=CARTESIAN_POINT('',(34.925489186,182.5,14.307168303));
#2716=CARTESIAN_POINT('',(35.255206094,182.5,14.506492978));
#2717=CARTESIAN_POINT('',(35.573872414,182.5,14.726507611));
#2718=B_SPLINE_CURVE_WITH_KNOTS('',3,(#2705,#2706,#2707,#2708,#2709,#2710,#2711,#2712,#2713,#2714,#2715,#2716,#2717),.UNSPECIFIED.,.F.,.F.,(4,3,3,3,4),(0.,0.001157213,0.002314426,0.003471639,0.004628852),.UNSPECIFIED.);
#2719=EDGE_CURVE('',#2633,#2698,#2718,.T.);
#2720=ORIENTED_EDGE('',*,*,#2719,.F.);
#2721=ORIENTED_EDGE('',*,*,#2638,.F.);
#2722=ORIENTED_EDGE('',*,*,#1590,.F.);
#2723=EDGE_LOOP('',(#2704,#2720,#2721,#2722));
#2724=FACE_BOUND('',#2723,.T.);
#2725=ADVANCED_FACE('',(#2724),#2696,.T.);
#2726=CARTESIAN_POINT('',(32.789882481,187.5,23.658802249));
#2727=CARTESIAN_POINT('',(42.589882481,187.5,23.658802249));
#2728=CARTESIAN_POINT('',(42.589882481,187.5,13.858802249));
#2729=CARTESIAN_POINT('',(32.789882481,187.5,13.858802249));
#2730=CARTESIAN_POINT('',(22.989882481,187.5,13.858802249));
#2731=CARTESIAN_POINT('',(22.989882481,187.5,23.658802249));
#2732=CARTESIAN_POINT('',(32.789882481,187.5,23.658802249));
#2733=(BOUNDED_CURVE()
B_SPLINE_CURVE(3,(#2726,#2727,#2728,#2729,#2730,#2731,#2732),.UNSPECIFIED.,.T.,.F.)
B_SPLINE_CURVE_WITH_KNOTS((4,3,4),(0.,0.5,1.),.UNSPECIFIED.)
CURVE()
GEOMETRIC_REPRESENTATION_ITEM()
RATIONAL_B_SPLINE_CURVE((1.,0.333333333,0.333333333,1.,0.333333333,0.333333333,1.))
REPRESENTATION_ITEM(''));
#2734=DIRECTION('',(0.,1.,0.));
#2735=VECTOR('',#2734,1.);
#2736=SURFACE_OF_LINEAR_EXTRUSION('',#2733,#2735);
#2737=ORIENTED_EDGE('',*,*,#2559,.F.);
#2738=CARTESIAN_POINT('',(35.573872415,182.5,14.726507611));
#2739=CARTESIAN_POINT('',(39.629058294,182.5,17.526302187));
#2740=CARTESIAN_POINT('',(38.726781139,182.5,22.370812291));
#2741=CARTESIAN_POINT('',(33.935551742,182.5,23.522985489));
#2742=(BOUNDED_CURVE()
B_SPLINE_CURVE(3,(#2738,#2739,#2740,#2741),.UNSPECIFIED.,.F.,.F.)
B_SPLINE_CURVE_WITH_KNOTS((4,4),(0.,1.),.UNSPECIFIED.)
CURVE()
GEOMETRIC_REPRESENTATION_ITEM()
RATIONAL_B_SPLINE_CURVE((1.,0.605254036,0.605254036,1.))
REPRESENTATION_ITEM(''));
#2743=EDGE_CURVE('',#2698,#2548,#2742,.T.);
#2744=ORIENTED_EDGE('',*,*,#2743,.F.);
#2745=ORIENTED_EDGE('',*,*,#2703,.F.);
#2746=ORIENTED_EDGE('',*,*,#1569,.F.);
#2747=EDGE_LOOP('',(#2737,#2744,#2745,#2746));
#2748=FACE_BOUND('',#2747,.T.);
#2749=ADVANCED_FACE('',(#2748),#2736,.T.);
#2750=CARTESIAN_POINT('',(21.693423904,182.5,20.480790674));
#2751=DIRECTION('',(0.,1.,0.));
#2752=DIRECTION('',(0.,0.,1.));
#2753=AXIS2_PLACEMENT_3D('',#2750,#2751,#2752);
#2754=PLANE('',#2753);
#2755=ORIENTED_EDGE('',*,*,#2719,.T.);
#2756=ORIENTED_EDGE('',*,*,#2743,.T.);
#2757=ORIENTED_EDGE('',*,*,#2553,.F.);
#2758=ORIENTED_EDGE('',*,*,#2677,.F.);
#2759=ORIENTED_EDGE('',*,*,#2584,.F.);
#2760=ORIENTED_EDGE('',*,*,#2620,.F.);
#2761=ORIENTED_EDGE('',*,*,#2644,.T.);
#2762=EDGE_LOOP('',(#2755,#2756,#2757,#2758,#2759,#2760,#2761));
#2763=FACE_BOUND('',#2762,.T.);
#2764=ADVANCED_FACE('',(#2763),#2754,.F.);
#2765=CARTESIAN_POINT('',(21.05,185.7,32.4));
#2766=DIRECTION('',(0.,1.,0.));
#2767=DIRECTION('',(0.,0.,1.));
#2768=AXIS2_PLACEMENT_3D('',#2765,#2766,#2767);
#2769=PLANE('',#2768);
#2770=CARTESIAN_POINT('',(45.7,185.7,25.9));
#2771=VERTEX_POINT('',#2770);
#2772=CARTESIAN_POINT('',(45.7,185.7,18.516507283));
#2773=VERTEX_POINT('',#2772);
#2774=CARTESIAN_POINT('',(45.7,185.7,25.9));
#2775=DIRECTION('',(0.,0.,-1.));
#2776=VECTOR('',#2775,7.383492717);
#2777=LINE('',#2774,#2776);
#2778=EDGE_CURVE('',#2771,#2773,#2777,.T.);
#2779=ORIENTED_EDGE('',*,*,#2778,.F.);
#2780=CARTESIAN_POINT('',(44.5,185.7,25.9));
#2781=VERTEX_POINT('',#2780);
#2782=CARTESIAN_POINT('',(45.7,185.7,25.9));
#2783=DIRECTION('',(-1.,-0.,0.));
#2784=VECTOR('',#2783,1.2);
#2785=LINE('',#2782,#2784);
#2786=EDGE_CURVE('',#2771,#2781,#2785,.T.);
#2787=ORIENTED_EDGE('',*,*,#2786,.T.);
#2788=CARTESIAN_POINT('',(44.500010664,185.7,17.177769078));
#2789=VERTEX_POINT('',#2788);
#2790=CARTESIAN_POINT('',(44.5,185.7,25.9));
#2791=DIRECTION('',(0.,0.,-1.));
#2792=VECTOR('',#2791,8.722230921);
#2793=LINE('',#2790,#2792);
#2794=EDGE_CURVE('',#2781,#2789,#2793,.T.);
#2795=ORIENTED_EDGE('',*,*,#2794,.T.);
#2796=CARTESIAN_POINT('',(44.500015997,185.7,17.17776333));
#2797=CARTESIAN_POINT('',(44.940305332,185.7,17.58620174));
#2798=CARTESIAN_POINT('',(45.34269509,185.7,18.033777407));
#2799=CARTESIAN_POINT('',(45.7,185.7,18.516507283));
#2800=B_SPLINE_CURVE_WITH_KNOTS('',3,(#2796,#2797,#2798,#2799),.UNSPECIFIED.,.F.,.F.,(4,4),(0.,0.001799825),.UNSPECIFIED.);
#2801=EDGE_CURVE('',#2789,#2773,#2800,.T.);
#2802=ORIENTED_EDGE('',*,*,#2801,.T.);
#2803=EDGE_LOOP('',(#2779,#2787,#2795,#2802));
#2804=FACE_BOUND('',#2803,.T.);
#2805=ADVANCED_FACE('',(#2804),#2769,.F.);
#2806=CARTESIAN_POINT('',(44.500021328,185.7,17.177768275));
#2807=CARTESIAN_POINT('',(44.500021328,187.5,17.177768275));
#2808=CARTESIAN_POINT('',(44.590004012,185.7,17.261241531));
#2809=CARTESIAN_POINT('',(44.590004012,187.5,17.261241531));
#2810=CARTESIAN_POINT('',(44.678668892,185.7,17.346646784));
#2811=CARTESIAN_POINT('',(44.678668892,187.5,17.346646784));
#2812=CARTESIAN_POINT('',(44.766015967,185.7,17.433984033));
#2813=CARTESIAN_POINT('',(44.766015967,187.5,17.433984033));
#2814=CARTESIAN_POINT('',(44.766039567,185.7,17.434007631));
#2815=CARTESIAN_POINT('',(44.766039567,187.5,17.434007631));
#2816=CARTESIAN_POINT('',(44.76606311,185.7,17.434031171));
#2817=CARTESIAN_POINT('',(44.76606311,187.5,17.434031171));
#2818=CARTESIAN_POINT('',(44.766086681,185.7,17.43405474));
#2819=CARTESIAN_POINT('',(44.766086681,187.5,17.43405474));
#2820=CARTESIAN_POINT('',(45.106504869,185.7,17.774441493));
#2821=CARTESIAN_POINT('',(45.106504869,187.5,17.774441493));
#2822=CARTESIAN_POINT('',(45.417809308,185.7,18.135259007));
#2823=CARTESIAN_POINT('',(45.417809308,187.5,18.135259007));
#2824=CARTESIAN_POINT('',(45.7,185.7,18.516507283));
#2825=CARTESIAN_POINT('',(45.7,187.5,18.516507283));
#2826=B_SPLINE_SURFACE_WITH_KNOTS('',3,1,((#2806,#2807),(#2808,#2809),(#2810,#2811),(#2812,#2813),(#2814,#2815),(#2816,#2817),(#2818,#2819),(#2820,#2821),(#2822,#2823),(#2824,#2825)),.UNSPECIFIED.,.F.,.F.,.U.,(4,3,3,4),(2,2),(0.474164491,0.5,0.50000698,0.600819701),(0.,1.),.UNSPECIFIED.);
#2827=ORIENTED_EDGE('',*,*,#1640,.T.);
#2828=CARTESIAN_POINT('',(45.7,185.7,18.516507283));
#2829=DIRECTION('',(0.,1.,0.));
#2830=VECTOR('',#2829,1.8);
#2831=LINE('',#2828,#2830);
#2832=EDGE_CURVE('',#2773,#1628,#2831,.T.);
#2833=ORIENTED_EDGE('',*,*,#2832,.F.);
#2834=ORIENTED_EDGE('',*,*,#2801,.F.);
#2835=CARTESIAN_POINT('',(44.5,185.7,17.177769882));
#2836=CARTESIAN_POINT('',(44.5,187.5,17.177769079));
#2837=B_SPLINE_CURVE_WITH_KNOTS('',1,(#2835,#2836),.UNSPECIFIED.,.F.,.F.,(2,2),(0.,1.8),.UNSPECIFIED.);
#2838=EDGE_CURVE('',#2789,#1612,#2837,.T.);
#2839=ORIENTED_EDGE('',*,*,#2838,.T.);
#2840=EDGE_LOOP('',(#2827,#2833,#2834,#2839));
#2841=FACE_BOUND('',#2840,.T.);
#2842=ADVANCED_FACE('',(#2841),#2826,.F.);
#2843=CARTESIAN_POINT('',(-1.7,-20.,26.4));
#2844=DIRECTION('',(0.,0.,1.));
#2845=DIRECTION('',(1.,0.,0.));
#2846=AXIS2_PLACEMENT_3D('',#2843,#2844,#2845);
#2847=PLANE('',#2846);
#2848=CARTESIAN_POINT('',(44.5,186.2,26.4));
#2849=VERTEX_POINT('',#2848);
#2850=CARTESIAN_POINT('',(44.5,186.2,26.4));
#2851=DIRECTION('',(0.,1.,0.));
#2852=VECTOR('',#2851,1.3);
#2853=LINE('',#2850,#2852);
#2854=EDGE_CURVE('',#2849,#1610,#2853,.T.);
#2855=ORIENTED_EDGE('',*,*,#2854,.F.);
#2856=CARTESIAN_POINT('',(45.7,186.2,26.4));
#2857=VERTEX_POINT('',#2856);
#2858=CARTESIAN_POINT('',(44.5,186.2,26.4));
#2859=DIRECTION('',(1.,0.,-0.));
#2860=VECTOR('',#2859,1.2);
#2861=LINE('',#2858,#2860);
#2862=EDGE_CURVE('',#2849,#2857,#2861,.T.);
#2863=ORIENTED_EDGE('',*,*,#2862,.T.);
#2864=CARTESIAN_POINT('',(45.7,186.2,26.4));
#2865=DIRECTION('',(0.,1.,0.));
#2866=VECTOR('',#2865,1.3);
#2867=LINE('',#2864,#2866);
#2868=EDGE_CURVE('',#2857,#1620,#2867,.T.);
#2869=ORIENTED_EDGE('',*,*,#2868,.T.);
#2870=ORIENTED_EDGE('',*,*,#1625,.F.);
#2871=EDGE_LOOP('',(#2855,#2863,#2869,#2870));
#2872=FACE_BOUND('',#2871,.T.);
#2873=ADVANCED_FACE('',(#2872),#2847,.T.);
#2874=CARTESIAN_POINT('',(44.5,188.,27.65));
#2875=DIRECTION('',(1.,0.,0.));
#2876=DIRECTION('',(0.,0.,-1.));
#2877=AXIS2_PLACEMENT_3D('',#2874,#2875,#2876);
#2878=PLANE('',#2877);
#2879=ORIENTED_EDGE('',*,*,#2794,.F.);
#2880=CARTESIAN_POINT('',(44.5,186.2,25.9));
#2881=DIRECTION('',(-1.,0.,0.));
#2882=DIRECTION('',(0.,0.,1.));
#2883=AXIS2_PLACEMENT_3D('',#2880,#2881,#2882);
#2884=CIRCLE('',#2883,0.5);
#2885=EDGE_CURVE('',#2781,#2849,#2884,.T.);
#2886=ORIENTED_EDGE('',*,*,#2885,.T.);
#2887=ORIENTED_EDGE('',*,*,#2854,.T.);
#2888=ORIENTED_EDGE('',*,*,#1617,.T.);
#2889=ORIENTED_EDGE('',*,*,#2838,.F.);
#2890=EDGE_LOOP('',(#2879,#2886,#2887,#2888,#2889));
#2891=FACE_BOUND('',#2890,.T.);
#2892=ADVANCED_FACE('',(#2891),#2878,.F.);
#2893=CARTESIAN_POINT('',(45.7,188.,27.65));
#2894=DIRECTION('',(1.,0.,0.));
#2895=DIRECTION('',(0.,0.,-1.));
#2896=AXIS2_PLACEMENT_3D('',#2893,#2894,#2895);
#2897=PLANE('',#2896);
#2898=ORIENTED_EDGE('',*,*,#2868,.F.);
#2899=CARTESIAN_POINT('',(45.7,186.2,25.9));
#2900=DIRECTION('',(1.,-0.,-0.));
#2901=DIRECTION('',(0.,0.,1.));
#2902=AXIS2_PLACEMENT_3D('',#2899,#2900,#2901);
#2903=CIRCLE('',#2902,0.5);
#2904=EDGE_CURVE('',#2857,#2771,#2903,.T.);
#2905=ORIENTED_EDGE('',*,*,#2904,.T.);
#2906=ORIENTED_EDGE('',*,*,#2778,.T.);
#2907=ORIENTED_EDGE('',*,*,#2832,.T.);
#2908=ORIENTED_EDGE('',*,*,#1633,.F.);
#2909=EDGE_LOOP('',(#2898,#2905,#2906,#2907,#2908));
#2910=FACE_BOUND('',#2909,.T.);
#2911=ADVANCED_FACE('',(#2910),#2897,.T.);
#2912=CARTESIAN_POINT('',(-1.7,186.2,25.9));
#2913=DIRECTION('',(-1.,0.,0.));
#2914=DIRECTION('',(0.,0.,1.));
#2915=AXIS2_PLACEMENT_3D('',#2912,#2913,#2914);
#2916=CYLINDRICAL_SURFACE('',#2915,0.5);
#2917=ORIENTED_EDGE('',*,*,#2885,.F.);
#2918=ORIENTED_EDGE('',*,*,#2786,.F.);
#2919=ORIENTED_EDGE('',*,*,#2904,.F.);
#2920=ORIENTED_EDGE('',*,*,#2862,.F.);
#2921=EDGE_LOOP('',(#2917,#2918,#2919,#2920));
#2922=FACE_BOUND('',#2921,.T.);
#2923=ADVANCED_FACE('',(#2922),#2916,.T.);
#2924=CLOSED_SHELL('',(#1644,#1707,#1785,#1802,#1819,#1854,#2367,#2392,#2409,#2421,#2454,#2487,#2509,#2521,#2533,#2564,#2595,#2626,#2650,#2683,#2725,#2749,#2764,#2805,#2842,#2873,
#2892,#2911,#2923));
#2925=MANIFOLD_SOLID_BREP('Body 02**',#2924);
#1401=STYLED_ITEM('',(#1400),#2925);
#63=SHAPE_REPRESENTATION('front',(#15),#61);
#64=ADVANCED_BREP_SHAPE_REPRESENTATION('front',(#1393,#2925),#61);
#2933=SHAPE_REPRESENTATION_RELATIONSHIP('','',#63,#64);
#2934=CARTESIAN_POINT('',(0.,0.,0.));
#2935=DIRECTION('',(0.,0.,1.));
#2936=DIRECTION('',(1.,0.,0.));
#2937=AXIS2_PLACEMENT_3D('',#2934,#2935,#2936);
#2939=MAPPED_ITEM('',#2938,#2937);
#2938=REPRESENTATION_MAP(#2937,#63);
#2940=APPLICATION_CONTEXT('Managed model based 3d engineering');
#2941=APPLICATION_PROTOCOL_DEFINITION('international standard','ap242_managed_model_based_3d_engineering',2014,#2940);
#2942=PRODUCT_CONTEXT('',#2940,'mechanical');
#2943=PRODUCT_DEFINITION_CONTEXT('part definition',#2940,'design');
#71=PRODUCT('front','front','',(#2942));
#2944=PRODUCT_RELATED_PRODUCT_CATEGORY('part','',(#71));
#2945=PRODUCT_DEFINITION_FORMATION_WITH_SPECIFIED_SOURCE('','',#71,.NOT_KNOWN.);
#72=PRODUCT_DEFINITION('design','',#2945,#2943);
#70=PRODUCT_DEFINITION_SHAPE('','',#72);
#2946=SHAPE_DEFINITION_REPRESENTATION(#70,#63);
#62=DRAUGHTING_MODEL('',(#2939),#61);
#35=SHAPE_REPRESENTATION('701_battery_cap.step',(#15,#76),#33);
#2947=CARTESIAN_POINT('',(0.,0.,0.));
#2948=DIRECTION('',(0.,0.,1.));
#2949=DIRECTION('',(1.,0.,0.));
#2950=AXIS2_PLACEMENT_3D('',#2947,#2948,#2949);
#2952=MAPPED_ITEM('',#2951,#2950);
#2951=REPRESENTATION_MAP(#2950,#35);
#43=PRODUCT('701_battery_cap.step','701_battery_cap.step','',(#2942));
#2953=PRODUCT_RELATED_PRODUCT_CATEGORY('part','',(#43));
#2954=PRODUCT_DEFINITION_FORMATION_WITH_SPECIFIED_SOURCE('','',#43,.NOT_KNOWN.);
#44=PRODUCT_DEFINITION('design','',#2954,#2943);
#42=PRODUCT_DEFINITION_SHAPE('','',#44);
#2955=SHAPE_DEFINITION_REPRESENTATION(#42,#35);
#34=DRAUGHTING_MODEL('',(#2952),#33);
#16=SHAPE_REPRESENTATION('root',(#15,#48),#10);
#2956=CARTESIAN_POINT('',(0.,0.,0.));
#2957=DIRECTION('',(0.,0.,1.));
#2958=DIRECTION('',(1.,0.,0.));
#2959=AXIS2_PLACEMENT_3D('',#2956,#2957,#2958);
#2961=MAPPED_ITEM('',#2960,#2959);
#2960=REPRESENTATION_MAP(#2959,#16);
#24=PRODUCT('root','root','',(#2942));
#2962=PRODUCT_RELATED_PRODUCT_CATEGORY('part','',(#24));
#2963=PRODUCT_DEFINITION_FORMATION_WITH_SPECIFIED_SOURCE('','',#24,.NOT_KNOWN.);
#25=PRODUCT_DEFINITION('design','',#2963,#2943);
#23=PRODUCT_DEFINITION_SHAPE('','',#25);
#2964=SHAPE_DEFINITION_REPRESENTATION(#23,#16);
#11=DRAUGHTING_MODEL('',(#2961),#10);
#2965=DESCRIPTIVE_REPRESENTATION_ITEM('KEY','/Users/hrushka/Library/Containers/com.shapr3d.shapr/Data/tmp/45C4D096-0516-4FEF-A006-48A27E01F7B2.tmp');
#2966=PROPERTY_DEFINITION('KEY','',#25);
#2967=REPRESENTATION('',(#2965),#10);
#2968=PROPERTY_DEFINITION_REPRESENTATION(#2966,#2967);
#2969=GENERAL_PROPERTY('','KEY','');
#2970=GENERAL_PROPERTY_ASSOCIATION('','',#2969,#2966);
#1=MECHANICAL_DESIGN_GEOMETRIC_PRESENTATION_REPRESENTATION('',(#82,#1401),#10);
ENDSEC;
END-ISO-10303-21;
