ISO-10303-21;
HEADER;

/* File generated by Shapr3D Version 26.143.0.11521 */

FILE_DESCRIPTION(('HOOPS Exchange Step'),'2;1');

FILE_NAME('/Users/hrushka/Library/Containers/com.shapr3d.shapr/Data/tmp/export/temp_export',
'2026-09-26T16:52:09-07:00',
('hrushka'),
('Shapr3D Limited'),
'HOOPS Exchange 2026.3',
'Shapr3D',
'Authorized');

FILE_SCHEMA( ('AP242_MANAGED_MODEL_BASED_3D_ENGINEERING_MIM_LF {1 0 10303 442 1 1 4}') );

ENDSEC;

DATA;
#3=(NAMED_UNIT(*)PLANE_ANGLE_UNIT()SI_UNIT($,.RADIAN.));
#4=PLANE_ANGLE_MEASURE_WITH_UNIT(PLANE_ANGLE_MEASURE(0.0174532925),#3);
#5=(CONVERSION_BASED_UNIT('DEGREE',#4)NAMED_UNIT(#6)PLANE_ANGLE_UNIT());
#6=DIMENSIONAL_EXPONENTS(0.,0.,0.,0.,0.,0.,0.);
#7=(NAMED_UNIT(*)SI_UNIT($,.STERADIAN.)SOLID_ANGLE_UNIT());
#8=(LENGTH_UNIT()NAMED_UNIT(*)SI_UNIT(.MILLI.,.METRE.));
#9=UNCERTAINTY_MEASURE_WITH_UNIT(LENGTH_MEASURE(1.000000E-03),#8,'DISTANCE_ACCURACY_VALUE','Maximum Tolerance applied to model');
#10=(GEOMETRIC_REPRESENTATION_CONTEXT(3)GLOBAL_UNCERTAINTY_ASSIGNED_CONTEXT((#9))GLOBAL_UNIT_ASSIGNED_CONTEXT((#8,#5,#7))REPRESENTATION_CONTEXT('','root'));
#12=CARTESIAN_POINT('',(0.,0.,0.));
#13=DIRECTION('',(0.,0.,1.));
#14=DIRECTION('',(1.,0.,0.));
#15=AXIS2_PLACEMENT_3D('TS3D_PRODUCT_CSYS',#12,#13,#14);
#26=(NAMED_UNIT(*)PLANE_ANGLE_UNIT()SI_UNIT($,.RADIAN.));
#27=PLANE_ANGLE_MEASURE_WITH_UNIT(PLANE_ANGLE_MEASURE(0.0174532925),#26);
#28=(CONVERSION_BASED_UNIT('DEGREE',#27)NAMED_UNIT(#29)PLANE_ANGLE_UNIT());
#29=DIMENSIONAL_EXPONENTS(0.,0.,0.,0.,0.,0.,0.);
#30=(NAMED_UNIT(*)SI_UNIT($,.STERADIAN.)SOLID_ANGLE_UNIT());
#31=(LENGTH_UNIT()NAMED_UNIT(*)SI_UNIT(.MILLI.,.METRE.));
#32=UNCERTAINTY_MEASURE_WITH_UNIT(LENGTH_MEASURE(1.000000E-05),#31,'DISTANCE_ACCURACY_VALUE','Maximum Tolerance applied to model');
#33=(GEOMETRIC_REPRESENTATION_CONTEXT(3)GLOBAL_UNCERTAINTY_ASSIGNED_CONTEXT((#32))GLOBAL_UNIT_ASSIGNED_CONTEXT((#31,#28,#30))REPRESENTATION_CONTEXT('','latch_right'));
#45=CARTESIAN_POINT('',(0.,0.,0.));
#46=DIRECTION('',(0.,0.,1.));
#47=DIRECTION('',(1.,0.,-0.));
#48=AXIS2_PLACEMENT_3D('',#45,#46,#47);
#49=ITEM_DEFINED_TRANSFORMATION('','',#48,#15);
#50=(REPRESENTATION_RELATIONSHIP('','',#35,#16)REPRESENTATION_RELATIONSHIP_WITH_TRANSFORMATION(#49)SHAPE_REPRESENTATION_RELATIONSHIP());
#51=NEXT_ASSEMBLY_USAGE_OCCURRENCE('latch_right_1','latch_right','latch_right',#25,#44,$);
#52=PRODUCT_DEFINITION_SHAPE('','',#51);
#53=CONTEXT_DEPENDENT_SHAPE_REPRESENTATION(#50,#52);
#55=CARTESIAN_POINT('',(17.468938312,2.846818529,16.668487588));
#56=DIRECTION('',(0.000073512,-0.061001033,-0.9981377));
#57=DIRECTION('',(-0.999997098,-0.002407936,0.000073512));
#58=AXIS2_PLACEMENT_3D('',#55,#56,#57);
#59=PLANE('',#58);
#60=CARTESIAN_POINT('',(19.96772709,3.351905767,16.637803291));
#61=VERTEX_POINT('',#60);
#62=CARTESIAN_POINT('',(19.966041535,4.050600126,16.595102568));
#63=VERTEX_POINT('',#62);
#64=CARTESIAN_POINT('',(19.96772709,3.351905767,16.637803291));
#65=DIRECTION('',(-0.002407936,0.998134798,-0.061001033));
#66=VECTOR('',#65,0.7);
#67=LINE('',#64,#66);
#68=EDGE_CURVE('',#61,#63,#67,.T.);
#69=ORIENTED_EDGE('',*,*,#68,.T.);
#70=CARTESIAN_POINT('',(14.966056044,4.038560448,16.595470128));
#71=VERTEX_POINT('',#70);
#72=CARTESIAN_POINT('',(19.966041535,4.050600126,16.595102568));
#73=DIRECTION('',(-0.999997098,-0.002407936,0.000073512));
#74=VECTOR('',#73,5.);
#75=LINE('',#72,#74);
#76=EDGE_CURVE('',#63,#71,#75,.T.);
#77=ORIENTED_EDGE('',*,*,#76,.T.);
#78=CARTESIAN_POINT('',(14.967741599,3.339866089,16.638170851));
#79=VERTEX_POINT('',#78);
#80=CARTESIAN_POINT('',(14.966056044,4.038560448,16.595470128));
#81=DIRECTION('',(0.002407936,-0.998134798,0.061001033));
#82=VECTOR('',#81,0.7);
#83=LINE('',#80,#82);
#84=EDGE_CURVE('',#71,#79,#83,.T.);
#85=ORIENTED_EDGE('',*,*,#84,.T.);
#86=CARTESIAN_POINT('',(19.96772709,3.351905767,16.637803291));
#87=DIRECTION('',(-0.999997098,-0.002407936,0.000073512));
#88=VECTOR('',#87,5.);
#89=LINE('',#86,#88);
#90=EDGE_CURVE('',#61,#79,#89,.T.);
#91=ORIENTED_EDGE('',*,*,#90,.F.);
#92=EDGE_LOOP('',(#69,#77,#85,#91));
#93=FACE_BOUND('',#92,.T.);
#94=ADVANCED_FACE('',(#93),#59,.F.);
#95=CARTESIAN_POINT('',(17.469011824,2.785817496,15.670349887));
#96=DIRECTION('',(0.000073512,-0.061001033,-0.9981377));
#97=DIRECTION('',(-0.999997098,-0.002407936,0.000073512));
#98=AXIS2_PLACEMENT_3D('',#95,#96,#97);
#99=PLANE('',#98);
#100=CARTESIAN_POINT('',(14.966129556,3.977559415,15.597332427));
#101=VERTEX_POINT('',#100);
#102=CARTESIAN_POINT('',(14.971427014,1.781662859,15.7315347));
#103=VERTEX_POINT('',#102);
#104=CARTESIAN_POINT('',(14.966129556,3.977559415,15.597332427));
#105=DIRECTION('',(0.002407936,-0.998134798,0.061001033));
#106=VECTOR('',#105,2.2);
#107=LINE('',#104,#106);
#108=EDGE_CURVE('',#101,#103,#107,.T.);
#109=ORIENTED_EDGE('',*,*,#108,.F.);
#110=CARTESIAN_POINT('',(19.966115047,3.989599093,15.596964868));
#111=VERTEX_POINT('',#110);
#112=CARTESIAN_POINT('',(14.966129556,3.977559415,15.597332427));
#113=DIRECTION('',(0.999997098,0.002407936,-0.000073512));
#114=VECTOR('',#113,5.);
#115=LINE('',#112,#114);
#116=EDGE_CURVE('',#101,#111,#115,.T.);
#117=ORIENTED_EDGE('',*,*,#116,.T.);
#118=CARTESIAN_POINT('',(19.971412505,1.793702536,15.731167141));
#119=VERTEX_POINT('',#118);
#120=CARTESIAN_POINT('',(19.966115047,3.989599093,15.596964868));
#121=DIRECTION('',(0.002407936,-0.998134798,0.061001033));
#122=VECTOR('',#121,2.2);
#123=LINE('',#120,#122);
#124=EDGE_CURVE('',#111,#119,#123,.T.);
#125=ORIENTED_EDGE('',*,*,#124,.T.);
#126=CARTESIAN_POINT('',(14.971427014,1.781662859,15.7315347));
#127=DIRECTION('',(0.999997098,0.002407936,-0.000073512));
#128=VECTOR('',#127,5.);
#129=LINE('',#126,#128);
#130=EDGE_CURVE('',#103,#119,#129,.T.);
#131=ORIENTED_EDGE('',*,*,#130,.F.);
#132=EDGE_LOOP('',(#109,#117,#125,#131));
#133=FACE_BOUND('',#132,.T.);
#134=ADVANCED_FACE('',(#133),#99,.T.);
#135=CARTESIAN_POINT('',(322.9707538,2.340303898,12.714479954));
#136=DIRECTION('',(-0.002407936,0.998134798,-0.061001033));
#137=DIRECTION('',(-0.999997098,-0.002407936,0.000073512));
#138=AXIS2_PLACEMENT_3D('',#135,#136,#137);
#139=PLANE('',#138);
#140=CARTESIAN_POINT('',(19.970934678,2.190209251,22.219062192));
#141=VERTEX_POINT('',#140);
#142=CARTESIAN_POINT('',(19.971412505,1.793702536,15.731167141));
#143=DIRECTION('',(-0.000073512,0.061001033,0.9981377));
#144=VECTOR('',#143,6.5);
#145=LINE('',#142,#144);
#146=EDGE_CURVE('',#119,#141,#145,.T.);
#147=ORIENTED_EDGE('',*,*,#146,.T.);
#148=CARTESIAN_POINT('',(18.470828763,2.278098897,23.71637901));
#149=VERTEX_POINT('',#148);
#150=CARTESIAN_POINT('',(20.257092926,2.299864179,24.00200493));
#151=DIRECTION('',(-0.002407936,0.998134798,-0.061001033));
#152=DIRECTION('',(-0.999997098,-0.002407936,0.000073512));
#153=AXIS2_PLACEMENT_3D('',#150,#151,#152);
#154=CIRCLE('',#153,1.809086939);
#155=EDGE_CURVE('',#141,#149,#154,.T.);
#156=ORIENTED_EDGE('',*,*,#155,.T.);
#157=CARTESIAN_POINT('',(18.470786672,2.313026916,24.287893478));
#158=VERTEX_POINT('',#157);
#159=CARTESIAN_POINT('',(18.470786672,2.313026916,24.287893478));
#160=DIRECTION('',(0.000073512,-0.061001033,-0.9981377));
#161=VECTOR('',#160,0.572580785);
#162=LINE('',#159,#161);
#163=EDGE_CURVE('',#158,#149,#162,.T.);
#164=ORIENTED_EDGE('',*,*,#163,.F.);
#165=CARTESIAN_POINT('',(19.970750898,2.342711833,24.714406443));
#166=VERTEX_POINT('',#165);
#167=CARTESIAN_POINT('',(19.970750898,2.342711833,24.714406443));
#168=DIRECTION('',(-0.961695907,-0.019032363,-0.273457037));
#169=VECTOR('',#168,1.559707404);
#170=LINE('',#167,#169);
#171=EDGE_CURVE('',#166,#158,#170,.T.);
#172=ORIENTED_EDGE('',*,*,#171,.F.);
#173=CARTESIAN_POINT('',(17.970609678,2.459898028,26.710828867));
#174=VERTEX_POINT('',#173);
#175=CARTESIAN_POINT('',(17.970756702,2.337895962,24.714553466));
#176=DIRECTION('',(0.002407936,-0.998134798,0.061001033));
#177=DIRECTION('',(-0.999997098,-0.002407936,0.000073512));
#178=AXIS2_PLACEMENT_3D('',#175,#176,#177);
#179=CIRCLE('',#178,2.);
#180=EDGE_CURVE('',#166,#174,#179,.T.);
#181=ORIENTED_EDGE('',*,*,#180,.T.);
#182=CARTESIAN_POINT('',(16.97061258,2.457490093,26.710902379));
#183=VERTEX_POINT('',#182);
#184=CARTESIAN_POINT('',(17.970609678,2.459898028,26.710828867));
#185=DIRECTION('',(-0.999997098,-0.002407936,0.000073512));
#186=VECTOR('',#185,1.);
#187=LINE('',#184,#186);
#188=EDGE_CURVE('',#174,#183,#187,.T.);
#189=ORIENTED_EDGE('',*,*,#188,.T.);
#190=CARTESIAN_POINT('',(14.970765407,2.330672156,24.714774002));
#191=VERTEX_POINT('',#190);
#192=CARTESIAN_POINT('',(16.970759604,2.335488027,24.714626978));
#193=DIRECTION('',(0.002407936,-0.998134798,0.061001033));
#194=DIRECTION('',(-0.999997098,-0.002407936,0.000073512));
#195=AXIS2_PLACEMENT_3D('',#192,#193,#194);
#196=CIRCLE('',#195,2.);
#197=EDGE_CURVE('',#183,#191,#196,.T.);
#198=ORIENTED_EDGE('',*,*,#197,.T.);
#199=CARTESIAN_POINT('',(14.970765407,2.330672156,24.714774002));
#200=DIRECTION('',(0.000073512,-0.061001033,-0.9981377));
#201=VECTOR('',#200,9.);
#202=LINE('',#199,#201);
#203=EDGE_CURVE('',#191,#103,#202,.T.);
#204=ORIENTED_EDGE('',*,*,#203,.T.);
#205=ORIENTED_EDGE('',*,*,#130,.T.);
#206=EDGE_LOOP('',(#147,#156,#164,#172,#181,#189,#198,#204,#205));
#207=FACE_BOUND('',#206,.T.);
#208=ADVANCED_FACE('',(#207),#139,.F.);
#209=CARTESIAN_POINT('',(322.964733961,4.835640894,12.561977372));
#210=DIRECTION('',(-0.002407936,0.998134798,-0.061001033));
#211=DIRECTION('',(-0.999997098,-0.002407936,0.000073512));
#212=AXIS2_PLACEMENT_3D('',#209,#210,#211);
#213=PLANE('',#212);
#214=CARTESIAN_POINT('',(14.965355717,4.319700578,16.277728508));
#215=VERTEX_POINT('',#214);
#216=CARTESIAN_POINT('',(14.965385122,4.295300165,15.878473428));
#217=VERTEX_POINT('',#216);
#218=CARTESIAN_POINT('',(14.965355717,4.319700578,16.277728508));
#219=DIRECTION('',(0.000073512,-0.061001033,-0.9981377));
#220=VECTOR('',#219,0.4);
#221=LINE('',#218,#220);
#222=EDGE_CURVE('',#215,#217,#221,.T.);
#223=ORIENTED_EDGE('',*,*,#222,.F.);
#224=CARTESIAN_POINT('',(19.965341208,4.331740255,16.277360948));
#225=VERTEX_POINT('',#224);
#226=CARTESIAN_POINT('',(14.965355717,4.319700578,16.277728508));
#227=DIRECTION('',(0.999997098,0.002407936,-0.000073512));
#228=VECTOR('',#227,5.);
#229=LINE('',#226,#228);
#230=EDGE_CURVE('',#215,#225,#229,.T.);
#231=ORIENTED_EDGE('',*,*,#230,.T.);
#232=CARTESIAN_POINT('',(19.965370613,4.307339842,15.878105868));
#233=VERTEX_POINT('',#232);
#234=CARTESIAN_POINT('',(19.965370613,4.307339842,15.878105868));
#235=DIRECTION('',(-0.000073512,0.061001033,0.9981377));
#236=VECTOR('',#235,0.4);
#237=LINE('',#234,#236);
#238=EDGE_CURVE('',#233,#225,#237,.T.);
#239=ORIENTED_EDGE('',*,*,#238,.F.);
#240=CARTESIAN_POINT('',(19.965370613,4.307339842,15.878105868));
#241=DIRECTION('',(-0.999997098,-0.002407936,0.000073512));
#242=VECTOR('',#241,5.);
#243=LINE('',#240,#242);
#244=EDGE_CURVE('',#233,#217,#243,.T.);
#245=ORIENTED_EDGE('',*,*,#244,.T.);
#246=EDGE_LOOP('',(#223,#231,#239,#245));
#247=FACE_BOUND('',#246,.T.);
#248=ADVANCED_FACE('',(#247),#213,.T.);
#249=CARTESIAN_POINT('',(14.967410796,3.614370738,21.129790502));
#250=DIRECTION('',(-0.999997098,-0.002407936,0.000073512));
#251=DIRECTION('',(0.002407936,-0.998134798,0.061001033));
#252=AXIS2_PLACEMENT_3D('',#249,#250,#251);
#253=PLANE('',#252);
#254=ORIENTED_EDGE('',*,*,#84,.F.);
#255=CARTESIAN_POINT('',(14.966078097,4.020260138,16.296028818));
#256=DIRECTION('',(-0.999997098,-0.002407936,0.000073512));
#257=DIRECTION('',(0.002407936,-0.998134798,0.061001033));
#258=AXIS2_PLACEMENT_3D('',#255,#256,#257);
#259=CIRCLE('',#258,0.3);
#260=EDGE_CURVE('',#71,#215,#259,.T.);
#261=ORIENTED_EDGE('',*,*,#260,.T.);
#262=ORIENTED_EDGE('',*,*,#222,.T.);
#263=CARTESIAN_POINT('',(14.966107502,3.995859725,15.896773737));
#264=DIRECTION('',(-0.999997098,-0.002407936,0.000073512));
#265=DIRECTION('',(0.002407936,-0.998134798,0.061001033));
#266=AXIS2_PLACEMENT_3D('',#263,#264,#265);
#267=CIRCLE('',#266,0.3);
#268=EDGE_CURVE('',#217,#101,#267,.T.);
#269=ORIENTED_EDGE('',*,*,#268,.T.);
#270=ORIENTED_EDGE('',*,*,#108,.T.);
#271=ORIENTED_EDGE('',*,*,#203,.F.);
#272=CARTESIAN_POINT('',(14.968116681,3.428619568,24.647677791));
#273=VERTEX_POINT('',#272);
#274=CARTESIAN_POINT('',(14.970765407,2.330672156,24.714774002));
#275=DIRECTION('',(-0.002407936,0.998134798,-0.061001033));
#276=VECTOR('',#275,1.099998835);
#277=LINE('',#274,#276);
#278=EDGE_CURVE('',#191,#273,#277,.T.);
#279=ORIENTED_EDGE('',*,*,#278,.T.);
#280=CARTESIAN_POINT('',(14.968116679,3.428620488,24.647677781));
#281=CARTESIAN_POINT('',(14.967741599,3.339866089,16.638170851));
#282=B_SPLINE_CURVE_WITH_KNOTS('',1,(#280,#281),.UNSPECIFIED.,.F.,.F.,(2,2),(-0.002500615,1.),.UNSPECIFIED.);
#283=EDGE_CURVE('',#273,#79,#282,.T.);
#284=ORIENTED_EDGE('',*,*,#283,.T.);
#285=EDGE_LOOP('',(#254,#261,#262,#269,#270,#271,#279,#284));
#286=FACE_BOUND('',#285,.T.);
#287=ADVANCED_FACE('',(#286),#253,.T.);
#288=CARTESIAN_POINT('',(19.967396287,3.626410415,21.129422942));
#289=DIRECTION('',(0.999997098,0.002407936,-0.000073512));
#290=DIRECTION('',(-0.002407936,0.998134798,-0.061001033));
#291=AXIS2_PLACEMENT_3D('',#288,#289,#290);
#292=PLANE('',#291);
#293=CARTESIAN_POINT('',(19.968526743,3.188344049,22.158061159));
#294=VERTEX_POINT('',#293);
#295=CARTESIAN_POINT('',(19.970934678,2.190209251,22.219062192));
#296=DIRECTION('',(-0.002407936,0.998134798,-0.061001033));
#297=VECTOR('',#296,1.);
#298=LINE('',#295,#297);
#299=EDGE_CURVE('',#141,#294,#298,.T.);
#300=ORIENTED_EDGE('',*,*,#299,.F.);
#301=ORIENTED_EDGE('',*,*,#146,.F.);
#302=ORIENTED_EDGE('',*,*,#124,.F.);
#303=CARTESIAN_POINT('',(19.966092993,4.007899403,15.896406178));
#304=DIRECTION('',(0.999997098,0.002407936,-0.000073512));
#305=DIRECTION('',(-0.002407936,0.998134798,-0.061001033));
#306=AXIS2_PLACEMENT_3D('',#303,#304,#305);
#307=CIRCLE('',#306,0.3);
#308=EDGE_CURVE('',#111,#233,#307,.T.);
#309=ORIENTED_EDGE('',*,*,#308,.T.);
#310=ORIENTED_EDGE('',*,*,#238,.T.);
#311=CARTESIAN_POINT('',(19.966063589,4.032299816,16.295661258));
#312=DIRECTION('',(0.999997098,0.002407936,-0.000073512));
#313=DIRECTION('',(-0.002407936,0.998134798,-0.061001033));
#314=AXIS2_PLACEMENT_3D('',#311,#312,#313);
#315=CIRCLE('',#314,0.3);
#316=EDGE_CURVE('',#225,#63,#315,.T.);
#317=ORIENTED_EDGE('',*,*,#316,.T.);
#318=ORIENTED_EDGE('',*,*,#68,.F.);
#319=CARTESIAN_POINT('',(19.96772709,3.351905767,16.637803291));
#320=CARTESIAN_POINT('',(19.968526743,3.188344049,22.158061159));
#321=B_SPLINE_CURVE_WITH_KNOTS('',1,(#319,#320),.UNSPECIFIED.,.F.,.F.,(2,2),(0.,1.),.UNSPECIFIED.);
#322=EDGE_CURVE('',#61,#294,#321,.T.);
#323=ORIENTED_EDGE('',*,*,#322,.T.);
#324=EDGE_LOOP('',(#300,#301,#302,#309,#310,#317,#318,#323));
#325=FACE_BOUND('',#324,.T.);
#326=ADVANCED_FACE('',(#325),#292,.T.);
#327=CARTESIAN_POINT('',(19.972532798,3.351920882,16.637621303));
#328=CARTESIAN_POINT('',(19.972263517,3.339608935,17.054249976));
#329=CARTESIAN_POINT('',(19.971650186,3.314773234,17.888602598));
#330=CARTESIAN_POINT('',(19.970957693,3.277855687,19.140336302));
#331=CARTESIAN_POINT('',(19.969249876,3.240388644,20.394952534));
#332=CARTESIAN_POINT('',(19.968233376,3.204076602,21.648968619));
#333=CARTESIAN_POINT('',(19.968820776,3.162037094,22.897752618));
#334=CARTESIAN_POINT('',(19.969820011,3.315169462,24.146636527));
#335=CARTESIAN_POINT('',(19.971439254,3.384739198,25.399419672));
#336=CARTESIAN_POINT('',(19.972564572,3.432395649,26.233377702));
#337=CARTESIAN_POINT('',(19.973078995,3.4549952,26.649839145));
#338=CARTESIAN_POINT('',(19.764782285,3.351407197,16.637655914));
#339=CARTESIAN_POINT('',(19.76450742,3.339259256,17.054297038));
#340=CARTESIAN_POINT('',(19.763907822,3.314896541,17.88866131));
#341=CARTESIAN_POINT('',(19.763141154,3.277725738,19.140544672));
#342=CARTESIAN_POINT('',(19.761521231,3.240662442,20.39508842));
#343=CARTESIAN_POINT('',(19.760466112,3.200659892,21.648992365));
#344=CARTESIAN_POINT('',(19.761008176,3.171672587,22.898167577));
#345=CARTESIAN_POINT('',(19.762095023,3.313647555,24.147132002));
#346=CARTESIAN_POINT('',(19.763709915,3.387065185,25.399459701));
#347=CARTESIAN_POINT('',(19.764802575,3.43381885,26.233370113));
#348=CARTESIAN_POINT('',(19.76530473,3.456443001,26.649782052));
#349=CARTESIAN_POINT('',(19.348243967,3.350423761,16.63772209));
#350=CARTESIAN_POINT('',(19.347962167,3.338728341,17.054385437));
#351=CARTESIAN_POINT('',(19.34738839,3.315303293,17.888771304));
#352=CARTESIAN_POINT('',(19.346507176,3.278675583,19.140917883));
#353=CARTESIAN_POINT('',(19.345057304,3.242014305,20.395306691));
#354=CARTESIAN_POINT('',(19.343991241,3.199419338,21.649016941));
#355=CARTESIAN_POINT('',(19.344436616,3.191737797,22.898967274));
#356=CARTESIAN_POINT('',(19.345623824,3.310732971,24.148081955));
#357=CARTESIAN_POINT('',(19.347221339,3.390470179,25.399620103));
#358=CARTESIAN_POINT('',(19.348241062,3.435598836,26.233388556));
#359=CARTESIAN_POINT('',(19.348721179,3.458452108,26.649700353));
#360=CARTESIAN_POINT('',(18.722907313,3.348907743,16.6378249));
#361=CARTESIAN_POINT('',(18.722635639,3.338337781,17.054499954));
#362=CARTESIAN_POINT('',(18.722085239,3.31683961,17.888924393));
#363=CARTESIAN_POINT('',(18.721170197,3.283475191,19.14129507));
#364=CARTESIAN_POINT('',(18.719927935,3.24775589,20.395442089));
#365=CARTESIAN_POINT('',(18.719053988,3.213351565,21.648950625));
#366=CARTESIAN_POINT('',(18.719300751,3.218978872,22.899785924));
#367=CARTESIAN_POINT('',(18.720435684,3.305884438,24.149616074));
#368=CARTESIAN_POINT('',(18.721983853,3.3899975,25.400084347));
#369=CARTESIAN_POINT('',(18.722892016,3.43610175,26.23351926));
#370=CARTESIAN_POINT('',(18.723343936,3.459352727,26.6496991));
#371=CARTESIAN_POINT('',(18.096533929,3.347399727,16.637923571));
#372=CARTESIAN_POINT('',(18.096280966,3.338330473,17.054597328));
#373=CARTESIAN_POINT('',(18.095769968,3.319957366,17.889035647));
#374=CARTESIAN_POINT('',(18.094912741,3.290957438,19.141458616));
#375=CARTESIAN_POINT('',(18.093897771,3.259995017,20.395355603));
#376=CARTESIAN_POINT('',(18.093219174,3.234704469,21.64868945));
#377=CARTESIAN_POINT('',(18.09329561,3.243883581,22.900173598));
#378=CARTESIAN_POINT('',(18.094288753,3.304656984,24.150948061));
#379=CARTESIAN_POINT('',(18.095702071,3.387403511,25.400668245));
#380=CARTESIAN_POINT('',(18.096530765,3.435139469,26.233799273));
#381=CARTESIAN_POINT('',(18.096938013,3.458423488,26.6498902));
#382=CARTESIAN_POINT('',(17.470165971,3.345891828,16.638012488));
#383=CARTESIAN_POINT('',(17.469942039,3.338823023,17.054666838));
#384=CARTESIAN_POINT('',(17.469492073,3.324456123,17.889075173));
#385=CARTESIAN_POINT('',(17.468759404,3.301587201,19.14141132));
#386=CARTESIAN_POINT('',(17.4679865,3.277640757,20.395044362));
#387=CARTESIAN_POINT('',(17.467466488,3.260892456,21.648195467));
#388=CARTESIAN_POINT('',(17.467498887,3.269939929,22.900184392));
#389=CARTESIAN_POINT('',(17.468282334,3.316412917,24.151404276));
#390=CARTESIAN_POINT('',(17.469456897,3.388117801,25.401134637));
#391=CARTESIAN_POINT('',(17.470191764,3.434475748,26.23408313));
#392=CARTESIAN_POINT('',(17.470550307,3.456824279,26.650122552));
#393=CARTESIAN_POINT('',(16.843811707,3.344379188,16.638085415));
#394=CARTESIAN_POINT('',(16.843624763,3.339750156,17.054701456));
#395=CARTESIAN_POINT('',(16.843255731,3.330308432,17.889028462));
#396=CARTESIAN_POINT('',(16.842694858,3.315094098,19.14118242));
#397=CARTESIAN_POINT('',(16.842161435,3.299648875,20.394517795));
#398=CARTESIAN_POINT('',(16.841810847,3.29062007,21.647501659));
#399=CARTESIAN_POINT('',(16.841839411,3.300149705,22.89973529));
#400=CARTESIAN_POINT('',(16.842401527,3.336864744,24.151255093));
#401=CARTESIAN_POINT('',(16.843287314,3.394855956,25.401270823));
#402=CARTESIAN_POINT('',(16.843895733,3.435482691,26.234266474));
#403=CARTESIAN_POINT('',(16.844201562,3.455343308,26.650322469));
#404=CARTESIAN_POINT('',(16.009648461,3.342383836,16.638155524));
#405=CARTESIAN_POINT('',(16.00951916,3.341488846,17.054697788));
#406=CARTESIAN_POINT('',(16.00927938,3.33961548,17.888861572));
#407=CARTESIAN_POINT('',(16.008980262,3.336269065,19.140676518));
#408=CARTESIAN_POINT('',(16.008770729,3.333230214,20.393590252));
#409=CARTESIAN_POINT('',(16.008663161,3.334256435,21.646317507));
#410=CARTESIAN_POINT('',(16.008693655,3.345367002,22.898660759));
#411=CARTESIAN_POINT('',(16.008966083,3.371327002,24.150524816));
#412=CARTESIAN_POINT('',(16.009444587,3.41013226,25.401072625));
#413=CARTESIAN_POINT('',(16.0098467,3.438994575,26.234362177));
#414=CARTESIAN_POINT('',(16.010066928,3.453352834,26.650555359));
#415=CARTESIAN_POINT('',(15.38430138,3.340852066,16.638174235));
#416=CARTESIAN_POINT('',(15.38421694,3.343204292,17.054644631));
#417=CARTESIAN_POINT('',(15.384086054,3.347898195,17.88864159));
#418=CARTESIAN_POINT('',(15.383998593,3.354730365,19.140131312));
#419=CARTESIAN_POINT('',(15.384040635,3.361745737,20.392705081));
#420=CARTESIAN_POINT('',(15.384131203,3.370420175,21.6451928));
#421=CARTESIAN_POINT('',(15.384152984,3.383178608,22.89750278));
#422=CARTESIAN_POINT('',(15.384216678,3.40190856,24.149606913));
#423=CARTESIAN_POINT('',(15.384382806,3.425887909,25.400636926));
#424=CARTESIAN_POINT('',(15.384599451,3.443153939,26.23430283));
#425=CARTESIAN_POINT('',(15.384751121,3.451791274,26.650681929));
#426=CARTESIAN_POINT('',(14.96774156,3.339882709,16.638170668));
#427=CARTESIAN_POINT('',(14.967682758,3.344471281,17.05459205));
#428=CARTESIAN_POINT('',(14.967622811,3.353727702,17.888470395));
#429=CARTESIAN_POINT('',(14.967675862,3.367589549,19.139730294));
#430=CARTESIAN_POINT('',(14.967887979,3.381466883,20.392067896));
#431=CARTESIAN_POINT('',(14.968114695,3.39532835,21.644383238));
#432=CARTESIAN_POINT('',(14.968126873,3.409210983,22.896662978));
#433=CARTESIAN_POINT('',(14.96805181,3.423088399,24.148926434));
#434=CARTESIAN_POINT('',(14.968009991,3.436974294,25.40029232));
#435=CARTESIAN_POINT('',(14.968096803,3.446181104,26.234217881));
#436=CARTESIAN_POINT('',(14.968205708,3.450850741,26.650720385));
#437=B_SPLINE_SURFACE_WITH_KNOTS('',3,3,((#327,#328,#329,#330,#331,#332,#333,#334,#335,#336,#337),(#338,#339,#340,#341,#342,#343,#344,#345,#346,#347,#348),(#349,#350,#351,#352,#353,#354,#355,#356,#357,#358,#359),(#360,#361,#362,#363,#364,#365,#366,#367,#368,#369,#370),(#371,#372,#373,#374,#375,#376,#377,#378,#379,#380,#381),(#382,#383,#384,#385,#386,#387,#388,#389,#390,#391,#392),(#393,#394,#395,#396,#397,#398,#399,#400,#401,#402,#403),(#404,#405,#406,#407,#408,#409,#410,#411,#412,#413,#414),(#415,#416,#417,#418,#419,#420,#421,#422,#423,#424,#425),(#426,#427,#428,#429,#430,#431,#432,#433,#434,#435,#436)),.UNSPECIFIED.,.F.,.F.,.U.,(4,1,1,1,1,1,1,4),(4,1,1,1,1,1,1,1,4),(-0.002559583,-0.001936456,-0.001310223,-0.00068399,-0.000057757,0.000568476,0.001194709,0.002444321),(-0.004980045,-0.003730952,-0.0024786,-0.001226248,0.000026104,0.001278456,0.002530807,0.003783159,0.005032814),.UNSPECIFIED.);
#438=CARTESIAN_POINT('',(18.468420827,3.276233695,23.655377977));
#439=VERTEX_POINT('',#438);
#440=CARTESIAN_POINT('',(20.254684991,3.297998977,23.941003897));
#441=DIRECTION('',(-0.002407936,0.998134798,-0.061001033));
#442=DIRECTION('',(-0.999997098,-0.002407936,0.000073512));
#443=AXIS2_PLACEMENT_3D('',#440,#441,#442);
#444=CIRCLE('',#443,1.809086939);
#445=EDGE_CURVE('',#294,#439,#444,.T.);
#446=ORIENTED_EDGE('',*,*,#445,.F.);
#447=ORIENTED_EDGE('',*,*,#322,.F.);
#448=ORIENTED_EDGE('',*,*,#90,.T.);
#449=ORIENTED_EDGE('',*,*,#283,.F.);
#450=CARTESIAN_POINT('',(16.968204645,3.455624891,26.649901346));
#451=VERTEX_POINT('',#450);
#452=CARTESIAN_POINT('',(14.968116681,3.428619568,24.647677791));
#453=CARTESIAN_POINT('',(14.968123188,3.430084697,24.779817341));
#454=CARTESIAN_POINT('',(14.981066219,3.430996039,24.909757109));
#455=CARTESIAN_POINT('',(15.006406679,3.431668138,25.037586905));
#456=CARTESIAN_POINT('',(15.031747138,3.432340238,25.165416701));
#457=CARTESIAN_POINT('',(15.070093832,3.432777534,25.292451935));
#458=CARTESIAN_POINT('',(15.120171166,3.433248838,25.413634561));
#459=CARTESIAN_POINT('',(15.1702485,3.433720142,25.534817186));
#460=CARTESIAN_POINT('',(15.231540256,3.43422923,25.649784228));
#461=CARTESIAN_POINT('',(15.303954547,3.434981078,25.758585469));
#462=CARTESIAN_POINT('',(15.376368838,3.435732927,25.86738671));
#463=CARTESIAN_POINT('',(15.460709899,3.436742557,25.970470603));
#464=CARTESIAN_POINT('',(15.552860923,3.43802541,26.062865039));
#465=CARTESIAN_POINT('',(15.645011946,3.439308264,26.155259476));
#466=CARTESIAN_POINT('',(15.745585496,3.440867775,26.238175499));
#467=CARTESIAN_POINT('',(15.854780161,3.442619045,26.311391134));
#468=CARTESIAN_POINT('',(15.963974826,3.444370316,26.384606769));
#469=CARTESIAN_POINT('',(16.080404705,3.446286683,26.446906121));
#470=CARTESIAN_POINT('',(16.200698127,3.448100622,26.496888367));
#471=CARTESIAN_POINT('',(16.320991548,3.449914561,26.546870614));
#472=CARTESIAN_POINT('',(16.446764156,3.451647556,26.585309721));
#473=CARTESIAN_POINT('',(16.57605247,3.453000751,26.611137305));
#474=CARTESIAN_POINT('',(16.705340784,3.454353945,26.63696489));
#475=CARTESIAN_POINT('',(16.836054874,3.455302267,26.649911327));
#476=CARTESIAN_POINT('',(16.968204625,3.455617082,26.649901823));
#477=B_SPLINE_CURVE_WITH_KNOTS('',3,(#452,#453,#454,#455,#456,#457,#458,#459,#460,#461,#462,#463,#464,#465,#466,#467,#468,#469,#470,#471,#472,#473,#474,#475,#476),.UNSPECIFIED.,.F.,.F.,(4,3,3,3,3,3,3,3,4),(0.,0.000390814,0.000781629,0.001172443,0.001563257,0.001954072,0.002344886,0.0027357,0.003126515),.UNSPECIFIED.);
#478=EDGE_CURVE('',#273,#451,#477,.T.);
#479=ORIENTED_EDGE('',*,*,#478,.T.);
#480=CARTESIAN_POINT('',(17.968201743,3.458032827,26.649827834));
#481=VERTEX_POINT('',#480);
#482=CARTESIAN_POINT('',(17.968201743,3.458032827,26.649827834));
#483=DIRECTION('',(-0.999997098,-0.002407936,0.000073512));
#484=VECTOR('',#483,1.);
#485=LINE('',#482,#484);
#486=EDGE_CURVE('',#481,#451,#485,.T.);
#487=ORIENTED_EDGE('',*,*,#486,.F.);
#488=CARTESIAN_POINT('',(19.968342963,3.340846632,24.65340541));
#489=VERTEX_POINT('',#488);
#490=CARTESIAN_POINT('',(17.968348767,3.336030761,24.653552433));
#491=DIRECTION('',(-0.002407936,0.998134798,-0.061001033));
#492=DIRECTION('',(0.999997098,0.002407936,-0.000073512));
#493=AXIS2_PLACEMENT_3D('',#490,#491,#492);
#494=CIRCLE('',#493,2.);
#495=EDGE_CURVE('',#481,#489,#494,.T.);
#496=ORIENTED_EDGE('',*,*,#495,.T.);
#497=CARTESIAN_POINT('',(18.468378736,3.311161715,24.226892445));
#498=VERTEX_POINT('',#497);
#499=CARTESIAN_POINT('',(19.968342963,3.340846632,24.65340541));
#500=DIRECTION('',(-0.961695907,-0.019032363,-0.273457037));
#501=VECTOR('',#500,1.559707404);
#502=LINE('',#499,#501);
#503=EDGE_CURVE('',#489,#498,#502,.T.);
#504=ORIENTED_EDGE('',*,*,#503,.T.);
#505=CARTESIAN_POINT('',(18.468378736,3.311161715,24.226892445));
#506=DIRECTION('',(0.000073512,-0.061001033,-0.9981377));
#507=VECTOR('',#506,0.572580785);
#508=LINE('',#505,#507);
#509=EDGE_CURVE('',#498,#439,#508,.T.);
#510=ORIENTED_EDGE('',*,*,#509,.T.);
#511=EDGE_LOOP('',(#446,#447,#448,#449,#479,#487,#496,#504,#510));
#512=FACE_BOUND('',#511,.T.);
#513=ADVANCED_FACE('',(#512),#437,.T.);
#514=CARTESIAN_POINT('',(17.468203194,3.456828859,26.64986459));
#515=DIRECTION('',(-0.000073512,0.061001033,0.9981377));
#516=DIRECTION('',(0.999997098,0.002407936,-0.000073512));
#517=AXIS2_PLACEMENT_3D('',#514,#515,#516);
#518=PLANE('',#517);
#519=ORIENTED_EDGE('',*,*,#486,.T.);
#520=CARTESIAN_POINT('',(16.968204645,3.455624891,26.649901346));
#521=DIRECTION('',(0.002407936,-0.998134798,0.061001033));
#522=VECTOR('',#521,1.);
#523=LINE('',#520,#522);
#524=EDGE_CURVE('',#451,#183,#523,.T.);
#525=ORIENTED_EDGE('',*,*,#524,.T.);
#526=ORIENTED_EDGE('',*,*,#188,.F.);
#527=CARTESIAN_POINT('',(17.970609678,2.459898028,26.710828867));
#528=DIRECTION('',(-0.002407936,0.998134798,-0.061001033));
#529=VECTOR('',#528,1.);
#530=LINE('',#527,#529);
#531=EDGE_CURVE('',#174,#481,#530,.T.);
#532=ORIENTED_EDGE('',*,*,#531,.T.);
#533=EDGE_LOOP('',(#519,#525,#526,#532));
#534=FACE_BOUND('',#533,.T.);
#535=ADVANCED_FACE('',(#534),#518,.T.);
#536=CARTESIAN_POINT('',(16.967147701,3.832690224,24.623125429));
#537=DIRECTION('',(0.002407936,-0.998134798,0.061001033));
#538=DIRECTION('',(0.999997098,0.002407936,-0.000073512));
#539=AXIS2_PLACEMENT_3D('',#536,#537,#538);
#540=CYLINDRICAL_SURFACE('',#539,2.);
#541=ORIENTED_EDGE('',*,*,#478,.F.);
#542=ORIENTED_EDGE('',*,*,#278,.F.);
#543=ORIENTED_EDGE('',*,*,#197,.F.);
#544=ORIENTED_EDGE('',*,*,#524,.F.);
#545=EDGE_LOOP('',(#541,#542,#543,#544));
#546=FACE_BOUND('',#545,.T.);
#547=ADVANCED_FACE('',(#546),#540,.T.);
#548=CARTESIAN_POINT('',(17.968348767,3.336030761,24.653552433));
#549=DIRECTION('',(0.002407936,-0.998134798,0.061001033));
#550=DIRECTION('',(0.999997098,0.002407936,-0.000073512));
#551=AXIS2_PLACEMENT_3D('',#548,#549,#550);
#552=CYLINDRICAL_SURFACE('',#551,2.);
#553=ORIENTED_EDGE('',*,*,#495,.F.);
#554=ORIENTED_EDGE('',*,*,#531,.F.);
#555=ORIENTED_EDGE('',*,*,#180,.F.);
#556=CARTESIAN_POINT('',(19.968342963,3.340846632,24.65340541));
#557=DIRECTION('',(0.002407936,-0.998134798,0.061001033));
#558=VECTOR('',#557,1.);
#559=LINE('',#556,#558);
#560=EDGE_CURVE('',#489,#166,#559,.T.);
#561=ORIENTED_EDGE('',*,*,#560,.F.);
#562=EDGE_LOOP('',(#553,#554,#555,#561));
#563=FACE_BOUND('',#562,.T.);
#564=ADVANCED_FACE('',(#563),#552,.T.);
#565=CARTESIAN_POINT('',(17.466070843,4.026279977,16.295845038));
#566=DIRECTION('',(0.999997098,0.002407936,-0.000073512));
#567=DIRECTION('',(0.000073512,-0.061001033,-0.9981377));
#568=AXIS2_PLACEMENT_3D('',#565,#566,#567);
#569=CYLINDRICAL_SURFACE('',#568,0.3);
#570=ORIENTED_EDGE('',*,*,#316,.F.);
#571=ORIENTED_EDGE('',*,*,#230,.F.);
#572=ORIENTED_EDGE('',*,*,#260,.F.);
#573=ORIENTED_EDGE('',*,*,#76,.F.);
#574=EDGE_LOOP('',(#570,#571,#572,#573));
#575=FACE_BOUND('',#574,.T.);
#576=ADVANCED_FACE('',(#575),#569,.T.);
#577=CARTESIAN_POINT('',(17.466100248,4.001879564,15.896589958));
#578=DIRECTION('',(0.999997098,0.002407936,-0.000073512));
#579=DIRECTION('',(0.000073512,-0.061001033,-0.9981377));
#580=AXIS2_PLACEMENT_3D('',#577,#578,#579);
#581=CYLINDRICAL_SURFACE('',#580,0.3);
#582=ORIENTED_EDGE('',*,*,#268,.F.);
#583=ORIENTED_EDGE('',*,*,#244,.F.);
#584=ORIENTED_EDGE('',*,*,#308,.F.);
#585=ORIENTED_EDGE('',*,*,#116,.F.);
#586=EDGE_LOOP('',(#582,#583,#584,#585));
#587=FACE_BOUND('',#586,.T.);
#588=ADVANCED_FACE('',(#587),#581,.T.);
#589=CARTESIAN_POINT('',(19.221731959,1.928615455,24.525550373));
#590=DIRECTION('',(0.274107978,-0.058005977,-0.959947979));
#591=DIRECTION('',(-0.961695907,-0.019032363,-0.273457037));
#592=AXIS2_PLACEMENT_3D('',#589,#590,#591);
#593=PLANE('',#592);
#594=ORIENTED_EDGE('',*,*,#171,.T.);
#595=CARTESIAN_POINT('',(18.470786672,2.313026916,24.287893478));
#596=DIRECTION('',(-0.002407936,0.998134798,-0.061001033));
#597=VECTOR('',#596,1.);
#598=LINE('',#595,#597);
#599=EDGE_CURVE('',#158,#498,#598,.T.);
#600=ORIENTED_EDGE('',*,*,#599,.T.);
#601=ORIENTED_EDGE('',*,*,#503,.F.);
#602=ORIENTED_EDGE('',*,*,#560,.T.);
#603=EDGE_LOOP('',(#594,#600,#601,#602));
#604=FACE_BOUND('',#603,.T.);
#605=ADVANCED_FACE('',(#604),#593,.T.);
#606=CARTESIAN_POINT('',(20.2580561,1.900610259,24.026405344));
#607=DIRECTION('',(-0.002407936,0.998134798,-0.061001033));
#608=DIRECTION('',(-0.999997098,-0.002407936,0.000073512));
#609=AXIS2_PLACEMENT_3D('',#606,#607,#608);
#610=CYLINDRICAL_SURFACE('',#609,1.809086939);
#611=ORIENTED_EDGE('',*,*,#299,.T.);
#612=ORIENTED_EDGE('',*,*,#445,.T.);
#613=CARTESIAN_POINT('',(18.470828763,2.278098897,23.71637901));
#614=DIRECTION('',(-0.002407936,0.998134798,-0.061001033));
#615=VECTOR('',#614,1.);
#616=LINE('',#613,#615);
#617=EDGE_CURVE('',#149,#439,#616,.T.);
#618=ORIENTED_EDGE('',*,*,#617,.F.);
#619=ORIENTED_EDGE('',*,*,#155,.F.);
#620=EDGE_LOOP('',(#611,#612,#618,#619));
#621=FACE_BOUND('',#620,.T.);
#622=ADVANCED_FACE('',(#621),#610,.F.);
#623=CARTESIAN_POINT('',(18.471770891,1.896308987,24.026536657));
#624=DIRECTION('',(0.999997098,0.002407936,-0.000073512));
#625=DIRECTION('',(-0.002407936,0.998134798,-0.061001033));
#626=AXIS2_PLACEMENT_3D('',#623,#624,#625);
#627=PLANE('',#626);
#628=ORIENTED_EDGE('',*,*,#163,.T.);
#629=ORIENTED_EDGE('',*,*,#617,.T.);
#630=ORIENTED_EDGE('',*,*,#509,.F.);
#631=ORIENTED_EDGE('',*,*,#599,.F.);
#632=EDGE_LOOP('',(#628,#629,#630,#631));
#633=FACE_BOUND('',#632,.T.);
#634=ADVANCED_FACE('',(#633),#627,.T.);
#635=CLOSED_SHELL('',(#94,#134,#208,#248,#287,#326,#513,#535,#547,#564,#576,#588,#605,#622,#634));
#636=MANIFOLD_SOLID_BREP('clip',#635);
#637=COLOUR_RGB('',0.494117647,0.494117647,0.525490224);
#638=FILL_AREA_STYLE_COLOUR('',#637);
#639=FILL_AREA_STYLE('',(#638));
#640=SURFACE_STYLE_FILL_AREA(#639);
#641=SURFACE_SIDE_STYLE('',(#640));
#642=SURFACE_STYLE_USAGE(.BOTH.,#641);
#643=PRESENTATION_STYLE_ASSIGNMENT((#642));
#54=STYLED_ITEM('',(#643),#636);
#645=CARTESIAN_POINT('',(300.34624704,2.026975352,22.726975352));
#646=DIRECTION('',(0.,-1.,0.));
#647=DIRECTION('',(-1.,0.,0.));
#648=AXIS2_PLACEMENT_3D('',#645,#646,#647);
#649=PLANE('',#648);
#650=CARTESIAN_POINT('',(19.47124704,2.026975352,10.226975352));
#651=VERTEX_POINT('',#650);
#652=CARTESIAN_POINT('',(19.47124704,2.026975352,13.726975352));
#653=VERTEX_POINT('',#652);
#654=CARTESIAN_POINT('',(19.47124704,2.026975352,10.226975352));
#655=DIRECTION('',(0.,0.,1.));
#656=VECTOR('',#655,3.5);
#657=LINE('',#654,#656);
#658=EDGE_CURVE('',#651,#653,#657,.T.);
#659=ORIENTED_EDGE('',*,*,#658,.F.);
#660=CARTESIAN_POINT('',(5.355769079,2.026975352,10.226975352));
#661=VERTEX_POINT('',#660);
#662=CARTESIAN_POINT('',(19.47124704,2.026975352,10.226975352));
#663=DIRECTION('',(-1.,-0.,-0.));
#664=VECTOR('',#663,14.115477961);
#665=LINE('',#662,#664);
#666=EDGE_CURVE('',#651,#661,#665,.T.);
#667=ORIENTED_EDGE('',*,*,#666,.T.);
#668=CARTESIAN_POINT('',(4.95608035,2.026975352,10.611198165));
#669=VERTEX_POINT('',#668);
#670=CARTESIAN_POINT('',(5.355769079,2.026975352,10.626975352));
#671=DIRECTION('',(-0.,1.,-0.));
#672=DIRECTION('',(-1.,0.,0.));
#673=AXIS2_PLACEMENT_3D('',#670,#671,#672);
#674=CIRCLE('',#673,0.4);
#675=EDGE_CURVE('',#661,#669,#674,.T.);
#676=ORIENTED_EDGE('',*,*,#675,.T.);
#677=CARTESIAN_POINT('',(4.612659297,2.026975352,19.311198165));
#678=VERTEX_POINT('',#677);
#679=CARTESIAN_POINT('',(4.95608035,2.026975352,10.611198165));
#680=DIRECTION('',(-0.039442967,0.,0.999221823));
#681=VECTOR('',#680,8.706775409);
#682=LINE('',#679,#681);
#683=EDGE_CURVE('',#669,#678,#682,.T.);
#684=ORIENTED_EDGE('',*,*,#683,.T.);
#685=CARTESIAN_POINT('',(5.012348026,2.026975352,19.726975352));
#686=VERTEX_POINT('',#685);
#687=CARTESIAN_POINT('',(5.012348026,2.026975352,19.326975352));
#688=DIRECTION('',(-0.,1.,-0.));
#689=DIRECTION('',(-1.,0.,0.));
#690=AXIS2_PLACEMENT_3D('',#687,#688,#689);
#691=CIRCLE('',#690,0.4);
#692=EDGE_CURVE('',#678,#686,#691,.T.);
#693=ORIENTED_EDGE('',*,*,#692,.T.);
#694=CARTESIAN_POINT('',(29.930146053,2.026975352,19.726975352));
#695=VERTEX_POINT('',#694);
#696=CARTESIAN_POINT('',(5.012348026,2.026975352,19.726975352));
#697=DIRECTION('',(1.,0.,0.));
#698=VECTOR('',#697,24.917798027);
#699=LINE('',#696,#698);
#700=EDGE_CURVE('',#686,#695,#699,.T.);
#701=ORIENTED_EDGE('',*,*,#700,.T.);
#702=CARTESIAN_POINT('',(30.330146053,2.026975352,19.326975352));
#703=VERTEX_POINT('',#702);
#704=CARTESIAN_POINT('',(29.930146053,2.026975352,19.326975352));
#705=DIRECTION('',(-0.,1.,-0.));
#706=DIRECTION('',(-1.,0.,0.));
#707=AXIS2_PLACEMENT_3D('',#704,#705,#706);
#708=CIRCLE('',#707,0.4);
#709=EDGE_CURVE('',#695,#703,#708,.T.);
#710=ORIENTED_EDGE('',*,*,#709,.T.);
#711=CARTESIAN_POINT('',(30.329834782,2.026975352,19.311198165));
#712=VERTEX_POINT('',#711);
#713=CARTESIAN_POINT('',(29.930146053,2.026975352,19.326975352));
#714=DIRECTION('',(-0.,1.,-0.));
#715=DIRECTION('',(-1.,0.,0.));
#716=AXIS2_PLACEMENT_3D('',#713,#714,#715);
#717=CIRCLE('',#716,0.4);
#718=EDGE_CURVE('',#703,#712,#717,.T.);
#719=ORIENTED_EDGE('',*,*,#718,.T.);
#720=CARTESIAN_POINT('',(29.98641373,2.026975352,10.611198165));
#721=VERTEX_POINT('',#720);
#722=CARTESIAN_POINT('',(30.329834782,2.026975352,19.311198165));
#723=DIRECTION('',(-0.039442967,-0.,-0.999221823));
#724=VECTOR('',#723,8.706775409);
#725=LINE('',#722,#724);
#726=EDGE_CURVE('',#712,#721,#725,.T.);
#727=ORIENTED_EDGE('',*,*,#726,.T.);
#728=CARTESIAN_POINT('',(29.586725,2.026975352,10.226975352));
#729=VERTEX_POINT('',#728);
#730=CARTESIAN_POINT('',(29.586725,2.026975352,10.626975352));
#731=DIRECTION('',(-0.,1.,-0.));
#732=DIRECTION('',(-1.,0.,0.));
#733=AXIS2_PLACEMENT_3D('',#730,#731,#732);
#734=CIRCLE('',#733,0.4);
#735=EDGE_CURVE('',#721,#729,#734,.T.);
#736=ORIENTED_EDGE('',*,*,#735,.T.);
#737=CARTESIAN_POINT('',(20.97124704,2.026975352,10.226975352));
#738=VERTEX_POINT('',#737);
#739=CARTESIAN_POINT('',(29.586725,2.026975352,10.226975352));
#740=DIRECTION('',(-1.,-0.,-0.));
#741=VECTOR('',#740,8.615477961);
#742=LINE('',#739,#741);
#743=EDGE_CURVE('',#729,#738,#742,.T.);
#744=ORIENTED_EDGE('',*,*,#743,.T.);
#745=CARTESIAN_POINT('',(20.97124704,2.026975352,13.726975352));
#746=VERTEX_POINT('',#745);
#747=CARTESIAN_POINT('',(20.97124704,2.026975352,13.726975352));
#748=DIRECTION('',(-0.,-0.,-1.));
#749=VECTOR('',#748,3.5);
#750=LINE('',#747,#749);
#751=EDGE_CURVE('',#746,#738,#750,.T.);
#752=ORIENTED_EDGE('',*,*,#751,.F.);
#753=CARTESIAN_POINT('',(20.97124704,2.026975352,13.726975352));
#754=DIRECTION('',(-1.,0.,0.));
#755=VECTOR('',#754,1.5);
#756=LINE('',#753,#755);
#757=EDGE_CURVE('',#746,#653,#756,.T.);
#758=ORIENTED_EDGE('',*,*,#757,.T.);
#759=EDGE_LOOP('',(#659,#667,#676,#684,#693,#701,#710,#719,#727,#736,#744,#752,#758));
#760=FACE_BOUND('',#759,.T.);
#761=ADVANCED_FACE('',(#760),#649,.F.);
#762=CARTESIAN_POINT('',(300.34624704,0.276975352,22.726975352));
#763=DIRECTION('',(0.,-1.,0.));
#764=DIRECTION('',(-1.,0.,0.));
#765=AXIS2_PLACEMENT_3D('',#762,#763,#764);
#766=PLANE('',#765);
#767=CARTESIAN_POINT('',(13.34624704,0.276975352,12.276975352));
#768=VERTEX_POINT('',#767);
#769=CARTESIAN_POINT('',(13.34624704,0.276975352,18.576975352));
#770=VERTEX_POINT('',#769);
#771=CARTESIAN_POINT('',(13.34624704,0.276975352,12.276975352));
#772=DIRECTION('',(0.,0.,1.));
#773=VECTOR('',#772,6.3);
#774=LINE('',#771,#773);
#775=EDGE_CURVE('',#768,#770,#774,.T.);
#776=ORIENTED_EDGE('',*,*,#775,.F.);
#777=CARTESIAN_POINT('',(12.94624704,0.276975352,11.876975352));
#778=VERTEX_POINT('',#777);
#779=CARTESIAN_POINT('',(12.94624704,0.276975352,12.276975352));
#780=DIRECTION('',(-0.,1.,-0.));
#781=DIRECTION('',(-1.,0.,0.));
#782=AXIS2_PLACEMENT_3D('',#779,#780,#781);
#783=CIRCLE('',#782,0.4);
#784=EDGE_CURVE('',#768,#778,#783,.T.);
#785=ORIENTED_EDGE('',*,*,#784,.T.);
#786=CARTESIAN_POINT('',(12.74624704,0.276975352,11.876975352));
#787=VERTEX_POINT('',#786);
#788=CARTESIAN_POINT('',(12.94624704,0.276975352,11.876975352));
#789=DIRECTION('',(-1.,0.,0.));
#790=VECTOR('',#789,0.2);
#791=LINE('',#788,#790);
#792=EDGE_CURVE('',#778,#787,#791,.T.);
#793=ORIENTED_EDGE('',*,*,#792,.T.);
#794=CARTESIAN_POINT('',(12.34624704,0.276975352,12.276975352));
#795=VERTEX_POINT('',#794);
#796=CARTESIAN_POINT('',(12.74624704,0.276975352,12.276975352));
#797=DIRECTION('',(-0.,1.,-0.));
#798=DIRECTION('',(-1.,0.,0.));
#799=AXIS2_PLACEMENT_3D('',#796,#797,#798);
#800=CIRCLE('',#799,0.4);
#801=EDGE_CURVE('',#787,#795,#800,.T.);
#802=ORIENTED_EDGE('',*,*,#801,.T.);
#803=CARTESIAN_POINT('',(12.34624704,0.276975352,18.576975352));
#804=VERTEX_POINT('',#803);
#805=CARTESIAN_POINT('',(12.34624704,0.276975352,18.576975352));
#806=DIRECTION('',(-0.,-0.,-1.));
#807=VECTOR('',#806,6.3);
#808=LINE('',#805,#807);
#809=EDGE_CURVE('',#804,#795,#808,.T.);
#810=ORIENTED_EDGE('',*,*,#809,.F.);
#811=CARTESIAN_POINT('',(12.74624704,0.276975352,18.976975352));
#812=VERTEX_POINT('',#811);
#813=CARTESIAN_POINT('',(12.74624704,0.276975352,18.576975352));
#814=DIRECTION('',(-0.,1.,-0.));
#815=DIRECTION('',(-1.,0.,0.));
#816=AXIS2_PLACEMENT_3D('',#813,#814,#815);
#817=CIRCLE('',#816,0.4);
#818=EDGE_CURVE('',#804,#812,#817,.T.);
#819=ORIENTED_EDGE('',*,*,#818,.T.);
#820=CARTESIAN_POINT('',(12.94624704,0.276975352,18.976975352));
#821=VERTEX_POINT('',#820);
#822=CARTESIAN_POINT('',(12.94624704,0.276975352,18.976975352));
#823=DIRECTION('',(-1.,0.,0.));
#824=VECTOR('',#823,0.2);
#825=LINE('',#822,#824);
#826=EDGE_CURVE('',#821,#812,#825,.T.);
#827=ORIENTED_EDGE('',*,*,#826,.F.);
#828=CARTESIAN_POINT('',(12.94624704,0.276975352,18.576975352));
#829=DIRECTION('',(-0.,1.,-0.));
#830=DIRECTION('',(-1.,0.,0.));
#831=AXIS2_PLACEMENT_3D('',#828,#829,#830);
#832=CIRCLE('',#831,0.4);
#833=EDGE_CURVE('',#821,#770,#832,.T.);
#834=ORIENTED_EDGE('',*,*,#833,.T.);
#835=EDGE_LOOP('',(#776,#785,#793,#802,#810,#819,#827,#834));
#836=FACE_BOUND('',#835,.T.);
#837=CARTESIAN_POINT('',(21.34624704,0.276975352,13.626975352));
#838=VERTEX_POINT('',#837);
#839=CARTESIAN_POINT('',(21.34624704,0.276975352,17.226975352));
#840=VERTEX_POINT('',#839);
#841=CARTESIAN_POINT('',(21.34624704,0.276975352,13.626975352));
#842=DIRECTION('',(0.,0.,1.));
#843=VECTOR('',#842,3.6);
#844=LINE('',#841,#843);
#845=EDGE_CURVE('',#838,#840,#844,.T.);
#846=ORIENTED_EDGE('',*,*,#845,.F.);
#847=CARTESIAN_POINT('',(18.34624704,0.276975352,15.726975352));
#848=VERTEX_POINT('',#847);
#849=CARTESIAN_POINT('',(18.34624704,0.276975352,15.726975352));
#850=DIRECTION('',(0.819231921,-0.,-0.573462344));
#851=VECTOR('',#850,3.661966685);
#852=LINE('',#849,#851);
#853=EDGE_CURVE('',#848,#838,#852,.T.);
#854=ORIENTED_EDGE('',*,*,#853,.F.);
#855=CARTESIAN_POINT('',(21.34624704,0.276975352,17.226975352));
#856=DIRECTION('',(-0.894427191,-0.,-0.447213595));
#857=VECTOR('',#856,3.354101966);
#858=LINE('',#855,#857);
#859=EDGE_CURVE('',#840,#848,#858,.T.);
#860=ORIENTED_EDGE('',*,*,#859,.F.);
#861=EDGE_LOOP('',(#846,#854,#860));
#862=FACE_BOUND('',#861,.T.);
#863=CARTESIAN_POINT('',(11.462146197,0.276975352,11.335688003));
#864=VERTEX_POINT('',#863);
#865=CARTESIAN_POINT('',(11.104588058,0.276975352,19.535688003));
#866=VERTEX_POINT('',#865);
#867=CARTESIAN_POINT('',(11.462146197,0.276975352,11.335688003));
#868=DIRECTION('',(-0.043563256,0.,0.999050671));
#869=VECTOR('',#868,8.207791897);
#870=LINE('',#867,#869);
#871=EDGE_CURVE('',#864,#866,#870,.T.);
#872=ORIENTED_EDGE('',*,*,#871,.F.);
#873=CARTESIAN_POINT('',(11.462336063,0.276975352,11.326975352));
#874=VERTEX_POINT('',#873);
#875=CARTESIAN_POINT('',(11.262336063,0.276975352,11.326975352));
#876=DIRECTION('',(-0.,1.,-0.));
#877=DIRECTION('',(-1.,0.,0.));
#878=AXIS2_PLACEMENT_3D('',#875,#876,#877);
#879=CIRCLE('',#878,0.2);
#880=EDGE_CURVE('',#864,#874,#879,.T.);
#881=ORIENTED_EDGE('',*,*,#880,.T.);
#882=CARTESIAN_POINT('',(11.262336063,0.276975352,11.126975352));
#883=VERTEX_POINT('',#882);
#884=CARTESIAN_POINT('',(11.262336063,0.276975352,11.326975352));
#885=DIRECTION('',(-0.,1.,-0.));
#886=DIRECTION('',(-1.,0.,0.));
#887=AXIS2_PLACEMENT_3D('',#884,#885,#886);
#888=CIRCLE('',#887,0.2);
#889=EDGE_CURVE('',#874,#883,#888,.T.);
#890=ORIENTED_EDGE('',*,*,#889,.T.);
#891=CARTESIAN_POINT('',(24.97124704,0.276975352,11.126975352));
#892=VERTEX_POINT('',#891);
#893=CARTESIAN_POINT('',(24.97124704,0.276975352,11.126975352));
#894=DIRECTION('',(-1.,-0.,-0.));
#895=VECTOR('',#894,13.708910976);
#896=LINE('',#893,#895);
#897=EDGE_CURVE('',#892,#883,#896,.T.);
#898=ORIENTED_EDGE('',*,*,#897,.F.);
#899=CARTESIAN_POINT('',(25.34624704,0.276975352,19.726975352));
#900=VERTEX_POINT('',#899);
#901=CARTESIAN_POINT('',(25.34624704,0.276975352,19.726975352));
#902=DIRECTION('',(-0.043563256,-0.,-0.999050671));
#903=VECTOR('',#902,8.608171989);
#904=LINE('',#901,#903);
#905=EDGE_CURVE('',#900,#892,#904,.T.);
#906=ORIENTED_EDGE('',*,*,#905,.F.);
#907=CARTESIAN_POINT('',(10.904777924,0.276975352,19.726975352));
#908=VERTEX_POINT('',#907);
#909=CARTESIAN_POINT('',(25.34624704,0.276975352,19.726975352));
#910=DIRECTION('',(-1.,-0.,-0.));
#911=VECTOR('',#910,14.441469116);
#912=LINE('',#909,#911);
#913=EDGE_CURVE('',#900,#908,#912,.T.);
#914=ORIENTED_EDGE('',*,*,#913,.T.);
#915=CARTESIAN_POINT('',(10.904777924,0.276975352,19.526975352));
#916=DIRECTION('',(-0.,1.,-0.));
#917=DIRECTION('',(-1.,0.,0.));
#918=AXIS2_PLACEMENT_3D('',#915,#916,#917);
#919=CIRCLE('',#918,0.2);
#920=EDGE_CURVE('',#908,#866,#919,.T.);
#921=ORIENTED_EDGE('',*,*,#920,.T.);
#922=EDGE_LOOP('',(#872,#881,#890,#898,#906,#914,#921));
#923=FACE_BOUND('',#922,.T.);
#924=CARTESIAN_POINT('',(17.34624704,0.276975352,12.276975352));
#925=VERTEX_POINT('',#924);
#926=CARTESIAN_POINT('',(17.34624704,0.276975352,18.576975352));
#927=VERTEX_POINT('',#926);
#928=CARTESIAN_POINT('',(17.34624704,0.276975352,12.276975352));
#929=DIRECTION('',(0.,0.,1.));
#930=VECTOR('',#929,6.3);
#931=LINE('',#928,#930);
#932=EDGE_CURVE('',#925,#927,#931,.T.);
#933=ORIENTED_EDGE('',*,*,#932,.F.);
#934=CARTESIAN_POINT('',(16.94624704,0.276975352,11.876975352));
#935=VERTEX_POINT('',#934);
#936=CARTESIAN_POINT('',(16.94624704,0.276975352,12.276975352));
#937=DIRECTION('',(-0.,1.,-0.));
#938=DIRECTION('',(-1.,0.,0.));
#939=AXIS2_PLACEMENT_3D('',#936,#937,#938);
#940=CIRCLE('',#939,0.4);
#941=EDGE_CURVE('',#925,#935,#940,.T.);
#942=ORIENTED_EDGE('',*,*,#941,.T.);
#943=CARTESIAN_POINT('',(16.74624704,0.276975352,11.876975352));
#944=VERTEX_POINT('',#943);
#945=CARTESIAN_POINT('',(16.74624704,0.276975352,11.876975352));
#946=DIRECTION('',(1.,-0.,-0.));
#947=VECTOR('',#946,0.2);
#948=LINE('',#945,#947);
#949=EDGE_CURVE('',#944,#935,#948,.T.);
#950=ORIENTED_EDGE('',*,*,#949,.F.);
#951=CARTESIAN_POINT('',(16.34624704,0.276975352,12.276975352));
#952=VERTEX_POINT('',#951);
#953=CARTESIAN_POINT('',(16.74624704,0.276975352,12.276975352));
#954=DIRECTION('',(-0.,1.,-0.));
#955=DIRECTION('',(-1.,0.,0.));
#956=AXIS2_PLACEMENT_3D('',#953,#954,#955);
#957=CIRCLE('',#956,0.4);
#958=EDGE_CURVE('',#944,#952,#957,.T.);
#959=ORIENTED_EDGE('',*,*,#958,.T.);
#960=CARTESIAN_POINT('',(16.34624704,0.276975352,18.576975352));
#961=VERTEX_POINT('',#960);
#962=CARTESIAN_POINT('',(16.34624704,0.276975352,18.576975352));
#963=DIRECTION('',(-0.,-0.,-1.));
#964=VECTOR('',#963,6.3);
#965=LINE('',#962,#964);
#966=EDGE_CURVE('',#961,#952,#965,.T.);
#967=ORIENTED_EDGE('',*,*,#966,.F.);
#968=CARTESIAN_POINT('',(16.74624704,0.276975352,18.976975352));
#969=VERTEX_POINT('',#968);
#970=CARTESIAN_POINT('',(16.74624704,0.276975352,18.576975352));
#971=DIRECTION('',(-0.,1.,-0.));
#972=DIRECTION('',(-1.,0.,0.));
#973=AXIS2_PLACEMENT_3D('',#970,#971,#972);
#974=CIRCLE('',#973,0.4);
#975=EDGE_CURVE('',#961,#969,#974,.T.);
#976=ORIENTED_EDGE('',*,*,#975,.T.);
#977=CARTESIAN_POINT('',(16.94624704,0.276975352,18.976975352));
#978=VERTEX_POINT('',#977);
#979=CARTESIAN_POINT('',(16.94624704,0.276975352,18.976975352));
#980=DIRECTION('',(-1.,0.,0.));
#981=VECTOR('',#980,0.2);
#982=LINE('',#979,#981);
#983=EDGE_CURVE('',#978,#969,#982,.T.);
#984=ORIENTED_EDGE('',*,*,#983,.F.);
#985=CARTESIAN_POINT('',(16.94624704,0.276975352,18.576975352));
#986=DIRECTION('',(-0.,1.,-0.));
#987=DIRECTION('',(-1.,0.,0.));
#988=AXIS2_PLACEMENT_3D('',#985,#986,#987);
#989=CIRCLE('',#988,0.4);
#990=EDGE_CURVE('',#978,#927,#989,.T.);
#991=ORIENTED_EDGE('',*,*,#990,.T.);
#992=EDGE_LOOP('',(#933,#942,#950,#959,#967,#976,#984,#991));
#993=FACE_BOUND('',#992,.T.);
#994=CARTESIAN_POINT('',(15.34624704,0.276975352,12.276975352));
#995=VERTEX_POINT('',#994);
#996=CARTESIAN_POINT('',(15.34624704,0.276975352,18.576975352));
#997=VERTEX_POINT('',#996);
#998=CARTESIAN_POINT('',(15.34624704,0.276975352,12.276975352));
#999=DIRECTION('',(0.,0.,1.));
#1000=VECTOR('',#999,6.3);
#1001=LINE('',#998,#1000);
#1002=EDGE_CURVE('',#995,#997,#1001,.T.);
#1003=ORIENTED_EDGE('',*,*,#1002,.F.);
#1004=CARTESIAN_POINT('',(14.94624704,0.276975352,11.876975352));
#1005=VERTEX_POINT('',#1004);
#1006=CARTESIAN_POINT('',(14.94624704,0.276975352,12.276975352));
#1007=DIRECTION('',(-0.,1.,-0.));
#1008=DIRECTION('',(-1.,0.,0.));
#1009=AXIS2_PLACEMENT_3D('',#1006,#1007,#1008);
#1010=CIRCLE('',#1009,0.4);
#1011=EDGE_CURVE('',#995,#1005,#1010,.T.);
#1012=ORIENTED_EDGE('',*,*,#1011,.T.);
#1013=CARTESIAN_POINT('',(14.74624704,0.276975352,11.876975352));
#1014=VERTEX_POINT('',#1013);
#1015=CARTESIAN_POINT('',(14.74624704,0.276975352,11.876975352));
#1016=DIRECTION('',(1.,-0.,-0.));
#1017=VECTOR('',#1016,0.2);
#1018=LINE('',#1015,#1017);
#1019=EDGE_CURVE('',#1014,#1005,#1018,.T.);
#1020=ORIENTED_EDGE('',*,*,#1019,.F.);
#1021=CARTESIAN_POINT('',(14.34624704,0.276975352,12.276975352));
#1022=VERTEX_POINT('',#1021);
#1023=CARTESIAN_POINT('',(14.74624704,0.276975352,12.276975352));
#1024=DIRECTION('',(-0.,1.,-0.));
#1025=DIRECTION('',(-1.,0.,0.));
#1026=AXIS2_PLACEMENT_3D('',#1023,#1024,#1025);
#1027=CIRCLE('',#1026,0.4);
#1028=EDGE_CURVE('',#1014,#1022,#1027,.T.);
#1029=ORIENTED_EDGE('',*,*,#1028,.T.);
#1030=CARTESIAN_POINT('',(14.34624704,0.276975352,18.576975352));
#1031=VERTEX_POINT('',#1030);
#1032=CARTESIAN_POINT('',(14.34624704,0.276975352,18.576975352));
#1033=DIRECTION('',(-0.,-0.,-1.));
#1034=VECTOR('',#1033,6.3);
#1035=LINE('',#1032,#1034);
#1036=EDGE_CURVE('',#1031,#1022,#1035,.T.);
#1037=ORIENTED_EDGE('',*,*,#1036,.F.);
#1038=CARTESIAN_POINT('',(14.74624704,0.276975352,18.976975352));
#1039=VERTEX_POINT('',#1038);
#1040=CARTESIAN_POINT('',(14.74624704,0.276975352,18.576975352));
#1041=DIRECTION('',(-0.,1.,-0.));
#1042=DIRECTION('',(-1.,0.,0.));
#1043=AXIS2_PLACEMENT_3D('',#1040,#1041,#1042);
#1044=CIRCLE('',#1043,0.4);
#1045=EDGE_CURVE('',#1031,#1039,#1044,.T.);
#1046=ORIENTED_EDGE('',*,*,#1045,.T.);
#1047=CARTESIAN_POINT('',(14.94624704,0.276975352,18.976975352));
#1048=VERTEX_POINT('',#1047);
#1049=CARTESIAN_POINT('',(14.94624704,0.276975352,18.976975352));
#1050=DIRECTION('',(-1.,0.,0.));
#1051=VECTOR('',#1050,0.2);
#1052=LINE('',#1049,#1051);
#1053=EDGE_CURVE('',#1048,#1039,#1052,.T.);
#1054=ORIENTED_EDGE('',*,*,#1053,.F.);
#1055=CARTESIAN_POINT('',(14.94624704,0.276975352,18.576975352));
#1056=DIRECTION('',(-0.,1.,-0.));
#1057=DIRECTION('',(-1.,0.,0.));
#1058=AXIS2_PLACEMENT_3D('',#1055,#1056,#1057);
#1059=CIRCLE('',#1058,0.4);
#1060=EDGE_CURVE('',#1048,#997,#1059,.T.);
#1061=ORIENTED_EDGE('',*,*,#1060,.T.);
#1062=EDGE_LOOP('',(#1003,#1012,#1020,#1029,#1037,#1046,#1054,#1061));
#1063=FACE_BOUND('',#1062,.T.);
#1064=ADVANCED_FACE('',(#836,#862,#923,#993,#1063),#766,.T.);
#1065=CARTESIAN_POINT('',(300.34624704,1.176975352,22.726975352));
#1066=DIRECTION('',(0.,-1.,0.));
#1067=DIRECTION('',(-1.,0.,0.));
#1068=AXIS2_PLACEMENT_3D('',#1065,#1066,#1067);
#1069=PLANE('',#1068);
#1070=CARTESIAN_POINT('',(5.012348026,1.176975352,19.726975352));
#1071=VERTEX_POINT('',#1070);
#1072=CARTESIAN_POINT('',(9.805158016,1.176975352,19.726975352));
#1073=VERTEX_POINT('',#1072);
#1074=CARTESIAN_POINT('',(5.012348026,1.176975352,19.726975352));
#1075=DIRECTION('',(1.,0.,0.));
#1076=VECTOR('',#1075,4.79280999);
#1077=LINE('',#1074,#1076);
#1078=EDGE_CURVE('',#1071,#1073,#1077,.T.);
#1079=ORIENTED_EDGE('',*,*,#1078,.F.);
#1080=CARTESIAN_POINT('',(4.612659297,1.176975352,19.311198165));
#1081=VERTEX_POINT('',#1080);
#1082=CARTESIAN_POINT('',(5.012348026,1.176975352,19.326975352));
#1083=DIRECTION('',(0.,-1.,0.));
#1084=DIRECTION('',(-1.,0.,0.));
#1085=AXIS2_PLACEMENT_3D('',#1082,#1083,#1084);
#1086=CIRCLE('',#1085,0.4);
#1087=EDGE_CURVE('',#1071,#1081,#1086,.T.);
#1088=ORIENTED_EDGE('',*,*,#1087,.T.);
#1089=CARTESIAN_POINT('',(4.95608035,1.176975352,10.611198165));
#1090=VERTEX_POINT('',#1089);
#1091=CARTESIAN_POINT('',(4.95608035,1.176975352,10.611198165));
#1092=DIRECTION('',(-0.039442967,0.,0.999221823));
#1093=VECTOR('',#1092,8.706775409);
#1094=LINE('',#1091,#1093);
#1095=EDGE_CURVE('',#1090,#1081,#1094,.T.);
#1096=ORIENTED_EDGE('',*,*,#1095,.F.);
#1097=CARTESIAN_POINT('',(5.355769079,1.176975352,10.226975352));
#1098=VERTEX_POINT('',#1097);
#1099=CARTESIAN_POINT('',(5.355769079,1.176975352,10.626975352));
#1100=DIRECTION('',(0.,-1.,0.));
#1101=DIRECTION('',(-1.,0.,0.));
#1102=AXIS2_PLACEMENT_3D('',#1099,#1100,#1101);
#1103=CIRCLE('',#1102,0.4);
#1104=EDGE_CURVE('',#1090,#1098,#1103,.T.);
#1105=ORIENTED_EDGE('',*,*,#1104,.T.);
#1106=CARTESIAN_POINT('',(29.586725,1.176975352,10.226975352));
#1107=VERTEX_POINT('',#1106);
#1108=CARTESIAN_POINT('',(29.586725,1.176975352,10.226975352));
#1109=DIRECTION('',(-1.,-0.,-0.));
#1110=VECTOR('',#1109,24.230955921);
#1111=LINE('',#1108,#1110);
#1112=EDGE_CURVE('',#1107,#1098,#1111,.T.);
#1113=ORIENTED_EDGE('',*,*,#1112,.F.);
#1114=CARTESIAN_POINT('',(29.98641373,1.176975352,10.611198165));
#1115=VERTEX_POINT('',#1114);
#1116=CARTESIAN_POINT('',(29.586725,1.176975352,10.626975352));
#1117=DIRECTION('',(0.,-1.,0.));
#1118=DIRECTION('',(-1.,0.,0.));
#1119=AXIS2_PLACEMENT_3D('',#1116,#1117,#1118);
#1120=CIRCLE('',#1119,0.4);
#1121=EDGE_CURVE('',#1107,#1115,#1120,.T.);
#1122=ORIENTED_EDGE('',*,*,#1121,.T.);
#1123=CARTESIAN_POINT('',(30.329834782,1.176975352,19.311198165));
#1124=VERTEX_POINT('',#1123);
#1125=CARTESIAN_POINT('',(30.329834782,1.176975352,19.311198165));
#1126=DIRECTION('',(-0.039442967,-0.,-0.999221823));
#1127=VECTOR('',#1126,8.706775409);
#1128=LINE('',#1125,#1127);
#1129=EDGE_CURVE('',#1124,#1115,#1128,.T.);
#1130=ORIENTED_EDGE('',*,*,#1129,.F.);
#1131=CARTESIAN_POINT('',(30.330146053,1.176975352,19.326975352));
#1132=VERTEX_POINT('',#1131);
#1133=CARTESIAN_POINT('',(29.930146053,1.176975352,19.326975352));
#1134=DIRECTION('',(0.,-1.,0.));
#1135=DIRECTION('',(-1.,0.,0.));
#1136=AXIS2_PLACEMENT_3D('',#1133,#1134,#1135);
#1137=CIRCLE('',#1136,0.4);
#1138=EDGE_CURVE('',#1124,#1132,#1137,.T.);
#1139=ORIENTED_EDGE('',*,*,#1138,.T.);
#1140=CARTESIAN_POINT('',(29.930146053,1.176975352,19.726975352));
#1141=VERTEX_POINT('',#1140);
#1142=CARTESIAN_POINT('',(29.930146053,1.176975352,19.326975352));
#1143=DIRECTION('',(0.,-1.,0.));
#1144=DIRECTION('',(-1.,0.,0.));
#1145=AXIS2_PLACEMENT_3D('',#1142,#1143,#1144);
#1146=CIRCLE('',#1145,0.4);
#1147=EDGE_CURVE('',#1132,#1141,#1146,.T.);
#1148=ORIENTED_EDGE('',*,*,#1147,.T.);
#1149=CARTESIAN_POINT('',(25.34624704,1.176975352,19.726975352));
#1150=VERTEX_POINT('',#1149);
#1151=CARTESIAN_POINT('',(25.34624704,1.176975352,19.726975352));
#1152=DIRECTION('',(1.,0.,0.));
#1153=VECTOR('',#1152,4.583899013);
#1154=LINE('',#1151,#1153);
#1155=EDGE_CURVE('',#1150,#1141,#1154,.T.);
#1156=ORIENTED_EDGE('',*,*,#1155,.F.);
#1157=CARTESIAN_POINT('',(24.97124704,1.176975352,11.126975352));
#1158=VERTEX_POINT('',#1157);
#1159=CARTESIAN_POINT('',(25.34624704,1.176975352,19.726975352));
#1160=DIRECTION('',(-0.043563256,-0.,-0.999050671));
#1161=VECTOR('',#1160,8.608171989);
#1162=LINE('',#1159,#1161);
#1163=EDGE_CURVE('',#1150,#1158,#1162,.T.);
#1164=ORIENTED_EDGE('',*,*,#1163,.T.);
#1165=CARTESIAN_POINT('',(10.162716156,1.176975352,11.126975352));
#1166=VERTEX_POINT('',#1165);
#1167=CARTESIAN_POINT('',(24.97124704,1.176975352,11.126975352));
#1168=DIRECTION('',(-1.,-0.,-0.));
#1169=VECTOR('',#1168,14.808530884);
#1170=LINE('',#1167,#1169);
#1171=EDGE_CURVE('',#1158,#1166,#1170,.T.);
#1172=ORIENTED_EDGE('',*,*,#1171,.T.);
#1173=CARTESIAN_POINT('',(9.962906022,1.176975352,11.3182627));
#1174=VERTEX_POINT('',#1173);
#1175=CARTESIAN_POINT('',(10.162716156,1.176975352,11.326975352));
#1176=DIRECTION('',(-0.,1.,-0.));
#1177=DIRECTION('',(-1.,0.,0.));
#1178=AXIS2_PLACEMENT_3D('',#1175,#1176,#1177);
#1179=CIRCLE('',#1178,0.2);
#1180=EDGE_CURVE('',#1166,#1174,#1179,.T.);
#1181=ORIENTED_EDGE('',*,*,#1180,.T.);
#1182=CARTESIAN_POINT('',(9.605347882,1.176975352,19.5182627));
#1183=VERTEX_POINT('',#1182);
#1184=CARTESIAN_POINT('',(9.962906022,1.176975352,11.3182627));
#1185=DIRECTION('',(-0.043563256,0.,0.999050671));
#1186=VECTOR('',#1185,8.207791897);
#1187=LINE('',#1184,#1186);
#1188=EDGE_CURVE('',#1174,#1183,#1187,.T.);
#1189=ORIENTED_EDGE('',*,*,#1188,.T.);
#1190=CARTESIAN_POINT('',(9.805158016,1.176975352,19.526975352));
#1191=DIRECTION('',(-0.,1.,-0.));
#1192=DIRECTION('',(-1.,0.,0.));
#1193=AXIS2_PLACEMENT_3D('',#1190,#1191,#1192);
#1194=CIRCLE('',#1193,0.2);
#1195=EDGE_CURVE('',#1183,#1073,#1194,.T.);
#1196=ORIENTED_EDGE('',*,*,#1195,.T.);
#1197=EDGE_LOOP('',(#1079,#1088,#1096,#1105,#1113,#1122,#1130,#1139,#1148,#1156,#1164,#1172,#1181,#1189,#1196));
#1198=FACE_BOUND('',#1197,.T.);
#1199=ADVANCED_FACE('',(#1198),#1069,.T.);
#1200=CARTESIAN_POINT('',(4.93812258,2.026975352,11.066128333));
#1201=DIRECTION('',(-0.999221823,-0.,-0.039442967));
#1202=DIRECTION('',(0.039442967,-0.,-0.999221823));
#1203=AXIS2_PLACEMENT_3D('',#1200,#1201,#1202);
#1204=PLANE('',#1203);
#1205=ORIENTED_EDGE('',*,*,#1095,.T.);
#1206=CARTESIAN_POINT('',(4.612659297,1.176975352,19.311198165));
#1207=DIRECTION('',(0.,1.,-0.));
#1208=VECTOR('',#1207,0.85);
#1209=LINE('',#1206,#1208);
#1210=EDGE_CURVE('',#1081,#678,#1209,.T.);
#1211=ORIENTED_EDGE('',*,*,#1210,.T.);
#1212=ORIENTED_EDGE('',*,*,#683,.F.);
#1213=CARTESIAN_POINT('',(4.95608035,2.026975352,10.611198165));
#1214=DIRECTION('',(-0.,-1.,0.));
#1215=VECTOR('',#1214,0.85);
#1216=LINE('',#1213,#1215);
#1217=EDGE_CURVE('',#669,#1090,#1216,.T.);
#1218=ORIENTED_EDGE('',*,*,#1217,.T.);
#1219=EDGE_LOOP('',(#1205,#1211,#1212,#1218));
#1220=FACE_BOUND('',#1219,.T.);
#1221=ADVANCED_FACE('',(#1220),#1204,.T.);
#1222=CARTESIAN_POINT('',(17.47124704,1.176975352,10.226975352));
#1223=DIRECTION('',(0.,-0.,-1.));
#1224=DIRECTION('',(1.,0.,0.));
#1225=AXIS2_PLACEMENT_3D('',#1222,#1223,#1224);
#1226=PLANE('',#1225);
#1227=ORIENTED_EDGE('',*,*,#743,.F.);
#1228=CARTESIAN_POINT('',(29.586725,2.026975352,10.226975352));
#1229=DIRECTION('',(-0.,-1.,0.));
#1230=VECTOR('',#1229,0.85);
#1231=LINE('',#1228,#1230);
#1232=EDGE_CURVE('',#729,#1107,#1231,.T.);
#1233=ORIENTED_EDGE('',*,*,#1232,.T.);
#1234=ORIENTED_EDGE('',*,*,#1112,.T.);
#1235=CARTESIAN_POINT('',(5.355769079,1.176975352,10.226975352));
#1236=DIRECTION('',(0.,1.,-0.));
#1237=VECTOR('',#1236,0.85);
#1238=LINE('',#1235,#1237);
#1239=EDGE_CURVE('',#1098,#661,#1238,.T.);
#1240=ORIENTED_EDGE('',*,*,#1239,.T.);
#1241=ORIENTED_EDGE('',*,*,#666,.F.);
#1242=CARTESIAN_POINT('',(19.47124704,6.226975352,10.226975352));
#1243=VERTEX_POINT('',#1242);
#1244=CARTESIAN_POINT('',(19.47124704,6.226975352,10.226975352));
#1245=DIRECTION('',(0.,-1.,0.));
#1246=VECTOR('',#1245,4.2);
#1247=LINE('',#1244,#1246);
#1248=EDGE_CURVE('',#1243,#651,#1247,.T.);
#1249=ORIENTED_EDGE('',*,*,#1248,.F.);
#1250=CARTESIAN_POINT('',(20.97124704,6.226975352,10.226975352));
#1251=VERTEX_POINT('',#1250);
#1252=CARTESIAN_POINT('',(20.97124704,6.226975352,10.226975352));
#1253=DIRECTION('',(-1.,-0.,-0.));
#1254=VECTOR('',#1253,1.5);
#1255=LINE('',#1252,#1254);
#1256=EDGE_CURVE('',#1251,#1243,#1255,.T.);
#1257=ORIENTED_EDGE('',*,*,#1256,.F.);
#1258=CARTESIAN_POINT('',(20.97124704,6.226975352,10.226975352));
#1259=DIRECTION('',(0.,-1.,0.));
#1260=VECTOR('',#1259,4.2);
#1261=LINE('',#1258,#1260);
#1262=EDGE_CURVE('',#1251,#738,#1261,.T.);
#1263=ORIENTED_EDGE('',*,*,#1262,.T.);
#1264=EDGE_LOOP('',(#1227,#1233,#1234,#1240,#1241,#1249,#1257,#1263));
#1265=FACE_BOUND('',#1264,.T.);
#1266=ADVANCED_FACE('',(#1265),#1226,.T.);
#1267=CARTESIAN_POINT('',(30.884535717,2.026975352,33.363621851));
#1268=DIRECTION('',(0.999221823,-0.,-0.039442967));
#1269=DIRECTION('',(0.039442967,0.,0.999221823));
#1270=AXIS2_PLACEMENT_3D('',#1267,#1268,#1269);
#1271=PLANE('',#1270);
#1272=ORIENTED_EDGE('',*,*,#726,.F.);
#1273=CARTESIAN_POINT('',(30.329834782,2.026975352,19.311198165));
#1274=DIRECTION('',(-0.,-1.,0.));
#1275=VECTOR('',#1274,0.85);
#1276=LINE('',#1273,#1275);
#1277=EDGE_CURVE('',#712,#1124,#1276,.T.);
#1278=ORIENTED_EDGE('',*,*,#1277,.T.);
#1279=ORIENTED_EDGE('',*,*,#1129,.T.);
#1280=CARTESIAN_POINT('',(29.98641373,1.176975352,10.611198165));
#1281=DIRECTION('',(0.,1.,-0.));
#1282=VECTOR('',#1281,0.85);
#1283=LINE('',#1280,#1282);
#1284=EDGE_CURVE('',#1115,#721,#1283,.T.);
#1285=ORIENTED_EDGE('',*,*,#1284,.T.);
#1286=EDGE_LOOP('',(#1272,#1278,#1279,#1285));
#1287=FACE_BOUND('',#1286,.T.);
#1288=ADVANCED_FACE('',(#1287),#1271,.T.);
#1289=CARTESIAN_POINT('',(17.47124704,1.176975352,19.726975352));
#1290=DIRECTION('',(-0.,0.,1.));
#1291=DIRECTION('',(-1.,-0.,-0.));
#1292=AXIS2_PLACEMENT_3D('',#1289,#1290,#1291);
#1293=PLANE('',#1292);
#1294=ORIENTED_EDGE('',*,*,#700,.F.);
#1295=CARTESIAN_POINT('',(5.012348026,2.026975352,19.726975352));
#1296=DIRECTION('',(-0.,-1.,0.));
#1297=VECTOR('',#1296,0.85);
#1298=LINE('',#1295,#1297);
#1299=EDGE_CURVE('',#686,#1071,#1298,.T.);
#1300=ORIENTED_EDGE('',*,*,#1299,.T.);
#1301=ORIENTED_EDGE('',*,*,#1078,.T.);
#1302=CARTESIAN_POINT('',(9.805158016,-1.523024648,19.726975352));
#1303=VERTEX_POINT('',#1302);
#1304=CARTESIAN_POINT('',(9.805158016,1.176975352,19.726975352));
#1305=DIRECTION('',(-0.,-1.,0.));
#1306=VECTOR('',#1305,2.7);
#1307=LINE('',#1304,#1306);
#1308=EDGE_CURVE('',#1073,#1303,#1307,.T.);
#1309=ORIENTED_EDGE('',*,*,#1308,.T.);
#1310=CARTESIAN_POINT('',(10.904777924,-1.523024648,19.726975352));
#1311=VERTEX_POINT('',#1310);
#1312=CARTESIAN_POINT('',(9.805158016,-1.523024648,19.726975352));
#1313=DIRECTION('',(1.,0.,0.));
#1314=VECTOR('',#1313,1.099619907);
#1315=LINE('',#1312,#1314);
#1316=EDGE_CURVE('',#1303,#1311,#1315,.T.);
#1317=ORIENTED_EDGE('',*,*,#1316,.T.);
#1318=CARTESIAN_POINT('',(10.904777924,-1.523024648,19.726975352));
#1319=DIRECTION('',(-0.,1.,-0.));
#1320=VECTOR('',#1319,1.8);
#1321=LINE('',#1318,#1320);
#1322=EDGE_CURVE('',#1311,#908,#1321,.T.);
#1323=ORIENTED_EDGE('',*,*,#1322,.T.);
#1324=ORIENTED_EDGE('',*,*,#913,.F.);
#1325=CARTESIAN_POINT('',(25.34624704,0.276975352,19.726975352));
#1326=DIRECTION('',(0.,1.,-0.));
#1327=VECTOR('',#1326,0.9);
#1328=LINE('',#1325,#1327);
#1329=EDGE_CURVE('',#900,#1150,#1328,.T.);
#1330=ORIENTED_EDGE('',*,*,#1329,.T.);
#1331=ORIENTED_EDGE('',*,*,#1155,.T.);
#1332=CARTESIAN_POINT('',(29.930146053,1.176975352,19.726975352));
#1333=DIRECTION('',(0.,1.,-0.));
#1334=VECTOR('',#1333,0.85);
#1335=LINE('',#1332,#1334);
#1336=EDGE_CURVE('',#1141,#695,#1335,.T.);
#1337=ORIENTED_EDGE('',*,*,#1336,.T.);
#1338=EDGE_LOOP('',(#1294,#1300,#1301,#1309,#1317,#1323,#1324,#1330,#1331,#1337));
#1339=FACE_BOUND('',#1338,.T.);
#1340=ADVANCED_FACE('',(#1339),#1293,.T.);
#1341=CARTESIAN_POINT('',(10.017454266,2.026975352,10.06728962));
#1342=DIRECTION('',(-0.999050671,-0.,-0.043563256));
#1343=DIRECTION('',(0.043563256,-0.,-0.999050671));
#1344=AXIS2_PLACEMENT_3D('',#1341,#1342,#1343);
#1345=PLANE('',#1344);
#1346=CARTESIAN_POINT('',(9.962906022,-1.523024648,11.3182627));
#1347=VERTEX_POINT('',#1346);
#1348=CARTESIAN_POINT('',(9.962906022,1.176975352,11.3182627));
#1349=DIRECTION('',(-0.,-1.,0.));
#1350=VECTOR('',#1349,2.7);
#1351=LINE('',#1348,#1350);
#1352=EDGE_CURVE('',#1174,#1347,#1351,.T.);
#1353=ORIENTED_EDGE('',*,*,#1352,.T.);
#1354=CARTESIAN_POINT('',(9.605347882,-1.523024648,19.5182627));
#1355=VERTEX_POINT('',#1354);
#1356=CARTESIAN_POINT('',(9.962906022,-1.523024648,11.3182627));
#1357=DIRECTION('',(-0.043563256,0.,0.999050671));
#1358=VECTOR('',#1357,8.207791897);
#1359=LINE('',#1356,#1358);
#1360=EDGE_CURVE('',#1347,#1355,#1359,.T.);
#1361=ORIENTED_EDGE('',*,*,#1360,.T.);
#1362=CARTESIAN_POINT('',(9.605347882,-1.523024648,19.5182627));
#1363=DIRECTION('',(0.,1.,-0.));
#1364=VECTOR('',#1363,2.7);
#1365=LINE('',#1362,#1364);
#1366=EDGE_CURVE('',#1355,#1183,#1365,.T.);
#1367=ORIENTED_EDGE('',*,*,#1366,.T.);
#1368=ORIENTED_EDGE('',*,*,#1188,.F.);
#1369=EDGE_LOOP('',(#1353,#1361,#1367,#1368));
#1370=FACE_BOUND('',#1369,.T.);
#1371=ADVANCED_FACE('',(#1370),#1345,.T.);
#1372=CARTESIAN_POINT('',(17.47124704,0.276975352,11.126975352));
#1373=DIRECTION('',(0.,-0.,-1.));
#1374=DIRECTION('',(1.,0.,0.));
#1375=AXIS2_PLACEMENT_3D('',#1372,#1373,#1374);
#1376=PLANE('',#1375);
#1377=CARTESIAN_POINT('',(11.262336063,-1.523024648,11.126975352));
#1378=VERTEX_POINT('',#1377);
#1379=CARTESIAN_POINT('',(11.262336063,0.276975352,11.126975352));
#1380=DIRECTION('',(0.,-1.,0.));
#1381=VECTOR('',#1380,1.8);
#1382=LINE('',#1379,#1381);
#1383=EDGE_CURVE('',#883,#1378,#1382,.T.);
#1384=ORIENTED_EDGE('',*,*,#1383,.T.);
#1385=CARTESIAN_POINT('',(10.162716156,-1.523024648,11.126975352));
#1386=VERTEX_POINT('',#1385);
#1387=CARTESIAN_POINT('',(11.262336063,-1.523024648,11.126975352));
#1388=DIRECTION('',(-1.,-0.,-0.));
#1389=VECTOR('',#1388,1.099619907);
#1390=LINE('',#1387,#1389);
#1391=EDGE_CURVE('',#1378,#1386,#1390,.T.);
#1392=ORIENTED_EDGE('',*,*,#1391,.T.);
#1393=CARTESIAN_POINT('',(10.162716156,-1.523024648,11.126975352));
#1394=DIRECTION('',(0.,1.,-0.));
#1395=VECTOR('',#1394,2.7);
#1396=LINE('',#1393,#1395);
#1397=EDGE_CURVE('',#1386,#1166,#1396,.T.);
#1398=ORIENTED_EDGE('',*,*,#1397,.T.);
#1399=ORIENTED_EDGE('',*,*,#1171,.F.);
#1400=CARTESIAN_POINT('',(24.97124704,0.276975352,11.126975352));
#1401=DIRECTION('',(0.,1.,-0.));
#1402=VECTOR('',#1401,0.9);
#1403=LINE('',#1400,#1402);
#1404=EDGE_CURVE('',#892,#1158,#1403,.T.);
#1405=ORIENTED_EDGE('',*,*,#1404,.F.);
#1406=ORIENTED_EDGE('',*,*,#897,.T.);
#1407=EDGE_LOOP('',(#1384,#1392,#1398,#1399,#1405,#1406));
#1408=FACE_BOUND('',#1407,.T.);
#1409=ADVANCED_FACE('',(#1408),#1376,.T.);
#1410=CARTESIAN_POINT('',(25.99869599,2.026975352,34.689804612));
#1411=DIRECTION('',(0.999050671,-0.,-0.043563256));
#1412=DIRECTION('',(0.043563256,0.,0.999050671));
#1413=AXIS2_PLACEMENT_3D('',#1410,#1411,#1412);
#1414=PLANE('',#1413);
#1415=ORIENTED_EDGE('',*,*,#1163,.F.);
#1416=ORIENTED_EDGE('',*,*,#1329,.F.);
#1417=ORIENTED_EDGE('',*,*,#905,.T.);
#1418=ORIENTED_EDGE('',*,*,#1404,.T.);
#1419=EDGE_LOOP('',(#1415,#1416,#1417,#1418));
#1420=FACE_BOUND('',#1419,.T.);
#1421=ADVANCED_FACE('',(#1420),#1414,.T.);
#1422=CARTESIAN_POINT('',(11.51460763,2.026975352,10.13257247));
#1423=DIRECTION('',(0.999050671,0.,0.043563256));
#1424=DIRECTION('',(-0.043563256,0.,0.999050671));
#1425=AXIS2_PLACEMENT_3D('',#1422,#1423,#1424);
#1426=PLANE('',#1425);
#1427=CARTESIAN_POINT('',(11.104588058,-1.523024648,19.535688003));
#1428=VERTEX_POINT('',#1427);
#1429=CARTESIAN_POINT('',(11.104588058,0.276975352,19.535688003));
#1430=DIRECTION('',(-0.,-1.,0.));
#1431=VECTOR('',#1430,1.8);
#1432=LINE('',#1429,#1431);
#1433=EDGE_CURVE('',#866,#1428,#1432,.T.);
#1434=ORIENTED_EDGE('',*,*,#1433,.T.);
#1435=CARTESIAN_POINT('',(11.462146197,-1.523024648,11.335688003));
#1436=VERTEX_POINT('',#1435);
#1437=CARTESIAN_POINT('',(11.104588058,-1.523024648,19.535688003));
#1438=DIRECTION('',(0.043563256,-0.,-0.999050671));
#1439=VECTOR('',#1438,8.207791897);
#1440=LINE('',#1437,#1439);
#1441=EDGE_CURVE('',#1428,#1436,#1440,.T.);
#1442=ORIENTED_EDGE('',*,*,#1441,.T.);
#1443=CARTESIAN_POINT('',(11.462146197,-1.523024648,11.335688003));
#1444=DIRECTION('',(0.,1.,-0.));
#1445=VECTOR('',#1444,1.8);
#1446=LINE('',#1443,#1445);
#1447=EDGE_CURVE('',#1436,#864,#1446,.T.);
#1448=ORIENTED_EDGE('',*,*,#1447,.T.);
#1449=ORIENTED_EDGE('',*,*,#871,.T.);
#1450=EDGE_LOOP('',(#1434,#1442,#1448,#1449));
#1451=FACE_BOUND('',#1450,.T.);
#1452=ADVANCED_FACE('',(#1451),#1426,.T.);
#1453=CARTESIAN_POINT('',(300.72124704,-1.723024648,22.726975352));
#1454=DIRECTION('',(0.,-1.,0.));
#1455=DIRECTION('',(-1.,0.,0.));
#1456=AXIS2_PLACEMENT_3D('',#1453,#1454,#1455);
#1457=PLANE('',#1456);
#1458=CARTESIAN_POINT('',(10.904777924,-1.723024648,19.526975352));
#1459=VERTEX_POINT('',#1458);
#1460=CARTESIAN_POINT('',(9.805158016,-1.723024648,19.526975352));
#1461=VERTEX_POINT('',#1460);
#1462=CARTESIAN_POINT('',(10.904777924,-1.723024648,19.526975352));
#1463=DIRECTION('',(-1.,-0.,-0.));
#1464=VECTOR('',#1463,1.099619907);
#1465=LINE('',#1462,#1464);
#1466=EDGE_CURVE('',#1459,#1461,#1465,.T.);
#1467=ORIENTED_EDGE('',*,*,#1466,.T.);
#1468=CARTESIAN_POINT('',(10.162716156,-1.723024648,11.326975352));
#1469=VERTEX_POINT('',#1468);
#1470=CARTESIAN_POINT('',(9.805158016,-1.723024648,19.526975352));
#1471=DIRECTION('',(0.043563256,-0.,-0.999050671));
#1472=VECTOR('',#1471,8.207791897);
#1473=LINE('',#1470,#1472);
#1474=EDGE_CURVE('',#1461,#1469,#1473,.T.);
#1475=ORIENTED_EDGE('',*,*,#1474,.T.);
#1476=CARTESIAN_POINT('',(11.262336063,-1.723024648,11.326975352));
#1477=VERTEX_POINT('',#1476);
#1478=CARTESIAN_POINT('',(10.162716156,-1.723024648,11.326975352));
#1479=DIRECTION('',(1.,0.,0.));
#1480=VECTOR('',#1479,1.099619907);
#1481=LINE('',#1478,#1480);
#1482=EDGE_CURVE('',#1469,#1477,#1481,.T.);
#1483=ORIENTED_EDGE('',*,*,#1482,.T.);
#1484=CARTESIAN_POINT('',(11.262336063,-1.723024648,11.326975352));
#1485=DIRECTION('',(-0.043563256,0.,0.999050671));
#1486=VECTOR('',#1485,8.207791897);
#1487=LINE('',#1484,#1486);
#1488=EDGE_CURVE('',#1477,#1459,#1487,.T.);
#1489=ORIENTED_EDGE('',*,*,#1488,.T.);
#1490=EDGE_LOOP('',(#1467,#1475,#1483,#1489));
#1491=FACE_BOUND('',#1490,.T.);
#1492=ADVANCED_FACE('',(#1491),#1457,.T.);
#1493=CARTESIAN_POINT('',(21.34624704,0.026975352,15.426975352));
#1494=DIRECTION('',(1.,-0.,-0.));
#1495=DIRECTION('',(0.,-1.,0.));
#1496=AXIS2_PLACEMENT_3D('',#1493,#1494,#1495);
#1497=PLANE('',#1496);
#1498=ORIENTED_EDGE('',*,*,#845,.T.);
#1499=CARTESIAN_POINT('',(21.34624704,0.526975352,17.226975352));
#1500=VERTEX_POINT('',#1499);
#1501=CARTESIAN_POINT('',(21.34624704,0.276975352,17.226975352));
#1502=DIRECTION('',(0.,1.,-0.));
#1503=VECTOR('',#1502,0.25);
#1504=LINE('',#1501,#1503);
#1505=EDGE_CURVE('',#840,#1500,#1504,.T.);
#1506=ORIENTED_EDGE('',*,*,#1505,.T.);
#1507=CARTESIAN_POINT('',(21.34624704,0.526975352,13.626975352));
#1508=VERTEX_POINT('',#1507);
#1509=CARTESIAN_POINT('',(21.34624704,0.526975352,17.226975352));
#1510=DIRECTION('',(-0.,-0.,-1.));
#1511=VECTOR('',#1510,3.6);
#1512=LINE('',#1509,#1511);
#1513=EDGE_CURVE('',#1500,#1508,#1512,.T.);
#1514=ORIENTED_EDGE('',*,*,#1513,.T.);
#1515=CARTESIAN_POINT('',(21.34624704,0.276975352,13.626975352));
#1516=DIRECTION('',(0.,1.,-0.));
#1517=VECTOR('',#1516,0.25);
#1518=LINE('',#1515,#1517);
#1519=EDGE_CURVE('',#838,#1508,#1518,.T.);
#1520=ORIENTED_EDGE('',*,*,#1519,.F.);
#1521=EDGE_LOOP('',(#1498,#1506,#1514,#1520));
#1522=FACE_BOUND('',#1521,.T.);
#1523=ADVANCED_FACE('',(#1522),#1497,.F.);
#1524=CARTESIAN_POINT('',(19.84624704,0.026975352,16.476975352));
#1525=DIRECTION('',(-0.447213595,0.,0.894427191));
#1526=DIRECTION('',(-0.894427191,-0.,-0.447213595));
#1527=AXIS2_PLACEMENT_3D('',#1524,#1525,#1526);
#1528=PLANE('',#1527);
#1529=ORIENTED_EDGE('',*,*,#859,.T.);
#1530=CARTESIAN_POINT('',(18.34624704,0.526975352,15.726975352));
#1531=VERTEX_POINT('',#1530);
#1532=CARTESIAN_POINT('',(18.34624704,0.276975352,15.726975352));
#1533=DIRECTION('',(0.,1.,-0.));
#1534=VECTOR('',#1533,0.25);
#1535=LINE('',#1532,#1534);
#1536=EDGE_CURVE('',#848,#1531,#1535,.T.);
#1537=ORIENTED_EDGE('',*,*,#1536,.T.);
#1538=CARTESIAN_POINT('',(18.34624704,0.526975352,15.726975352));
#1539=DIRECTION('',(0.894427191,0.,0.447213595));
#1540=VECTOR('',#1539,3.354101966);
#1541=LINE('',#1538,#1540);
#1542=EDGE_CURVE('',#1531,#1500,#1541,.T.);
#1543=ORIENTED_EDGE('',*,*,#1542,.T.);
#1544=ORIENTED_EDGE('',*,*,#1505,.F.);
#1545=EDGE_LOOP('',(#1529,#1537,#1543,#1544));
#1546=FACE_BOUND('',#1545,.T.);
#1547=ADVANCED_FACE('',(#1546),#1528,.F.);
#1548=CARTESIAN_POINT('',(19.84624704,0.026975352,14.676975352));
#1549=DIRECTION('',(-0.573462344,-0.,-0.819231921));
#1550=DIRECTION('',(0.819231921,-0.,-0.573462344));
#1551=AXIS2_PLACEMENT_3D('',#1548,#1549,#1550);
#1552=PLANE('',#1551);
#1553=ORIENTED_EDGE('',*,*,#853,.T.);
#1554=ORIENTED_EDGE('',*,*,#1519,.T.);
#1555=CARTESIAN_POINT('',(21.34624704,0.526975352,13.626975352));
#1556=DIRECTION('',(-0.819231921,0.,0.573462344));
#1557=VECTOR('',#1556,3.661966685);
#1558=LINE('',#1555,#1557);
#1559=EDGE_CURVE('',#1508,#1531,#1558,.T.);
#1560=ORIENTED_EDGE('',*,*,#1559,.T.);
#1561=ORIENTED_EDGE('',*,*,#1536,.F.);
#1562=EDGE_LOOP('',(#1553,#1554,#1560,#1561));
#1563=FACE_BOUND('',#1562,.T.);
#1564=ADVANCED_FACE('',(#1563),#1552,.F.);
#1565=CARTESIAN_POINT('',(300.34624704,0.526975352,22.726975352));
#1566=DIRECTION('',(0.,-1.,0.));
#1567=DIRECTION('',(-1.,0.,0.));
#1568=AXIS2_PLACEMENT_3D('',#1565,#1566,#1567);
#1569=PLANE('',#1568);
#1570=ORIENTED_EDGE('',*,*,#1513,.F.);
#1571=ORIENTED_EDGE('',*,*,#1542,.F.);
#1572=ORIENTED_EDGE('',*,*,#1559,.F.);
#1573=EDGE_LOOP('',(#1570,#1571,#1572));
#1574=FACE_BOUND('',#1573,.T.);
#1575=ADVANCED_FACE('',(#1574),#1569,.T.);
#1576=CARTESIAN_POINT('',(16.84624704,-0.223024648,11.876975352));
#1577=DIRECTION('',(0.,0.,1.));
#1578=DIRECTION('',(0.,1.,-0.));
#1579=AXIS2_PLACEMENT_3D('',#1576,#1577,#1578);
#1580=PLANE('',#1579);
#1581=CARTESIAN_POINT('',(16.94624704,-0.023024648,11.876975352));
#1582=VERTEX_POINT('',#1581);
#1583=CARTESIAN_POINT('',(16.94624704,0.276975352,11.876975352));
#1584=DIRECTION('',(-0.,-1.,0.));
#1585=VECTOR('',#1584,0.3);
#1586=LINE('',#1583,#1585);
#1587=EDGE_CURVE('',#935,#1582,#1586,.T.);
#1588=ORIENTED_EDGE('',*,*,#1587,.T.);
#1589=CARTESIAN_POINT('',(16.74624704,-0.023024648,11.876975352));
#1590=VERTEX_POINT('',#1589);
#1591=CARTESIAN_POINT('',(16.94624704,-0.023024648,11.876975352));
#1592=DIRECTION('',(-1.,0.,0.));
#1593=VECTOR('',#1592,0.2);
#1594=LINE('',#1591,#1593);
#1595=EDGE_CURVE('',#1582,#1590,#1594,.T.);
#1596=ORIENTED_EDGE('',*,*,#1595,.T.);
#1597=CARTESIAN_POINT('',(16.74624704,-0.023024648,11.876975352));
#1598=DIRECTION('',(0.,1.,-0.));
#1599=VECTOR('',#1598,0.3);
#1600=LINE('',#1597,#1599);
#1601=EDGE_CURVE('',#1590,#944,#1600,.T.);
#1602=ORIENTED_EDGE('',*,*,#1601,.T.);
#1603=ORIENTED_EDGE('',*,*,#949,.T.);
#1604=EDGE_LOOP('',(#1588,#1596,#1602,#1603));
#1605=FACE_BOUND('',#1604,.T.);
#1606=ADVANCED_FACE('',(#1605),#1580,.F.);
#1607=CARTESIAN_POINT('',(17.34624704,-0.223024648,15.426975352));
#1608=DIRECTION('',(-1.,0.,0.));
#1609=DIRECTION('',(0.,1.,-0.));
#1610=AXIS2_PLACEMENT_3D('',#1607,#1608,#1609);
#1611=PLANE('',#1610);
#1612=CARTESIAN_POINT('',(17.34624704,-0.023024648,18.576975352));
#1613=VERTEX_POINT('',#1612);
#1614=CARTESIAN_POINT('',(17.34624704,0.276975352,18.576975352));
#1615=DIRECTION('',(-0.,-1.,0.));
#1616=VECTOR('',#1615,0.3);
#1617=LINE('',#1614,#1616);
#1618=EDGE_CURVE('',#927,#1613,#1617,.T.);
#1619=ORIENTED_EDGE('',*,*,#1618,.T.);
#1620=CARTESIAN_POINT('',(17.34624704,-0.023024648,12.276975352));
#1621=VERTEX_POINT('',#1620);
#1622=CARTESIAN_POINT('',(17.34624704,-0.023024648,18.576975352));
#1623=DIRECTION('',(-0.,-0.,-1.));
#1624=VECTOR('',#1623,6.3);
#1625=LINE('',#1622,#1624);
#1626=EDGE_CURVE('',#1613,#1621,#1625,.T.);
#1627=ORIENTED_EDGE('',*,*,#1626,.T.);
#1628=CARTESIAN_POINT('',(17.34624704,-0.023024648,12.276975352));
#1629=DIRECTION('',(0.,1.,-0.));
#1630=VECTOR('',#1629,0.3);
#1631=LINE('',#1628,#1630);
#1632=EDGE_CURVE('',#1621,#925,#1631,.T.);
#1633=ORIENTED_EDGE('',*,*,#1632,.T.);
#1634=ORIENTED_EDGE('',*,*,#932,.T.);
#1635=EDGE_LOOP('',(#1619,#1627,#1633,#1634));
#1636=FACE_BOUND('',#1635,.T.);
#1637=ADVANCED_FACE('',(#1636),#1611,.F.);
#1638=CARTESIAN_POINT('',(16.84624704,-0.223024648,18.976975352));
#1639=DIRECTION('',(-0.,-0.,-1.));
#1640=DIRECTION('',(0.,-1.,0.));
#1641=AXIS2_PLACEMENT_3D('',#1638,#1639,#1640);
#1642=PLANE('',#1641);
#1643=CARTESIAN_POINT('',(16.74624704,-0.023024648,18.976975352));
#1644=VERTEX_POINT('',#1643);
#1645=CARTESIAN_POINT('',(16.74624704,0.276975352,18.976975352));
#1646=DIRECTION('',(-0.,-1.,0.));
#1647=VECTOR('',#1646,0.3);
#1648=LINE('',#1645,#1647);
#1649=EDGE_CURVE('',#969,#1644,#1648,.T.);
#1650=ORIENTED_EDGE('',*,*,#1649,.T.);
#1651=CARTESIAN_POINT('',(16.94624704,-0.023024648,18.976975352));
#1652=VERTEX_POINT('',#1651);
#1653=CARTESIAN_POINT('',(16.74624704,-0.023024648,18.976975352));
#1654=DIRECTION('',(1.,-0.,-0.));
#1655=VECTOR('',#1654,0.2);
#1656=LINE('',#1653,#1655);
#1657=EDGE_CURVE('',#1644,#1652,#1656,.T.);
#1658=ORIENTED_EDGE('',*,*,#1657,.T.);
#1659=CARTESIAN_POINT('',(16.94624704,-0.023024648,18.976975352));
#1660=DIRECTION('',(0.,1.,-0.));
#1661=VECTOR('',#1660,0.3);
#1662=LINE('',#1659,#1661);
#1663=EDGE_CURVE('',#1652,#978,#1662,.T.);
#1664=ORIENTED_EDGE('',*,*,#1663,.T.);
#1665=ORIENTED_EDGE('',*,*,#983,.T.);
#1666=EDGE_LOOP('',(#1650,#1658,#1664,#1665));
#1667=FACE_BOUND('',#1666,.T.);
#1668=ADVANCED_FACE('',(#1667),#1642,.F.);
#1669=CARTESIAN_POINT('',(16.34624704,-0.223024648,15.426975352));
#1670=DIRECTION('',(1.,-0.,-0.));
#1671=DIRECTION('',(0.,-1.,0.));
#1672=AXIS2_PLACEMENT_3D('',#1669,#1670,#1671);
#1673=PLANE('',#1672);
#1674=CARTESIAN_POINT('',(16.34624704,-0.023024648,12.276975352));
#1675=VERTEX_POINT('',#1674);
#1676=CARTESIAN_POINT('',(16.34624704,0.276975352,12.276975352));
#1677=DIRECTION('',(-0.,-1.,0.));
#1678=VECTOR('',#1677,0.3);
#1679=LINE('',#1676,#1678);
#1680=EDGE_CURVE('',#952,#1675,#1679,.T.);
#1681=ORIENTED_EDGE('',*,*,#1680,.T.);
#1682=CARTESIAN_POINT('',(16.34624704,-0.023024648,18.576975352));
#1683=VERTEX_POINT('',#1682);
#1684=CARTESIAN_POINT('',(16.34624704,-0.023024648,12.276975352));
#1685=DIRECTION('',(0.,0.,1.));
#1686=VECTOR('',#1685,6.3);
#1687=LINE('',#1684,#1686);
#1688=EDGE_CURVE('',#1675,#1683,#1687,.T.);
#1689=ORIENTED_EDGE('',*,*,#1688,.T.);
#1690=CARTESIAN_POINT('',(16.34624704,-0.023024648,18.576975352));
#1691=DIRECTION('',(0.,1.,-0.));
#1692=VECTOR('',#1691,0.3);
#1693=LINE('',#1690,#1692);
#1694=EDGE_CURVE('',#1683,#961,#1693,.T.);
#1695=ORIENTED_EDGE('',*,*,#1694,.T.);
#1696=ORIENTED_EDGE('',*,*,#966,.T.);
#1697=EDGE_LOOP('',(#1681,#1689,#1695,#1696));
#1698=FACE_BOUND('',#1697,.T.);
#1699=ADVANCED_FACE('',(#1698),#1673,.F.);
#1700=CARTESIAN_POINT('',(300.34624704,-0.223024648,22.726975352));
#1701=DIRECTION('',(0.,-1.,0.));
#1702=DIRECTION('',(-1.,0.,0.));
#1703=AXIS2_PLACEMENT_3D('',#1700,#1701,#1702);
#1704=PLANE('',#1703);
#1705=CARTESIAN_POINT('',(16.94624704,-0.223024648,12.076975352));
#1706=VERTEX_POINT('',#1705);
#1707=CARTESIAN_POINT('',(17.14624704,-0.223024648,12.276975352));
#1708=VERTEX_POINT('',#1707);
#1709=CARTESIAN_POINT('',(16.94624704,-0.223024648,12.276975352));
#1710=DIRECTION('',(0.,-1.,0.));
#1711=DIRECTION('',(-1.,0.,0.));
#1712=AXIS2_PLACEMENT_3D('',#1709,#1710,#1711);
#1713=CIRCLE('',#1712,0.2);
#1714=EDGE_CURVE('',#1706,#1708,#1713,.T.);
#1715=ORIENTED_EDGE('',*,*,#1714,.T.);
#1716=CARTESIAN_POINT('',(17.14624704,-0.223024648,18.576975352));
#1717=VERTEX_POINT('',#1716);
#1718=CARTESIAN_POINT('',(17.14624704,-0.223024648,12.276975352));
#1719=DIRECTION('',(0.,0.,1.));
#1720=VECTOR('',#1719,6.3);
#1721=LINE('',#1718,#1720);
#1722=EDGE_CURVE('',#1708,#1717,#1721,.T.);
#1723=ORIENTED_EDGE('',*,*,#1722,.T.);
#1724=CARTESIAN_POINT('',(16.94624704,-0.223024648,18.776975352));
#1725=VERTEX_POINT('',#1724);
#1726=CARTESIAN_POINT('',(16.94624704,-0.223024648,18.576975352));
#1727=DIRECTION('',(0.,-1.,0.));
#1728=DIRECTION('',(-1.,0.,0.));
#1729=AXIS2_PLACEMENT_3D('',#1726,#1727,#1728);
#1730=CIRCLE('',#1729,0.2);
#1731=EDGE_CURVE('',#1717,#1725,#1730,.T.);
#1732=ORIENTED_EDGE('',*,*,#1731,.T.);
#1733=CARTESIAN_POINT('',(16.74624704,-0.223024648,18.776975352));
#1734=VERTEX_POINT('',#1733);
#1735=CARTESIAN_POINT('',(16.94624704,-0.223024648,18.776975352));
#1736=DIRECTION('',(-1.,0.,0.));
#1737=VECTOR('',#1736,0.2);
#1738=LINE('',#1735,#1737);
#1739=EDGE_CURVE('',#1725,#1734,#1738,.T.);
#1740=ORIENTED_EDGE('',*,*,#1739,.T.);
#1741=CARTESIAN_POINT('',(16.54624704,-0.223024648,18.576975352));
#1742=VERTEX_POINT('',#1741);
#1743=CARTESIAN_POINT('',(16.74624704,-0.223024648,18.576975352));
#1744=DIRECTION('',(0.,-1.,0.));
#1745=DIRECTION('',(-1.,0.,0.));
#1746=AXIS2_PLACEMENT_3D('',#1743,#1744,#1745);
#1747=CIRCLE('',#1746,0.2);
#1748=EDGE_CURVE('',#1734,#1742,#1747,.T.);
#1749=ORIENTED_EDGE('',*,*,#1748,.T.);
#1750=CARTESIAN_POINT('',(16.54624704,-0.223024648,12.276975352));
#1751=VERTEX_POINT('',#1750);
#1752=CARTESIAN_POINT('',(16.54624704,-0.223024648,18.576975352));
#1753=DIRECTION('',(-0.,-0.,-1.));
#1754=VECTOR('',#1753,6.3);
#1755=LINE('',#1752,#1754);
#1756=EDGE_CURVE('',#1742,#1751,#1755,.T.);
#1757=ORIENTED_EDGE('',*,*,#1756,.T.);
#1758=CARTESIAN_POINT('',(16.74624704,-0.223024648,12.076975352));
#1759=VERTEX_POINT('',#1758);
#1760=CARTESIAN_POINT('',(16.74624704,-0.223024648,12.276975352));
#1761=DIRECTION('',(0.,-1.,0.));
#1762=DIRECTION('',(-1.,0.,0.));
#1763=AXIS2_PLACEMENT_3D('',#1760,#1761,#1762);
#1764=CIRCLE('',#1763,0.2);
#1765=EDGE_CURVE('',#1751,#1759,#1764,.T.);
#1766=ORIENTED_EDGE('',*,*,#1765,.T.);
#1767=CARTESIAN_POINT('',(16.74624704,-0.223024648,12.076975352));
#1768=DIRECTION('',(1.,-0.,-0.));
#1769=VECTOR('',#1768,0.2);
#1770=LINE('',#1767,#1769);
#1771=EDGE_CURVE('',#1759,#1706,#1770,.T.);
#1772=ORIENTED_EDGE('',*,*,#1771,.T.);
#1773=EDGE_LOOP('',(#1715,#1723,#1732,#1740,#1749,#1757,#1766,#1772));
#1774=FACE_BOUND('',#1773,.T.);
#1775=ADVANCED_FACE('',(#1774),#1704,.T.);
#1776=CARTESIAN_POINT('',(14.84624704,-0.223024648,11.876975352));
#1777=DIRECTION('',(0.,0.,1.));
#1778=DIRECTION('',(0.,1.,-0.));
#1779=AXIS2_PLACEMENT_3D('',#1776,#1777,#1778);
#1780=PLANE('',#1779);
#1781=CARTESIAN_POINT('',(14.94624704,-0.023024648,11.876975352));
#1782=VERTEX_POINT('',#1781);
#1783=CARTESIAN_POINT('',(14.94624704,0.276975352,11.876975352));
#1784=DIRECTION('',(-0.,-1.,0.));
#1785=VECTOR('',#1784,0.3);
#1786=LINE('',#1783,#1785);
#1787=EDGE_CURVE('',#1005,#1782,#1786,.T.);
#1788=ORIENTED_EDGE('',*,*,#1787,.T.);
#1789=CARTESIAN_POINT('',(14.74624704,-0.023024648,11.876975352));
#1790=VERTEX_POINT('',#1789);
#1791=CARTESIAN_POINT('',(14.94624704,-0.023024648,11.876975352));
#1792=DIRECTION('',(-1.,0.,0.));
#1793=VECTOR('',#1792,0.2);
#1794=LINE('',#1791,#1793);
#1795=EDGE_CURVE('',#1782,#1790,#1794,.T.);
#1796=ORIENTED_EDGE('',*,*,#1795,.T.);
#1797=CARTESIAN_POINT('',(14.74624704,-0.023024648,11.876975352));
#1798=DIRECTION('',(0.,1.,-0.));
#1799=VECTOR('',#1798,0.3);
#1800=LINE('',#1797,#1799);
#1801=EDGE_CURVE('',#1790,#1014,#1800,.T.);
#1802=ORIENTED_EDGE('',*,*,#1801,.T.);
#1803=ORIENTED_EDGE('',*,*,#1019,.T.);
#1804=EDGE_LOOP('',(#1788,#1796,#1802,#1803));
#1805=FACE_BOUND('',#1804,.T.);
#1806=ADVANCED_FACE('',(#1805),#1780,.F.);
#1807=CARTESIAN_POINT('',(15.34624704,-0.223024648,15.426975352));
#1808=DIRECTION('',(-1.,0.,0.));
#1809=DIRECTION('',(0.,1.,-0.));
#1810=AXIS2_PLACEMENT_3D('',#1807,#1808,#1809);
#1811=PLANE('',#1810);
#1812=CARTESIAN_POINT('',(15.34624704,-0.023024648,18.576975352));
#1813=VERTEX_POINT('',#1812);
#1814=CARTESIAN_POINT('',(15.34624704,0.276975352,18.576975352));
#1815=DIRECTION('',(-0.,-1.,0.));
#1816=VECTOR('',#1815,0.3);
#1817=LINE('',#1814,#1816);
#1818=EDGE_CURVE('',#997,#1813,#1817,.T.);
#1819=ORIENTED_EDGE('',*,*,#1818,.T.);
#1820=CARTESIAN_POINT('',(15.34624704,-0.023024648,12.276975352));
#1821=VERTEX_POINT('',#1820);
#1822=CARTESIAN_POINT('',(15.34624704,-0.023024648,18.576975352));
#1823=DIRECTION('',(-0.,-0.,-1.));
#1824=VECTOR('',#1823,6.3);
#1825=LINE('',#1822,#1824);
#1826=EDGE_CURVE('',#1813,#1821,#1825,.T.);
#1827=ORIENTED_EDGE('',*,*,#1826,.T.);
#1828=CARTESIAN_POINT('',(15.34624704,-0.023024648,12.276975352));
#1829=DIRECTION('',(0.,1.,-0.));
#1830=VECTOR('',#1829,0.3);
#1831=LINE('',#1828,#1830);
#1832=EDGE_CURVE('',#1821,#995,#1831,.T.);
#1833=ORIENTED_EDGE('',*,*,#1832,.T.);
#1834=ORIENTED_EDGE('',*,*,#1002,.T.);
#1835=EDGE_LOOP('',(#1819,#1827,#1833,#1834));
#1836=FACE_BOUND('',#1835,.T.);
#1837=ADVANCED_FACE('',(#1836),#1811,.F.);
#1838=CARTESIAN_POINT('',(14.84624704,-0.223024648,18.976975352));
#1839=DIRECTION('',(-0.,-0.,-1.));
#1840=DIRECTION('',(0.,-1.,0.));
#1841=AXIS2_PLACEMENT_3D('',#1838,#1839,#1840);
#1842=PLANE('',#1841);
#1843=CARTESIAN_POINT('',(14.74624704,-0.023024648,18.976975352));
#1844=VERTEX_POINT('',#1843);
#1845=CARTESIAN_POINT('',(14.74624704,0.276975352,18.976975352));
#1846=DIRECTION('',(-0.,-1.,0.));
#1847=VECTOR('',#1846,0.3);
#1848=LINE('',#1845,#1847);
#1849=EDGE_CURVE('',#1039,#1844,#1848,.T.);
#1850=ORIENTED_EDGE('',*,*,#1849,.T.);
#1851=CARTESIAN_POINT('',(14.94624704,-0.023024648,18.976975352));
#1852=VERTEX_POINT('',#1851);
#1853=CARTESIAN_POINT('',(14.74624704,-0.023024648,18.976975352));
#1854=DIRECTION('',(1.,-0.,-0.));
#1855=VECTOR('',#1854,0.2);
#1856=LINE('',#1853,#1855);
#1857=EDGE_CURVE('',#1844,#1852,#1856,.T.);
#1858=ORIENTED_EDGE('',*,*,#1857,.T.);
#1859=CARTESIAN_POINT('',(14.94624704,-0.023024648,18.976975352));
#1860=DIRECTION('',(0.,1.,-0.));
#1861=VECTOR('',#1860,0.3);
#1862=LINE('',#1859,#1861);
#1863=EDGE_CURVE('',#1852,#1048,#1862,.T.);
#1864=ORIENTED_EDGE('',*,*,#1863,.T.);
#1865=ORIENTED_EDGE('',*,*,#1053,.T.);
#1866=EDGE_LOOP('',(#1850,#1858,#1864,#1865));
#1867=FACE_BOUND('',#1866,.T.);
#1868=ADVANCED_FACE('',(#1867),#1842,.F.);
#1869=CARTESIAN_POINT('',(14.34624704,-0.223024648,15.426975352));
#1870=DIRECTION('',(1.,-0.,-0.));
#1871=DIRECTION('',(0.,-1.,0.));
#1872=AXIS2_PLACEMENT_3D('',#1869,#1870,#1871);
#1873=PLANE('',#1872);
#1874=CARTESIAN_POINT('',(14.34624704,-0.023024648,12.276975352));
#1875=VERTEX_POINT('',#1874);
#1876=CARTESIAN_POINT('',(14.34624704,0.276975352,12.276975352));
#1877=DIRECTION('',(-0.,-1.,0.));
#1878=VECTOR('',#1877,0.3);
#1879=LINE('',#1876,#1878);
#1880=EDGE_CURVE('',#1022,#1875,#1879,.T.);
#1881=ORIENTED_EDGE('',*,*,#1880,.T.);
#1882=CARTESIAN_POINT('',(14.34624704,-0.023024648,18.576975352));
#1883=VERTEX_POINT('',#1882);
#1884=CARTESIAN_POINT('',(14.34624704,-0.023024648,12.276975352));
#1885=DIRECTION('',(0.,0.,1.));
#1886=VECTOR('',#1885,6.3);
#1887=LINE('',#1884,#1886);
#1888=EDGE_CURVE('',#1875,#1883,#1887,.T.);
#1889=ORIENTED_EDGE('',*,*,#1888,.T.);
#1890=CARTESIAN_POINT('',(14.34624704,-0.023024648,18.576975352));
#1891=DIRECTION('',(0.,1.,-0.));
#1892=VECTOR('',#1891,0.3);
#1893=LINE('',#1890,#1892);
#1894=EDGE_CURVE('',#1883,#1031,#1893,.T.);
#1895=ORIENTED_EDGE('',*,*,#1894,.T.);
#1896=ORIENTED_EDGE('',*,*,#1036,.T.);
#1897=EDGE_LOOP('',(#1881,#1889,#1895,#1896));
#1898=FACE_BOUND('',#1897,.T.);
#1899=ADVANCED_FACE('',(#1898),#1873,.F.);
#1900=CARTESIAN_POINT('',(300.34624704,-0.223024648,22.726975352));
#1901=DIRECTION('',(0.,-1.,0.));
#1902=DIRECTION('',(-1.,0.,0.));
#1903=AXIS2_PLACEMENT_3D('',#1900,#1901,#1902);
#1904=PLANE('',#1903);
#1905=CARTESIAN_POINT('',(14.94624704,-0.223024648,12.076975352));
#1906=VERTEX_POINT('',#1905);
#1907=CARTESIAN_POINT('',(15.14624704,-0.223024648,12.276975352));
#1908=VERTEX_POINT('',#1907);
#1909=CARTESIAN_POINT('',(14.94624704,-0.223024648,12.276975352));
#1910=DIRECTION('',(0.,-1.,0.));
#1911=DIRECTION('',(-1.,0.,0.));
#1912=AXIS2_PLACEMENT_3D('',#1909,#1910,#1911);
#1913=CIRCLE('',#1912,0.2);
#1914=EDGE_CURVE('',#1906,#1908,#1913,.T.);
#1915=ORIENTED_EDGE('',*,*,#1914,.T.);
#1916=CARTESIAN_POINT('',(15.14624704,-0.223024648,18.576975352));
#1917=VERTEX_POINT('',#1916);
#1918=CARTESIAN_POINT('',(15.14624704,-0.223024648,12.276975352));
#1919=DIRECTION('',(0.,0.,1.));
#1920=VECTOR('',#1919,6.3);
#1921=LINE('',#1918,#1920);
#1922=EDGE_CURVE('',#1908,#1917,#1921,.T.);
#1923=ORIENTED_EDGE('',*,*,#1922,.T.);
#1924=CARTESIAN_POINT('',(14.94624704,-0.223024648,18.776975352));
#1925=VERTEX_POINT('',#1924);
#1926=CARTESIAN_POINT('',(14.94624704,-0.223024648,18.576975352));
#1927=DIRECTION('',(0.,-1.,0.));
#1928=DIRECTION('',(-1.,0.,0.));
#1929=AXIS2_PLACEMENT_3D('',#1926,#1927,#1928);
#1930=CIRCLE('',#1929,0.2);
#1931=EDGE_CURVE('',#1917,#1925,#1930,.T.);
#1932=ORIENTED_EDGE('',*,*,#1931,.T.);
#1933=CARTESIAN_POINT('',(14.74624704,-0.223024648,18.776975352));
#1934=VERTEX_POINT('',#1933);
#1935=CARTESIAN_POINT('',(14.94624704,-0.223024648,18.776975352));
#1936=DIRECTION('',(-1.,0.,0.));
#1937=VECTOR('',#1936,0.2);
#1938=LINE('',#1935,#1937);
#1939=EDGE_CURVE('',#1925,#1934,#1938,.T.);
#1940=ORIENTED_EDGE('',*,*,#1939,.T.);
#1941=CARTESIAN_POINT('',(14.54624704,-0.223024648,18.576975352));
#1942=VERTEX_POINT('',#1941);
#1943=CARTESIAN_POINT('',(14.74624704,-0.223024648,18.576975352));
#1944=DIRECTION('',(0.,-1.,0.));
#1945=DIRECTION('',(-1.,0.,0.));
#1946=AXIS2_PLACEMENT_3D('',#1943,#1944,#1945);
#1947=CIRCLE('',#1946,0.2);
#1948=EDGE_CURVE('',#1934,#1942,#1947,.T.);
#1949=ORIENTED_EDGE('',*,*,#1948,.T.);
#1950=CARTESIAN_POINT('',(14.54624704,-0.223024648,12.276975352));
#1951=VERTEX_POINT('',#1950);
#1952=CARTESIAN_POINT('',(14.54624704,-0.223024648,18.576975352));
#1953=DIRECTION('',(-0.,-0.,-1.));
#1954=VECTOR('',#1953,6.3);
#1955=LINE('',#1952,#1954);
#1956=EDGE_CURVE('',#1942,#1951,#1955,.T.);
#1957=ORIENTED_EDGE('',*,*,#1956,.T.);
#1958=CARTESIAN_POINT('',(14.74624704,-0.223024648,12.076975352));
#1959=VERTEX_POINT('',#1958);
#1960=CARTESIAN_POINT('',(14.74624704,-0.223024648,12.276975352));
#1961=DIRECTION('',(0.,-1.,0.));
#1962=DIRECTION('',(-1.,0.,0.));
#1963=AXIS2_PLACEMENT_3D('',#1960,#1961,#1962);
#1964=CIRCLE('',#1963,0.2);
#1965=EDGE_CURVE('',#1951,#1959,#1964,.T.);
#1966=ORIENTED_EDGE('',*,*,#1965,.T.);
#1967=CARTESIAN_POINT('',(14.74624704,-0.223024648,12.076975352));
#1968=DIRECTION('',(1.,-0.,-0.));
#1969=VECTOR('',#1968,0.2);
#1970=LINE('',#1967,#1969);
#1971=EDGE_CURVE('',#1959,#1906,#1970,.T.);
#1972=ORIENTED_EDGE('',*,*,#1971,.T.);
#1973=EDGE_LOOP('',(#1915,#1923,#1932,#1940,#1949,#1957,#1966,#1972));
#1974=FACE_BOUND('',#1973,.T.);
#1975=ADVANCED_FACE('',(#1974),#1904,.T.);
#1976=CARTESIAN_POINT('',(12.84624704,-0.223024648,11.876975352));
#1977=DIRECTION('',(-0.,-0.,-1.));
#1978=DIRECTION('',(0.,-1.,0.));
#1979=AXIS2_PLACEMENT_3D('',#1976,#1977,#1978);
#1980=PLANE('',#1979);
#1981=CARTESIAN_POINT('',(12.94624704,-0.023024648,11.876975352));
#1982=VERTEX_POINT('',#1981);
#1983=CARTESIAN_POINT('',(12.94624704,0.276975352,11.876975352));
#1984=DIRECTION('',(-0.,-1.,0.));
#1985=VECTOR('',#1984,0.3);
#1986=LINE('',#1983,#1985);
#1987=EDGE_CURVE('',#778,#1982,#1986,.T.);
#1988=ORIENTED_EDGE('',*,*,#1987,.T.);
#1989=CARTESIAN_POINT('',(12.74624704,-0.023024648,11.876975352));
#1990=VERTEX_POINT('',#1989);
#1991=CARTESIAN_POINT('',(12.94624704,-0.023024648,11.876975352));
#1992=DIRECTION('',(-1.,0.,0.));
#1993=VECTOR('',#1992,0.2);
#1994=LINE('',#1991,#1993);
#1995=EDGE_CURVE('',#1982,#1990,#1994,.T.);
#1996=ORIENTED_EDGE('',*,*,#1995,.T.);
#1997=CARTESIAN_POINT('',(12.74624704,-0.023024648,11.876975352));
#1998=DIRECTION('',(0.,1.,-0.));
#1999=VECTOR('',#1998,0.3);
#2000=LINE('',#1997,#1999);
#2001=EDGE_CURVE('',#1990,#787,#2000,.T.);
#2002=ORIENTED_EDGE('',*,*,#2001,.T.);
#2003=ORIENTED_EDGE('',*,*,#792,.F.);
#2004=EDGE_LOOP('',(#1988,#1996,#2002,#2003));
#2005=FACE_BOUND('',#2004,.T.);
#2006=ADVANCED_FACE('',(#2005),#1980,.T.);
#2007=CARTESIAN_POINT('',(13.34624704,-0.223024648,15.426975352));
#2008=DIRECTION('',(-1.,0.,0.));
#2009=DIRECTION('',(0.,1.,-0.));
#2010=AXIS2_PLACEMENT_3D('',#2007,#2008,#2009);
#2011=PLANE('',#2010);
#2012=CARTESIAN_POINT('',(13.34624704,-0.023024648,18.576975352));
#2013=VERTEX_POINT('',#2012);
#2014=CARTESIAN_POINT('',(13.34624704,0.276975352,18.576975352));
#2015=DIRECTION('',(-0.,-1.,0.));
#2016=VECTOR('',#2015,0.3);
#2017=LINE('',#2014,#2016);
#2018=EDGE_CURVE('',#770,#2013,#2017,.T.);
#2019=ORIENTED_EDGE('',*,*,#2018,.T.);
#2020=CARTESIAN_POINT('',(13.34624704,-0.023024648,12.276975352));
#2021=VERTEX_POINT('',#2020);
#2022=CARTESIAN_POINT('',(13.34624704,-0.023024648,18.576975352));
#2023=DIRECTION('',(-0.,-0.,-1.));
#2024=VECTOR('',#2023,6.3);
#2025=LINE('',#2022,#2024);
#2026=EDGE_CURVE('',#2013,#2021,#2025,.T.);
#2027=ORIENTED_EDGE('',*,*,#2026,.T.);
#2028=CARTESIAN_POINT('',(13.34624704,-0.023024648,12.276975352));
#2029=DIRECTION('',(0.,1.,-0.));
#2030=VECTOR('',#2029,0.3);
#2031=LINE('',#2028,#2030);
#2032=EDGE_CURVE('',#2021,#768,#2031,.T.);
#2033=ORIENTED_EDGE('',*,*,#2032,.T.);
#2034=ORIENTED_EDGE('',*,*,#775,.T.);
#2035=EDGE_LOOP('',(#2019,#2027,#2033,#2034));
#2036=FACE_BOUND('',#2035,.T.);
#2037=ADVANCED_FACE('',(#2036),#2011,.F.);
#2038=CARTESIAN_POINT('',(12.84624704,-0.223024648,18.976975352));
#2039=DIRECTION('',(-0.,-0.,-1.));
#2040=DIRECTION('',(0.,-1.,0.));
#2041=AXIS2_PLACEMENT_3D('',#2038,#2039,#2040);
#2042=PLANE('',#2041);
#2043=CARTESIAN_POINT('',(12.74624704,-0.023024648,18.976975352));
#2044=VERTEX_POINT('',#2043);
#2045=CARTESIAN_POINT('',(12.74624704,0.276975352,18.976975352));
#2046=DIRECTION('',(-0.,-1.,0.));
#2047=VECTOR('',#2046,0.3);
#2048=LINE('',#2045,#2047);
#2049=EDGE_CURVE('',#812,#2044,#2048,.T.);
#2050=ORIENTED_EDGE('',*,*,#2049,.T.);
#2051=CARTESIAN_POINT('',(12.94624704,-0.023024648,18.976975352));
#2052=VERTEX_POINT('',#2051);
#2053=CARTESIAN_POINT('',(12.74624704,-0.023024648,18.976975352));
#2054=DIRECTION('',(1.,-0.,-0.));
#2055=VECTOR('',#2054,0.2);
#2056=LINE('',#2053,#2055);
#2057=EDGE_CURVE('',#2044,#2052,#2056,.T.);
#2058=ORIENTED_EDGE('',*,*,#2057,.T.);
#2059=CARTESIAN_POINT('',(12.94624704,-0.023024648,18.976975352));
#2060=DIRECTION('',(0.,1.,-0.));
#2061=VECTOR('',#2060,0.3);
#2062=LINE('',#2059,#2061);
#2063=EDGE_CURVE('',#2052,#821,#2062,.T.);
#2064=ORIENTED_EDGE('',*,*,#2063,.T.);
#2065=ORIENTED_EDGE('',*,*,#826,.T.);
#2066=EDGE_LOOP('',(#2050,#2058,#2064,#2065));
#2067=FACE_BOUND('',#2066,.T.);
#2068=ADVANCED_FACE('',(#2067),#2042,.F.);
#2069=CARTESIAN_POINT('',(12.34624704,-0.223024648,15.426975352));
#2070=DIRECTION('',(1.,-0.,-0.));
#2071=DIRECTION('',(0.,-1.,0.));
#2072=AXIS2_PLACEMENT_3D('',#2069,#2070,#2071);
#2073=PLANE('',#2072);
#2074=CARTESIAN_POINT('',(12.34624704,-0.023024648,12.276975352));
#2075=VERTEX_POINT('',#2074);
#2076=CARTESIAN_POINT('',(12.34624704,0.276975352,12.276975352));
#2077=DIRECTION('',(-0.,-1.,0.));
#2078=VECTOR('',#2077,0.3);
#2079=LINE('',#2076,#2078);
#2080=EDGE_CURVE('',#795,#2075,#2079,.T.);
#2081=ORIENTED_EDGE('',*,*,#2080,.T.);
#2082=CARTESIAN_POINT('',(12.34624704,-0.023024648,18.576975352));
#2083=VERTEX_POINT('',#2082);
#2084=CARTESIAN_POINT('',(12.34624704,-0.023024648,12.276975352));
#2085=DIRECTION('',(0.,0.,1.));
#2086=VECTOR('',#2085,6.3);
#2087=LINE('',#2084,#2086);
#2088=EDGE_CURVE('',#2075,#2083,#2087,.T.);
#2089=ORIENTED_EDGE('',*,*,#2088,.T.);
#2090=CARTESIAN_POINT('',(12.34624704,-0.023024648,18.576975352));
#2091=DIRECTION('',(0.,1.,-0.));
#2092=VECTOR('',#2091,0.3);
#2093=LINE('',#2090,#2092);
#2094=EDGE_CURVE('',#2083,#804,#2093,.T.);
#2095=ORIENTED_EDGE('',*,*,#2094,.T.);
#2096=ORIENTED_EDGE('',*,*,#809,.T.);
#2097=EDGE_LOOP('',(#2081,#2089,#2095,#2096));
#2098=FACE_BOUND('',#2097,.T.);
#2099=ADVANCED_FACE('',(#2098),#2073,.F.);
#2100=CARTESIAN_POINT('',(300.34624704,-0.223024648,22.726975352));
#2101=DIRECTION('',(0.,-1.,0.));
#2102=DIRECTION('',(-1.,0.,0.));
#2103=AXIS2_PLACEMENT_3D('',#2100,#2101,#2102);
#2104=PLANE('',#2103);
#2105=CARTESIAN_POINT('',(12.94624704,-0.223024648,12.076975352));
#2106=VERTEX_POINT('',#2105);
#2107=CARTESIAN_POINT('',(13.14624704,-0.223024648,12.276975352));
#2108=VERTEX_POINT('',#2107);
#2109=CARTESIAN_POINT('',(12.94624704,-0.223024648,12.276975352));
#2110=DIRECTION('',(0.,-1.,0.));
#2111=DIRECTION('',(-1.,0.,0.));
#2112=AXIS2_PLACEMENT_3D('',#2109,#2110,#2111);
#2113=CIRCLE('',#2112,0.2);
#2114=EDGE_CURVE('',#2106,#2108,#2113,.T.);
#2115=ORIENTED_EDGE('',*,*,#2114,.T.);
#2116=CARTESIAN_POINT('',(13.14624704,-0.223024648,18.576975352));
#2117=VERTEX_POINT('',#2116);
#2118=CARTESIAN_POINT('',(13.14624704,-0.223024648,12.276975352));
#2119=DIRECTION('',(0.,0.,1.));
#2120=VECTOR('',#2119,6.3);
#2121=LINE('',#2118,#2120);
#2122=EDGE_CURVE('',#2108,#2117,#2121,.T.);
#2123=ORIENTED_EDGE('',*,*,#2122,.T.);
#2124=CARTESIAN_POINT('',(12.94624704,-0.223024648,18.776975352));
#2125=VERTEX_POINT('',#2124);
#2126=CARTESIAN_POINT('',(12.94624704,-0.223024648,18.576975352));
#2127=DIRECTION('',(0.,-1.,0.));
#2128=DIRECTION('',(-1.,0.,0.));
#2129=AXIS2_PLACEMENT_3D('',#2126,#2127,#2128);
#2130=CIRCLE('',#2129,0.2);
#2131=EDGE_CURVE('',#2117,#2125,#2130,.T.);
#2132=ORIENTED_EDGE('',*,*,#2131,.T.);
#2133=CARTESIAN_POINT('',(12.74624704,-0.223024648,18.776975352));
#2134=VERTEX_POINT('',#2133);
#2135=CARTESIAN_POINT('',(12.94624704,-0.223024648,18.776975352));
#2136=DIRECTION('',(-1.,0.,0.));
#2137=VECTOR('',#2136,0.2);
#2138=LINE('',#2135,#2137);
#2139=EDGE_CURVE('',#2125,#2134,#2138,.T.);
#2140=ORIENTED_EDGE('',*,*,#2139,.T.);
#2141=CARTESIAN_POINT('',(12.54624704,-0.223024648,18.576975352));
#2142=VERTEX_POINT('',#2141);
#2143=CARTESIAN_POINT('',(12.74624704,-0.223024648,18.576975352));
#2144=DIRECTION('',(0.,-1.,0.));
#2145=DIRECTION('',(-1.,0.,0.));
#2146=AXIS2_PLACEMENT_3D('',#2143,#2144,#2145);
#2147=CIRCLE('',#2146,0.2);
#2148=EDGE_CURVE('',#2134,#2142,#2147,.T.);
#2149=ORIENTED_EDGE('',*,*,#2148,.T.);
#2150=CARTESIAN_POINT('',(12.54624704,-0.223024648,12.276975352));
#2151=VERTEX_POINT('',#2150);
#2152=CARTESIAN_POINT('',(12.54624704,-0.223024648,18.576975352));
#2153=DIRECTION('',(-0.,-0.,-1.));
#2154=VECTOR('',#2153,6.3);
#2155=LINE('',#2152,#2154);
#2156=EDGE_CURVE('',#2142,#2151,#2155,.T.);
#2157=ORIENTED_EDGE('',*,*,#2156,.T.);
#2158=CARTESIAN_POINT('',(12.74624704,-0.223024648,12.076975352));
#2159=VERTEX_POINT('',#2158);
#2160=CARTESIAN_POINT('',(12.74624704,-0.223024648,12.276975352));
#2161=DIRECTION('',(0.,-1.,0.));
#2162=DIRECTION('',(-1.,0.,0.));
#2163=AXIS2_PLACEMENT_3D('',#2160,#2161,#2162);
#2164=CIRCLE('',#2163,0.2);
#2165=EDGE_CURVE('',#2151,#2159,#2164,.T.);
#2166=ORIENTED_EDGE('',*,*,#2165,.T.);
#2167=CARTESIAN_POINT('',(12.74624704,-0.223024648,12.076975352));
#2168=DIRECTION('',(1.,-0.,-0.));
#2169=VECTOR('',#2168,0.2);
#2170=LINE('',#2167,#2169);
#2171=EDGE_CURVE('',#2159,#2106,#2170,.T.);
#2172=ORIENTED_EDGE('',*,*,#2171,.T.);
#2173=EDGE_LOOP('',(#2115,#2123,#2132,#2140,#2149,#2157,#2166,#2172));
#2174=FACE_BOUND('',#2173,.T.);
#2175=ADVANCED_FACE('',(#2174),#2104,.T.);
#2176=CARTESIAN_POINT('',(16.74624704,-0.223024648,18.576975352));
#2177=DIRECTION('',(0.,1.,-0.));
#2178=DIRECTION('',(1.,-0.,-0.));
#2179=AXIS2_PLACEMENT_3D('',#2176,#2177,#2178);
#2180=CYLINDRICAL_SURFACE('',#2179,0.4);
#2181=ORIENTED_EDGE('',*,*,#1694,.F.);
#2182=CARTESIAN_POINT('',(16.74624704,-0.023024648,18.576975352));
#2183=DIRECTION('',(-0.,1.,-0.));
#2184=DIRECTION('',(-1.,0.,0.));
#2185=AXIS2_PLACEMENT_3D('',#2182,#2183,#2184);
#2186=CIRCLE('',#2185,0.4);
#2187=EDGE_CURVE('',#1683,#1644,#2186,.T.);
#2188=ORIENTED_EDGE('',*,*,#2187,.T.);
#2189=ORIENTED_EDGE('',*,*,#1649,.F.);
#2190=ORIENTED_EDGE('',*,*,#975,.F.);
#2191=EDGE_LOOP('',(#2181,#2188,#2189,#2190));
#2192=FACE_BOUND('',#2191,.T.);
#2193=ADVANCED_FACE('',(#2192),#2180,.T.);
#2194=CARTESIAN_POINT('',(16.74624704,-0.223024648,12.276975352));
#2195=DIRECTION('',(0.,1.,-0.));
#2196=DIRECTION('',(1.,-0.,-0.));
#2197=AXIS2_PLACEMENT_3D('',#2194,#2195,#2196);
#2198=CYLINDRICAL_SURFACE('',#2197,0.4);
#2199=ORIENTED_EDGE('',*,*,#1601,.F.);
#2200=CARTESIAN_POINT('',(16.74624704,-0.023024648,12.276975352));
#2201=DIRECTION('',(-0.,1.,-0.));
#2202=DIRECTION('',(-1.,0.,0.));
#2203=AXIS2_PLACEMENT_3D('',#2200,#2201,#2202);
#2204=CIRCLE('',#2203,0.4);
#2205=EDGE_CURVE('',#1590,#1675,#2204,.T.);
#2206=ORIENTED_EDGE('',*,*,#2205,.T.);
#2207=ORIENTED_EDGE('',*,*,#1680,.F.);
#2208=ORIENTED_EDGE('',*,*,#958,.F.);
#2209=EDGE_LOOP('',(#2199,#2206,#2207,#2208));
#2210=FACE_BOUND('',#2209,.T.);
#2211=ADVANCED_FACE('',(#2210),#2198,.T.);
#2212=CARTESIAN_POINT('',(16.94624704,-0.223024648,18.576975352));
#2213=DIRECTION('',(0.,1.,-0.));
#2214=DIRECTION('',(1.,-0.,-0.));
#2215=AXIS2_PLACEMENT_3D('',#2212,#2213,#2214);
#2216=CYLINDRICAL_SURFACE('',#2215,0.4);
#2217=ORIENTED_EDGE('',*,*,#1663,.F.);
#2218=CARTESIAN_POINT('',(16.94624704,-0.023024648,18.576975352));
#2219=DIRECTION('',(-0.,1.,-0.));
#2220=DIRECTION('',(-1.,0.,0.));
#2221=AXIS2_PLACEMENT_3D('',#2218,#2219,#2220);
#2222=CIRCLE('',#2221,0.4);
#2223=EDGE_CURVE('',#1652,#1613,#2222,.T.);
#2224=ORIENTED_EDGE('',*,*,#2223,.T.);
#2225=ORIENTED_EDGE('',*,*,#1618,.F.);
#2226=ORIENTED_EDGE('',*,*,#990,.F.);
#2227=EDGE_LOOP('',(#2217,#2224,#2225,#2226));
#2228=FACE_BOUND('',#2227,.T.);
#2229=ADVANCED_FACE('',(#2228),#2216,.T.);
#2230=CARTESIAN_POINT('',(16.94624704,-0.223024648,12.276975352));
#2231=DIRECTION('',(0.,1.,-0.));
#2232=DIRECTION('',(1.,-0.,-0.));
#2233=AXIS2_PLACEMENT_3D('',#2230,#2231,#2232);
#2234=CYLINDRICAL_SURFACE('',#2233,0.4);
#2235=ORIENTED_EDGE('',*,*,#1632,.F.);
#2236=CARTESIAN_POINT('',(16.94624704,-0.023024648,12.276975352));
#2237=DIRECTION('',(-0.,1.,-0.));
#2238=DIRECTION('',(-1.,0.,0.));
#2239=AXIS2_PLACEMENT_3D('',#2236,#2237,#2238);
#2240=CIRCLE('',#2239,0.4);
#2241=EDGE_CURVE('',#1621,#1582,#2240,.T.);
#2242=ORIENTED_EDGE('',*,*,#2241,.T.);
#2243=ORIENTED_EDGE('',*,*,#1587,.F.);
#2244=ORIENTED_EDGE('',*,*,#941,.F.);
#2245=EDGE_LOOP('',(#2235,#2242,#2243,#2244));
#2246=FACE_BOUND('',#2245,.T.);
#2247=ADVANCED_FACE('',(#2246),#2234,.T.);
#2248=CARTESIAN_POINT('',(14.74624704,-0.223024648,18.576975352));
#2249=DIRECTION('',(0.,1.,-0.));
#2250=DIRECTION('',(1.,-0.,-0.));
#2251=AXIS2_PLACEMENT_3D('',#2248,#2249,#2250);
#2252=CYLINDRICAL_SURFACE('',#2251,0.4);
#2253=ORIENTED_EDGE('',*,*,#1894,.F.);
#2254=CARTESIAN_POINT('',(14.74624704,-0.023024648,18.576975352));
#2255=DIRECTION('',(-0.,1.,-0.));
#2256=DIRECTION('',(-1.,0.,0.));
#2257=AXIS2_PLACEMENT_3D('',#2254,#2255,#2256);
#2258=CIRCLE('',#2257,0.4);
#2259=EDGE_CURVE('',#1883,#1844,#2258,.T.);
#2260=ORIENTED_EDGE('',*,*,#2259,.T.);
#2261=ORIENTED_EDGE('',*,*,#1849,.F.);
#2262=ORIENTED_EDGE('',*,*,#1045,.F.);
#2263=EDGE_LOOP('',(#2253,#2260,#2261,#2262));
#2264=FACE_BOUND('',#2263,.T.);
#2265=ADVANCED_FACE('',(#2264),#2252,.T.);
#2266=CARTESIAN_POINT('',(14.74624704,-0.223024648,12.276975352));
#2267=DIRECTION('',(0.,1.,-0.));
#2268=DIRECTION('',(1.,-0.,-0.));
#2269=AXIS2_PLACEMENT_3D('',#2266,#2267,#2268);
#2270=CYLINDRICAL_SURFACE('',#2269,0.4);
#2271=ORIENTED_EDGE('',*,*,#1801,.F.);
#2272=CARTESIAN_POINT('',(14.74624704,-0.023024648,12.276975352));
#2273=DIRECTION('',(-0.,1.,-0.));
#2274=DIRECTION('',(-1.,0.,0.));
#2275=AXIS2_PLACEMENT_3D('',#2272,#2273,#2274);
#2276=CIRCLE('',#2275,0.4);
#2277=EDGE_CURVE('',#1790,#1875,#2276,.T.);
#2278=ORIENTED_EDGE('',*,*,#2277,.T.);
#2279=ORIENTED_EDGE('',*,*,#1880,.F.);
#2280=ORIENTED_EDGE('',*,*,#1028,.F.);
#2281=EDGE_LOOP('',(#2271,#2278,#2279,#2280));
#2282=FACE_BOUND('',#2281,.T.);
#2283=ADVANCED_FACE('',(#2282),#2270,.T.);
#2284=CARTESIAN_POINT('',(14.94624704,-0.223024648,18.576975352));
#2285=DIRECTION('',(0.,1.,-0.));
#2286=DIRECTION('',(1.,-0.,-0.));
#2287=AXIS2_PLACEMENT_3D('',#2284,#2285,#2286);
#2288=CYLINDRICAL_SURFACE('',#2287,0.4);
#2289=ORIENTED_EDGE('',*,*,#1863,.F.);
#2290=CARTESIAN_POINT('',(14.94624704,-0.023024648,18.576975352));
#2291=DIRECTION('',(-0.,1.,-0.));
#2292=DIRECTION('',(-1.,0.,0.));
#2293=AXIS2_PLACEMENT_3D('',#2290,#2291,#2292);
#2294=CIRCLE('',#2293,0.4);
#2295=EDGE_CURVE('',#1852,#1813,#2294,.T.);
#2296=ORIENTED_EDGE('',*,*,#2295,.T.);
#2297=ORIENTED_EDGE('',*,*,#1818,.F.);
#2298=ORIENTED_EDGE('',*,*,#1060,.F.);
#2299=EDGE_LOOP('',(#2289,#2296,#2297,#2298));
#2300=FACE_BOUND('',#2299,.T.);
#2301=ADVANCED_FACE('',(#2300),#2288,.T.);
#2302=CARTESIAN_POINT('',(14.94624704,-0.223024648,12.276975352));
#2303=DIRECTION('',(0.,1.,-0.));
#2304=DIRECTION('',(1.,-0.,-0.));
#2305=AXIS2_PLACEMENT_3D('',#2302,#2303,#2304);
#2306=CYLINDRICAL_SURFACE('',#2305,0.4);
#2307=ORIENTED_EDGE('',*,*,#1832,.F.);
#2308=CARTESIAN_POINT('',(14.94624704,-0.023024648,12.276975352));
#2309=DIRECTION('',(-0.,1.,-0.));
#2310=DIRECTION('',(-1.,0.,0.));
#2311=AXIS2_PLACEMENT_3D('',#2308,#2309,#2310);
#2312=CIRCLE('',#2311,0.4);
#2313=EDGE_CURVE('',#1821,#1782,#2312,.T.);
#2314=ORIENTED_EDGE('',*,*,#2313,.T.);
#2315=ORIENTED_EDGE('',*,*,#1787,.F.);
#2316=ORIENTED_EDGE('',*,*,#1011,.F.);
#2317=EDGE_LOOP('',(#2307,#2314,#2315,#2316));
#2318=FACE_BOUND('',#2317,.T.);
#2319=ADVANCED_FACE('',(#2318),#2306,.T.);
#2320=CARTESIAN_POINT('',(12.74624704,-0.223024648,18.576975352));
#2321=DIRECTION('',(0.,1.,-0.));
#2322=DIRECTION('',(1.,-0.,-0.));
#2323=AXIS2_PLACEMENT_3D('',#2320,#2321,#2322);
#2324=CYLINDRICAL_SURFACE('',#2323,0.4);
#2325=ORIENTED_EDGE('',*,*,#2094,.F.);
#2326=CARTESIAN_POINT('',(12.74624704,-0.023024648,18.576975352));
#2327=DIRECTION('',(-0.,1.,-0.));
#2328=DIRECTION('',(-1.,0.,0.));
#2329=AXIS2_PLACEMENT_3D('',#2326,#2327,#2328);
#2330=CIRCLE('',#2329,0.4);
#2331=EDGE_CURVE('',#2083,#2044,#2330,.T.);
#2332=ORIENTED_EDGE('',*,*,#2331,.T.);
#2333=ORIENTED_EDGE('',*,*,#2049,.F.);
#2334=ORIENTED_EDGE('',*,*,#818,.F.);
#2335=EDGE_LOOP('',(#2325,#2332,#2333,#2334));
#2336=FACE_BOUND('',#2335,.T.);
#2337=ADVANCED_FACE('',(#2336),#2324,.T.);
#2338=CARTESIAN_POINT('',(12.74624704,-0.223024648,12.276975352));
#2339=DIRECTION('',(0.,-1.,0.));
#2340=DIRECTION('',(-1.,0.,0.));
#2341=AXIS2_PLACEMENT_3D('',#2338,#2339,#2340);
#2342=CYLINDRICAL_SURFACE('',#2341,0.4);
#2343=ORIENTED_EDGE('',*,*,#2001,.F.);
#2344=CARTESIAN_POINT('',(12.74624704,-0.023024648,12.276975352));
#2345=DIRECTION('',(-0.,1.,-0.));
#2346=DIRECTION('',(-1.,0.,0.));
#2347=AXIS2_PLACEMENT_3D('',#2344,#2345,#2346);
#2348=CIRCLE('',#2347,0.4);
#2349=EDGE_CURVE('',#1990,#2075,#2348,.T.);
#2350=ORIENTED_EDGE('',*,*,#2349,.T.);
#2351=ORIENTED_EDGE('',*,*,#2080,.F.);
#2352=ORIENTED_EDGE('',*,*,#801,.F.);
#2353=EDGE_LOOP('',(#2343,#2350,#2351,#2352));
#2354=FACE_BOUND('',#2353,.T.);
#2355=ADVANCED_FACE('',(#2354),#2342,.T.);
#2356=CARTESIAN_POINT('',(12.94624704,-0.223024648,18.576975352));
#2357=DIRECTION('',(0.,1.,-0.));
#2358=DIRECTION('',(1.,-0.,-0.));
#2359=AXIS2_PLACEMENT_3D('',#2356,#2357,#2358);
#2360=CYLINDRICAL_SURFACE('',#2359,0.4);
#2361=ORIENTED_EDGE('',*,*,#2063,.F.);
#2362=CARTESIAN_POINT('',(12.94624704,-0.023024648,18.576975352));
#2363=DIRECTION('',(-0.,1.,-0.));
#2364=DIRECTION('',(-1.,0.,0.));
#2365=AXIS2_PLACEMENT_3D('',#2362,#2363,#2364);
#2366=CIRCLE('',#2365,0.4);
#2367=EDGE_CURVE('',#2052,#2013,#2366,.T.);
#2368=ORIENTED_EDGE('',*,*,#2367,.T.);
#2369=ORIENTED_EDGE('',*,*,#2018,.F.);
#2370=ORIENTED_EDGE('',*,*,#833,.F.);
#2371=EDGE_LOOP('',(#2361,#2368,#2369,#2370));
#2372=FACE_BOUND('',#2371,.T.);
#2373=ADVANCED_FACE('',(#2372),#2360,.T.);
#2374=CARTESIAN_POINT('',(12.94624704,-0.223024648,12.276975352));
#2375=DIRECTION('',(0.,-1.,0.));
#2376=DIRECTION('',(-1.,0.,0.));
#2377=AXIS2_PLACEMENT_3D('',#2374,#2375,#2376);
#2378=CYLINDRICAL_SURFACE('',#2377,0.4);
#2379=ORIENTED_EDGE('',*,*,#2032,.F.);
#2380=CARTESIAN_POINT('',(12.94624704,-0.023024648,12.276975352));
#2381=DIRECTION('',(-0.,1.,-0.));
#2382=DIRECTION('',(-1.,0.,0.));
#2383=AXIS2_PLACEMENT_3D('',#2380,#2381,#2382);
#2384=CIRCLE('',#2383,0.4);
#2385=EDGE_CURVE('',#2021,#1982,#2384,.T.);
#2386=ORIENTED_EDGE('',*,*,#2385,.T.);
#2387=ORIENTED_EDGE('',*,*,#1987,.F.);
#2388=ORIENTED_EDGE('',*,*,#784,.F.);
#2389=EDGE_LOOP('',(#2379,#2386,#2387,#2388));
#2390=FACE_BOUND('',#2389,.T.);
#2391=ADVANCED_FACE('',(#2390),#2378,.T.);
#2392=CARTESIAN_POINT('',(12.94624704,-0.023024648,12.276975352));
#2393=DIRECTION('',(0.,-1.,0.));
#2394=DIRECTION('',(-1.,0.,0.));
#2395=AXIS2_PLACEMENT_3D('',#2392,#2393,#2394);
#2396=DEGENERATE_TOROIDAL_SURFACE('',#2395,0.2,0.2,.T.);
#2397=CARTESIAN_POINT('',(12.94624704,-0.023024648,12.076975352));
#2398=DIRECTION('',(-1.,0.,0.));
#2399=DIRECTION('',(0.,1.,-0.));
#2400=AXIS2_PLACEMENT_3D('',#2397,#2398,#2399);
#2401=CIRCLE('',#2400,0.2);
#2402=EDGE_CURVE('',#1982,#2106,#2401,.T.);
#2403=ORIENTED_EDGE('',*,*,#2402,.F.);
#2404=ORIENTED_EDGE('',*,*,#2385,.F.);
#2405=CARTESIAN_POINT('',(13.14624704,-0.023024648,12.276975352));
#2406=DIRECTION('',(0.,0.,1.));
#2407=DIRECTION('',(0.,1.,-0.));
#2408=AXIS2_PLACEMENT_3D('',#2405,#2406,#2407);
#2409=CIRCLE('',#2408,0.2);
#2410=EDGE_CURVE('',#2108,#2021,#2409,.T.);
#2411=ORIENTED_EDGE('',*,*,#2410,.F.);
#2412=ORIENTED_EDGE('',*,*,#2114,.F.);
#2413=EDGE_LOOP('',(#2403,#2404,#2411,#2412));
#2414=FACE_BOUND('',#2413,.T.);
#2415=ADVANCED_FACE('',(#2414),#2396,.T.);
#2416=CARTESIAN_POINT('',(13.14624704,-0.023024648,22.726975352));
#2417=DIRECTION('',(-0.,-0.,-1.));
#2418=DIRECTION('',(0.,-1.,0.));
#2419=AXIS2_PLACEMENT_3D('',#2416,#2417,#2418);
#2420=CYLINDRICAL_SURFACE('',#2419,0.2);
#2421=ORIENTED_EDGE('',*,*,#2410,.T.);
#2422=ORIENTED_EDGE('',*,*,#2026,.F.);
#2423=CARTESIAN_POINT('',(13.14624704,-0.023024648,18.576975352));
#2424=DIRECTION('',(0.,0.,1.));
#2425=DIRECTION('',(0.,1.,-0.));
#2426=AXIS2_PLACEMENT_3D('',#2423,#2424,#2425);
#2427=CIRCLE('',#2426,0.2);
#2428=EDGE_CURVE('',#2117,#2013,#2427,.T.);
#2429=ORIENTED_EDGE('',*,*,#2428,.F.);
#2430=ORIENTED_EDGE('',*,*,#2122,.F.);
#2431=EDGE_LOOP('',(#2421,#2422,#2429,#2430));
#2432=FACE_BOUND('',#2431,.T.);
#2433=ADVANCED_FACE('',(#2432),#2420,.T.);
#2434=CARTESIAN_POINT('',(12.84624704,-0.023024648,12.076975352));
#2435=DIRECTION('',(-1.,0.,0.));
#2436=DIRECTION('',(0.,1.,-0.));
#2437=AXIS2_PLACEMENT_3D('',#2434,#2435,#2436);
#2438=CYLINDRICAL_SURFACE('',#2437,0.2);
#2439=ORIENTED_EDGE('',*,*,#2402,.T.);
#2440=ORIENTED_EDGE('',*,*,#2171,.F.);
#2441=CARTESIAN_POINT('',(12.74624704,-0.023024648,12.076975352));
#2442=DIRECTION('',(-1.,0.,0.));
#2443=DIRECTION('',(0.,1.,-0.));
#2444=AXIS2_PLACEMENT_3D('',#2441,#2442,#2443);
#2445=CIRCLE('',#2444,0.2);
#2446=EDGE_CURVE('',#1990,#2159,#2445,.T.);
#2447=ORIENTED_EDGE('',*,*,#2446,.F.);
#2448=ORIENTED_EDGE('',*,*,#1995,.F.);
#2449=EDGE_LOOP('',(#2439,#2440,#2447,#2448));
#2450=FACE_BOUND('',#2449,.T.);
#2451=ADVANCED_FACE('',(#2450),#2438,.T.);
#2452=CARTESIAN_POINT('',(12.94624704,-0.023024648,18.576975352));
#2453=DIRECTION('',(0.,-1.,0.));
#2454=DIRECTION('',(-1.,0.,0.));
#2455=AXIS2_PLACEMENT_3D('',#2452,#2453,#2454);
#2456=DEGENERATE_TOROIDAL_SURFACE('',#2455,0.2,0.2,.T.);
#2457=ORIENTED_EDGE('',*,*,#2428,.T.);
#2458=ORIENTED_EDGE('',*,*,#2367,.F.);
#2459=CARTESIAN_POINT('',(12.94624704,-0.023024648,18.776975352));
#2460=DIRECTION('',(-1.,0.,0.));
#2461=DIRECTION('',(0.,1.,-0.));
#2462=AXIS2_PLACEMENT_3D('',#2459,#2460,#2461);
#2463=CIRCLE('',#2462,0.2);
#2464=EDGE_CURVE('',#2125,#2052,#2463,.T.);
#2465=ORIENTED_EDGE('',*,*,#2464,.F.);
#2466=ORIENTED_EDGE('',*,*,#2131,.F.);
#2467=EDGE_LOOP('',(#2457,#2458,#2465,#2466));
#2468=FACE_BOUND('',#2467,.T.);
#2469=ADVANCED_FACE('',(#2468),#2456,.T.);
#2470=CARTESIAN_POINT('',(12.74624704,-0.023024648,12.276975352));
#2471=DIRECTION('',(0.,-1.,0.));
#2472=DIRECTION('',(-1.,0.,0.));
#2473=AXIS2_PLACEMENT_3D('',#2470,#2471,#2472);
#2474=DEGENERATE_TOROIDAL_SURFACE('',#2473,0.2,0.2,.T.);
#2475=ORIENTED_EDGE('',*,*,#2446,.T.);
#2476=ORIENTED_EDGE('',*,*,#2165,.F.);
#2477=CARTESIAN_POINT('',(12.54624704,-0.023024648,12.276975352));
#2478=DIRECTION('',(0.,0.,1.));
#2479=DIRECTION('',(0.,1.,-0.));
#2480=AXIS2_PLACEMENT_3D('',#2477,#2478,#2479);
#2481=CIRCLE('',#2480,0.2);
#2482=EDGE_CURVE('',#2075,#2151,#2481,.T.);
#2483=ORIENTED_EDGE('',*,*,#2482,.F.);
#2484=ORIENTED_EDGE('',*,*,#2349,.F.);
#2485=EDGE_LOOP('',(#2475,#2476,#2483,#2484));
#2486=FACE_BOUND('',#2485,.T.);
#2487=ADVANCED_FACE('',(#2486),#2474,.T.);
#2488=CARTESIAN_POINT('',(300.34624704,-0.023024648,18.776975352));
#2489=DIRECTION('',(1.,-0.,-0.));
#2490=DIRECTION('',(0.,-1.,0.));
#2491=AXIS2_PLACEMENT_3D('',#2488,#2489,#2490);
#2492=CYLINDRICAL_SURFACE('',#2491,0.2);
#2493=ORIENTED_EDGE('',*,*,#2464,.T.);
#2494=ORIENTED_EDGE('',*,*,#2057,.F.);
#2495=CARTESIAN_POINT('',(12.74624704,-0.023024648,18.776975352));
#2496=DIRECTION('',(-1.,0.,0.));
#2497=DIRECTION('',(0.,1.,-0.));
#2498=AXIS2_PLACEMENT_3D('',#2495,#2496,#2497);
#2499=CIRCLE('',#2498,0.2);
#2500=EDGE_CURVE('',#2134,#2044,#2499,.T.);
#2501=ORIENTED_EDGE('',*,*,#2500,.F.);
#2502=ORIENTED_EDGE('',*,*,#2139,.F.);
#2503=EDGE_LOOP('',(#2493,#2494,#2501,#2502));
#2504=FACE_BOUND('',#2503,.T.);
#2505=ADVANCED_FACE('',(#2504),#2492,.T.);
#2506=CARTESIAN_POINT('',(12.54624704,-0.023024648,22.726975352));
#2507=DIRECTION('',(0.,0.,1.));
#2508=DIRECTION('',(0.,1.,-0.));
#2509=AXIS2_PLACEMENT_3D('',#2506,#2507,#2508);
#2510=CYLINDRICAL_SURFACE('',#2509,0.2);
#2511=ORIENTED_EDGE('',*,*,#2482,.T.);
#2512=ORIENTED_EDGE('',*,*,#2156,.F.);
#2513=CARTESIAN_POINT('',(12.54624704,-0.023024648,18.576975352));
#2514=DIRECTION('',(0.,0.,1.));
#2515=DIRECTION('',(0.,1.,-0.));
#2516=AXIS2_PLACEMENT_3D('',#2513,#2514,#2515);
#2517=CIRCLE('',#2516,0.2);
#2518=EDGE_CURVE('',#2083,#2142,#2517,.T.);
#2519=ORIENTED_EDGE('',*,*,#2518,.F.);
#2520=ORIENTED_EDGE('',*,*,#2088,.F.);
#2521=EDGE_LOOP('',(#2511,#2512,#2519,#2520));
#2522=FACE_BOUND('',#2521,.T.);
#2523=ADVANCED_FACE('',(#2522),#2510,.T.);
#2524=CARTESIAN_POINT('',(12.74624704,-0.023024648,18.576975352));
#2525=DIRECTION('',(0.,-1.,0.));
#2526=DIRECTION('',(-1.,0.,0.));
#2527=AXIS2_PLACEMENT_3D('',#2524,#2525,#2526);
#2528=DEGENERATE_TOROIDAL_SURFACE('',#2527,0.2,0.2,.T.);
#2529=ORIENTED_EDGE('',*,*,#2500,.T.);
#2530=ORIENTED_EDGE('',*,*,#2331,.F.);
#2531=ORIENTED_EDGE('',*,*,#2518,.T.);
#2532=ORIENTED_EDGE('',*,*,#2148,.F.);
#2533=EDGE_LOOP('',(#2529,#2530,#2531,#2532));
#2534=FACE_BOUND('',#2533,.T.);
#2535=ADVANCED_FACE('',(#2534),#2528,.T.);
#2536=CARTESIAN_POINT('',(14.94624704,-0.023024648,12.276975352));
#2537=DIRECTION('',(0.,-1.,0.));
#2538=DIRECTION('',(-1.,0.,0.));
#2539=AXIS2_PLACEMENT_3D('',#2536,#2537,#2538);
#2540=DEGENERATE_TOROIDAL_SURFACE('',#2539,0.2,0.2,.T.);
#2541=CARTESIAN_POINT('',(14.94624704,-0.023024648,12.076975352));
#2542=DIRECTION('',(-1.,0.,0.));
#2543=DIRECTION('',(0.,1.,-0.));
#2544=AXIS2_PLACEMENT_3D('',#2541,#2542,#2543);
#2545=CIRCLE('',#2544,0.2);
#2546=EDGE_CURVE('',#1782,#1906,#2545,.T.);
#2547=ORIENTED_EDGE('',*,*,#2546,.F.);
#2548=ORIENTED_EDGE('',*,*,#2313,.F.);
#2549=CARTESIAN_POINT('',(15.14624704,-0.023024648,12.276975352));
#2550=DIRECTION('',(0.,0.,1.));
#2551=DIRECTION('',(0.,1.,-0.));
#2552=AXIS2_PLACEMENT_3D('',#2549,#2550,#2551);
#2553=CIRCLE('',#2552,0.2);
#2554=EDGE_CURVE('',#1908,#1821,#2553,.T.);
#2555=ORIENTED_EDGE('',*,*,#2554,.F.);
#2556=ORIENTED_EDGE('',*,*,#1914,.F.);
#2557=EDGE_LOOP('',(#2547,#2548,#2555,#2556));
#2558=FACE_BOUND('',#2557,.T.);
#2559=ADVANCED_FACE('',(#2558),#2540,.T.);
#2560=CARTESIAN_POINT('',(15.14624704,-0.023024648,22.726975352));
#2561=DIRECTION('',(-0.,-0.,-1.));
#2562=DIRECTION('',(0.,-1.,0.));
#2563=AXIS2_PLACEMENT_3D('',#2560,#2561,#2562);
#2564=CYLINDRICAL_SURFACE('',#2563,0.2);
#2565=ORIENTED_EDGE('',*,*,#2554,.T.);
#2566=ORIENTED_EDGE('',*,*,#1826,.F.);
#2567=CARTESIAN_POINT('',(15.14624704,-0.023024648,18.576975352));
#2568=DIRECTION('',(0.,0.,1.));
#2569=DIRECTION('',(0.,1.,-0.));
#2570=AXIS2_PLACEMENT_3D('',#2567,#2568,#2569);
#2571=CIRCLE('',#2570,0.2);
#2572=EDGE_CURVE('',#1917,#1813,#2571,.T.);
#2573=ORIENTED_EDGE('',*,*,#2572,.F.);
#2574=ORIENTED_EDGE('',*,*,#1922,.F.);
#2575=EDGE_LOOP('',(#2565,#2566,#2573,#2574));
#2576=FACE_BOUND('',#2575,.T.);
#2577=ADVANCED_FACE('',(#2576),#2564,.T.);
#2578=CARTESIAN_POINT('',(300.34624704,-0.023024648,12.076975352));
#2579=DIRECTION('',(-1.,0.,0.));
#2580=DIRECTION('',(0.,1.,-0.));
#2581=AXIS2_PLACEMENT_3D('',#2578,#2579,#2580);
#2582=CYLINDRICAL_SURFACE('',#2581,0.2);
#2583=ORIENTED_EDGE('',*,*,#2546,.T.);
#2584=ORIENTED_EDGE('',*,*,#1971,.F.);
#2585=CARTESIAN_POINT('',(14.74624704,-0.023024648,12.076975352));
#2586=DIRECTION('',(-1.,0.,0.));
#2587=DIRECTION('',(0.,1.,-0.));
#2588=AXIS2_PLACEMENT_3D('',#2585,#2586,#2587);
#2589=CIRCLE('',#2588,0.2);
#2590=EDGE_CURVE('',#1790,#1959,#2589,.T.);
#2591=ORIENTED_EDGE('',*,*,#2590,.F.);
#2592=ORIENTED_EDGE('',*,*,#1795,.F.);
#2593=EDGE_LOOP('',(#2583,#2584,#2591,#2592));
#2594=FACE_BOUND('',#2593,.T.);
#2595=ADVANCED_FACE('',(#2594),#2582,.T.);
#2596=CARTESIAN_POINT('',(14.94624704,-0.023024648,18.576975352));
#2597=DIRECTION('',(0.,-1.,0.));
#2598=DIRECTION('',(-1.,0.,0.));
#2599=AXIS2_PLACEMENT_3D('',#2596,#2597,#2598);
#2600=DEGENERATE_TOROIDAL_SURFACE('',#2599,0.2,0.2,.T.);
#2601=ORIENTED_EDGE('',*,*,#2572,.T.);
#2602=ORIENTED_EDGE('',*,*,#2295,.F.);
#2603=CARTESIAN_POINT('',(14.94624704,-0.023024648,18.776975352));
#2604=DIRECTION('',(-1.,0.,0.));
#2605=DIRECTION('',(0.,1.,-0.));
#2606=AXIS2_PLACEMENT_3D('',#2603,#2604,#2605);
#2607=CIRCLE('',#2606,0.2);
#2608=EDGE_CURVE('',#1925,#1852,#2607,.T.);
#2609=ORIENTED_EDGE('',*,*,#2608,.F.);
#2610=ORIENTED_EDGE('',*,*,#1931,.F.);
#2611=EDGE_LOOP('',(#2601,#2602,#2609,#2610));
#2612=FACE_BOUND('',#2611,.T.);
#2613=ADVANCED_FACE('',(#2612),#2600,.T.);
#2614=CARTESIAN_POINT('',(14.74624704,-0.023024648,12.276975352));
#2615=DIRECTION('',(0.,-1.,0.));
#2616=DIRECTION('',(-1.,0.,0.));
#2617=AXIS2_PLACEMENT_3D('',#2614,#2615,#2616);
#2618=DEGENERATE_TOROIDAL_SURFACE('',#2617,0.2,0.2,.T.);
#2619=ORIENTED_EDGE('',*,*,#2590,.T.);
#2620=ORIENTED_EDGE('',*,*,#1965,.F.);
#2621=CARTESIAN_POINT('',(14.54624704,-0.023024648,12.276975352));
#2622=DIRECTION('',(0.,0.,1.));
#2623=DIRECTION('',(0.,1.,-0.));
#2624=AXIS2_PLACEMENT_3D('',#2621,#2622,#2623);
#2625=CIRCLE('',#2624,0.2);
#2626=EDGE_CURVE('',#1875,#1951,#2625,.T.);
#2627=ORIENTED_EDGE('',*,*,#2626,.F.);
#2628=ORIENTED_EDGE('',*,*,#2277,.F.);
#2629=EDGE_LOOP('',(#2619,#2620,#2627,#2628));
#2630=FACE_BOUND('',#2629,.T.);
#2631=ADVANCED_FACE('',(#2630),#2618,.T.);
#2632=CARTESIAN_POINT('',(300.34624704,-0.023024648,18.776975352));
#2633=DIRECTION('',(1.,-0.,-0.));
#2634=DIRECTION('',(0.,-1.,0.));
#2635=AXIS2_PLACEMENT_3D('',#2632,#2633,#2634);
#2636=CYLINDRICAL_SURFACE('',#2635,0.2);
#2637=ORIENTED_EDGE('',*,*,#2608,.T.);
#2638=ORIENTED_EDGE('',*,*,#1857,.F.);
#2639=CARTESIAN_POINT('',(14.74624704,-0.023024648,18.776975352));
#2640=DIRECTION('',(-1.,0.,0.));
#2641=DIRECTION('',(0.,1.,-0.));
#2642=AXIS2_PLACEMENT_3D('',#2639,#2640,#2641);
#2643=CIRCLE('',#2642,0.2);
#2644=EDGE_CURVE('',#1934,#1844,#2643,.T.);
#2645=ORIENTED_EDGE('',*,*,#2644,.F.);
#2646=ORIENTED_EDGE('',*,*,#1939,.F.);
#2647=EDGE_LOOP('',(#2637,#2638,#2645,#2646));
#2648=FACE_BOUND('',#2647,.T.);
#2649=ADVANCED_FACE('',(#2648),#2636,.T.);
#2650=CARTESIAN_POINT('',(14.54624704,-0.023024648,22.726975352));
#2651=DIRECTION('',(0.,0.,1.));
#2652=DIRECTION('',(0.,1.,-0.));
#2653=AXIS2_PLACEMENT_3D('',#2650,#2651,#2652);
#2654=CYLINDRICAL_SURFACE('',#2653,0.2);
#2655=ORIENTED_EDGE('',*,*,#2626,.T.);
#2656=ORIENTED_EDGE('',*,*,#1956,.F.);
#2657=CARTESIAN_POINT('',(14.54624704,-0.023024648,18.576975352));
#2658=DIRECTION('',(0.,0.,1.));
#2659=DIRECTION('',(0.,1.,-0.));
#2660=AXIS2_PLACEMENT_3D('',#2657,#2658,#2659);
#2661=CIRCLE('',#2660,0.2);
#2662=EDGE_CURVE('',#1883,#1942,#2661,.T.);
#2663=ORIENTED_EDGE('',*,*,#2662,.F.);
#2664=ORIENTED_EDGE('',*,*,#1888,.F.);
#2665=EDGE_LOOP('',(#2655,#2656,#2663,#2664));
#2666=FACE_BOUND('',#2665,.T.);
#2667=ADVANCED_FACE('',(#2666),#2654,.T.);
#2668=CARTESIAN_POINT('',(14.74624704,-0.023024648,18.576975352));
#2669=DIRECTION('',(0.,-1.,0.));
#2670=DIRECTION('',(-1.,0.,0.));
#2671=AXIS2_PLACEMENT_3D('',#2668,#2669,#2670);
#2672=DEGENERATE_TOROIDAL_SURFACE('',#2671,0.2,0.2,.T.);
#2673=ORIENTED_EDGE('',*,*,#2644,.T.);
#2674=ORIENTED_EDGE('',*,*,#2259,.F.);
#2675=ORIENTED_EDGE('',*,*,#2662,.T.);
#2676=ORIENTED_EDGE('',*,*,#1948,.F.);
#2677=EDGE_LOOP('',(#2673,#2674,#2675,#2676));
#2678=FACE_BOUND('',#2677,.T.);
#2679=ADVANCED_FACE('',(#2678),#2672,.T.);
#2680=CARTESIAN_POINT('',(16.94624704,-0.023024648,12.276975352));
#2681=DIRECTION('',(0.,-1.,0.));
#2682=DIRECTION('',(-1.,0.,0.));
#2683=AXIS2_PLACEMENT_3D('',#2680,#2681,#2682);
#2684=DEGENERATE_TOROIDAL_SURFACE('',#2683,0.2,0.2,.T.);
#2685=CARTESIAN_POINT('',(16.94624704,-0.023024648,12.076975352));
#2686=DIRECTION('',(-1.,0.,0.));
#2687=DIRECTION('',(0.,1.,-0.));
#2688=AXIS2_PLACEMENT_3D('',#2685,#2686,#2687);
#2689=CIRCLE('',#2688,0.2);
#2690=EDGE_CURVE('',#1582,#1706,#2689,.T.);
#2691=ORIENTED_EDGE('',*,*,#2690,.F.);
#2692=ORIENTED_EDGE('',*,*,#2241,.F.);
#2693=CARTESIAN_POINT('',(17.14624704,-0.023024648,12.276975352));
#2694=DIRECTION('',(0.,0.,1.));
#2695=DIRECTION('',(0.,1.,-0.));
#2696=AXIS2_PLACEMENT_3D('',#2693,#2694,#2695);
#2697=CIRCLE('',#2696,0.2);
#2698=EDGE_CURVE('',#1708,#1621,#2697,.T.);
#2699=ORIENTED_EDGE('',*,*,#2698,.F.);
#2700=ORIENTED_EDGE('',*,*,#1714,.F.);
#2701=EDGE_LOOP('',(#2691,#2692,#2699,#2700));
#2702=FACE_BOUND('',#2701,.T.);
#2703=ADVANCED_FACE('',(#2702),#2684,.T.);
#2704=CARTESIAN_POINT('',(17.14624704,-0.023024648,22.726975352));
#2705=DIRECTION('',(-0.,-0.,-1.));
#2706=DIRECTION('',(0.,-1.,0.));
#2707=AXIS2_PLACEMENT_3D('',#2704,#2705,#2706);
#2708=CYLINDRICAL_SURFACE('',#2707,0.2);
#2709=ORIENTED_EDGE('',*,*,#2698,.T.);
#2710=ORIENTED_EDGE('',*,*,#1626,.F.);
#2711=CARTESIAN_POINT('',(17.14624704,-0.023024648,18.576975352));
#2712=DIRECTION('',(0.,0.,1.));
#2713=DIRECTION('',(0.,1.,-0.));
#2714=AXIS2_PLACEMENT_3D('',#2711,#2712,#2713);
#2715=CIRCLE('',#2714,0.2);
#2716=EDGE_CURVE('',#1717,#1613,#2715,.T.);
#2717=ORIENTED_EDGE('',*,*,#2716,.F.);
#2718=ORIENTED_EDGE('',*,*,#1722,.F.);
#2719=EDGE_LOOP('',(#2709,#2710,#2717,#2718));
#2720=FACE_BOUND('',#2719,.T.);
#2721=ADVANCED_FACE('',(#2720),#2708,.T.);
#2722=CARTESIAN_POINT('',(300.34624704,-0.023024648,12.076975352));
#2723=DIRECTION('',(-1.,0.,0.));
#2724=DIRECTION('',(0.,1.,-0.));
#2725=AXIS2_PLACEMENT_3D('',#2722,#2723,#2724);
#2726=CYLINDRICAL_SURFACE('',#2725,0.2);
#2727=ORIENTED_EDGE('',*,*,#2690,.T.);
#2728=ORIENTED_EDGE('',*,*,#1771,.F.);
#2729=CARTESIAN_POINT('',(16.74624704,-0.023024648,12.076975352));
#2730=DIRECTION('',(-1.,0.,0.));
#2731=DIRECTION('',(0.,1.,-0.));
#2732=AXIS2_PLACEMENT_3D('',#2729,#2730,#2731);
#2733=CIRCLE('',#2732,0.2);
#2734=EDGE_CURVE('',#1590,#1759,#2733,.T.);
#2735=ORIENTED_EDGE('',*,*,#2734,.F.);
#2736=ORIENTED_EDGE('',*,*,#1595,.F.);
#2737=EDGE_LOOP('',(#2727,#2728,#2735,#2736));
#2738=FACE_BOUND('',#2737,.T.);
#2739=ADVANCED_FACE('',(#2738),#2726,.T.);
#2740=CARTESIAN_POINT('',(16.94624704,-0.023024648,18.576975352));
#2741=DIRECTION('',(0.,-1.,0.));
#2742=DIRECTION('',(-1.,0.,0.));
#2743=AXIS2_PLACEMENT_3D('',#2740,#2741,#2742);
#2744=DEGENERATE_TOROIDAL_SURFACE('',#2743,0.2,0.2,.T.);
#2745=ORIENTED_EDGE('',*,*,#2716,.T.);
#2746=ORIENTED_EDGE('',*,*,#2223,.F.);
#2747=CARTESIAN_POINT('',(16.94624704,-0.023024648,18.776975352));
#2748=DIRECTION('',(-1.,0.,0.));
#2749=DIRECTION('',(0.,1.,-0.));
#2750=AXIS2_PLACEMENT_3D('',#2747,#2748,#2749);
#2751=CIRCLE('',#2750,0.2);
#2752=EDGE_CURVE('',#1725,#1652,#2751,.T.);
#2753=ORIENTED_EDGE('',*,*,#2752,.F.);
#2754=ORIENTED_EDGE('',*,*,#1731,.F.);
#2755=EDGE_LOOP('',(#2745,#2746,#2753,#2754));
#2756=FACE_BOUND('',#2755,.T.);
#2757=ADVANCED_FACE('',(#2756),#2744,.T.);
#2758=CARTESIAN_POINT('',(16.74624704,-0.023024648,12.276975352));
#2759=DIRECTION('',(0.,-1.,0.));
#2760=DIRECTION('',(-1.,0.,0.));
#2761=AXIS2_PLACEMENT_3D('',#2758,#2759,#2760);
#2762=DEGENERATE_TOROIDAL_SURFACE('',#2761,0.2,0.2,.T.);
#2763=ORIENTED_EDGE('',*,*,#2734,.T.);
#2764=ORIENTED_EDGE('',*,*,#1765,.F.);
#2765=CARTESIAN_POINT('',(16.54624704,-0.023024648,12.276975352));
#2766=DIRECTION('',(0.,0.,1.));
#2767=DIRECTION('',(0.,1.,-0.));
#2768=AXIS2_PLACEMENT_3D('',#2765,#2766,#2767);
#2769=CIRCLE('',#2768,0.2);
#2770=EDGE_CURVE('',#1675,#1751,#2769,.T.);
#2771=ORIENTED_EDGE('',*,*,#2770,.F.);
#2772=ORIENTED_EDGE('',*,*,#2205,.F.);
#2773=EDGE_LOOP('',(#2763,#2764,#2771,#2772));
#2774=FACE_BOUND('',#2773,.T.);
#2775=ADVANCED_FACE('',(#2774),#2762,.T.);
#2776=CARTESIAN_POINT('',(300.34624704,-0.023024648,18.776975352));
#2777=DIRECTION('',(1.,-0.,-0.));
#2778=DIRECTION('',(0.,-1.,0.));
#2779=AXIS2_PLACEMENT_3D('',#2776,#2777,#2778);
#2780=CYLINDRICAL_SURFACE('',#2779,0.2);
#2781=ORIENTED_EDGE('',*,*,#2752,.T.);
#2782=ORIENTED_EDGE('',*,*,#1657,.F.);
#2783=CARTESIAN_POINT('',(16.74624704,-0.023024648,18.776975352));
#2784=DIRECTION('',(-1.,0.,0.));
#2785=DIRECTION('',(0.,1.,-0.));
#2786=AXIS2_PLACEMENT_3D('',#2783,#2784,#2785);
#2787=CIRCLE('',#2786,0.2);
#2788=EDGE_CURVE('',#1734,#1644,#2787,.T.);
#2789=ORIENTED_EDGE('',*,*,#2788,.F.);
#2790=ORIENTED_EDGE('',*,*,#1739,.F.);
#2791=EDGE_LOOP('',(#2781,#2782,#2789,#2790));
#2792=FACE_BOUND('',#2791,.T.);
#2793=ADVANCED_FACE('',(#2792),#2780,.T.);
#2794=CARTESIAN_POINT('',(16.54624704,-0.023024648,22.726975352));
#2795=DIRECTION('',(0.,0.,1.));
#2796=DIRECTION('',(0.,1.,-0.));
#2797=AXIS2_PLACEMENT_3D('',#2794,#2795,#2796);
#2798=CYLINDRICAL_SURFACE('',#2797,0.2);
#2799=ORIENTED_EDGE('',*,*,#2770,.T.);
#2800=ORIENTED_EDGE('',*,*,#1756,.F.);
#2801=CARTESIAN_POINT('',(16.54624704,-0.023024648,18.576975352));
#2802=DIRECTION('',(0.,0.,1.));
#2803=DIRECTION('',(0.,1.,-0.));
#2804=AXIS2_PLACEMENT_3D('',#2801,#2802,#2803);
#2805=CIRCLE('',#2804,0.2);
#2806=EDGE_CURVE('',#1683,#1742,#2805,.T.);
#2807=ORIENTED_EDGE('',*,*,#2806,.F.);
#2808=ORIENTED_EDGE('',*,*,#1688,.F.);
#2809=EDGE_LOOP('',(#2799,#2800,#2807,#2808));
#2810=FACE_BOUND('',#2809,.T.);
#2811=ADVANCED_FACE('',(#2810),#2798,.T.);
#2812=CARTESIAN_POINT('',(16.74624704,-0.023024648,18.576975352));
#2813=DIRECTION('',(0.,-1.,0.));
#2814=DIRECTION('',(-1.,0.,0.));
#2815=AXIS2_PLACEMENT_3D('',#2812,#2813,#2814);
#2816=DEGENERATE_TOROIDAL_SURFACE('',#2815,0.2,0.2,.T.);
#2817=ORIENTED_EDGE('',*,*,#2788,.T.);
#2818=ORIENTED_EDGE('',*,*,#2187,.F.);
#2819=ORIENTED_EDGE('',*,*,#2806,.T.);
#2820=ORIENTED_EDGE('',*,*,#1748,.F.);
#2821=EDGE_LOOP('',(#2817,#2818,#2819,#2820));
#2822=FACE_BOUND('',#2821,.T.);
#2823=ADVANCED_FACE('',(#2822),#2816,.T.);
#2824=CARTESIAN_POINT('',(10.904777924,1.176975352,19.526975352));
#2825=DIRECTION('',(0.,1.,-0.));
#2826=DIRECTION('',(1.,-0.,-0.));
#2827=AXIS2_PLACEMENT_3D('',#2824,#2825,#2826);
#2828=CYLINDRICAL_SURFACE('',#2827,0.2);
#2829=ORIENTED_EDGE('',*,*,#1322,.F.);
#2830=CARTESIAN_POINT('',(10.904777924,-1.523024648,19.526975352));
#2831=DIRECTION('',(0.,1.,-0.));
#2832=DIRECTION('',(1.,-0.,-0.));
#2833=AXIS2_PLACEMENT_3D('',#2830,#2831,#2832);
#2834=CIRCLE('',#2833,0.2);
#2835=EDGE_CURVE('',#1311,#1428,#2834,.T.);
#2836=ORIENTED_EDGE('',*,*,#2835,.T.);
#2837=ORIENTED_EDGE('',*,*,#1433,.F.);
#2838=ORIENTED_EDGE('',*,*,#920,.F.);
#2839=EDGE_LOOP('',(#2829,#2836,#2837,#2838));
#2840=FACE_BOUND('',#2839,.T.);
#2841=ADVANCED_FACE('',(#2840),#2828,.T.);
#2842=CARTESIAN_POINT('',(9.805158016,2.026975352,19.526975352));
#2843=DIRECTION('',(0.,1.,-0.));
#2844=DIRECTION('',(1.,-0.,-0.));
#2845=AXIS2_PLACEMENT_3D('',#2842,#2843,#2844);
#2846=CYLINDRICAL_SURFACE('',#2845,0.2);
#2847=ORIENTED_EDGE('',*,*,#1366,.F.);
#2848=CARTESIAN_POINT('',(9.605158016,-1.523024648,19.526975352));
#2849=VERTEX_POINT('',#2848);
#2850=CARTESIAN_POINT('',(9.805158016,-1.523024648,19.526975352));
#2851=DIRECTION('',(0.,1.,-0.));
#2852=DIRECTION('',(1.,-0.,-0.));
#2853=AXIS2_PLACEMENT_3D('',#2850,#2851,#2852);
#2854=CIRCLE('',#2853,0.2);
#2855=EDGE_CURVE('',#1355,#2849,#2854,.T.);
#2856=ORIENTED_EDGE('',*,*,#2855,.T.);
#2857=CARTESIAN_POINT('',(9.805158016,-1.523024648,19.526975352));
#2858=DIRECTION('',(0.,1.,-0.));
#2859=DIRECTION('',(1.,-0.,-0.));
#2860=AXIS2_PLACEMENT_3D('',#2857,#2858,#2859);
#2861=CIRCLE('',#2860,0.2);
#2862=EDGE_CURVE('',#2849,#1303,#2861,.T.);
#2863=ORIENTED_EDGE('',*,*,#2862,.T.);
#2864=ORIENTED_EDGE('',*,*,#1308,.F.);
#2865=ORIENTED_EDGE('',*,*,#1195,.F.);
#2866=EDGE_LOOP('',(#2847,#2856,#2863,#2864,#2865));
#2867=FACE_BOUND('',#2866,.T.);
#2868=ADVANCED_FACE('',(#2867),#2846,.T.);
#2869=CARTESIAN_POINT('',(11.262336063,2.026975352,11.326975352));
#2870=DIRECTION('',(0.,1.,-0.));
#2871=DIRECTION('',(1.,-0.,-0.));
#2872=AXIS2_PLACEMENT_3D('',#2869,#2870,#2871);
#2873=CYLINDRICAL_SURFACE('',#2872,0.2);
#2874=CARTESIAN_POINT('',(11.462336063,-1.523024648,11.326975352));
#2875=VERTEX_POINT('',#2874);
#2876=CARTESIAN_POINT('',(11.462336063,0.276975352,11.326975352));
#2877=DIRECTION('',(-0.,-1.,0.));
#2878=VECTOR('',#2877,1.8);
#2879=LINE('',#2876,#2878);
#2880=EDGE_CURVE('',#874,#2875,#2879,.T.);
#2881=ORIENTED_EDGE('',*,*,#2880,.T.);
#2882=CARTESIAN_POINT('',(11.262336063,-1.523024648,11.326975352));
#2883=DIRECTION('',(0.,1.,-0.));
#2884=DIRECTION('',(1.,-0.,-0.));
#2885=AXIS2_PLACEMENT_3D('',#2882,#2883,#2884);
#2886=CIRCLE('',#2885,0.2);
#2887=EDGE_CURVE('',#2875,#1378,#2886,.T.);
#2888=ORIENTED_EDGE('',*,*,#2887,.T.);
#2889=ORIENTED_EDGE('',*,*,#1383,.F.);
#2890=ORIENTED_EDGE('',*,*,#889,.F.);
#2891=EDGE_LOOP('',(#2881,#2888,#2889,#2890));
#2892=FACE_BOUND('',#2891,.T.);
#2893=ADVANCED_FACE('',(#2892),#2873,.T.);
#2894=CARTESIAN_POINT('',(10.162716156,0.276975352,11.326975352));
#2895=DIRECTION('',(0.,1.,-0.));
#2896=DIRECTION('',(1.,-0.,-0.));
#2897=AXIS2_PLACEMENT_3D('',#2894,#2895,#2896);
#2898=CYLINDRICAL_SURFACE('',#2897,0.2);
#2899=ORIENTED_EDGE('',*,*,#1397,.F.);
#2900=CARTESIAN_POINT('',(10.162716156,-1.523024648,11.326975352));
#2901=DIRECTION('',(0.,1.,-0.));
#2902=DIRECTION('',(1.,-0.,-0.));
#2903=AXIS2_PLACEMENT_3D('',#2900,#2901,#2902);
#2904=CIRCLE('',#2903,0.2);
#2905=EDGE_CURVE('',#1386,#1347,#2904,.T.);
#2906=ORIENTED_EDGE('',*,*,#2905,.T.);
#2907=ORIENTED_EDGE('',*,*,#1352,.F.);
#2908=ORIENTED_EDGE('',*,*,#1180,.F.);
#2909=EDGE_LOOP('',(#2899,#2906,#2907,#2908));
#2910=FACE_BOUND('',#2909,.T.);
#2911=ADVANCED_FACE('',(#2910),#2898,.T.);
#2912=CARTESIAN_POINT('',(10.162716156,-1.523024648,11.326975352));
#2913=DIRECTION('',(0.,-1.,0.));
#2914=DIRECTION('',(-1.,0.,0.));
#2915=AXIS2_PLACEMENT_3D('',#2912,#2913,#2914);
#2916=SPHERICAL_SURFACE('',#2915,0.2);
#2917=CARTESIAN_POINT('',(10.162716156,-1.523024648,11.326975352));
#2918=DIRECTION('',(1.,-0.,-0.));
#2919=DIRECTION('',(0.,-1.,0.));
#2920=AXIS2_PLACEMENT_3D('',#2917,#2918,#2919);
#2921=CIRCLE('',#2920,0.2);
#2922=EDGE_CURVE('',#1469,#1386,#2921,.T.);
#2923=ORIENTED_EDGE('',*,*,#2922,.F.);
#2924=CARTESIAN_POINT('',(10.123770732,-1.719188789,11.32527715));
#2925=VERTEX_POINT('',#2924);
#2926=CARTESIAN_POINT('',(10.162716156,-1.523024648,11.326975352));
#2927=DIRECTION('',(-0.043563256,0.,0.999050671));
#2928=DIRECTION('',(-0.999050671,-0.,-0.043563256));
#2929=AXIS2_PLACEMENT_3D('',#2926,#2927,#2928);
#2930=CIRCLE('',#2929,0.2);
#2931=EDGE_CURVE('',#2925,#1469,#2930,.T.);
#2932=ORIENTED_EDGE('',*,*,#2931,.F.);
#2933=CARTESIAN_POINT('',(10.162716156,-1.523024648,11.326975352));
#2934=DIRECTION('',(-0.043563256,0.,0.999050671));
#2935=DIRECTION('',(-0.999050671,-0.,-0.043563256));
#2936=AXIS2_PLACEMENT_3D('',#2933,#2934,#2935);
#2937=CIRCLE('',#2936,0.2);
#2938=EDGE_CURVE('',#1347,#2925,#2937,.T.);
#2939=ORIENTED_EDGE('',*,*,#2938,.F.);
#2940=ORIENTED_EDGE('',*,*,#2905,.F.);
#2941=EDGE_LOOP('',(#2923,#2932,#2939,#2940));
#2942=FACE_BOUND('',#2941,.T.);
#2943=ADVANCED_FACE('',(#2942),#2916,.T.);
#2944=CARTESIAN_POINT('',(300.72124704,-1.523024648,11.326975352));
#2945=DIRECTION('',(1.,0.,0.));
#2946=DIRECTION('',(-0.,0.,1.));
#2947=AXIS2_PLACEMENT_3D('',#2944,#2945,#2946);
#2948=CYLINDRICAL_SURFACE('',#2947,0.2);
#2949=ORIENTED_EDGE('',*,*,#2922,.T.);
#2950=ORIENTED_EDGE('',*,*,#1391,.F.);
#2951=CARTESIAN_POINT('',(11.262336063,-1.523024648,11.326975352));
#2952=DIRECTION('',(1.,-0.,-0.));
#2953=DIRECTION('',(0.,-1.,0.));
#2954=AXIS2_PLACEMENT_3D('',#2951,#2952,#2953);
#2955=CIRCLE('',#2954,0.2);
#2956=EDGE_CURVE('',#1477,#1378,#2955,.T.);
#2957=ORIENTED_EDGE('',*,*,#2956,.F.);
#2958=ORIENTED_EDGE('',*,*,#1482,.F.);
#2959=EDGE_LOOP('',(#2949,#2950,#2957,#2958));
#2960=FACE_BOUND('',#2959,.T.);
#2961=ADVANCED_FACE('',(#2960),#2948,.T.);
#2962=CARTESIAN_POINT('',(10.217976059,-1.523024648,10.059681559));
#2963=DIRECTION('',(0.043563256,-0.,-0.999050671));
#2964=DIRECTION('',(0.999050671,0.,0.043563256));
#2965=AXIS2_PLACEMENT_3D('',#2962,#2963,#2964);
#2966=CYLINDRICAL_SURFACE('',#2965,0.2);
#2967=ORIENTED_EDGE('',*,*,#2938,.T.);
#2968=ORIENTED_EDGE('',*,*,#2931,.T.);
#2969=ORIENTED_EDGE('',*,*,#1474,.F.);
#2970=CARTESIAN_POINT('',(9.766212592,-1.719188789,19.52527715));
#2971=VERTEX_POINT('',#2970);
#2972=CARTESIAN_POINT('',(9.805158016,-1.523024648,19.526975352));
#2973=DIRECTION('',(-0.043563256,0.,0.999050671));
#2974=DIRECTION('',(-0.999050671,-0.,-0.043563256));
#2975=AXIS2_PLACEMENT_3D('',#2972,#2973,#2974);
#2976=CIRCLE('',#2975,0.2);
#2977=EDGE_CURVE('',#2971,#1461,#2976,.T.);
#2978=ORIENTED_EDGE('',*,*,#2977,.F.);
#2979=CARTESIAN_POINT('',(9.805158016,-1.523024648,19.526975352));
#2980=DIRECTION('',(-0.043563256,0.,0.999050671));
#2981=DIRECTION('',(-0.999050671,-0.,-0.043563256));
#2982=AXIS2_PLACEMENT_3D('',#2979,#2980,#2981);
#2983=CIRCLE('',#2982,0.2);
#2984=EDGE_CURVE('',#1355,#2971,#2983,.T.);
#2985=ORIENTED_EDGE('',*,*,#2984,.F.);
#2986=ORIENTED_EDGE('',*,*,#1360,.F.);
#2987=EDGE_LOOP('',(#2967,#2968,#2969,#2978,#2985,#2986));
#2988=FACE_BOUND('',#2987,.T.);
#2989=ADVANCED_FACE('',(#2988),#2966,.T.);
#2990=CARTESIAN_POINT('',(11.262336063,-1.523024648,11.326975352));
#2991=DIRECTION('',(0.,-1.,0.));
#2992=DIRECTION('',(-1.,0.,0.));
#2993=AXIS2_PLACEMENT_3D('',#2990,#2991,#2992);
#2994=SPHERICAL_SURFACE('',#2993,0.2);
#2995=ORIENTED_EDGE('',*,*,#2956,.T.);
#2996=ORIENTED_EDGE('',*,*,#2887,.F.);
#2997=CARTESIAN_POINT('',(11.262336063,-1.523024648,11.326975352));
#2998=DIRECTION('',(0.,1.,-0.));
#2999=DIRECTION('',(1.,-0.,-0.));
#3000=AXIS2_PLACEMENT_3D('',#2997,#2998,#2999);
#3001=CIRCLE('',#3000,0.2);
#3002=EDGE_CURVE('',#1436,#2875,#3001,.T.);
#3003=ORIENTED_EDGE('',*,*,#3002,.F.);
#3004=CARTESIAN_POINT('',(11.262336063,-1.523024648,11.326975352));
#3005=DIRECTION('',(-0.043563256,0.,0.999050671));
#3006=DIRECTION('',(-0.999050671,-0.,-0.043563256));
#3007=AXIS2_PLACEMENT_3D('',#3004,#3005,#3006);
#3008=CIRCLE('',#3007,0.2);
#3009=EDGE_CURVE('',#1477,#1436,#3008,.T.);
#3010=ORIENTED_EDGE('',*,*,#3009,.F.);
#3011=EDGE_LOOP('',(#2995,#2996,#3003,#3010));
#3012=FACE_BOUND('',#3011,.T.);
#3013=ADVANCED_FACE('',(#3012),#2994,.T.);
#3014=CARTESIAN_POINT('',(9.805158016,-1.523024648,19.526975352));
#3015=DIRECTION('',(0.,-1.,0.));
#3016=DIRECTION('',(-1.,0.,0.));
#3017=AXIS2_PLACEMENT_3D('',#3014,#3015,#3016);
#3018=SPHERICAL_SURFACE('',#3017,0.2);
#3019=CARTESIAN_POINT('',(9.805158016,-1.523024648,19.526975352));
#3020=DIRECTION('',(-0.,-0.,-1.));
#3021=DIRECTION('',(-1.,0.,0.));
#3022=AXIS2_PLACEMENT_3D('',#3019,#3020,#3021);
#3023=CIRCLE('',#3022,0.2);
#3024=EDGE_CURVE('',#2971,#2849,#3023,.T.);
#3025=ORIENTED_EDGE('',*,*,#3024,.T.);
#3026=ORIENTED_EDGE('',*,*,#2855,.F.);
#3027=ORIENTED_EDGE('',*,*,#2984,.T.);
#3028=EDGE_LOOP('',(#3025,#3026,#3027));
#3029=FACE_BOUND('',#3028,.T.);
#3030=ADVANCED_FACE('',(#3029),#3018,.T.);
#3031=CARTESIAN_POINT('',(11.315509155,-1.523024648,10.107539107));
#3032=DIRECTION('',(-0.043563256,0.,0.999050671));
#3033=DIRECTION('',(-0.999050671,-0.,-0.043563256));
#3034=AXIS2_PLACEMENT_3D('',#3031,#3032,#3033);
#3035=CYLINDRICAL_SURFACE('',#3034,0.2);
#3036=ORIENTED_EDGE('',*,*,#3009,.T.);
#3037=ORIENTED_EDGE('',*,*,#1441,.F.);
#3038=CARTESIAN_POINT('',(10.904777924,-1.523024648,19.526975352));
#3039=DIRECTION('',(-0.043563256,0.,0.999050671));
#3040=DIRECTION('',(-0.999050671,-0.,-0.043563256));
#3041=AXIS2_PLACEMENT_3D('',#3038,#3039,#3040);
#3042=CIRCLE('',#3041,0.2);
#3043=EDGE_CURVE('',#1459,#1428,#3042,.T.);
#3044=ORIENTED_EDGE('',*,*,#3043,.F.);
#3045=ORIENTED_EDGE('',*,*,#1488,.F.);
#3046=EDGE_LOOP('',(#3036,#3037,#3044,#3045));
#3047=FACE_BOUND('',#3046,.T.);
#3048=ADVANCED_FACE('',(#3047),#3035,.T.);
#3049=CARTESIAN_POINT('',(300.72124704,-1.523024648,19.526975352));
#3050=DIRECTION('',(-1.,-0.,-0.));
#3051=DIRECTION('',(0.,-0.,-1.));
#3052=AXIS2_PLACEMENT_3D('',#3049,#3050,#3051);
#3053=CYLINDRICAL_SURFACE('',#3052,0.2);
#3054=CARTESIAN_POINT('',(9.805158016,-1.523024648,19.526975352));
#3055=DIRECTION('',(1.,-0.,-0.));
#3056=DIRECTION('',(0.,-1.,0.));
#3057=AXIS2_PLACEMENT_3D('',#3054,#3055,#3056);
#3058=CIRCLE('',#3057,0.2);
#3059=EDGE_CURVE('',#1303,#1461,#3058,.T.);
#3060=ORIENTED_EDGE('',*,*,#3059,.T.);
#3061=ORIENTED_EDGE('',*,*,#1466,.F.);
#3062=CARTESIAN_POINT('',(10.904777924,-1.523024648,19.526975352));
#3063=DIRECTION('',(1.,-0.,-0.));
#3064=DIRECTION('',(0.,-1.,0.));
#3065=AXIS2_PLACEMENT_3D('',#3062,#3063,#3064);
#3066=CIRCLE('',#3065,0.2);
#3067=EDGE_CURVE('',#1311,#1459,#3066,.T.);
#3068=ORIENTED_EDGE('',*,*,#3067,.F.);
#3069=ORIENTED_EDGE('',*,*,#1316,.F.);
#3070=EDGE_LOOP('',(#3060,#3061,#3068,#3069));
#3071=FACE_BOUND('',#3070,.T.);
#3072=ADVANCED_FACE('',(#3071),#3053,.T.);
#3073=CARTESIAN_POINT('',(10.904777924,-1.523024648,19.526975352));
#3074=DIRECTION('',(0.,-1.,0.));
#3075=DIRECTION('',(-1.,0.,0.));
#3076=AXIS2_PLACEMENT_3D('',#3073,#3074,#3075);
#3077=SPHERICAL_SURFACE('',#3076,0.2);
#3078=ORIENTED_EDGE('',*,*,#3043,.T.);
#3079=ORIENTED_EDGE('',*,*,#2835,.F.);
#3080=ORIENTED_EDGE('',*,*,#3067,.T.);
#3081=EDGE_LOOP('',(#3078,#3079,#3080));
#3082=FACE_BOUND('',#3081,.T.);
#3083=ADVANCED_FACE('',(#3082),#3077,.T.);
#3084=CARTESIAN_POINT('',(5.012348026,2.026975352,19.326975352));
#3085=DIRECTION('',(0.,1.,-0.));
#3086=DIRECTION('',(1.,-0.,-0.));
#3087=AXIS2_PLACEMENT_3D('',#3084,#3085,#3086);
#3088=CYLINDRICAL_SURFACE('',#3087,0.4);
#3089=ORIENTED_EDGE('',*,*,#1087,.F.);
#3090=ORIENTED_EDGE('',*,*,#1299,.F.);
#3091=ORIENTED_EDGE('',*,*,#692,.F.);
#3092=ORIENTED_EDGE('',*,*,#1210,.F.);
#3093=EDGE_LOOP('',(#3089,#3090,#3091,#3092));
#3094=FACE_BOUND('',#3093,.T.);
#3095=ADVANCED_FACE('',(#3094),#3088,.T.);
#3096=CARTESIAN_POINT('',(29.930146053,1.176975352,19.326975352));
#3097=DIRECTION('',(0.,1.,-0.));
#3098=DIRECTION('',(1.,-0.,-0.));
#3099=AXIS2_PLACEMENT_3D('',#3096,#3097,#3098);
#3100=CYLINDRICAL_SURFACE('',#3099,0.4);
#3101=CARTESIAN_POINT('',(30.330146053,2.026975352,19.326975352));
#3102=DIRECTION('',(-0.,-1.,0.));
#3103=VECTOR('',#3102,0.85);
#3104=LINE('',#3101,#3103);
#3105=EDGE_CURVE('',#703,#1132,#3104,.T.);
#3106=ORIENTED_EDGE('',*,*,#3105,.T.);
#3107=ORIENTED_EDGE('',*,*,#1138,.F.);
#3108=ORIENTED_EDGE('',*,*,#1277,.F.);
#3109=ORIENTED_EDGE('',*,*,#718,.F.);
#3110=EDGE_LOOP('',(#3106,#3107,#3108,#3109));
#3111=FACE_BOUND('',#3110,.T.);
#3112=ADVANCED_FACE('',(#3111),#3100,.T.);
#3113=CARTESIAN_POINT('',(29.586725,2.026975352,10.626975352));
#3114=DIRECTION('',(0.,1.,-0.));
#3115=DIRECTION('',(1.,-0.,-0.));
#3116=AXIS2_PLACEMENT_3D('',#3113,#3114,#3115);
#3117=CYLINDRICAL_SURFACE('',#3116,0.4);
#3118=ORIENTED_EDGE('',*,*,#1121,.F.);
#3119=ORIENTED_EDGE('',*,*,#1232,.F.);
#3120=ORIENTED_EDGE('',*,*,#735,.F.);
#3121=ORIENTED_EDGE('',*,*,#1284,.F.);
#3122=EDGE_LOOP('',(#3118,#3119,#3120,#3121));
#3123=FACE_BOUND('',#3122,.T.);
#3124=ADVANCED_FACE('',(#3123),#3117,.T.);
#3125=CARTESIAN_POINT('',(5.355769079,1.176975352,10.626975352));
#3126=DIRECTION('',(0.,1.,-0.));
#3127=DIRECTION('',(1.,-0.,-0.));
#3128=AXIS2_PLACEMENT_3D('',#3125,#3126,#3127);
#3129=CYLINDRICAL_SURFACE('',#3128,0.4);
#3130=ORIENTED_EDGE('',*,*,#1104,.F.);
#3131=ORIENTED_EDGE('',*,*,#1217,.F.);
#3132=ORIENTED_EDGE('',*,*,#675,.F.);
#3133=ORIENTED_EDGE('',*,*,#1239,.F.);
#3134=EDGE_LOOP('',(#3130,#3131,#3132,#3133));
#3135=FACE_BOUND('',#3134,.T.);
#3136=ADVANCED_FACE('',(#3135),#3129,.T.);
#3137=CARTESIAN_POINT('',(20.22124704,6.226975352,13.726975352));
#3138=DIRECTION('',(0.,0.,1.));
#3139=DIRECTION('',(0.,1.,-0.));
#3140=AXIS2_PLACEMENT_3D('',#3137,#3138,#3139);
#3141=PLANE('',#3140);
#3142=CARTESIAN_POINT('',(20.97124704,4.526975352,13.726975352));
#3143=VERTEX_POINT('',#3142);
#3144=CARTESIAN_POINT('',(20.97124704,4.526975352,13.726975352));
#3145=DIRECTION('',(0.,-1.,0.));
#3146=VECTOR('',#3145,2.5);
#3147=LINE('',#3144,#3146);
#3148=EDGE_CURVE('',#3143,#746,#3147,.T.);
#3149=ORIENTED_EDGE('',*,*,#3148,.F.);
#3150=CARTESIAN_POINT('',(19.47124704,4.526975352,13.726975352));
#3151=VERTEX_POINT('',#3150);
#3152=CARTESIAN_POINT('',(20.97124704,4.526975352,13.726975352));
#3153=DIRECTION('',(-1.,0.,0.));
#3154=VECTOR('',#3153,1.5);
#3155=LINE('',#3152,#3154);
#3156=EDGE_CURVE('',#3143,#3151,#3155,.T.);
#3157=ORIENTED_EDGE('',*,*,#3156,.T.);
#3158=CARTESIAN_POINT('',(19.47124704,4.526975352,13.726975352));
#3159=DIRECTION('',(0.,-1.,0.));
#3160=VECTOR('',#3159,2.5);
#3161=LINE('',#3158,#3160);
#3162=EDGE_CURVE('',#3151,#653,#3161,.T.);
#3163=ORIENTED_EDGE('',*,*,#3162,.T.);
#3164=ORIENTED_EDGE('',*,*,#757,.F.);
#3165=EDGE_LOOP('',(#3149,#3157,#3163,#3164));
#3166=FACE_BOUND('',#3165,.T.);
#3167=ADVANCED_FACE('',(#3166),#3141,.T.);
#3168=CARTESIAN_POINT('',(20.97124704,6.226975352,11.976975352));
#3169=DIRECTION('',(-1.,0.,0.));
#3170=DIRECTION('',(0.,1.,-0.));
#3171=AXIS2_PLACEMENT_3D('',#3168,#3169,#3170);
#3172=PLANE('',#3171);
#3173=CARTESIAN_POINT('',(20.97124704,6.226975352,12.026975352));
#3174=VERTEX_POINT('',#3173);
#3175=CARTESIAN_POINT('',(20.97124704,6.226975352,12.026975352));
#3176=DIRECTION('',(-0.,-0.,-1.));
#3177=VECTOR('',#3176,1.8);
#3178=LINE('',#3175,#3177);
#3179=EDGE_CURVE('',#3174,#1251,#3178,.T.);
#3180=ORIENTED_EDGE('',*,*,#3179,.F.);
#3181=CARTESIAN_POINT('',(20.97124704,4.526975352,12.026975352));
#3182=DIRECTION('',(1.,-0.,-0.));
#3183=DIRECTION('',(0.,1.,-0.));
#3184=AXIS2_PLACEMENT_3D('',#3181,#3182,#3183);
#3185=CIRCLE('',#3184,1.7);
#3186=EDGE_CURVE('',#3174,#3143,#3185,.T.);
#3187=ORIENTED_EDGE('',*,*,#3186,.T.);
#3188=ORIENTED_EDGE('',*,*,#3148,.T.);
#3189=ORIENTED_EDGE('',*,*,#751,.T.);
#3190=ORIENTED_EDGE('',*,*,#1262,.F.);
#3191=EDGE_LOOP('',(#3180,#3187,#3188,#3189,#3190));
#3192=FACE_BOUND('',#3191,.T.);
#3193=ADVANCED_FACE('',(#3192),#3172,.F.);
#3194=CARTESIAN_POINT('',(19.47124704,6.226975352,11.976975352));
#3195=DIRECTION('',(1.,-0.,-0.));
#3196=DIRECTION('',(0.,-1.,0.));
#3197=AXIS2_PLACEMENT_3D('',#3194,#3195,#3196);
#3198=PLANE('',#3197);
#3199=CARTESIAN_POINT('',(19.47124704,3.226975352,11.226975352));
#3200=VERTEX_POINT('',#3199);
#3201=CARTESIAN_POINT('',(19.47124704,4.726975352,11.226975352));
#3202=VERTEX_POINT('',#3201);
#3203=CARTESIAN_POINT('',(19.47124704,3.226975352,11.226975352));
#3204=DIRECTION('',(0.,1.,-0.));
#3205=VECTOR('',#3204,1.5);
#3206=LINE('',#3203,#3205);
#3207=EDGE_CURVE('',#3200,#3202,#3206,.T.);
#3208=ORIENTED_EDGE('',*,*,#3207,.T.);
#3209=CARTESIAN_POINT('',(19.47124704,4.726975352,12.726975352));
#3210=VERTEX_POINT('',#3209);
#3211=CARTESIAN_POINT('',(19.47124704,4.726975352,11.226975352));
#3212=DIRECTION('',(0.,0.,1.));
#3213=VECTOR('',#3212,1.5);
#3214=LINE('',#3211,#3213);
#3215=EDGE_CURVE('',#3202,#3210,#3214,.T.);
#3216=ORIENTED_EDGE('',*,*,#3215,.T.);
#3217=CARTESIAN_POINT('',(19.47124704,3.226975352,12.726975352));
#3218=VERTEX_POINT('',#3217);
#3219=CARTESIAN_POINT('',(19.47124704,4.726975352,12.726975352));
#3220=DIRECTION('',(0.,-1.,0.));
#3221=VECTOR('',#3220,1.5);
#3222=LINE('',#3219,#3221);
#3223=EDGE_CURVE('',#3210,#3218,#3222,.T.);
#3224=ORIENTED_EDGE('',*,*,#3223,.T.);
#3225=CARTESIAN_POINT('',(19.47124704,3.226975352,12.726975352));
#3226=DIRECTION('',(-0.,-0.,-1.));
#3227=VECTOR('',#3226,1.5);
#3228=LINE('',#3225,#3227);
#3229=EDGE_CURVE('',#3218,#3200,#3228,.T.);
#3230=ORIENTED_EDGE('',*,*,#3229,.T.);
#3231=EDGE_LOOP('',(#3208,#3216,#3224,#3230));
#3232=FACE_BOUND('',#3231,.T.);
#3233=ORIENTED_EDGE('',*,*,#3162,.F.);
#3234=CARTESIAN_POINT('',(19.47124704,6.226975352,12.026975352));
#3235=VERTEX_POINT('',#3234);
#3236=CARTESIAN_POINT('',(19.47124704,4.526975352,12.026975352));
#3237=DIRECTION('',(-1.,0.,0.));
#3238=DIRECTION('',(0.,-1.,0.));
#3239=AXIS2_PLACEMENT_3D('',#3236,#3237,#3238);
#3240=CIRCLE('',#3239,1.7);
#3241=EDGE_CURVE('',#3151,#3235,#3240,.T.);
#3242=ORIENTED_EDGE('',*,*,#3241,.T.);
#3243=CARTESIAN_POINT('',(19.47124704,6.226975352,10.226975352));
#3244=DIRECTION('',(0.,0.,1.));
#3245=VECTOR('',#3244,1.8);
#3246=LINE('',#3243,#3245);
#3247=EDGE_CURVE('',#1243,#3235,#3246,.T.);
#3248=ORIENTED_EDGE('',*,*,#3247,.F.);
#3249=ORIENTED_EDGE('',*,*,#1248,.T.);
#3250=ORIENTED_EDGE('',*,*,#658,.T.);
#3251=EDGE_LOOP('',(#3233,#3242,#3248,#3249,#3250));
#3252=FACE_BOUND('',#3251,.T.);
#3253=ADVANCED_FACE('',(#3232,#3252),#3198,.F.);
#3254=CARTESIAN_POINT('',(300.34624704,6.226975352,22.726975352));
#3255=DIRECTION('',(0.,1.,-0.));
#3256=DIRECTION('',(1.,-0.,-0.));
#3257=AXIS2_PLACEMENT_3D('',#3254,#3255,#3256);
#3258=PLANE('',#3257);
#3259=ORIENTED_EDGE('',*,*,#3247,.T.);
#3260=CARTESIAN_POINT('',(19.47124704,6.226975352,12.026975352));
#3261=DIRECTION('',(1.,-0.,-0.));
#3262=VECTOR('',#3261,1.5);
#3263=LINE('',#3260,#3262);
#3264=EDGE_CURVE('',#3235,#3174,#3263,.T.);
#3265=ORIENTED_EDGE('',*,*,#3264,.T.);
#3266=ORIENTED_EDGE('',*,*,#3179,.T.);
#3267=ORIENTED_EDGE('',*,*,#1256,.T.);
#3268=EDGE_LOOP('',(#3259,#3265,#3266,#3267));
#3269=FACE_BOUND('',#3268,.T.);
#3270=ADVANCED_FACE('',(#3269),#3258,.T.);
#3271=CARTESIAN_POINT('',(20.22124704,4.526975352,12.026975352));
#3272=DIRECTION('',(-1.,0.,0.));
#3273=DIRECTION('',(0.,1.,-0.));
#3274=AXIS2_PLACEMENT_3D('',#3271,#3272,#3273);
#3275=CYLINDRICAL_SURFACE('',#3274,1.7);
#3276=ORIENTED_EDGE('',*,*,#3186,.F.);
#3277=ORIENTED_EDGE('',*,*,#3264,.F.);
#3278=ORIENTED_EDGE('',*,*,#3241,.F.);
#3279=ORIENTED_EDGE('',*,*,#3156,.F.);
#3280=EDGE_LOOP('',(#3276,#3277,#3278,#3279));
#3281=FACE_BOUND('',#3280,.T.);
#3282=ADVANCED_FACE('',(#3281),#3275,.T.);
#3283=CARTESIAN_POINT('',(15.47124704,4.726975352,11.976975352));
#3284=DIRECTION('',(0.,1.,-0.));
#3285=DIRECTION('',(1.,-0.,-0.));
#3286=AXIS2_PLACEMENT_3D('',#3283,#3284,#3285);
#3287=PLANE('',#3286);
#3288=ORIENTED_EDGE('',*,*,#3215,.F.);
#3289=CARTESIAN_POINT('',(15.47124704,4.726975352,11.226975352));
#3290=VERTEX_POINT('',#3289);
#3291=CARTESIAN_POINT('',(15.47124704,4.726975352,11.226975352));
#3292=DIRECTION('',(1.,-0.,-0.));
#3293=VECTOR('',#3292,4.);
#3294=LINE('',#3291,#3293);
#3295=EDGE_CURVE('',#3290,#3202,#3294,.T.);
#3296=ORIENTED_EDGE('',*,*,#3295,.F.);
#3297=CARTESIAN_POINT('',(15.47124704,4.726975352,12.726975352));
#3298=VERTEX_POINT('',#3297);
#3299=CARTESIAN_POINT('',(15.47124704,4.726975352,11.226975352));
#3300=DIRECTION('',(0.,0.,1.));
#3301=VECTOR('',#3300,1.5);
#3302=LINE('',#3299,#3301);
#3303=EDGE_CURVE('',#3290,#3298,#3302,.T.);
#3304=ORIENTED_EDGE('',*,*,#3303,.T.);
#3305=CARTESIAN_POINT('',(15.47124704,4.726975352,12.726975352));
#3306=DIRECTION('',(1.,-0.,-0.));
#3307=VECTOR('',#3306,4.);
#3308=LINE('',#3305,#3307);
#3309=EDGE_CURVE('',#3298,#3210,#3308,.T.);
#3310=ORIENTED_EDGE('',*,*,#3309,.T.);
#3311=EDGE_LOOP('',(#3288,#3296,#3304,#3310));
#3312=FACE_BOUND('',#3311,.T.);
#3313=ADVANCED_FACE('',(#3312),#3287,.T.);
#3314=CARTESIAN_POINT('',(15.47124704,3.976975352,11.226975352));
#3315=DIRECTION('',(-0.,-0.,-1.));
#3316=DIRECTION('',(0.,-1.,0.));
#3317=AXIS2_PLACEMENT_3D('',#3314,#3315,#3316);
#3318=PLANE('',#3317);
#3319=ORIENTED_EDGE('',*,*,#3207,.F.);
#3320=CARTESIAN_POINT('',(15.47124704,3.226975352,11.226975352));
#3321=VERTEX_POINT('',#3320);
#3322=CARTESIAN_POINT('',(15.47124704,3.226975352,11.226975352));
#3323=DIRECTION('',(1.,-0.,-0.));
#3324=VECTOR('',#3323,4.);
#3325=LINE('',#3322,#3324);
#3326=EDGE_CURVE('',#3321,#3200,#3325,.T.);
#3327=ORIENTED_EDGE('',*,*,#3326,.F.);
#3328=CARTESIAN_POINT('',(15.47124704,3.226975352,11.226975352));
#3329=DIRECTION('',(0.,1.,-0.));
#3330=VECTOR('',#3329,1.5);
#3331=LINE('',#3328,#3330);
#3332=EDGE_CURVE('',#3321,#3290,#3331,.T.);
#3333=ORIENTED_EDGE('',*,*,#3332,.T.);
#3334=ORIENTED_EDGE('',*,*,#3295,.T.);
#3335=EDGE_LOOP('',(#3319,#3327,#3333,#3334));
#3336=FACE_BOUND('',#3335,.T.);
#3337=ADVANCED_FACE('',(#3336),#3318,.T.);
#3338=CARTESIAN_POINT('',(15.47124704,3.226975352,11.976975352));
#3339=DIRECTION('',(0.,-1.,0.));
#3340=DIRECTION('',(-1.,0.,0.));
#3341=AXIS2_PLACEMENT_3D('',#3338,#3339,#3340);
#3342=PLANE('',#3341);
#3343=ORIENTED_EDGE('',*,*,#3229,.F.);
#3344=CARTESIAN_POINT('',(15.47124704,3.226975352,12.726975352));
#3345=VERTEX_POINT('',#3344);
#3346=CARTESIAN_POINT('',(15.47124704,3.226975352,12.726975352));
#3347=DIRECTION('',(1.,-0.,-0.));
#3348=VECTOR('',#3347,4.);
#3349=LINE('',#3346,#3348);
#3350=EDGE_CURVE('',#3345,#3218,#3349,.T.);
#3351=ORIENTED_EDGE('',*,*,#3350,.F.);
#3352=CARTESIAN_POINT('',(15.47124704,3.226975352,12.726975352));
#3353=DIRECTION('',(-0.,-0.,-1.));
#3354=VECTOR('',#3353,1.5);
#3355=LINE('',#3352,#3354);
#3356=EDGE_CURVE('',#3345,#3321,#3355,.T.);
#3357=ORIENTED_EDGE('',*,*,#3356,.T.);
#3358=ORIENTED_EDGE('',*,*,#3326,.T.);
#3359=EDGE_LOOP('',(#3343,#3351,#3357,#3358));
#3360=FACE_BOUND('',#3359,.T.);
#3361=ADVANCED_FACE('',(#3360),#3342,.T.);
#3362=CARTESIAN_POINT('',(15.47124704,3.976975352,12.726975352));
#3363=DIRECTION('',(0.,0.,1.));
#3364=DIRECTION('',(0.,1.,-0.));
#3365=AXIS2_PLACEMENT_3D('',#3362,#3363,#3364);
#3366=PLANE('',#3365);
#3367=ORIENTED_EDGE('',*,*,#3223,.F.);
#3368=ORIENTED_EDGE('',*,*,#3309,.F.);
#3369=CARTESIAN_POINT('',(15.47124704,4.726975352,12.726975352));
#3370=DIRECTION('',(0.,-1.,0.));
#3371=VECTOR('',#3370,1.5);
#3372=LINE('',#3369,#3371);
#3373=EDGE_CURVE('',#3298,#3345,#3372,.T.);
#3374=ORIENTED_EDGE('',*,*,#3373,.T.);
#3375=ORIENTED_EDGE('',*,*,#3350,.T.);
#3376=EDGE_LOOP('',(#3367,#3368,#3374,#3375));
#3377=FACE_BOUND('',#3376,.T.);
#3378=ADVANCED_FACE('',(#3377),#3366,.T.);
#3379=CARTESIAN_POINT('',(15.47124704,2.026975352,22.726975352));
#3380=DIRECTION('',(-1.,0.,0.));
#3381=DIRECTION('',(-0.,-0.,-1.));
#3382=AXIS2_PLACEMENT_3D('',#3379,#3380,#3381);
#3383=PLANE('',#3382);
#3384=ORIENTED_EDGE('',*,*,#3303,.F.);
#3385=ORIENTED_EDGE('',*,*,#3332,.F.);
#3386=ORIENTED_EDGE('',*,*,#3356,.F.);
#3387=ORIENTED_EDGE('',*,*,#3373,.F.);
#3388=EDGE_LOOP('',(#3384,#3385,#3386,#3387));
#3389=FACE_BOUND('',#3388,.T.);
#3390=ADVANCED_FACE('',(#3389),#3383,.T.);
#3391=CARTESIAN_POINT('',(11.262336063,2.026975352,11.326975352));
#3392=DIRECTION('',(0.,1.,-0.));
#3393=DIRECTION('',(1.,-0.,-0.));
#3394=AXIS2_PLACEMENT_3D('',#3391,#3392,#3393);
#3395=CYLINDRICAL_SURFACE('',#3394,0.2);
#3396=ORIENTED_EDGE('',*,*,#2880,.F.);
#3397=ORIENTED_EDGE('',*,*,#880,.F.);
#3398=ORIENTED_EDGE('',*,*,#1447,.F.);
#3399=ORIENTED_EDGE('',*,*,#3002,.T.);
#3400=EDGE_LOOP('',(#3396,#3397,#3398,#3399));
#3401=FACE_BOUND('',#3400,.T.);
#3402=ADVANCED_FACE('',(#3401),#3395,.T.);
#3403=CARTESIAN_POINT('',(9.805158016,-1.523024648,19.526975352));
#3404=DIRECTION('',(0.,-1.,0.));
#3405=DIRECTION('',(-1.,0.,0.));
#3406=AXIS2_PLACEMENT_3D('',#3403,#3404,#3405);
#3407=SPHERICAL_SURFACE('',#3406,0.2);
#3408=ORIENTED_EDGE('',*,*,#3024,.F.);
#3409=ORIENTED_EDGE('',*,*,#2977,.T.);
#3410=ORIENTED_EDGE('',*,*,#3059,.F.);
#3411=ORIENTED_EDGE('',*,*,#2862,.F.);
#3412=EDGE_LOOP('',(#3408,#3409,#3410,#3411));
#3413=FACE_BOUND('',#3412,.T.);
#3414=ADVANCED_FACE('',(#3413),#3407,.T.);
#3415=CARTESIAN_POINT('',(29.930146053,1.176975352,19.326975352));
#3416=DIRECTION('',(0.,1.,-0.));
#3417=DIRECTION('',(1.,-0.,-0.));
#3418=AXIS2_PLACEMENT_3D('',#3415,#3416,#3417);
#3419=CYLINDRICAL_SURFACE('',#3418,0.4);
#3420=ORIENTED_EDGE('',*,*,#3105,.F.);
#3421=ORIENTED_EDGE('',*,*,#709,.F.);
#3422=ORIENTED_EDGE('',*,*,#1336,.F.);
#3423=ORIENTED_EDGE('',*,*,#1147,.F.);
#3424=EDGE_LOOP('',(#3420,#3421,#3422,#3423));
#3425=FACE_BOUND('',#3424,.T.);
#3426=ADVANCED_FACE('',(#3425),#3419,.T.);
#3427=CLOSED_SHELL('',(#761,#1064,#1199,#1221,#1266,#1288,#1340,#1371,#1409,#1421,#1452,#1492,#1523,#1547,#1564,#1575,#1606,#1637,#1668,#1699,#1775,#1806,#1837,#1868,#1899,#1975,
#2006,#2037,#2068,#2099,#2175,#2193,#2211,#2229,#2247,#2265,#2283,#2301,#2319,#2337,#2355,#2373,#2391,#2415,#2433,#2451,#2469,#2487,#2505,#2523,#2535,
#2559,#2577,#2595,#2613,#2631,#2649,#2667,#2679,#2703,#2721,#2739,#2757,#2775,#2793,#2811,#2823,#2841,#2868,#2893,#2911,#2943,#2961,#2989,#3013,#3030,
#3048,#3072,#3083,#3095,#3112,#3124,#3136,#3167,#3193,#3253,#3270,#3282,#3313,#3337,#3361,#3378,#3390,#3402,#3414,#3426));
#3428=MANIFOLD_SOLID_BREP('body',#3427);
#644=STYLED_ITEM('',(#643),#3428);
#35=SHAPE_REPRESENTATION('latch_right',(#15),#33);
#36=ADVANCED_BREP_SHAPE_REPRESENTATION('latch_right',(#636,#3428),#33);
#3436=SHAPE_REPRESENTATION_RELATIONSHIP('','',#35,#36);
#3437=CARTESIAN_POINT('',(0.,0.,0.));
#3438=DIRECTION('',(0.,0.,1.));
#3439=DIRECTION('',(1.,0.,0.));
#3440=AXIS2_PLACEMENT_3D('',#3437,#3438,#3439);
#3442=MAPPED_ITEM('',#3441,#3440);
#3441=REPRESENTATION_MAP(#3440,#35);
#3443=APPLICATION_CONTEXT('Managed model based 3d engineering');
#3444=APPLICATION_PROTOCOL_DEFINITION('international standard','ap242_managed_model_based_3d_engineering',2014,#3443);
#3445=PRODUCT_CONTEXT('',#3443,'mechanical');
#3446=PRODUCT_DEFINITION_CONTEXT('part definition',#3443,'design');
#43=PRODUCT('latch_right','latch_right','',(#3445));
#3447=PRODUCT_RELATED_PRODUCT_CATEGORY('part','',(#43));
#3448=PRODUCT_DEFINITION_FORMATION_WITH_SPECIFIED_SOURCE('','',#43,.NOT_KNOWN.);
#44=PRODUCT_DEFINITION('design','',#3448,#3446);
#42=PRODUCT_DEFINITION_SHAPE('','',#44);
#3449=SHAPE_DEFINITION_REPRESENTATION(#42,#35);
#34=DRAUGHTING_MODEL('',(#3442),#33);
#16=SHAPE_REPRESENTATION('root',(#15,#48),#10);
#3450=CARTESIAN_POINT('',(0.,0.,0.));
#3451=DIRECTION('',(0.,0.,1.));
#3452=DIRECTION('',(1.,0.,0.));
#3453=AXIS2_PLACEMENT_3D('',#3450,#3451,#3452);
#3455=MAPPED_ITEM('',#3454,#3453);
#3454=REPRESENTATION_MAP(#3453,#16);
#24=PRODUCT('root','root','',(#3445));
#3456=PRODUCT_RELATED_PRODUCT_CATEGORY('part','',(#24));
#3457=PRODUCT_DEFINITION_FORMATION_WITH_SPECIFIED_SOURCE('','',#24,.NOT_KNOWN.);
#25=PRODUCT_DEFINITION('design','',#3457,#3446);
#23=PRODUCT_DEFINITION_SHAPE('','',#25);
#3458=SHAPE_DEFINITION_REPRESENTATION(#23,#16);
#11=DRAUGHTING_MODEL('',(#3455),#10);
#3459=DESCRIPTIVE_REPRESENTATION_ITEM('KEY','/Users/hrushka/Library/Containers/com.shapr3d.shapr/Data/tmp/3B3E748E-352F-4EF9-BF24-605C4DDEF945.tmp');
#3460=PROPERTY_DEFINITION('KEY','',#25);
#3461=REPRESENTATION('',(#3459),#10);
#3462=PROPERTY_DEFINITION_REPRESENTATION(#3460,#3461);
#3463=GENERAL_PROPERTY('','KEY','');
#3464=GENERAL_PROPERTY_ASSOCIATION('','',#3463,#3460);
#1=MECHANICAL_DESIGN_GEOMETRIC_PRESENTATION_REPRESENTATION('',(#54,#644),#10);
ENDSEC;
END-ISO-10303-21;
