ISO-10303-21;
HEADER;

/* File generated by Shapr3D Version 26.143.0.11521 */

FILE_DESCRIPTION(('HOOPS Exchange Step'),'2;1');

FILE_NAME('/Users/hrushka/Library/Containers/com.shapr3d.shapr/Data/tmp/export/temp_export',
'2026-09-26T16:51:43-07:00',
('hrushka'),
('Shapr3D Limited'),
'HOOPS Exchange 2026.3',
'Shapr3D',
'Authorized');

FILE_SCHEMA( ('AP242_MANAGED_MODEL_BASED_3D_ENGINEERING_MIM_LF {1 0 10303 442 1 1 4}') );

ENDSEC;

DATA;
#3=(NAMED_UNIT(*)PLANE_ANGLE_UNIT()SI_UNIT($,.RADIAN.));
#4=PLANE_ANGLE_MEASURE_WITH_UNIT(PLANE_ANGLE_MEASURE(0.0174532925),#3);
#5=(CONVERSION_BASED_UNIT('DEGREE',#4)NAMED_UNIT(#6)PLANE_ANGLE_UNIT());
#6=DIMENSIONAL_EXPONENTS(0.,0.,0.,0.,0.,0.,0.);
#7=(NAMED_UNIT(*)SI_UNIT($,.STERADIAN.)SOLID_ANGLE_UNIT());
#8=(LENGTH_UNIT()NAMED_UNIT(*)SI_UNIT(.MILLI.,.METRE.));
#9=UNCERTAINTY_MEASURE_WITH_UNIT(LENGTH_MEASURE(1.000000E-03),#8,'DISTANCE_ACCURACY_VALUE','Maximum Tolerance applied to model');
#10=(GEOMETRIC_REPRESENTATION_CONTEXT(3)GLOBAL_UNCERTAINTY_ASSIGNED_CONTEXT((#9))GLOBAL_UNIT_ASSIGNED_CONTEXT((#8,#5,#7))REPRESENTATION_CONTEXT('','root'));
#12=CARTESIAN_POINT('',(0.,0.,0.));
#13=DIRECTION('',(0.,0.,1.));
#14=DIRECTION('',(1.,0.,0.));
#15=AXIS2_PLACEMENT_3D('TS3D_PRODUCT_CSYS',#12,#13,#14);
#26=(NAMED_UNIT(*)PLANE_ANGLE_UNIT()SI_UNIT($,.RADIAN.));
#27=PLANE_ANGLE_MEASURE_WITH_UNIT(PLANE_ANGLE_MEASURE(0.0174532925),#26);
#28=(CONVERSION_BASED_UNIT('DEGREE',#27)NAMED_UNIT(#29)PLANE_ANGLE_UNIT());
#29=DIMENSIONAL_EXPONENTS(0.,0.,0.,0.,0.,0.,0.);
#30=(NAMED_UNIT(*)SI_UNIT($,.STERADIAN.)SOLID_ANGLE_UNIT());
#31=(LENGTH_UNIT()NAMED_UNIT(*)SI_UNIT(.MILLI.,.METRE.));
#32=UNCERTAINTY_MEASURE_WITH_UNIT(LENGTH_MEASURE(1.000000E-05),#31,'DISTANCE_ACCURACY_VALUE','Maximum Tolerance applied to model');
#33=(GEOMETRIC_REPRESENTATION_CONTEXT(3)GLOBAL_UNCERTAINTY_ASSIGNED_CONTEXT((#32))GLOBAL_UNIT_ASSIGNED_CONTEXT((#31,#28,#30))REPRESENTATION_CONTEXT('','bezel_c'));
#45=CARTESIAN_POINT('',(0.,0.,0.));
#46=DIRECTION('',(0.,0.,1.));
#47=DIRECTION('',(1.,0.,-0.));
#48=AXIS2_PLACEMENT_3D('',#45,#46,#47);
#49=ITEM_DEFINED_TRANSFORMATION('','',#48,#15);
#50=(REPRESENTATION_RELATIONSHIP('','',#35,#16)REPRESENTATION_RELATIONSHIP_WITH_TRANSFORMATION(#49)SHAPE_REPRESENTATION_RELATIONSHIP());
#51=NEXT_ASSEMBLY_USAGE_OCCURRENCE('bezel_c_1','bezel_c','bezel_c',#25,#44,$);
#52=PRODUCT_DEFINITION_SHAPE('','',#51);
#53=CONTEXT_DEPENDENT_SHAPE_REPRESENTATION(#50,#52);
#55=CARTESIAN_POINT('',(214.8,1.875981629,19.229863495));
#56=DIRECTION('',(1.,0.,0.));
#57=DIRECTION('',(0.,0.,-1.));
#58=AXIS2_PLACEMENT_3D('',#55,#56,#57);
#59=PLANE('',#58);
#60=CARTESIAN_POINT('',(214.8,2.,20.95));
#61=VERTEX_POINT('',#60);
#62=CARTESIAN_POINT('',(214.8,2.,9.9));
#63=VERTEX_POINT('',#62);
#64=CARTESIAN_POINT('',(214.8,2.,20.95));
#65=DIRECTION('',(0.,0.,-1.));
#66=VECTOR('',#65,11.05);
#67=LINE('',#64,#66);
#68=EDGE_CURVE('',#61,#63,#67,.T.);
#69=ORIENTED_EDGE('',*,*,#68,.F.);
#70=CARTESIAN_POINT('',(214.8,1.5,20.95));
#71=VERTEX_POINT('',#70);
#72=CARTESIAN_POINT('',(214.8,1.5,20.95));
#73=DIRECTION('',(0.,1.,0.));
#74=VECTOR('',#73,0.5);
#75=LINE('',#72,#74);
#76=EDGE_CURVE('',#71,#61,#75,.T.);
#77=ORIENTED_EDGE('',*,*,#76,.F.);
#78=CARTESIAN_POINT('',(214.8,1.5,9.9));
#79=VERTEX_POINT('',#78);
#80=CARTESIAN_POINT('',(214.8,1.5,20.95));
#81=DIRECTION('',(0.,0.,-1.));
#82=VECTOR('',#81,11.05);
#83=LINE('',#80,#82);
#84=EDGE_CURVE('',#71,#79,#83,.T.);
#85=ORIENTED_EDGE('',*,*,#84,.T.);
#86=CARTESIAN_POINT('',(214.8,1.5,9.9));
#87=DIRECTION('',(0.,1.,0.));
#88=VECTOR('',#87,0.5);
#89=LINE('',#86,#88);
#90=EDGE_CURVE('',#79,#63,#89,.T.);
#91=ORIENTED_EDGE('',*,*,#90,.T.);
#92=EDGE_LOOP('',(#69,#77,#85,#91));
#93=FACE_BOUND('',#92,.T.);
#94=ADVANCED_FACE('',(#93),#59,.T.);
#95=CARTESIAN_POINT('',(1.85,1.5,11.2));
#96=DIRECTION('',(1.,0.,0.));
#97=DIRECTION('',(0.,0.,-1.));
#98=AXIS2_PLACEMENT_3D('',#95,#96,#97);
#99=PLANE('',#98);
#100=CARTESIAN_POINT('',(1.85,59.9,15.95));
#101=VERTEX_POINT('',#100);
#102=CARTESIAN_POINT('',(1.85,59.9,13.95));
#103=VERTEX_POINT('',#102);
#104=CARTESIAN_POINT('',(1.85,59.9,15.95));
#105=DIRECTION('',(0.,0.,-1.));
#106=VECTOR('',#105,2.);
#107=LINE('',#104,#106);
#108=EDGE_CURVE('',#101,#103,#107,.T.);
#109=ORIENTED_EDGE('',*,*,#108,.T.);
#110=CARTESIAN_POINT('',(1.85,44.9,13.95));
#111=VERTEX_POINT('',#110);
#112=CARTESIAN_POINT('',(1.85,59.9,13.95));
#113=DIRECTION('',(-0.,-1.,-0.));
#114=VECTOR('',#113,15.);
#115=LINE('',#112,#114);
#116=EDGE_CURVE('',#103,#111,#115,.T.);
#117=ORIENTED_EDGE('',*,*,#116,.T.);
#118=CARTESIAN_POINT('',(1.85,44.9,15.95));
#119=VERTEX_POINT('',#118);
#120=CARTESIAN_POINT('',(1.85,44.9,13.95));
#121=DIRECTION('',(-0.,-0.,1.));
#122=VECTOR('',#121,2.);
#123=LINE('',#120,#122);
#124=EDGE_CURVE('',#111,#119,#123,.T.);
#125=ORIENTED_EDGE('',*,*,#124,.T.);
#126=CARTESIAN_POINT('',(1.85,44.9,15.95));
#127=DIRECTION('',(0.,1.,0.));
#128=VECTOR('',#127,15.);
#129=LINE('',#126,#128);
#130=EDGE_CURVE('',#119,#101,#129,.T.);
#131=ORIENTED_EDGE('',*,*,#130,.T.);
#132=EDGE_LOOP('',(#109,#117,#125,#131));
#133=FACE_BOUND('',#132,.T.);
#134=ADVANCED_FACE('',(#133),#99,.F.);
#135=CARTESIAN_POINT('',(1.85,1.5,11.2));
#136=DIRECTION('',(1.,0.,0.));
#137=DIRECTION('',(0.,0.,-1.));
#138=AXIS2_PLACEMENT_3D('',#135,#136,#137);
#139=PLANE('',#138);
#140=CARTESIAN_POINT('',(1.85,127.4,13.95));
#141=VERTEX_POINT('',#140);
#142=CARTESIAN_POINT('',(1.85,127.4,15.95));
#143=VERTEX_POINT('',#142);
#144=CARTESIAN_POINT('',(1.85,127.4,13.95));
#145=DIRECTION('',(-0.,-0.,1.));
#146=VECTOR('',#145,2.);
#147=LINE('',#144,#146);
#148=EDGE_CURVE('',#141,#143,#147,.T.);
#149=ORIENTED_EDGE('',*,*,#148,.T.);
#150=CARTESIAN_POINT('',(1.85,142.4,15.95));
#151=VERTEX_POINT('',#150);
#152=CARTESIAN_POINT('',(1.85,127.4,15.95));
#153=DIRECTION('',(0.,1.,0.));
#154=VECTOR('',#153,15.);
#155=LINE('',#152,#154);
#156=EDGE_CURVE('',#143,#151,#155,.T.);
#157=ORIENTED_EDGE('',*,*,#156,.T.);
#158=CARTESIAN_POINT('',(1.85,142.4,13.95));
#159=VERTEX_POINT('',#158);
#160=CARTESIAN_POINT('',(1.85,142.4,15.95));
#161=DIRECTION('',(0.,0.,-1.));
#162=VECTOR('',#161,2.);
#163=LINE('',#160,#162);
#164=EDGE_CURVE('',#151,#159,#163,.T.);
#165=ORIENTED_EDGE('',*,*,#164,.T.);
#166=CARTESIAN_POINT('',(1.85,142.4,13.95));
#167=DIRECTION('',(-0.,-1.,-0.));
#168=VECTOR('',#167,15.);
#169=LINE('',#166,#168);
#170=EDGE_CURVE('',#159,#141,#169,.T.);
#171=ORIENTED_EDGE('',*,*,#170,.T.);
#172=EDGE_LOOP('',(#149,#157,#165,#171));
#173=FACE_BOUND('',#172,.T.);
#174=ADVANCED_FACE('',(#173),#139,.F.);
#175=CARTESIAN_POINT('',(0.25,1.5,22.1));
#176=DIRECTION('',(0.,-1.,0.));
#177=DIRECTION('',(0.,0.,-1.));
#178=AXIS2_PLACEMENT_3D('',#175,#176,#177);
#179=CYLINDRICAL_SURFACE('',#178,0.25);
#180=CARTESIAN_POINT('',(0.25,153.6,22.35));
#181=VERTEX_POINT('',#180);
#182=CARTESIAN_POINT('',(0.25,2.199999905,22.35));
#183=VERTEX_POINT('',#182);
#184=CARTESIAN_POINT('',(0.25,153.6,22.35));
#185=DIRECTION('',(-0.,-1.,-0.));
#186=VECTOR('',#185,151.400000095);
#187=LINE('',#184,#186);
#188=EDGE_CURVE('',#181,#183,#187,.T.);
#189=ORIENTED_EDGE('',*,*,#188,.F.);
#190=CARTESIAN_POINT('',(0.,153.6,22.1));
#191=VERTEX_POINT('',#190);
#192=CARTESIAN_POINT('',(0.25,153.6,22.1));
#193=DIRECTION('',(-0.,1.,-0.));
#194=DIRECTION('',(0.,0.,-1.));
#195=AXIS2_PLACEMENT_3D('',#192,#193,#194);
#196=CIRCLE('',#195,0.25);
#197=EDGE_CURVE('',#191,#181,#196,.T.);
#198=ORIENTED_EDGE('',*,*,#197,.F.);
#199=CARTESIAN_POINT('',(0.,2.199999905,22.1));
#200=VERTEX_POINT('',#199);
#201=CARTESIAN_POINT('',(0.,2.199999905,22.1));
#202=DIRECTION('',(0.,1.,0.));
#203=VECTOR('',#202,151.400000095);
#204=LINE('',#201,#203);
#205=EDGE_CURVE('',#200,#191,#204,.T.);
#206=ORIENTED_EDGE('',*,*,#205,.F.);
#207=CARTESIAN_POINT('',(0.25,2.199999905,22.1));
#208=DIRECTION('',(-0.,1.,-0.));
#209=DIRECTION('',(0.,0.,-1.));
#210=AXIS2_PLACEMENT_3D('',#207,#208,#209);
#211=CIRCLE('',#210,0.25);
#212=EDGE_CURVE('',#200,#183,#211,.T.);
#213=ORIENTED_EDGE('',*,*,#212,.T.);
#214=EDGE_LOOP('',(#189,#198,#206,#213));
#215=FACE_BOUND('',#214,.T.);
#216=ADVANCED_FACE('',(#215),#179,.T.);
#217=CARTESIAN_POINT('',(2.25,154.5,21.85));
#218=DIRECTION('',(0.,1.,0.));
#219=DIRECTION('',(0.,-0.,1.));
#220=AXIS2_PLACEMENT_3D('',#217,#218,#219);
#221=SPHERICAL_SURFACE('',#220,0.5);
#222=CARTESIAN_POINT('',(2.75,154.5,21.85));
#223=VERTEX_POINT('',#222);
#224=CARTESIAN_POINT('',(2.25,154.5,22.35));
#225=VERTEX_POINT('',#224);
#226=CARTESIAN_POINT('',(2.25,154.5,21.85));
#227=DIRECTION('',(-0.,-1.,-0.));
#228=DIRECTION('',(0.,-0.,1.));
#229=AXIS2_PLACEMENT_3D('',#226,#227,#228);
#230=CIRCLE('',#229,0.5);
#231=EDGE_CURVE('',#223,#225,#230,.T.);
#232=ORIENTED_EDGE('',*,*,#231,.F.);
#233=CARTESIAN_POINT('',(2.25,155.,21.85));
#234=VERTEX_POINT('',#233);
#235=CARTESIAN_POINT('',(2.25,154.5,21.85));
#236=DIRECTION('',(0.,0.,1.));
#237=DIRECTION('',(1.,0.,-0.));
#238=AXIS2_PLACEMENT_3D('',#235,#236,#237);
#239=CIRCLE('',#238,0.5);
#240=EDGE_CURVE('',#223,#234,#239,.T.);
#241=ORIENTED_EDGE('',*,*,#240,.T.);
#242=CARTESIAN_POINT('',(2.25,154.5,21.85));
#243=DIRECTION('',(-1.,0.,0.));
#244=DIRECTION('',(0.,0.,1.));
#245=AXIS2_PLACEMENT_3D('',#242,#243,#244);
#246=CIRCLE('',#245,0.5);
#247=EDGE_CURVE('',#225,#234,#246,.T.);
#248=ORIENTED_EDGE('',*,*,#247,.F.);
#249=EDGE_LOOP('',(#232,#241,#248));
#250=FACE_BOUND('',#249,.T.);
#251=ADVANCED_FACE('',(#250),#221,.T.);
#252=CARTESIAN_POINT('',(244.975,44.9,14.95));
#253=DIRECTION('',(0.,1.,0.));
#254=DIRECTION('',(0.,0.,1.));
#255=AXIS2_PLACEMENT_3D('',#252,#253,#254);
#256=PLANE('',#255);
#257=ORIENTED_EDGE('',*,*,#124,.F.);
#258=CARTESIAN_POINT('',(1.4,44.9,13.95));
#259=VERTEX_POINT('',#258);
#260=CARTESIAN_POINT('',(1.4,44.9,13.95));
#261=DIRECTION('',(1.,0.,-0.));
#262=VECTOR('',#261,0.45);
#263=LINE('',#260,#262);
#264=EDGE_CURVE('',#259,#111,#263,.T.);
#265=ORIENTED_EDGE('',*,*,#264,.F.);
#266=CARTESIAN_POINT('',(1.4,44.9,15.95));
#267=VERTEX_POINT('',#266);
#268=CARTESIAN_POINT('',(1.4,44.9,13.95));
#269=DIRECTION('',(0.,0.,1.));
#270=VECTOR('',#269,2.);
#271=LINE('',#268,#270);
#272=EDGE_CURVE('',#259,#267,#271,.T.);
#273=ORIENTED_EDGE('',*,*,#272,.T.);
#274=CARTESIAN_POINT('',(1.85,44.9,15.95));
#275=DIRECTION('',(-1.,0.,0.));
#276=VECTOR('',#275,0.45);
#277=LINE('',#274,#276);
#278=EDGE_CURVE('',#119,#267,#277,.T.);
#279=ORIENTED_EDGE('',*,*,#278,.F.);
#280=EDGE_LOOP('',(#257,#265,#273,#279));
#281=FACE_BOUND('',#280,.T.);
#282=ADVANCED_FACE('',(#281),#256,.T.);
#283=CARTESIAN_POINT('',(244.975,52.4,15.95));
#284=DIRECTION('',(0.,0.,-1.));
#285=DIRECTION('',(-1.,0.,0.));
#286=AXIS2_PLACEMENT_3D('',#283,#284,#285);
#287=PLANE('',#286);
#288=ORIENTED_EDGE('',*,*,#130,.F.);
#289=ORIENTED_EDGE('',*,*,#278,.T.);
#290=CARTESIAN_POINT('',(1.4,59.9,15.95));
#291=VERTEX_POINT('',#290);
#292=CARTESIAN_POINT('',(1.4,44.9,15.95));
#293=DIRECTION('',(0.,1.,0.));
#294=VECTOR('',#293,15.);
#295=LINE('',#292,#294);
#296=EDGE_CURVE('',#267,#291,#295,.T.);
#297=ORIENTED_EDGE('',*,*,#296,.T.);
#298=CARTESIAN_POINT('',(1.4,59.9,15.95));
#299=DIRECTION('',(1.,-0.,-0.));
#300=VECTOR('',#299,0.45);
#301=LINE('',#298,#300);
#302=EDGE_CURVE('',#291,#101,#301,.T.);
#303=ORIENTED_EDGE('',*,*,#302,.T.);
#304=EDGE_LOOP('',(#288,#289,#297,#303));
#305=FACE_BOUND('',#304,.T.);
#306=ADVANCED_FACE('',(#305),#287,.T.);
#307=CARTESIAN_POINT('',(244.975,59.9,14.95));
#308=DIRECTION('',(0.,-1.,0.));
#309=DIRECTION('',(0.,0.,-1.));
#310=AXIS2_PLACEMENT_3D('',#307,#308,#309);
#311=PLANE('',#310);
#312=ORIENTED_EDGE('',*,*,#108,.F.);
#313=ORIENTED_EDGE('',*,*,#302,.F.);
#314=CARTESIAN_POINT('',(1.4,59.9,13.95));
#315=VERTEX_POINT('',#314);
#316=CARTESIAN_POINT('',(1.4,59.9,15.95));
#317=DIRECTION('',(0.,0.,-1.));
#318=VECTOR('',#317,2.);
#319=LINE('',#316,#318);
#320=EDGE_CURVE('',#291,#315,#319,.T.);
#321=ORIENTED_EDGE('',*,*,#320,.T.);
#322=CARTESIAN_POINT('',(1.85,59.9,13.95));
#323=DIRECTION('',(-1.,-0.,0.));
#324=VECTOR('',#323,0.45);
#325=LINE('',#322,#324);
#326=EDGE_CURVE('',#103,#315,#325,.T.);
#327=ORIENTED_EDGE('',*,*,#326,.F.);
#328=EDGE_LOOP('',(#312,#313,#321,#327));
#329=FACE_BOUND('',#328,.T.);
#330=ADVANCED_FACE('',(#329),#311,.T.);
#331=CARTESIAN_POINT('',(244.975,52.4,13.95));
#332=DIRECTION('',(0.,0.,1.));
#333=DIRECTION('',(1.,0.,0.));
#334=AXIS2_PLACEMENT_3D('',#331,#332,#333);
#335=PLANE('',#334);
#336=ORIENTED_EDGE('',*,*,#116,.F.);
#337=ORIENTED_EDGE('',*,*,#326,.T.);
#338=CARTESIAN_POINT('',(1.4,59.9,13.95));
#339=DIRECTION('',(-0.,-1.,-0.));
#340=VECTOR('',#339,15.);
#341=LINE('',#338,#340);
#342=EDGE_CURVE('',#315,#259,#341,.T.);
#343=ORIENTED_EDGE('',*,*,#342,.T.);
#344=ORIENTED_EDGE('',*,*,#264,.T.);
#345=EDGE_LOOP('',(#336,#337,#343,#344));
#346=FACE_BOUND('',#345,.T.);
#347=ADVANCED_FACE('',(#346),#335,.T.);
#348=CARTESIAN_POINT('',(244.975,134.9,13.95));
#349=DIRECTION('',(0.,0.,1.));
#350=DIRECTION('',(1.,0.,0.));
#351=AXIS2_PLACEMENT_3D('',#348,#349,#350);
#352=PLANE('',#351);
#353=ORIENTED_EDGE('',*,*,#170,.F.);
#354=CARTESIAN_POINT('',(1.4,142.4,13.95));
#355=VERTEX_POINT('',#354);
#356=CARTESIAN_POINT('',(1.85,142.4,13.95));
#357=DIRECTION('',(-1.,-0.,0.));
#358=VECTOR('',#357,0.45);
#359=LINE('',#356,#358);
#360=EDGE_CURVE('',#159,#355,#359,.T.);
#361=ORIENTED_EDGE('',*,*,#360,.T.);
#362=CARTESIAN_POINT('',(1.4,127.4,13.95));
#363=VERTEX_POINT('',#362);
#364=CARTESIAN_POINT('',(1.4,142.4,13.95));
#365=DIRECTION('',(-0.,-1.,-0.));
#366=VECTOR('',#365,15.);
#367=LINE('',#364,#366);
#368=EDGE_CURVE('',#355,#363,#367,.T.);
#369=ORIENTED_EDGE('',*,*,#368,.T.);
#370=CARTESIAN_POINT('',(1.4,127.4,13.95));
#371=DIRECTION('',(1.,0.,-0.));
#372=VECTOR('',#371,0.45);
#373=LINE('',#370,#372);
#374=EDGE_CURVE('',#363,#141,#373,.T.);
#375=ORIENTED_EDGE('',*,*,#374,.T.);
#376=EDGE_LOOP('',(#353,#361,#369,#375));
#377=FACE_BOUND('',#376,.T.);
#378=ADVANCED_FACE('',(#377),#352,.T.);
#379=CARTESIAN_POINT('',(244.975,127.4,14.95));
#380=DIRECTION('',(0.,1.,0.));
#381=DIRECTION('',(0.,0.,1.));
#382=AXIS2_PLACEMENT_3D('',#379,#380,#381);
#383=PLANE('',#382);
#384=CARTESIAN_POINT('',(1.4,127.4,15.95));
#385=VERTEX_POINT('',#384);
#386=CARTESIAN_POINT('',(1.4,127.4,13.95));
#387=DIRECTION('',(0.,0.,1.));
#388=VECTOR('',#387,2.);
#389=LINE('',#386,#388);
#390=EDGE_CURVE('',#363,#385,#389,.T.);
#391=ORIENTED_EDGE('',*,*,#390,.T.);
#392=CARTESIAN_POINT('',(1.85,127.4,15.95));
#393=DIRECTION('',(-1.,0.,0.));
#394=VECTOR('',#393,0.45);
#395=LINE('',#392,#394);
#396=EDGE_CURVE('',#143,#385,#395,.T.);
#397=ORIENTED_EDGE('',*,*,#396,.F.);
#398=ORIENTED_EDGE('',*,*,#148,.F.);
#399=ORIENTED_EDGE('',*,*,#374,.F.);
#400=EDGE_LOOP('',(#391,#397,#398,#399));
#401=FACE_BOUND('',#400,.T.);
#402=ADVANCED_FACE('',(#401),#383,.T.);
#403=CARTESIAN_POINT('',(244.975,134.9,15.95));
#404=DIRECTION('',(0.,0.,-1.));
#405=DIRECTION('',(-1.,0.,0.));
#406=AXIS2_PLACEMENT_3D('',#403,#404,#405);
#407=PLANE('',#406);
#408=ORIENTED_EDGE('',*,*,#156,.F.);
#409=ORIENTED_EDGE('',*,*,#396,.T.);
#410=CARTESIAN_POINT('',(1.4,142.4,15.95));
#411=VERTEX_POINT('',#410);
#412=CARTESIAN_POINT('',(1.4,127.4,15.95));
#413=DIRECTION('',(0.,1.,0.));
#414=VECTOR('',#413,15.);
#415=LINE('',#412,#414);
#416=EDGE_CURVE('',#385,#411,#415,.T.);
#417=ORIENTED_EDGE('',*,*,#416,.T.);
#418=CARTESIAN_POINT('',(1.4,142.4,15.95));
#419=DIRECTION('',(1.,-0.,-0.));
#420=VECTOR('',#419,0.45);
#421=LINE('',#418,#420);
#422=EDGE_CURVE('',#411,#151,#421,.T.);
#423=ORIENTED_EDGE('',*,*,#422,.T.);
#424=EDGE_LOOP('',(#408,#409,#417,#423));
#425=FACE_BOUND('',#424,.T.);
#426=ADVANCED_FACE('',(#425),#407,.T.);
#427=CARTESIAN_POINT('',(244.975,142.4,14.95));
#428=DIRECTION('',(0.,-1.,0.));
#429=DIRECTION('',(0.,0.,-1.));
#430=AXIS2_PLACEMENT_3D('',#427,#428,#429);
#431=PLANE('',#430);
#432=ORIENTED_EDGE('',*,*,#422,.F.);
#433=CARTESIAN_POINT('',(1.4,142.4,15.95));
#434=DIRECTION('',(0.,0.,-1.));
#435=VECTOR('',#434,2.);
#436=LINE('',#433,#435);
#437=EDGE_CURVE('',#411,#355,#436,.T.);
#438=ORIENTED_EDGE('',*,*,#437,.T.);
#439=ORIENTED_EDGE('',*,*,#360,.F.);
#440=ORIENTED_EDGE('',*,*,#164,.F.);
#441=EDGE_LOOP('',(#432,#438,#439,#440));
#442=FACE_BOUND('',#441,.T.);
#443=ADVANCED_FACE('',(#442),#431,.T.);
#444=CARTESIAN_POINT('',(9.959434046,155.,12.736348179));
#445=DIRECTION('',(0.,1.,0.));
#446=DIRECTION('',(0.,0.,1.));
#447=AXIS2_PLACEMENT_3D('',#444,#445,#446);
#448=PLANE('',#447);
#449=CARTESIAN_POINT('',(2.25,155.,13.35));
#450=VERTEX_POINT('',#449);
#451=CARTESIAN_POINT('',(1.4,155.,13.35));
#452=VERTEX_POINT('',#451);
#453=CARTESIAN_POINT('',(2.25,155.,13.35));
#454=DIRECTION('',(-1.,-0.,0.));
#455=VECTOR('',#454,0.85);
#456=LINE('',#453,#455);
#457=EDGE_CURVE('',#450,#452,#456,.T.);
#458=ORIENTED_EDGE('',*,*,#457,.T.);
#459=CARTESIAN_POINT('',(1.4,155.,21.85));
#460=VERTEX_POINT('',#459);
#461=CARTESIAN_POINT('',(1.4,155.,13.35));
#462=DIRECTION('',(0.,0.,1.));
#463=VECTOR('',#462,8.5);
#464=LINE('',#461,#463);
#465=EDGE_CURVE('',#452,#460,#464,.T.);
#466=ORIENTED_EDGE('',*,*,#465,.T.);
#467=CARTESIAN_POINT('',(1.4,155.,21.85));
#468=DIRECTION('',(1.,0.,-0.));
#469=VECTOR('',#468,0.85);
#470=LINE('',#467,#469);
#471=EDGE_CURVE('',#460,#234,#470,.T.);
#472=ORIENTED_EDGE('',*,*,#471,.T.);
#473=CARTESIAN_POINT('',(2.25,155.,21.85));
#474=DIRECTION('',(-0.,-0.,-1.));
#475=VECTOR('',#474,8.5);
#476=LINE('',#473,#475);
#477=EDGE_CURVE('',#234,#450,#476,.T.);
#478=ORIENTED_EDGE('',*,*,#477,.T.);
#479=EDGE_LOOP('',(#458,#466,#472,#478));
#480=FACE_BOUND('',#479,.T.);
#481=ADVANCED_FACE('',(#480),#448,.T.);
#482=CARTESIAN_POINT('',(1.4,154.5,21.85));
#483=DIRECTION('',(-1.,0.,0.));
#484=DIRECTION('',(0.,0.,1.));
#485=AXIS2_PLACEMENT_3D('',#482,#483,#484);
#486=CYLINDRICAL_SURFACE('',#485,0.5);
#487=ORIENTED_EDGE('',*,*,#471,.F.);
#488=CARTESIAN_POINT('',(1.4,154.5,22.35));
#489=VERTEX_POINT('',#488);
#490=CARTESIAN_POINT('',(1.4,154.5,21.85));
#491=DIRECTION('',(1.,-0.,-0.));
#492=DIRECTION('',(0.,0.,1.));
#493=AXIS2_PLACEMENT_3D('',#490,#491,#492);
#494=CIRCLE('',#493,0.5);
#495=EDGE_CURVE('',#460,#489,#494,.T.);
#496=ORIENTED_EDGE('',*,*,#495,.T.);
#497=CARTESIAN_POINT('',(2.25,154.5,22.35));
#498=DIRECTION('',(-1.,-0.,0.));
#499=VECTOR('',#498,0.85);
#500=LINE('',#497,#499);
#501=EDGE_CURVE('',#225,#489,#500,.T.);
#502=ORIENTED_EDGE('',*,*,#501,.F.);
#503=ORIENTED_EDGE('',*,*,#247,.T.);
#504=EDGE_LOOP('',(#487,#496,#502,#503));
#505=FACE_BOUND('',#504,.T.);
#506=ADVANCED_FACE('',(#505),#486,.T.);
#507=CARTESIAN_POINT('',(2.25,155.5,12.85));
#508=CARTESIAN_POINT('',(2.25,155.434550153,12.85));
#509=CARTESIAN_POINT('',(2.25,155.369126058,12.863013662));
#510=CARTESIAN_POINT('',(2.25,155.24819051,12.913106806));
#511=CARTESIAN_POINT('',(2.25,155.19272664,12.950166579));
#512=CARTESIAN_POINT('',(2.25,155.100166579,13.04272664));
#513=CARTESIAN_POINT('',(2.25,155.063106806,13.09819051));
#514=CARTESIAN_POINT('',(2.25,155.013013662,13.219126058));
#515=CARTESIAN_POINT('',(2.25,155.,13.284550153));
#516=CARTESIAN_POINT('',(2.25,155.,13.35));
#517=CARTESIAN_POINT('',(2.315449847,155.5,12.85));
#518=CARTESIAN_POINT('',(2.306882482,155.434550153,12.85));
#519=CARTESIAN_POINT('',(2.300021972,155.369126058,12.863013662));
#520=CARTESIAN_POINT('',(2.290748723,155.24819051,12.913106806));
#521=CARTESIAN_POINT('',(2.288339633,155.19272664,12.950166579));
#522=CARTESIAN_POINT('',(2.288339633,155.100166579,13.04272664));
#523=CARTESIAN_POINT('',(2.290748723,155.063106806,13.09819051));
#524=CARTESIAN_POINT('',(2.300021972,155.013013662,13.219126058));
#525=CARTESIAN_POINT('',(2.306882482,155.,13.284550153));
#526=CARTESIAN_POINT('',(2.315449847,155.,13.35));
#527=CARTESIAN_POINT('',(2.380873942,155.473972677,12.836986338));
#528=CARTESIAN_POINT('',(2.36433485,155.412687454,12.840832845));
#529=CARTESIAN_POINT('',(2.351136125,155.351422393,12.856377532));
#530=CARTESIAN_POINT('',(2.333309162,155.237438743,12.908642244));
#531=CARTESIAN_POINT('',(2.328687123,155.184757708,12.945344645));
#532=CARTESIAN_POINT('',(2.328687123,155.095344645,13.034757708));
#533=CARTESIAN_POINT('',(2.333309162,155.058642244,13.087438743));
#534=CARTESIAN_POINT('',(2.351136125,155.006377532,13.201422393));
#535=CARTESIAN_POINT('',(2.36433485,154.990832845,13.262687454));
#536=CARTESIAN_POINT('',(2.380873942,154.986986338,13.323972677));
#537=CARTESIAN_POINT('',(2.50180949,155.373786388,12.786893194));
#538=CARTESIAN_POINT('',(2.479169678,155.324256937,12.799275121));
#539=CARTESIAN_POINT('',(2.461365434,155.274736796,12.819667847));
#540=CARTESIAN_POINT('',(2.437393274,155.180984153,12.874227419));
#541=CARTESIAN_POINT('',(2.431230277,155.136769345,12.908383478));
#542=CARTESIAN_POINT('',(2.431230277,155.058383478,12.986769345));
#543=CARTESIAN_POINT('',(2.437393274,155.024227419,13.030984153));
#544=CARTESIAN_POINT('',(2.461365434,154.969667847,13.124736796));
#545=CARTESIAN_POINT('',(2.479169678,154.949275121,13.174256937));
#546=CARTESIAN_POINT('',(2.50180949,154.936893194,13.223786388));
#547=CARTESIAN_POINT('',(2.55727336,155.299666842,12.749833421));
#548=CARTESIAN_POINT('',(2.536111808,155.257343738,12.76633149));
#549=CARTESIAN_POINT('',(2.519661702,155.21502554,12.78859979));
#550=CARTESIAN_POINT('',(2.497566928,155.133960442,12.842742121));
#551=CARTESIAN_POINT('',(2.491924814,155.095222965,12.874609661));
#552=CARTESIAN_POINT('',(2.491924814,155.024609661,12.945222965));
#553=CARTESIAN_POINT('',(2.497566928,154.992742121,12.983960442));
#554=CARTESIAN_POINT('',(2.519661702,154.93859979,13.06502554));
#555=CARTESIAN_POINT('',(2.536111808,154.91633149,13.107343738));
#556=CARTESIAN_POINT('',(2.55727336,154.899833421,13.149666842));
#557=CARTESIAN_POINT('',(2.649833421,155.11454672,12.65727336));
#558=CARTESIAN_POINT('',(2.635368589,155.085617056,12.676401675));
#559=CARTESIAN_POINT('',(2.624318299,155.056688046,12.697880188));
#560=CARTESIAN_POINT('',(2.609529926,155.000103366,12.744504488));
#561=CARTESIAN_POINT('',(2.605792168,154.972449015,12.769648903));
#562=CARTESIAN_POINT('',(2.605792168,154.919648903,12.822449015));
#563=CARTESIAN_POINT('',(2.609529926,154.894504488,12.850103366));
#564=CARTESIAN_POINT('',(2.624318299,154.847880188,12.906688046));
#565=CARTESIAN_POINT('',(2.635368589,154.826401675,12.935617056));
#566=CARTESIAN_POINT('',(2.649833421,154.80727336,12.96454672));
#567=CARTESIAN_POINT('',(2.686893194,155.00361898,12.60180949));
#568=CARTESIAN_POINT('',(2.677340538,154.980990933,12.619571303));
#569=CARTESIAN_POINT('',(2.670096833,154.958363147,12.638511236));
#570=CARTESIAN_POINT('',(2.66041716,154.91373462,12.678212314));
#571=CARTESIAN_POINT('',(2.657981294,154.891734394,12.698972993));
#572=CARTESIAN_POINT('',(2.657981294,154.848972993,12.741734394));
#573=CARTESIAN_POINT('',(2.66041716,154.828212314,12.76373462));
#574=CARTESIAN_POINT('',(2.670096833,154.788511236,12.808363147));
#575=CARTESIAN_POINT('',(2.677340538,154.769571303,12.830990933));
#576=CARTESIAN_POINT('',(2.686893194,154.75180949,12.85361898));
#577=CARTESIAN_POINT('',(2.736986338,154.761747884,12.480873942));
#578=CARTESIAN_POINT('',(2.734679278,154.750831589,12.491744016));
#579=CARTESIAN_POINT('',(2.732958199,154.739915231,12.502634893));
#580=CARTESIAN_POINT('',(2.73066597,154.718083749,12.524434899));
#581=CARTESIAN_POINT('',(2.730094789,154.707168501,12.535344135));
#582=CARTESIAN_POINT('',(2.730094789,154.685344135,12.557168501));
#583=CARTESIAN_POINT('',(2.73066597,154.674434899,12.568083749));
#584=CARTESIAN_POINT('',(2.732958199,154.652634893,12.589915231));
#585=CARTESIAN_POINT('',(2.734679278,154.641744016,12.600831589));
#586=CARTESIAN_POINT('',(2.736986338,154.630873942,12.611747884));
#587=CARTESIAN_POINT('',(2.75,154.630899694,12.415449847));
#588=CARTESIAN_POINT('',(2.75,154.630899694,12.415449847));
#589=CARTESIAN_POINT('',(2.75,154.614537232,12.431812309));
#590=CARTESIAN_POINT('',(2.75,154.614537232,12.431812309));
#591=CARTESIAN_POINT('',(2.75,154.59817477,12.44817477));
#592=CARTESIAN_POINT('',(2.75,154.59817477,12.44817477));
#593=CARTESIAN_POINT('',(2.75,154.581812309,12.464537232));
#594=CARTESIAN_POINT('',(2.75,154.581812309,12.464537232));
#595=CARTESIAN_POINT('',(2.75,154.565449847,12.480899694));
#596=CARTESIAN_POINT('',(2.75,154.565449847,12.480899694));
#597=CARTESIAN_POINT('',(2.75,154.5,12.35));
#598=CARTESIAN_POINT('',(2.75,154.5,12.35));
#599=CARTESIAN_POINT('',(2.75,154.5,12.35));
#600=CARTESIAN_POINT('',(2.75,154.5,12.35));
#601=CARTESIAN_POINT('',(2.75,154.5,12.35));
#602=CARTESIAN_POINT('',(2.75,154.5,12.35));
#603=CARTESIAN_POINT('',(2.75,154.5,12.35));
#604=CARTESIAN_POINT('',(2.75,154.5,12.35));
#605=CARTESIAN_POINT('',(2.75,154.5,12.35));
#606=CARTESIAN_POINT('',(2.75,154.5,12.35));
#607=B_SPLINE_SURFACE_WITH_KNOTS('',3,3,((#507,#508,#509,#510,#511,#512,#513,#514,#515,#516),(#517,#518,#519,#520,#521,#522,#523,#524,#525,#526),(#527,#528,#529,#530,#531,#532,#533,#534,#535,#536),(#537,#538,#539,#540,#541,#542,#543,#544,#545,#546),(#547,#548,#549,#550,#551,#552,#553,#554,#555,#556),(#557,#558,#559,#560,#561,#562,#563,#564,#565,#566),(#567,#568,#569,#570,#571,#572,#573,#574,#575,#576),(#577,#578,#579,#580,#581,#582,#583,#584,#585,#586),(#587,#588,#589,#590,#591,#592,#593,#594,#595,#596),(#597,#598,#599,#600,#601,#602,#603,#604,#605,#606)),.UNSPECIFIED.,.F.,.F.,.U.,(4,2,2,2,4),(4,2,2,2,4),(0.,0.392699082,0.785398163,1.178097245,1.570796327),(0.,0.25,0.5,0.75,1.),.UNSPECIFIED.);
#608=CARTESIAN_POINT('',(2.25,155.5,12.85));
#609=VERTEX_POINT('',#608);
#610=CARTESIAN_POINT('',(2.25,155.5,13.35));
#611=DIRECTION('',(-1.,-0.,-0.));
#612=DIRECTION('',(0.,0.,-1.));
#613=AXIS2_PLACEMENT_3D('',#610,#611,#612);
#614=CIRCLE('',#613,0.5);
#615=EDGE_CURVE('',#609,#450,#614,.T.);
#616=ORIENTED_EDGE('',*,*,#615,.T.);
#617=CARTESIAN_POINT('',(2.75,154.5,12.35));
#618=VERTEX_POINT('',#617);
#619=CARTESIAN_POINT('',(2.75,154.5,12.35));
#620=CARTESIAN_POINT('',(2.75,154.565449847,12.480899694));
#621=CARTESIAN_POINT('',(2.736986338,154.630873942,12.611747884));
#622=CARTESIAN_POINT('',(2.711939766,154.691341716,12.732683433));
#623=CARTESIAN_POINT('',(2.686893194,154.75180949,12.853618981));
#624=CARTESIAN_POINT('',(2.649833421,154.80727336,12.96454672));
#625=CARTESIAN_POINT('',(2.603553391,154.85355339,13.057106782));
#626=CARTESIAN_POINT('',(2.55727336,154.899833421,13.149666843));
#627=CARTESIAN_POINT('',(2.50180949,154.936893194,13.223786389));
#628=CARTESIAN_POINT('',(2.441341716,154.961939766,13.273879533));
#629=CARTESIAN_POINT('',(2.380873942,154.986986338,13.323972677));
#630=CARTESIAN_POINT('',(2.315449847,155.,13.350000001));
#631=CARTESIAN_POINT('',(2.25,155.,13.35));
#632=B_SPLINE_CURVE_WITH_KNOTS('',3,(#619,#620,#621,#622,#623,#624,#625,#626,#627,#628,#629,#630,#631),.UNSPECIFIED.,.F.,.F.,(4,3,3,3,4),(270.,292.5,315.,337.5,360.),.UNSPECIFIED.);
#633=EDGE_CURVE('',#618,#450,#632,.T.);
#634=ORIENTED_EDGE('',*,*,#633,.F.);
#635=CARTESIAN_POINT('',(2.25,155.5,12.85));
#636=CARTESIAN_POINT('',(2.315449847,155.500000001,12.85));
#637=CARTESIAN_POINT('',(2.380873942,155.473972677,12.836986338));
#638=CARTESIAN_POINT('',(2.441341716,155.423879533,12.811939766));
#639=CARTESIAN_POINT('',(2.50180949,155.373786389,12.786893194));
#640=CARTESIAN_POINT('',(2.55727336,155.299666843,12.749833421));
#641=CARTESIAN_POINT('',(2.603553391,155.207106782,12.70355339));
#642=CARTESIAN_POINT('',(2.649833421,155.11454672,12.65727336));
#643=CARTESIAN_POINT('',(2.686893194,155.003618981,12.60180949));
#644=CARTESIAN_POINT('',(2.711939766,154.882683433,12.541341716));
#645=CARTESIAN_POINT('',(2.736986338,154.761747884,12.480873942));
#646=CARTESIAN_POINT('',(2.75,154.630899694,12.415449847));
#647=CARTESIAN_POINT('',(2.75,154.5,12.35));
#648=B_SPLINE_CURVE_WITH_KNOTS('',3,(#635,#636,#637,#638,#639,#640,#641,#642,#643,#644,#645,#646,#647),.UNSPECIFIED.,.F.,.F.,(4,3,3,3,4),(0.,22.5,45.,67.5,90.),.UNSPECIFIED.);
#649=EDGE_CURVE('',#609,#618,#648,.T.);
#650=ORIENTED_EDGE('',*,*,#649,.F.);
#651=EDGE_LOOP('',(#616,#634,#650));
#652=FACE_BOUND('',#651,.T.);
#653=ADVANCED_FACE('',(#652),#607,.F.);
#654=CARTESIAN_POINT('',(9.959434046,155.5,13.35));
#655=DIRECTION('',(1.,0.,0.));
#656=DIRECTION('',(0.,0.,-1.));
#657=AXIS2_PLACEMENT_3D('',#654,#655,#656);
#658=CYLINDRICAL_SURFACE('',#657,0.5);
#659=CARTESIAN_POINT('',(1.4,155.5,12.85));
#660=VERTEX_POINT('',#659);
#661=CARTESIAN_POINT('',(1.4,155.5,13.35));
#662=DIRECTION('',(1.,0.,0.));
#663=DIRECTION('',(0.,0.,-1.));
#664=AXIS2_PLACEMENT_3D('',#661,#662,#663);
#665=CIRCLE('',#664,0.5);
#666=EDGE_CURVE('',#452,#660,#665,.T.);
#667=ORIENTED_EDGE('',*,*,#666,.F.);
#668=ORIENTED_EDGE('',*,*,#457,.F.);
#669=ORIENTED_EDGE('',*,*,#615,.F.);
#670=CARTESIAN_POINT('',(1.4,155.5,12.85));
#671=DIRECTION('',(1.,0.,-0.));
#672=VECTOR('',#671,0.85);
#673=LINE('',#670,#672);
#674=EDGE_CURVE('',#660,#609,#673,.T.);
#675=ORIENTED_EDGE('',*,*,#674,.F.);
#676=EDGE_LOOP('',(#667,#668,#669,#675));
#677=FACE_BOUND('',#676,.T.);
#678=ADVANCED_FACE('',(#677),#658,.F.);
#679=CARTESIAN_POINT('',(0.825,155.5,21.65));
#680=DIRECTION('',(0.,1.,0.));
#681=DIRECTION('',(0.,0.,1.));
#682=AXIS2_PLACEMENT_3D('',#679,#680,#681);
#683=PLANE('',#682);
#684=CARTESIAN_POINT('',(0.25,155.5,12.25));
#685=VERTEX_POINT('',#684);
#686=CARTESIAN_POINT('',(0.25,155.5,12.6));
#687=VERTEX_POINT('',#686);
#688=CARTESIAN_POINT('',(0.25,155.5,12.25));
#689=DIRECTION('',(0.,0.,1.));
#690=VECTOR('',#689,0.35);
#691=LINE('',#688,#690);
#692=EDGE_CURVE('',#685,#687,#691,.T.);
#693=ORIENTED_EDGE('',*,*,#692,.F.);
#694=CARTESIAN_POINT('',(1.4,155.5,12.25));
#695=VERTEX_POINT('',#694);
#696=CARTESIAN_POINT('',(0.25,155.5,12.25));
#697=DIRECTION('',(1.,-0.,-0.));
#698=VECTOR('',#697,1.15);
#699=LINE('',#696,#698);
#700=EDGE_CURVE('',#685,#695,#699,.T.);
#701=ORIENTED_EDGE('',*,*,#700,.T.);
#702=CARTESIAN_POINT('',(1.4,155.5,12.85));
#703=DIRECTION('',(0.,0.,-1.));
#704=VECTOR('',#703,0.6);
#705=LINE('',#702,#704);
#706=EDGE_CURVE('',#660,#695,#705,.T.);
#707=ORIENTED_EDGE('',*,*,#706,.F.);
#708=CARTESIAN_POINT('',(0.5,155.5,12.85));
#709=VERTEX_POINT('',#708);
#710=CARTESIAN_POINT('',(1.4,155.5,12.85));
#711=DIRECTION('',(-1.,0.,0.));
#712=VECTOR('',#711,0.9);
#713=LINE('',#710,#712);
#714=EDGE_CURVE('',#660,#709,#713,.T.);
#715=ORIENTED_EDGE('',*,*,#714,.T.);
#716=CARTESIAN_POINT('',(0.5,155.5,12.6));
#717=DIRECTION('',(-0.,-1.,-0.));
#718=DIRECTION('',(0.,-0.,1.));
#719=AXIS2_PLACEMENT_3D('',#716,#717,#718);
#720=CIRCLE('',#719,0.25);
#721=EDGE_CURVE('',#709,#687,#720,.T.);
#722=ORIENTED_EDGE('',*,*,#721,.T.);
#723=EDGE_LOOP('',(#693,#701,#707,#715,#722));
#724=FACE_BOUND('',#723,.T.);
#725=ADVANCED_FACE('',(#724),#683,.F.);
#726=CARTESIAN_POINT('',(17.55,156.3,12.25));
#727=DIRECTION('',(-1.,0.,0.));
#728=DIRECTION('',(0.,0.,1.));
#729=AXIS2_PLACEMENT_3D('',#726,#727,#728);
#730=CYLINDRICAL_SURFACE('',#729,0.8);
#731=CARTESIAN_POINT('',(1.4,156.3,11.45));
#732=VERTEX_POINT('',#731);
#733=CARTESIAN_POINT('',(1.4,156.3,12.25));
#734=DIRECTION('',(1.,0.,0.));
#735=DIRECTION('',(0.,0.,-1.));
#736=AXIS2_PLACEMENT_3D('',#733,#734,#735);
#737=CIRCLE('',#736,0.8);
#738=EDGE_CURVE('',#695,#732,#737,.T.);
#739=ORIENTED_EDGE('',*,*,#738,.F.);
#740=ORIENTED_EDGE('',*,*,#700,.F.);
#741=CARTESIAN_POINT('',(0.25,156.3,11.45));
#742=VERTEX_POINT('',#741);
#743=CARTESIAN_POINT('',(0.25,156.3,12.25));
#744=DIRECTION('',(-1.,-0.,-0.));
#745=DIRECTION('',(0.,0.,-1.));
#746=AXIS2_PLACEMENT_3D('',#743,#744,#745);
#747=CIRCLE('',#746,0.8);
#748=EDGE_CURVE('',#742,#685,#747,.T.);
#749=ORIENTED_EDGE('',*,*,#748,.F.);
#750=CARTESIAN_POINT('',(1.4,156.3,11.45));
#751=DIRECTION('',(-1.,0.,0.));
#752=VECTOR('',#751,1.15);
#753=LINE('',#750,#752);
#754=EDGE_CURVE('',#732,#742,#753,.T.);
#755=ORIENTED_EDGE('',*,*,#754,.F.);
#756=EDGE_LOOP('',(#739,#740,#749,#755));
#757=FACE_BOUND('',#756,.T.);
#758=ADVANCED_FACE('',(#757),#730,.T.);
#759=CARTESIAN_POINT('',(1.4,3.,11.85));
#760=DIRECTION('',(1.,0.,0.));
#761=DIRECTION('',(-0.,1.,0.));
#762=AXIS2_PLACEMENT_3D('',#759,#760,#761);
#763=CYLINDRICAL_SURFACE('',#762,2.7);
#764=CARTESIAN_POINT('',(23.7,5.7,11.85));
#765=VERTEX_POINT('',#764);
#766=CARTESIAN_POINT('',(23.7,3.,14.55));
#767=VERTEX_POINT('',#766);
#768=CARTESIAN_POINT('',(23.7,3.,11.85));
#769=DIRECTION('',(1.,0.,0.));
#770=DIRECTION('',(0.,0.,-1.));
#771=AXIS2_PLACEMENT_3D('',#768,#769,#770);
#772=CIRCLE('',#771,2.7);
#773=EDGE_CURVE('',#765,#767,#772,.T.);
#774=ORIENTED_EDGE('',*,*,#773,.T.);
#775=CARTESIAN_POINT('',(11.7,3.,14.55));
#776=VERTEX_POINT('',#775);
#777=CARTESIAN_POINT('',(23.7,3.,14.55));
#778=DIRECTION('',(-1.,-0.,0.));
#779=VECTOR('',#778,12.);
#780=LINE('',#777,#779);
#781=EDGE_CURVE('',#767,#776,#780,.T.);
#782=ORIENTED_EDGE('',*,*,#781,.T.);
#783=CARTESIAN_POINT('',(11.7,5.7,11.85));
#784=VERTEX_POINT('',#783);
#785=CARTESIAN_POINT('',(11.7,3.,11.85));
#786=DIRECTION('',(1.,0.,0.));
#787=DIRECTION('',(0.,0.,-1.));
#788=AXIS2_PLACEMENT_3D('',#785,#786,#787);
#789=CIRCLE('',#788,2.7);
#790=EDGE_CURVE('',#784,#776,#789,.T.);
#791=ORIENTED_EDGE('',*,*,#790,.F.);
#792=CARTESIAN_POINT('',(11.7,5.7,11.85));
#793=DIRECTION('',(1.,0.,-0.));
#794=VECTOR('',#793,12.);
#795=LINE('',#792,#794);
#796=EDGE_CURVE('',#784,#765,#795,.T.);
#797=ORIENTED_EDGE('',*,*,#796,.T.);
#798=EDGE_LOOP('',(#774,#782,#791,#797));
#799=FACE_BOUND('',#798,.T.);
#800=ADVANCED_FACE('',(#799),#763,.F.);
#801=CARTESIAN_POINT('',(8.225,2.5,10.525));
#802=DIRECTION('',(0.,-1.,0.));
#803=DIRECTION('',(0.,0.,-1.));
#804=AXIS2_PLACEMENT_3D('',#801,#802,#803);
#805=PLANE('',#804);
#806=CARTESIAN_POINT('',(13.2,2.5,15.55));
#807=VERTEX_POINT('',#806);
#808=CARTESIAN_POINT('',(13.2,2.5,14.55));
#809=VERTEX_POINT('',#808);
#810=CARTESIAN_POINT('',(13.2,2.5,15.55));
#811=DIRECTION('',(0.,0.,-1.));
#812=VECTOR('',#811,1.);
#813=LINE('',#810,#812);
#814=EDGE_CURVE('',#807,#809,#813,.T.);
#815=ORIENTED_EDGE('',*,*,#814,.T.);
#816=CARTESIAN_POINT('',(22.2,2.5,14.55));
#817=VERTEX_POINT('',#816);
#818=CARTESIAN_POINT('',(22.2,2.5,14.55));
#819=DIRECTION('',(-1.,-0.,0.));
#820=VECTOR('',#819,9.);
#821=LINE('',#818,#820);
#822=EDGE_CURVE('',#817,#809,#821,.T.);
#823=ORIENTED_EDGE('',*,*,#822,.F.);
#824=CARTESIAN_POINT('',(22.2,2.5,15.55));
#825=VERTEX_POINT('',#824);
#826=CARTESIAN_POINT('',(22.2,2.5,14.55));
#827=DIRECTION('',(-0.,-0.,1.));
#828=VECTOR('',#827,1.);
#829=LINE('',#826,#828);
#830=EDGE_CURVE('',#817,#825,#829,.T.);
#831=ORIENTED_EDGE('',*,*,#830,.T.);
#832=CARTESIAN_POINT('',(13.2,2.5,15.55));
#833=DIRECTION('',(1.,0.,-0.));
#834=VECTOR('',#833,9.);
#835=LINE('',#832,#834);
#836=EDGE_CURVE('',#807,#825,#835,.T.);
#837=ORIENTED_EDGE('',*,*,#836,.F.);
#838=EDGE_LOOP('',(#815,#823,#831,#837));
#839=FACE_BOUND('',#838,.T.);
#840=ADVANCED_FACE('',(#839),#805,.T.);
#841=CARTESIAN_POINT('',(1.4,2.,11.2));
#842=DIRECTION('',(0.,1.,0.));
#843=DIRECTION('',(0.,0.,1.));
#844=AXIS2_PLACEMENT_3D('',#841,#842,#843);
#845=PLANE('',#844);
#846=CARTESIAN_POINT('',(11.7,2.,10.9));
#847=VERTEX_POINT('',#846);
#848=CARTESIAN_POINT('',(11.7,2.,14.55));
#849=VERTEX_POINT('',#848);
#850=CARTESIAN_POINT('',(11.7,2.,10.9));
#851=DIRECTION('',(0.,0.,1.));
#852=VECTOR('',#851,3.65);
#853=LINE('',#850,#852);
#854=EDGE_CURVE('',#847,#849,#853,.T.);
#855=ORIENTED_EDGE('',*,*,#854,.T.);
#856=CARTESIAN_POINT('',(13.2,2.,14.55));
#857=VERTEX_POINT('',#856);
#858=CARTESIAN_POINT('',(11.7,2.,14.55));
#859=DIRECTION('',(1.,0.,-0.));
#860=VECTOR('',#859,1.5);
#861=LINE('',#858,#860);
#862=EDGE_CURVE('',#849,#857,#861,.T.);
#863=ORIENTED_EDGE('',*,*,#862,.T.);
#864=CARTESIAN_POINT('',(13.2,2.,19.8));
#865=VERTEX_POINT('',#864);
#866=CARTESIAN_POINT('',(13.2,2.,14.55));
#867=DIRECTION('',(0.,0.,1.));
#868=VECTOR('',#867,5.25);
#869=LINE('',#866,#868);
#870=EDGE_CURVE('',#857,#865,#869,.T.);
#871=ORIENTED_EDGE('',*,*,#870,.T.);
#872=CARTESIAN_POINT('',(8.400001069,2.,19.8));
#873=VERTEX_POINT('',#872);
#874=CARTESIAN_POINT('',(13.2,2.,19.8));
#875=DIRECTION('',(-1.,0.,0.));
#876=VECTOR('',#875,4.799998931);
#877=LINE('',#874,#876);
#878=EDGE_CURVE('',#865,#873,#877,.T.);
#879=ORIENTED_EDGE('',*,*,#878,.T.);
#880=CARTESIAN_POINT('',(7.900001069,2.,20.3));
#881=VERTEX_POINT('',#880);
#882=CARTESIAN_POINT('',(8.400001069,2.,20.3));
#883=DIRECTION('',(0.,1.,0.));
#884=DIRECTION('',(0.,-0.,1.));
#885=AXIS2_PLACEMENT_3D('',#882,#883,#884);
#886=CIRCLE('',#885,0.5);
#887=EDGE_CURVE('',#873,#881,#886,.T.);
#888=ORIENTED_EDGE('',*,*,#887,.T.);
#889=CARTESIAN_POINT('',(7.900001069,2.,20.95));
#890=VERTEX_POINT('',#889);
#891=CARTESIAN_POINT('',(7.900001069,2.,20.95));
#892=DIRECTION('',(0.,0.,-1.));
#893=VECTOR('',#892,0.65);
#894=LINE('',#891,#893);
#895=EDGE_CURVE('',#890,#881,#894,.T.);
#896=ORIENTED_EDGE('',*,*,#895,.F.);
#897=CARTESIAN_POINT('',(2.9,2.,20.95));
#898=VERTEX_POINT('',#897);
#899=CARTESIAN_POINT('',(2.9,2.,20.95));
#900=DIRECTION('',(1.,0.,-0.));
#901=VECTOR('',#900,5.000001069);
#902=LINE('',#899,#901);
#903=EDGE_CURVE('',#898,#890,#902,.T.);
#904=ORIENTED_EDGE('',*,*,#903,.F.);
#905=CARTESIAN_POINT('',(2.9,2.,10.9));
#906=VERTEX_POINT('',#905);
#907=CARTESIAN_POINT('',(2.9,2.,20.95));
#908=DIRECTION('',(-0.,-0.,-1.));
#909=VECTOR('',#908,10.05);
#910=LINE('',#907,#909);
#911=EDGE_CURVE('',#898,#906,#910,.T.);
#912=ORIENTED_EDGE('',*,*,#911,.T.);
#913=CARTESIAN_POINT('',(2.9,2.,10.9));
#914=DIRECTION('',(1.,0.,-0.));
#915=VECTOR('',#914,8.8);
#916=LINE('',#913,#915);
#917=EDGE_CURVE('',#906,#847,#916,.T.);
#918=ORIENTED_EDGE('',*,*,#917,.T.);
#919=EDGE_LOOP('',(#855,#863,#871,#879,#888,#896,#904,#912,#918));
#920=FACE_BOUND('',#919,.T.);
#921=ADVANCED_FACE('',(#920),#845,.F.);
#922=CARTESIAN_POINT('',(2.9,3.5,11.2));
#923=DIRECTION('',(0.,0.,-1.));
#924=DIRECTION('',(-1.,0.,0.));
#925=AXIS2_PLACEMENT_3D('',#922,#923,#924);
#926=CYLINDRICAL_SURFACE('',#925,1.5);
#927=ORIENTED_EDGE('',*,*,#911,.F.);
#928=CARTESIAN_POINT('',(1.4,3.5,20.95));
#929=VERTEX_POINT('',#928);
#930=CARTESIAN_POINT('',(2.9,3.5,20.95));
#931=DIRECTION('',(-0.,-0.,1.));
#932=DIRECTION('',(-1.,0.,0.));
#933=AXIS2_PLACEMENT_3D('',#930,#931,#932);
#934=CIRCLE('',#933,1.5);
#935=EDGE_CURVE('',#929,#898,#934,.T.);
#936=ORIENTED_EDGE('',*,*,#935,.F.);
#937=CARTESIAN_POINT('',(1.4,3.5,10.9));
#938=VERTEX_POINT('',#937);
#939=CARTESIAN_POINT('',(1.4,3.5,10.9));
#940=DIRECTION('',(-0.,-0.,1.));
#941=VECTOR('',#940,10.05);
#942=LINE('',#939,#941);
#943=EDGE_CURVE('',#938,#929,#942,.T.);
#944=ORIENTED_EDGE('',*,*,#943,.F.);
#945=CARTESIAN_POINT('',(2.9,3.5,10.9));
#946=DIRECTION('',(-0.,-0.,1.));
#947=DIRECTION('',(-1.,0.,0.));
#948=AXIS2_PLACEMENT_3D('',#945,#946,#947);
#949=CIRCLE('',#948,1.5);
#950=EDGE_CURVE('',#938,#906,#949,.T.);
#951=ORIENTED_EDGE('',*,*,#950,.T.);
#952=EDGE_LOOP('',(#927,#936,#944,#951));
#953=FACE_BOUND('',#952,.T.);
#954=ADVANCED_FACE('',(#953),#926,.T.);
#955=CARTESIAN_POINT('',(0.825,153.6,16.7));
#956=DIRECTION('',(0.,-1.,0.));
#957=DIRECTION('',(0.,0.,-1.));
#958=AXIS2_PLACEMENT_3D('',#955,#956,#957);
#959=PLANE('',#958);
#960=CARTESIAN_POINT('',(0.,153.6,20.95));
#961=VERTEX_POINT('',#960);
#962=CARTESIAN_POINT('',(0.,153.6,22.1));
#963=DIRECTION('',(0.,0.,-1.));
#964=VECTOR('',#963,1.15);
#965=LINE('',#962,#964);
#966=EDGE_CURVE('',#191,#961,#965,.T.);
#967=ORIENTED_EDGE('',*,*,#966,.F.);
#968=ORIENTED_EDGE('',*,*,#197,.T.);
#969=CARTESIAN_POINT('',(1.4,153.6,22.35));
#970=VERTEX_POINT('',#969);
#971=CARTESIAN_POINT('',(0.25,153.6,22.35));
#972=DIRECTION('',(1.,0.,-0.));
#973=VECTOR('',#972,1.15);
#974=LINE('',#971,#973);
#975=EDGE_CURVE('',#181,#970,#974,.T.);
#976=ORIENTED_EDGE('',*,*,#975,.T.);
#977=CARTESIAN_POINT('',(1.4,153.6,20.95));
#978=VERTEX_POINT('',#977);
#979=CARTESIAN_POINT('',(1.4,153.6,20.95));
#980=DIRECTION('',(-0.,-0.,1.));
#981=VECTOR('',#980,1.4);
#982=LINE('',#979,#981);
#983=EDGE_CURVE('',#978,#970,#982,.T.);
#984=ORIENTED_EDGE('',*,*,#983,.F.);
#985=CARTESIAN_POINT('',(1.4,153.6,20.95));
#986=DIRECTION('',(-1.,-0.,0.));
#987=VECTOR('',#986,1.4);
#988=LINE('',#985,#987);
#989=EDGE_CURVE('',#978,#961,#988,.T.);
#990=ORIENTED_EDGE('',*,*,#989,.T.);
#991=EDGE_LOOP('',(#967,#968,#976,#984,#990));
#992=FACE_BOUND('',#991,.T.);
#993=ADVANCED_FACE('',(#992),#959,.F.);
#994=CARTESIAN_POINT('',(0.,1.5,11.2));
#995=DIRECTION('',(1.,0.,0.));
#996=DIRECTION('',(0.,0.,-1.));
#997=AXIS2_PLACEMENT_3D('',#994,#995,#996);
#998=PLANE('',#997);
#999=ORIENTED_EDGE('',*,*,#205,.T.);
#1000=ORIENTED_EDGE('',*,*,#966,.T.);
#1001=CARTESIAN_POINT('',(0.,2.199999905,20.95));
#1002=VERTEX_POINT('',#1001);
#1003=CARTESIAN_POINT('',(0.,2.199999905,20.95));
#1004=DIRECTION('',(0.,1.,0.));
#1005=VECTOR('',#1004,151.400000095);
#1006=LINE('',#1003,#1005);
#1007=EDGE_CURVE('',#1002,#961,#1006,.T.);
#1008=ORIENTED_EDGE('',*,*,#1007,.F.);
#1009=CARTESIAN_POINT('',(0.,2.199999905,20.95));
#1010=DIRECTION('',(-0.,-0.,1.));
#1011=VECTOR('',#1010,1.15);
#1012=LINE('',#1009,#1011);
#1013=EDGE_CURVE('',#1002,#200,#1012,.T.);
#1014=ORIENTED_EDGE('',*,*,#1013,.T.);
#1015=EDGE_LOOP('',(#999,#1000,#1008,#1014));
#1016=FACE_BOUND('',#1015,.T.);
#1017=ADVANCED_FACE('',(#1016),#998,.F.);
#1018=CARTESIAN_POINT('',(2.5,2.199999905,22.1));
#1019=DIRECTION('',(0.,0.,1.));
#1020=DIRECTION('',(1.,0.,-0.));
#1021=AXIS2_PLACEMENT_3D('',#1018,#1019,#1020);
#1022=TOROIDAL_SURFACE('',#1021,2.25,0.25);
#1023=CARTESIAN_POINT('',(2.5,-0.300000095,22.1));
#1024=VERTEX_POINT('',#1023);
#1025=CARTESIAN_POINT('',(2.5,-0.050000095,22.35));
#1026=VERTEX_POINT('',#1025);
#1027=CARTESIAN_POINT('',(2.5,-0.050000095,22.1));
#1028=DIRECTION('',(-1.,-0.,-0.));
#1029=DIRECTION('',(0.,0.,-1.));
#1030=AXIS2_PLACEMENT_3D('',#1027,#1028,#1029);
#1031=CIRCLE('',#1030,0.25);
#1032=EDGE_CURVE('',#1024,#1026,#1031,.T.);
#1033=ORIENTED_EDGE('',*,*,#1032,.T.);
#1034=CARTESIAN_POINT('',(2.5,2.199999905,22.35));
#1035=DIRECTION('',(0.,0.,1.));
#1036=DIRECTION('',(1.,0.,-0.));
#1037=AXIS2_PLACEMENT_3D('',#1034,#1035,#1036);
#1038=CIRCLE('',#1037,2.25);
#1039=EDGE_CURVE('',#183,#1026,#1038,.T.);
#1040=ORIENTED_EDGE('',*,*,#1039,.F.);
#1041=ORIENTED_EDGE('',*,*,#212,.F.);
#1042=CARTESIAN_POINT('',(2.5,2.199999905,22.1));
#1043=DIRECTION('',(-0.,-0.,-1.));
#1044=DIRECTION('',(1.,0.,-0.));
#1045=AXIS2_PLACEMENT_3D('',#1042,#1043,#1044);
#1046=CIRCLE('',#1045,2.5);
#1047=EDGE_CURVE('',#1024,#200,#1046,.T.);
#1048=ORIENTED_EDGE('',*,*,#1047,.F.);
#1049=EDGE_LOOP('',(#1033,#1040,#1041,#1048));
#1050=FACE_BOUND('',#1049,.T.);
#1051=ADVANCED_FACE('',(#1050),#1022,.T.);
#1052=CARTESIAN_POINT('',(1.4,1.5,22.35));
#1053=DIRECTION('',(0.,0.,1.));
#1054=DIRECTION('',(1.,0.,0.));
#1055=AXIS2_PLACEMENT_3D('',#1052,#1053,#1054);
#1056=PLANE('',#1055);
#1057=CARTESIAN_POINT('',(2.25,2.,22.35));
#1058=VERTEX_POINT('',#1057);
#1059=CARTESIAN_POINT('',(2.25,2.,22.35));
#1060=DIRECTION('',(0.,1.,0.));
#1061=VECTOR('',#1060,152.5);
#1062=LINE('',#1059,#1061);
#1063=EDGE_CURVE('',#1058,#225,#1062,.T.);
#1064=ORIENTED_EDGE('',*,*,#1063,.T.);
#1065=ORIENTED_EDGE('',*,*,#501,.T.);
#1066=CARTESIAN_POINT('',(1.4,154.5,22.35));
#1067=DIRECTION('',(-0.,-1.,-0.));
#1068=VECTOR('',#1067,0.9);
#1069=LINE('',#1066,#1068);
#1070=EDGE_CURVE('',#489,#970,#1069,.T.);
#1071=ORIENTED_EDGE('',*,*,#1070,.T.);
#1072=ORIENTED_EDGE('',*,*,#975,.F.);
#1073=ORIENTED_EDGE('',*,*,#188,.T.);
#1074=ORIENTED_EDGE('',*,*,#1039,.T.);
#1075=CARTESIAN_POINT('',(11.9,-0.050000095,22.35));
#1076=VERTEX_POINT('',#1075);
#1077=CARTESIAN_POINT('',(2.5,-0.050000095,22.35));
#1078=DIRECTION('',(1.,0.,-0.));
#1079=VECTOR('',#1078,9.4);
#1080=LINE('',#1077,#1079);
#1081=EDGE_CURVE('',#1026,#1076,#1080,.T.);
#1082=ORIENTED_EDGE('',*,*,#1081,.T.);
#1083=CARTESIAN_POINT('',(11.9,2.,22.35));
#1084=VERTEX_POINT('',#1083);
#1085=CARTESIAN_POINT('',(11.9,2.,22.35));
#1086=DIRECTION('',(-0.,-1.,-0.));
#1087=VECTOR('',#1086,2.050000095);
#1088=LINE('',#1085,#1087);
#1089=EDGE_CURVE('',#1084,#1076,#1088,.T.);
#1090=ORIENTED_EDGE('',*,*,#1089,.F.);
#1091=CARTESIAN_POINT('',(11.9,2.,22.35));
#1092=DIRECTION('',(-1.,-0.,0.));
#1093=VECTOR('',#1092,9.65);
#1094=LINE('',#1091,#1093);
#1095=EDGE_CURVE('',#1084,#1058,#1094,.T.);
#1096=ORIENTED_EDGE('',*,*,#1095,.T.);
#1097=EDGE_LOOP('',(#1064,#1065,#1071,#1072,#1073,#1074,#1082,#1090,#1096));
#1098=FACE_BOUND('',#1097,.T.);
#1099=ADVANCED_FACE('',(#1098),#1056,.T.);
#1100=CARTESIAN_POINT('',(18.150000796,0.999999905,23.1));
#1101=DIRECTION('',(0.,1.,0.));
#1102=DIRECTION('',(0.,0.,1.));
#1103=AXIS2_PLACEMENT_3D('',#1100,#1101,#1102);
#1104=PLANE('',#1103);
#1105=CARTESIAN_POINT('',(13.2,0.999999905,19.8));
#1106=VERTEX_POINT('',#1105);
#1107=CARTESIAN_POINT('',(13.2,0.999999905,23.1));
#1108=VERTEX_POINT('',#1107);
#1109=CARTESIAN_POINT('',(13.2,0.999999905,19.8));
#1110=DIRECTION('',(0.,0.,1.));
#1111=VECTOR('',#1110,3.3);
#1112=LINE('',#1109,#1111);
#1113=EDGE_CURVE('',#1106,#1108,#1112,.T.);
#1114=ORIENTED_EDGE('',*,*,#1113,.T.);
#1115=CARTESIAN_POINT('',(22.2,0.999999905,23.1));
#1116=VERTEX_POINT('',#1115);
#1117=CARTESIAN_POINT('',(13.2,0.999999905,23.1));
#1118=DIRECTION('',(1.,0.,-0.));
#1119=VECTOR('',#1118,9.);
#1120=LINE('',#1117,#1119);
#1121=EDGE_CURVE('',#1108,#1116,#1120,.T.);
#1122=ORIENTED_EDGE('',*,*,#1121,.T.);
#1123=CARTESIAN_POINT('',(22.2,0.999999905,19.8));
#1124=VERTEX_POINT('',#1123);
#1125=CARTESIAN_POINT('',(22.2,0.999999905,23.1));
#1126=DIRECTION('',(-0.,-0.,-1.));
#1127=VECTOR('',#1126,3.3);
#1128=LINE('',#1125,#1127);
#1129=EDGE_CURVE('',#1116,#1124,#1128,.T.);
#1130=ORIENTED_EDGE('',*,*,#1129,.T.);
#1131=CARTESIAN_POINT('',(13.2,0.999999905,19.8));
#1132=DIRECTION('',(1.,0.,-0.));
#1133=VECTOR('',#1132,9.);
#1134=LINE('',#1131,#1133);
#1135=EDGE_CURVE('',#1106,#1124,#1134,.T.);
#1136=ORIENTED_EDGE('',*,*,#1135,.F.);
#1137=EDGE_LOOP('',(#1114,#1122,#1130,#1136));
#1138=FACE_BOUND('',#1137,.T.);
#1139=ADVANCED_FACE('',(#1138),#1104,.T.);
#1140=CARTESIAN_POINT('',(1.4,1.5,14.55));
#1141=DIRECTION('',(0.,0.,1.));
#1142=DIRECTION('',(1.,0.,0.));
#1143=AXIS2_PLACEMENT_3D('',#1140,#1141,#1142);
#1144=PLANE('',#1143);
#1145=ORIENTED_EDGE('',*,*,#862,.F.);
#1146=CARTESIAN_POINT('',(11.7,2.,14.55));
#1147=DIRECTION('',(0.,1.,0.));
#1148=VECTOR('',#1147,1.);
#1149=LINE('',#1146,#1148);
#1150=EDGE_CURVE('',#849,#776,#1149,.T.);
#1151=ORIENTED_EDGE('',*,*,#1150,.T.);
#1152=ORIENTED_EDGE('',*,*,#781,.F.);
#1153=CARTESIAN_POINT('',(23.7,2.,14.55));
#1154=VERTEX_POINT('',#1153);
#1155=CARTESIAN_POINT('',(23.7,3.,14.55));
#1156=DIRECTION('',(-0.,-1.,-0.));
#1157=VECTOR('',#1156,1.);
#1158=LINE('',#1155,#1157);
#1159=EDGE_CURVE('',#767,#1154,#1158,.T.);
#1160=ORIENTED_EDGE('',*,*,#1159,.T.);
#1161=CARTESIAN_POINT('',(22.2,2.,14.55));
#1162=VERTEX_POINT('',#1161);
#1163=CARTESIAN_POINT('',(22.2,2.,14.55));
#1164=DIRECTION('',(1.,0.,-0.));
#1165=VECTOR('',#1164,1.5);
#1166=LINE('',#1163,#1165);
#1167=EDGE_CURVE('',#1162,#1154,#1166,.T.);
#1168=ORIENTED_EDGE('',*,*,#1167,.F.);
#1169=CARTESIAN_POINT('',(22.2,2.5,14.55));
#1170=DIRECTION('',(-0.,-1.,-0.));
#1171=VECTOR('',#1170,0.5);
#1172=LINE('',#1169,#1171);
#1173=EDGE_CURVE('',#817,#1162,#1172,.T.);
#1174=ORIENTED_EDGE('',*,*,#1173,.F.);
#1175=ORIENTED_EDGE('',*,*,#822,.T.);
#1176=CARTESIAN_POINT('',(13.2,2.,14.55));
#1177=DIRECTION('',(-0.,1.,-0.));
#1178=VECTOR('',#1177,0.5);
#1179=LINE('',#1176,#1178);
#1180=EDGE_CURVE('',#857,#809,#1179,.T.);
#1181=ORIENTED_EDGE('',*,*,#1180,.F.);
#1182=EDGE_LOOP('',(#1145,#1151,#1152,#1160,#1168,#1174,#1175,#1181));
#1183=FACE_BOUND('',#1182,.T.);
#1184=ADVANCED_FACE('',(#1183),#1144,.F.);
#1185=CARTESIAN_POINT('',(246.6,1.9,11.2));
#1186=DIRECTION('',(0.,1.,0.));
#1187=DIRECTION('',(0.,0.,1.));
#1188=AXIS2_PLACEMENT_3D('',#1185,#1186,#1187);
#1189=PLANE('',#1188);
#1190=CARTESIAN_POINT('',(131.75,1.9,15.95));
#1191=VERTEX_POINT('',#1190);
#1192=CARTESIAN_POINT('',(131.75,1.9,13.95));
#1193=VERTEX_POINT('',#1192);
#1194=CARTESIAN_POINT('',(131.75,1.9,15.95));
#1195=DIRECTION('',(0.,0.,-1.));
#1196=VECTOR('',#1195,2.);
#1197=LINE('',#1194,#1196);
#1198=EDGE_CURVE('',#1191,#1193,#1197,.T.);
#1199=ORIENTED_EDGE('',*,*,#1198,.F.);
#1200=CARTESIAN_POINT('',(118.75,1.9,15.95));
#1201=VERTEX_POINT('',#1200);
#1202=CARTESIAN_POINT('',(131.75,1.9,15.95));
#1203=DIRECTION('',(-1.,-0.,0.));
#1204=VECTOR('',#1203,13.);
#1205=LINE('',#1202,#1204);
#1206=EDGE_CURVE('',#1191,#1201,#1205,.T.);
#1207=ORIENTED_EDGE('',*,*,#1206,.T.);
#1208=CARTESIAN_POINT('',(118.75,1.9,13.95));
#1209=VERTEX_POINT('',#1208);
#1210=CARTESIAN_POINT('',(118.75,1.9,15.95));
#1211=DIRECTION('',(-0.,-0.,-1.));
#1212=VECTOR('',#1211,2.);
#1213=LINE('',#1210,#1212);
#1214=EDGE_CURVE('',#1201,#1209,#1213,.T.);
#1215=ORIENTED_EDGE('',*,*,#1214,.T.);
#1216=CARTESIAN_POINT('',(118.75,1.9,13.95));
#1217=DIRECTION('',(1.,0.,-0.));
#1218=VECTOR('',#1217,13.);
#1219=LINE('',#1216,#1218);
#1220=EDGE_CURVE('',#1209,#1193,#1219,.T.);
#1221=ORIENTED_EDGE('',*,*,#1220,.T.);
#1222=EDGE_LOOP('',(#1199,#1207,#1215,#1221));
#1223=FACE_BOUND('',#1222,.T.);
#1224=ADVANCED_FACE('',(#1223),#1189,.F.);
#1225=CARTESIAN_POINT('',(13.2,12.5,11.2));
#1226=DIRECTION('',(-1.,0.,0.));
#1227=DIRECTION('',(0.,-1.,0.));
#1228=AXIS2_PLACEMENT_3D('',#1225,#1226,#1227);
#1229=PLANE('',#1228);
#1230=CARTESIAN_POINT('',(13.2,2.5,22.6));
#1231=VERTEX_POINT('',#1230);
#1232=CARTESIAN_POINT('',(13.2,2.5,22.6));
#1233=DIRECTION('',(0.,0.,-1.));
#1234=VECTOR('',#1233,7.05);
#1235=LINE('',#1232,#1234);
#1236=EDGE_CURVE('',#1231,#807,#1235,.T.);
#1237=ORIENTED_EDGE('',*,*,#1236,.F.);
#1238=CARTESIAN_POINT('',(13.2,1.999999905,23.1));
#1239=VERTEX_POINT('',#1238);
#1240=CARTESIAN_POINT('',(13.2,1.999999905,22.6));
#1241=DIRECTION('',(1.,0.,0.));
#1242=DIRECTION('',(0.,0.,-1.));
#1243=AXIS2_PLACEMENT_3D('',#1240,#1241,#1242);
#1244=CIRCLE('',#1243,0.5);
#1245=EDGE_CURVE('',#1231,#1239,#1244,.T.);
#1246=ORIENTED_EDGE('',*,*,#1245,.T.);
#1247=CARTESIAN_POINT('',(13.2,1.999999905,23.1));
#1248=DIRECTION('',(0.,-1.,0.));
#1249=VECTOR('',#1248,1.);
#1250=LINE('',#1247,#1249);
#1251=EDGE_CURVE('',#1239,#1108,#1250,.T.);
#1252=ORIENTED_EDGE('',*,*,#1251,.T.);
#1253=ORIENTED_EDGE('',*,*,#1113,.F.);
#1254=CARTESIAN_POINT('',(13.2,2.,19.8));
#1255=DIRECTION('',(-0.,-1.,-0.));
#1256=VECTOR('',#1255,1.000000095);
#1257=LINE('',#1254,#1256);
#1258=EDGE_CURVE('',#865,#1106,#1257,.T.);
#1259=ORIENTED_EDGE('',*,*,#1258,.F.);
#1260=ORIENTED_EDGE('',*,*,#870,.F.);
#1261=ORIENTED_EDGE('',*,*,#1180,.T.);
#1262=ORIENTED_EDGE('',*,*,#814,.F.);
#1263=EDGE_LOOP('',(#1237,#1246,#1252,#1253,#1259,#1260,#1261,#1262));
#1264=FACE_BOUND('',#1263,.T.);
#1265=ADVANCED_FACE('',(#1264),#1229,.F.);
#1266=CARTESIAN_POINT('',(18.150000796,1.999999905,22.6));
#1267=DIRECTION('',(1.,0.,0.));
#1268=DIRECTION('',(0.,0.,-1.));
#1269=AXIS2_PLACEMENT_3D('',#1266,#1267,#1268);
#1270=CYLINDRICAL_SURFACE('',#1269,0.5);
#1271=CARTESIAN_POINT('',(11.9,1.999999905,23.1));
#1272=VERTEX_POINT('',#1271);
#1273=CARTESIAN_POINT('',(11.9,2.499999976,22.6));
#1274=VERTEX_POINT('',#1273);
#1275=CARTESIAN_POINT('',(11.9,1.999999905,22.6));
#1276=DIRECTION('',(-1.,-0.,-0.));
#1277=DIRECTION('',(0.,0.,-1.));
#1278=AXIS2_PLACEMENT_3D('',#1275,#1276,#1277);
#1279=CIRCLE('',#1278,0.5);
#1280=EDGE_CURVE('',#1272,#1274,#1279,.T.);
#1281=ORIENTED_EDGE('',*,*,#1280,.F.);
#1282=CARTESIAN_POINT('',(13.2,1.999999905,23.1));
#1283=DIRECTION('',(-1.,-0.,0.));
#1284=VECTOR('',#1283,1.3);
#1285=LINE('',#1282,#1284);
#1286=EDGE_CURVE('',#1239,#1272,#1285,.T.);
#1287=ORIENTED_EDGE('',*,*,#1286,.F.);
#1288=ORIENTED_EDGE('',*,*,#1245,.F.);
#1289=CARTESIAN_POINT('',(11.9,2.5,22.6));
#1290=DIRECTION('',(1.,0.,-0.));
#1291=VECTOR('',#1290,1.3);
#1292=LINE('',#1289,#1291);
#1293=EDGE_CURVE('',#1274,#1231,#1292,.T.);
#1294=ORIENTED_EDGE('',*,*,#1293,.F.);
#1295=EDGE_LOOP('',(#1281,#1287,#1288,#1294));
#1296=FACE_BOUND('',#1295,.T.);
#1297=ADVANCED_FACE('',(#1296),#1270,.T.);
#1298=CARTESIAN_POINT('',(8.225,2.,21.85));
#1299=DIRECTION('',(-1.,0.,0.));
#1300=DIRECTION('',(0.,0.,1.));
#1301=AXIS2_PLACEMENT_3D('',#1298,#1299,#1300);
#1302=CYLINDRICAL_SURFACE('',#1301,0.5);
#1303=ORIENTED_EDGE('',*,*,#1095,.F.);
#1304=CARTESIAN_POINT('',(11.9,2.499999976,21.85));
#1305=VERTEX_POINT('',#1304);
#1306=CARTESIAN_POINT('',(11.9,2.,21.85));
#1307=DIRECTION('',(1.,-0.,-0.));
#1308=DIRECTION('',(0.,0.,1.));
#1309=AXIS2_PLACEMENT_3D('',#1306,#1307,#1308);
#1310=CIRCLE('',#1309,0.5);
#1311=EDGE_CURVE('',#1305,#1084,#1310,.T.);
#1312=ORIENTED_EDGE('',*,*,#1311,.F.);
#1313=CARTESIAN_POINT('',(3.75,2.5,21.85));
#1314=VERTEX_POINT('',#1313);
#1315=CARTESIAN_POINT('',(3.75,2.5,21.85));
#1316=DIRECTION('',(1.,0.,-0.));
#1317=VECTOR('',#1316,8.15);
#1318=LINE('',#1315,#1317);
#1319=EDGE_CURVE('',#1314,#1305,#1318,.T.);
#1320=ORIENTED_EDGE('',*,*,#1319,.F.);
#1321=CARTESIAN_POINT('',(3.75,2.5,21.85));
#1322=CARTESIAN_POINT('',(3.75,2.5,21.915449847));
#1323=CARTESIAN_POINT('',(3.710959015,2.486986338,21.980873942));
#1324=CARTESIAN_POINT('',(3.635819299,2.461939766,22.041341716));
#1325=CARTESIAN_POINT('',(3.560679582,2.436893194,22.10180949));
#1326=CARTESIAN_POINT('',(3.449500264,2.399833421,22.15727336));
#1327=CARTESIAN_POINT('',(3.310660172,2.353553391,22.203553391));
#1328=CARTESIAN_POINT('',(3.17182008,2.30727336,22.249833421));
#1329=CARTESIAN_POINT('',(3.005428471,2.25180949,22.286893194));
#1330=CARTESIAN_POINT('',(2.824025149,2.191341716,22.311939766));
#1331=CARTESIAN_POINT('',(2.642621827,2.130873942,22.336986338));
#1332=CARTESIAN_POINT('',(2.446349541,2.065449847,22.35));
#1333=CARTESIAN_POINT('',(2.25,2.,22.35));
#1334=B_SPLINE_CURVE_WITH_KNOTS('',3,(#1321,#1322,#1323,#1324,#1325,#1326,#1327,#1328,#1329,#1330,#1331,#1332,#1333),.UNSPECIFIED.,.F.,.F.,(4,3,3,3,4),(0.,22.5,45.,67.5,90.),.UNSPECIFIED.);
#1335=EDGE_CURVE('',#1314,#1058,#1334,.T.);
#1336=ORIENTED_EDGE('',*,*,#1335,.T.);
#1337=EDGE_LOOP('',(#1303,#1312,#1320,#1336));
#1338=FACE_BOUND('',#1337,.T.);
#1339=ADVANCED_FACE('',(#1338),#1302,.T.);
#1340=CARTESIAN_POINT('',(2.25,2.,22.35));
#1341=CARTESIAN_POINT('',(2.25,2.,22.35));
#1342=CARTESIAN_POINT('',(2.25,2.,22.35));
#1343=CARTESIAN_POINT('',(2.25,2.,22.35));
#1344=CARTESIAN_POINT('',(2.25,2.,22.35));
#1345=CARTESIAN_POINT('',(2.25,2.,22.35));
#1346=CARTESIAN_POINT('',(2.25,2.,22.35));
#1347=CARTESIAN_POINT('',(2.25,2.,22.35));
#1348=CARTESIAN_POINT('',(2.25,2.,22.35));
#1349=CARTESIAN_POINT('',(2.25,2.,22.35));
#1350=CARTESIAN_POINT('',(2.315449847,2.196349541,22.35));
#1351=CARTESIAN_POINT('',(2.315449848,2.19634954,22.35));
#1352=CARTESIAN_POINT('',(2.34817477,2.163624617,22.35));
#1353=CARTESIAN_POINT('',(2.34817477,2.163624617,22.35));
#1354=CARTESIAN_POINT('',(2.380899694,2.130899694,22.35));
#1355=CARTESIAN_POINT('',(2.380899694,2.130899694,22.35));
#1356=CARTESIAN_POINT('',(2.413624617,2.09817477,22.35));
#1357=CARTESIAN_POINT('',(2.413624617,2.09817477,22.35));
#1358=CARTESIAN_POINT('',(2.446349541,2.065449847,22.35));
#1359=CARTESIAN_POINT('',(2.446349541,2.065449847,22.35));
#1360=CARTESIAN_POINT('',(2.380873943,2.392621826,22.336986338));
#1361=CARTESIAN_POINT('',(2.40261409,2.370789236,22.332372219));
#1362=CARTESIAN_POINT('',(2.424395843,2.34895652,22.328930059));
#1363=CARTESIAN_POINT('',(2.467995856,2.305293556,22.324345601));
#1364=CARTESIAN_POINT('',(2.489814327,2.283463059,22.323203239));
#1365=CARTESIAN_POINT('',(2.533463059,2.239814327,22.323203239));
#1366=CARTESIAN_POINT('',(2.555293556,2.217995856,22.324345601));
#1367=CARTESIAN_POINT('',(2.59895652,2.174395843,22.328930059));
#1368=CARTESIAN_POINT('',(2.620789237,2.152614089,22.332372219));
#1369=CARTESIAN_POINT('',(2.642621827,2.130873942,22.336986338));
#1370=CARTESIAN_POINT('',(2.501809491,2.755428469,22.286893193));
#1371=CARTESIAN_POINT('',(2.537333117,2.710172376,22.267787882));
#1372=CARTESIAN_POINT('',(2.575212983,2.664916802,22.253300473));
#1373=CARTESIAN_POINT('',(2.654615138,2.575659749,22.233941126));
#1374=CARTESIAN_POINT('',(2.696136496,2.531659298,22.229069394));
#1375=CARTESIAN_POINT('',(2.781659298,2.446136496,22.229069394));
#1376=CARTESIAN_POINT('',(2.825659749,2.404615138,22.233941126));
#1377=CARTESIAN_POINT('',(2.914916803,2.325212982,22.253300473));
#1378=CARTESIAN_POINT('',(2.960172377,2.287333116,22.267787882));
#1379=CARTESIAN_POINT('',(3.005428471,2.25180949,22.286893194));
#1380=CARTESIAN_POINT('',(2.557273362,2.921820078,22.24983342));
#1381=CARTESIAN_POINT('',(2.595529991,2.863960749,22.220903756));
#1382=CARTESIAN_POINT('',(2.638487016,2.806102732,22.198803177));
#1383=CARTESIAN_POINT('',(2.731735616,2.692933372,22.169226431));
#1384=CARTESIAN_POINT('',(2.782024446,2.637624669,22.161750914));
#1385=CARTESIAN_POINT('',(2.887624669,2.532024446,22.161750914));
#1386=CARTESIAN_POINT('',(2.942933372,2.481735616,22.169226431));
#1387=CARTESIAN_POINT('',(3.056102733,2.388487015,22.198803177));
#1388=CARTESIAN_POINT('',(3.113960751,2.34552999,22.220903757));
#1389=CARTESIAN_POINT('',(3.17182008,2.30727336,22.249833421));
#1390=CARTESIAN_POINT('',(2.649833422,3.19950026,22.157273358));
#1391=CARTESIAN_POINT('',(2.682829561,3.114854053,22.114950255));
#1392=CARTESIAN_POINT('',(2.727366159,3.030217657,22.082050044));
#1393=CARTESIAN_POINT('',(2.835650821,2.868087462,22.037860496));
#1394=CARTESIAN_POINT('',(2.899385901,2.790612508,22.026576267));
#1395=CARTESIAN_POINT('',(3.040612508,2.649385901,22.026576267));
#1396=CARTESIAN_POINT('',(3.118087462,2.585650821,22.037860496));
#1397=CARTESIAN_POINT('',(3.280217658,2.477366158,22.082050044));
#1398=CARTESIAN_POINT('',(3.364854055,2.43282956,22.114950256));
#1399=CARTESIAN_POINT('',(3.449500264,2.399833421,22.15727336));
#1400=CARTESIAN_POINT('',(2.686893195,3.310679579,22.101809488));
#1401=CARTESIAN_POINT('',(2.711657049,3.211620677,22.056529865));
#1402=CARTESIAN_POINT('',(2.7524425,3.112580397,22.020921379));
#1403=CARTESIAN_POINT('',(2.861561644,2.925075112,21.972977058));
#1404=CARTESIAN_POINT('',(2.929873762,2.836645496,21.960651063));
#1405=CARTESIAN_POINT('',(3.086645496,2.679873762,21.960651063));
#1406=CARTESIAN_POINT('',(3.175075112,2.611561644,21.972977058));
#1407=CARTESIAN_POINT('',(3.362580398,2.502442499,22.020921379));
#1408=CARTESIAN_POINT('',(3.46162068,2.461657048,22.056529866));
#1409=CARTESIAN_POINT('',(3.560679583,2.436893194,22.10180949));
#1410=CARTESIAN_POINT('',(2.736986338,3.46095901,21.980873941));
#1411=CARTESIAN_POINT('',(2.744679352,3.338388567,21.947795758));
#1412=CARTESIAN_POINT('',(2.775768727,3.215858445,21.921398308));
#1413=CARTESIAN_POINT('',(2.880298149,2.987891147,21.885744382));
#1414=CARTESIAN_POINT('',(2.953702951,2.882529078,21.876500304));
#1415=CARTESIAN_POINT('',(3.132529078,2.703702951,21.876500304));
#1416=CARTESIAN_POINT('',(3.237891147,2.630298149,21.885744382));
#1417=CARTESIAN_POINT('',(3.465858447,2.525768726,21.921398308));
#1418=CARTESIAN_POINT('',(3.58838857,2.494679351,21.947795759));
#1419=CARTESIAN_POINT('',(3.710959015,2.486986338,21.980873942));
#1420=CARTESIAN_POINT('',(2.75,3.499999995,21.915449846));
#1421=CARTESIAN_POINT('',(2.750000001,3.369100302,21.898315117));
#1422=CARTESIAN_POINT('',(2.776027324,3.238252114,21.884594098));
#1423=CARTESIAN_POINT('',(2.876213612,2.99638102,21.8660476));
#1424=CARTESIAN_POINT('',(2.950333158,2.88545328,21.861229418));
#1425=CARTESIAN_POINT('',(3.13545328,2.700333158,21.861229418));
#1426=CARTESIAN_POINT('',(3.24638102,2.626213612,21.8660476));
#1427=CARTESIAN_POINT('',(3.488252116,2.526027323,21.884594098));
#1428=CARTESIAN_POINT('',(3.619100306,2.5,21.898315117));
#1429=CARTESIAN_POINT('',(3.75,2.5,21.915449847));
#1430=CARTESIAN_POINT('',(2.75,3.499999995,21.85));
#1431=CARTESIAN_POINT('',(2.750000001,3.369100302,21.85));
#1432=CARTESIAN_POINT('',(2.776027324,3.238252114,21.85));
#1433=CARTESIAN_POINT('',(2.876213612,2.99638102,21.85));
#1434=CARTESIAN_POINT('',(2.950333158,2.88545328,21.85));
#1435=CARTESIAN_POINT('',(3.13545328,2.700333158,21.85));
#1436=CARTESIAN_POINT('',(3.24638102,2.626213612,21.85));
#1437=CARTESIAN_POINT('',(3.488252116,2.526027323,21.85));
#1438=CARTESIAN_POINT('',(3.619100306,2.5,21.85));
#1439=CARTESIAN_POINT('',(3.75,2.5,21.85));
#1440=B_SPLINE_SURFACE_WITH_KNOTS('',3,3,((#1340,#1341,#1342,#1343,#1344,#1345,#1346,#1347,#1348,#1349),(#1350,#1351,#1352,#1353,#1354,#1355,#1356,#1357,#1358,#1359),(#1360,#1361,#1362,#1363,#1364,#1365,#1366,#1367,#1368,#1369),(#1370,#1371,#1372,#1373,#1374,#1375,#1376,#1377,#1378,#1379),(#1380,#1381,#1382,#1383,#1384,#1385,#1386,#1387,#1388,#1389),(#1390,#1391,#1392,#1393,#1394,#1395,#1396,#1397,#1398,#1399),(#1400,#1401,#1402,#1403,#1404,#1405,#1406,#1407,#1408,#1409),(#1410,#1411,#1412,#1413,#1414,#1415,#1416,#1417,#1418,#1419),(#1420,#1421,#1422,#1423,#1424,#1425,#1426,#1427,#1428,#1429),(#1430,#1431,#1432,#1433,#1434,#1435,#1436,#1437,#1438,#1439)),.UNSPECIFIED.,.F.,.F.,.U.,(4,2,2,2,4),(4,2,2,2,4),(4.71238898,5.105088062,5.497787144,5.890486225,6.283185307),(0.000000003,0.25,0.5,0.75,1.),.UNSPECIFIED.);
#1441=CARTESIAN_POINT('',(2.75,3.499999997,21.85));
#1442=VERTEX_POINT('',#1441);
#1443=CARTESIAN_POINT('',(2.25,2.,22.35));
#1444=CARTESIAN_POINT('',(2.315449847,2.196349541,22.35));
#1445=CARTESIAN_POINT('',(2.380873942,2.392621827,22.336986338));
#1446=CARTESIAN_POINT('',(2.441341716,2.574025149,22.311939766));
#1447=CARTESIAN_POINT('',(2.50180949,2.755428471,22.286893194));
#1448=CARTESIAN_POINT('',(2.55727336,2.92182008,22.249833421));
#1449=CARTESIAN_POINT('',(2.603553391,3.060660172,22.203553391));
#1450=CARTESIAN_POINT('',(2.649833421,3.199500264,22.15727336));
#1451=CARTESIAN_POINT('',(2.686893194,3.310679582,22.10180949));
#1452=CARTESIAN_POINT('',(2.711939766,3.385819299,22.041341716));
#1453=CARTESIAN_POINT('',(2.736986338,3.460959015,21.980873942));
#1454=CARTESIAN_POINT('',(2.75,3.5,21.915449847));
#1455=CARTESIAN_POINT('',(2.75,3.5,21.85));
#1456=B_SPLINE_CURVE_WITH_KNOTS('',3,(#1443,#1444,#1445,#1446,#1447,#1448,#1449,#1450,#1451,#1452,#1453,#1454,#1455),.UNSPECIFIED.,.F.,.F.,(4,3,3,3,4),(270.,292.5,315.,337.5,360.),.UNSPECIFIED.);
#1457=EDGE_CURVE('',#1058,#1442,#1456,.T.);
#1458=ORIENTED_EDGE('',*,*,#1457,.F.);
#1459=ORIENTED_EDGE('',*,*,#1335,.F.);
#1460=CARTESIAN_POINT('',(3.75,3.5,21.85));
#1461=DIRECTION('',(-0.,-0.,1.));
#1462=DIRECTION('',(-1.,0.,0.));
#1463=AXIS2_PLACEMENT_3D('',#1460,#1461,#1462);
#1464=CIRCLE('',#1463,1.);
#1465=EDGE_CURVE('',#1442,#1314,#1464,.T.);
#1466=ORIENTED_EDGE('',*,*,#1465,.F.);
#1467=EDGE_LOOP('',(#1458,#1459,#1466));
#1468=FACE_BOUND('',#1467,.T.);
#1469=ADVANCED_FACE('',(#1468),#1440,.F.);
#1470=CARTESIAN_POINT('',(2.25,12.5,21.85));
#1471=DIRECTION('',(0.,1.,0.));
#1472=DIRECTION('',(0.,-0.,1.));
#1473=AXIS2_PLACEMENT_3D('',#1470,#1471,#1472);
#1474=CYLINDRICAL_SURFACE('',#1473,0.5);
#1475=CARTESIAN_POINT('',(2.75,154.5,21.85));
#1476=DIRECTION('',(-0.,-1.,-0.));
#1477=VECTOR('',#1476,151.);
#1478=LINE('',#1475,#1477);
#1479=EDGE_CURVE('',#223,#1442,#1478,.T.);
#1480=ORIENTED_EDGE('',*,*,#1479,.F.);
#1481=ORIENTED_EDGE('',*,*,#231,.T.);
#1482=ORIENTED_EDGE('',*,*,#1063,.F.);
#1483=ORIENTED_EDGE('',*,*,#1457,.T.);
#1484=EDGE_LOOP('',(#1480,#1481,#1482,#1483));
#1485=FACE_BOUND('',#1484,.T.);
#1486=ADVANCED_FACE('',(#1485),#1474,.T.);
#1487=CARTESIAN_POINT('',(2.25,154.5,12.736348179));
#1488=DIRECTION('',(0.,0.,1.));
#1489=DIRECTION('',(1.,0.,-0.));
#1490=AXIS2_PLACEMENT_3D('',#1487,#1488,#1489);
#1491=CYLINDRICAL_SURFACE('',#1490,0.5);
#1492=CARTESIAN_POINT('',(2.75,154.5,12.35));
#1493=DIRECTION('',(0.,0.,1.));
#1494=VECTOR('',#1493,9.5);
#1495=LINE('',#1492,#1494);
#1496=EDGE_CURVE('',#618,#223,#1495,.T.);
#1497=ORIENTED_EDGE('',*,*,#1496,.F.);
#1498=ORIENTED_EDGE('',*,*,#633,.T.);
#1499=ORIENTED_EDGE('',*,*,#477,.F.);
#1500=ORIENTED_EDGE('',*,*,#240,.F.);
#1501=EDGE_LOOP('',(#1497,#1498,#1499,#1500));
#1502=FACE_BOUND('',#1501,.T.);
#1503=ADVANCED_FACE('',(#1502),#1491,.T.);
#1504=CARTESIAN_POINT('',(17.55,2.,11.45));
#1505=DIRECTION('',(0.,0.,1.));
#1506=DIRECTION('',(1.,0.,0.));
#1507=AXIS2_PLACEMENT_3D('',#1504,#1505,#1506);
#1508=PLANE('',#1507);
#1509=CARTESIAN_POINT('',(1.4,187.,11.45));
#1510=VERTEX_POINT('',#1509);
#1511=CARTESIAN_POINT('',(1.4,187.,11.45));
#1512=DIRECTION('',(-0.,-1.,-0.));
#1513=VECTOR('',#1512,30.7);
#1514=LINE('',#1511,#1513);
#1515=EDGE_CURVE('',#1510,#732,#1514,.T.);
#1516=ORIENTED_EDGE('',*,*,#1515,.T.);
#1517=ORIENTED_EDGE('',*,*,#754,.T.);
#1518=CARTESIAN_POINT('',(0.25,187.,11.45));
#1519=VERTEX_POINT('',#1518);
#1520=CARTESIAN_POINT('',(0.25,187.,11.45));
#1521=DIRECTION('',(-0.,-1.,-0.));
#1522=VECTOR('',#1521,30.7);
#1523=LINE('',#1520,#1522);
#1524=EDGE_CURVE('',#1519,#742,#1523,.T.);
#1525=ORIENTED_EDGE('',*,*,#1524,.F.);
#1526=CARTESIAN_POINT('',(1.4,187.,11.45));
#1527=DIRECTION('',(-1.,-0.,0.));
#1528=VECTOR('',#1527,1.15);
#1529=LINE('',#1526,#1528);
#1530=EDGE_CURVE('',#1510,#1519,#1529,.T.);
#1531=ORIENTED_EDGE('',*,*,#1530,.F.);
#1532=EDGE_LOOP('',(#1516,#1517,#1525,#1531));
#1533=FACE_BOUND('',#1532,.T.);
#1534=ADVANCED_FACE('',(#1533),#1508,.F.);
#1535=CARTESIAN_POINT('',(1.4,1.5,11.2));
#1536=DIRECTION('',(1.,0.,0.));
#1537=DIRECTION('',(0.,0.,-1.));
#1538=AXIS2_PLACEMENT_3D('',#1535,#1536,#1537);
#1539=PLANE('',#1538);
#1540=CARTESIAN_POINT('',(1.4,187.,10.9));
#1541=VERTEX_POINT('',#1540);
#1542=CARTESIAN_POINT('',(1.4,187.,10.9));
#1543=DIRECTION('',(-0.,-1.,-0.));
#1544=VECTOR('',#1543,183.5);
#1545=LINE('',#1542,#1544);
#1546=EDGE_CURVE('',#1541,#938,#1545,.T.);
#1547=ORIENTED_EDGE('',*,*,#1546,.T.);
#1548=ORIENTED_EDGE('',*,*,#943,.T.);
#1549=CARTESIAN_POINT('',(1.4,153.6,20.95));
#1550=DIRECTION('',(-0.,-1.,-0.));
#1551=VECTOR('',#1550,150.1);
#1552=LINE('',#1549,#1551);
#1553=EDGE_CURVE('',#978,#929,#1552,.T.);
#1554=ORIENTED_EDGE('',*,*,#1553,.F.);
#1555=ORIENTED_EDGE('',*,*,#983,.T.);
#1556=ORIENTED_EDGE('',*,*,#1070,.F.);
#1557=ORIENTED_EDGE('',*,*,#495,.F.);
#1558=ORIENTED_EDGE('',*,*,#465,.F.);
#1559=ORIENTED_EDGE('',*,*,#666,.T.);
#1560=ORIENTED_EDGE('',*,*,#706,.T.);
#1561=ORIENTED_EDGE('',*,*,#738,.T.);
#1562=ORIENTED_EDGE('',*,*,#1515,.F.);
#1563=CARTESIAN_POINT('',(1.4,187.,11.45));
#1564=DIRECTION('',(0.,0.,-1.));
#1565=VECTOR('',#1564,0.55);
#1566=LINE('',#1563,#1565);
#1567=EDGE_CURVE('',#1510,#1541,#1566,.T.);
#1568=ORIENTED_EDGE('',*,*,#1567,.T.);
#1569=EDGE_LOOP('',(#1547,#1548,#1554,#1555,#1556,#1557,#1558,#1559,#1560,#1561,#1562,#1568));
#1570=FACE_BOUND('',#1569,.T.);
#1571=ORIENTED_EDGE('',*,*,#437,.F.);
#1572=ORIENTED_EDGE('',*,*,#416,.F.);
#1573=ORIENTED_EDGE('',*,*,#390,.F.);
#1574=ORIENTED_EDGE('',*,*,#368,.F.);
#1575=EDGE_LOOP('',(#1571,#1572,#1573,#1574));
#1576=FACE_BOUND('',#1575,.T.);
#1577=ORIENTED_EDGE('',*,*,#342,.F.);
#1578=ORIENTED_EDGE('',*,*,#320,.F.);
#1579=ORIENTED_EDGE('',*,*,#296,.F.);
#1580=ORIENTED_EDGE('',*,*,#272,.F.);
#1581=EDGE_LOOP('',(#1577,#1578,#1579,#1580));
#1582=FACE_BOUND('',#1581,.T.);
#1583=ADVANCED_FACE('',(#1570,#1576,#1582),#1539,.F.);
#1584=CARTESIAN_POINT('',(2.25,12.5,12.35));
#1585=DIRECTION('',(0.,1.,0.));
#1586=DIRECTION('',(0.,-0.,1.));
#1587=AXIS2_PLACEMENT_3D('',#1584,#1585,#1586);
#1588=CYLINDRICAL_SURFACE('',#1587,0.5);
#1589=CARTESIAN_POINT('',(2.25,187.,12.85));
#1590=VERTEX_POINT('',#1589);
#1591=CARTESIAN_POINT('',(2.25,155.5,12.85));
#1592=DIRECTION('',(0.,1.,0.));
#1593=VECTOR('',#1592,31.5);
#1594=LINE('',#1591,#1593);
#1595=EDGE_CURVE('',#609,#1590,#1594,.T.);
#1596=ORIENTED_EDGE('',*,*,#1595,.F.);
#1597=ORIENTED_EDGE('',*,*,#649,.T.);
#1598=CARTESIAN_POINT('',(2.75,187.,12.35));
#1599=VERTEX_POINT('',#1598);
#1600=CARTESIAN_POINT('',(2.75,187.,12.35));
#1601=DIRECTION('',(-0.,-1.,-0.));
#1602=VECTOR('',#1601,32.5);
#1603=LINE('',#1600,#1602);
#1604=EDGE_CURVE('',#1599,#618,#1603,.T.);
#1605=ORIENTED_EDGE('',*,*,#1604,.F.);
#1606=CARTESIAN_POINT('',(2.25,187.,12.35));
#1607=DIRECTION('',(0.,1.,0.));
#1608=DIRECTION('',(0.,-0.,1.));
#1609=AXIS2_PLACEMENT_3D('',#1606,#1607,#1608);
#1610=CIRCLE('',#1609,0.5);
#1611=EDGE_CURVE('',#1590,#1599,#1610,.T.);
#1612=ORIENTED_EDGE('',*,*,#1611,.F.);
#1613=EDGE_LOOP('',(#1596,#1597,#1605,#1612));
#1614=FACE_BOUND('',#1613,.T.);
#1615=ADVANCED_FACE('',(#1614),#1588,.T.);
#1616=CARTESIAN_POINT('',(1.4,1.5,12.85));
#1617=DIRECTION('',(0.,0.,1.));
#1618=DIRECTION('',(1.,0.,0.));
#1619=AXIS2_PLACEMENT_3D('',#1616,#1617,#1618);
#1620=PLANE('',#1619);
#1621=CARTESIAN_POINT('',(0.5,187.,12.85));
#1622=VERTEX_POINT('',#1621);
#1623=CARTESIAN_POINT('',(2.25,187.,12.85));
#1624=DIRECTION('',(-1.,-0.,0.));
#1625=VECTOR('',#1624,1.75);
#1626=LINE('',#1623,#1625);
#1627=EDGE_CURVE('',#1590,#1622,#1626,.T.);
#1628=ORIENTED_EDGE('',*,*,#1627,.T.);
#1629=CARTESIAN_POINT('',(0.5,187.,12.85));
#1630=DIRECTION('',(-0.,-1.,-0.));
#1631=VECTOR('',#1630,31.5);
#1632=LINE('',#1629,#1631);
#1633=EDGE_CURVE('',#1622,#709,#1632,.T.);
#1634=ORIENTED_EDGE('',*,*,#1633,.T.);
#1635=ORIENTED_EDGE('',*,*,#714,.F.);
#1636=ORIENTED_EDGE('',*,*,#674,.T.);
#1637=ORIENTED_EDGE('',*,*,#1595,.T.);
#1638=EDGE_LOOP('',(#1628,#1634,#1635,#1636,#1637));
#1639=FACE_BOUND('',#1638,.T.);
#1640=ADVANCED_FACE('',(#1639),#1620,.T.);
#1641=CARTESIAN_POINT('',(0.5,1.5,12.6));
#1642=DIRECTION('',(0.,-1.,0.));
#1643=DIRECTION('',(0.,0.,-1.));
#1644=AXIS2_PLACEMENT_3D('',#1641,#1642,#1643);
#1645=CYLINDRICAL_SURFACE('',#1644,0.25);
#1646=ORIENTED_EDGE('',*,*,#721,.F.);
#1647=ORIENTED_EDGE('',*,*,#1633,.F.);
#1648=CARTESIAN_POINT('',(0.25,187.,12.6));
#1649=VERTEX_POINT('',#1648);
#1650=CARTESIAN_POINT('',(0.5,187.,12.6));
#1651=DIRECTION('',(-0.,1.,-0.));
#1652=DIRECTION('',(0.,0.,-1.));
#1653=AXIS2_PLACEMENT_3D('',#1650,#1651,#1652);
#1654=CIRCLE('',#1653,0.25);
#1655=EDGE_CURVE('',#1649,#1622,#1654,.T.);
#1656=ORIENTED_EDGE('',*,*,#1655,.F.);
#1657=CARTESIAN_POINT('',(0.25,155.5,12.6));
#1658=DIRECTION('',(0.,1.,0.));
#1659=VECTOR('',#1658,31.5);
#1660=LINE('',#1657,#1659);
#1661=EDGE_CURVE('',#687,#1649,#1660,.T.);
#1662=ORIENTED_EDGE('',*,*,#1661,.F.);
#1663=EDGE_LOOP('',(#1646,#1647,#1656,#1662));
#1664=FACE_BOUND('',#1663,.T.);
#1665=ADVANCED_FACE('',(#1664),#1645,.T.);
#1666=CARTESIAN_POINT('',(0.25,1.5,11.2));
#1667=DIRECTION('',(1.,0.,0.));
#1668=DIRECTION('',(0.,0.,-1.));
#1669=AXIS2_PLACEMENT_3D('',#1666,#1667,#1668);
#1670=PLANE('',#1669);
#1671=ORIENTED_EDGE('',*,*,#1524,.T.);
#1672=ORIENTED_EDGE('',*,*,#748,.T.);
#1673=ORIENTED_EDGE('',*,*,#692,.T.);
#1674=ORIENTED_EDGE('',*,*,#1661,.T.);
#1675=CARTESIAN_POINT('',(0.25,187.,12.6));
#1676=DIRECTION('',(0.,0.,-1.));
#1677=VECTOR('',#1676,1.15);
#1678=LINE('',#1675,#1677);
#1679=EDGE_CURVE('',#1649,#1519,#1678,.T.);
#1680=ORIENTED_EDGE('',*,*,#1679,.T.);
#1681=EDGE_LOOP('',(#1671,#1672,#1673,#1674,#1680));
#1682=FACE_BOUND('',#1681,.T.);
#1683=ADVANCED_FACE('',(#1682),#1670,.F.);
#1684=CARTESIAN_POINT('',(214.1,188.75,12.45));
#1685=DIRECTION('',(1.,0.,0.));
#1686=DIRECTION('',(0.,0.,-1.));
#1687=AXIS2_PLACEMENT_3D('',#1684,#1685,#1686);
#1688=CYLINDRICAL_SURFACE('',#1687,0.25);
#1689=CARTESIAN_POINT('',(208.45,188.75,12.7));
#1690=VERTEX_POINT('',#1689);
#1691=CARTESIAN_POINT('',(208.45,188.5,12.45));
#1692=VERTEX_POINT('',#1691);
#1693=CARTESIAN_POINT('',(208.45,188.75,12.45));
#1694=DIRECTION('',(1.,0.,0.));
#1695=DIRECTION('',(0.,0.,-1.));
#1696=AXIS2_PLACEMENT_3D('',#1693,#1694,#1695);
#1697=CIRCLE('',#1696,0.25);
#1698=EDGE_CURVE('',#1690,#1692,#1697,.T.);
#1699=ORIENTED_EDGE('',*,*,#1698,.F.);
#1700=CARTESIAN_POINT('',(203.45,188.75,12.7));
#1701=VERTEX_POINT('',#1700);
#1702=CARTESIAN_POINT('',(203.45,188.75,12.7));
#1703=DIRECTION('',(1.,0.,-0.));
#1704=VECTOR('',#1703,5.);
#1705=LINE('',#1702,#1704);
#1706=EDGE_CURVE('',#1701,#1690,#1705,.T.);
#1707=ORIENTED_EDGE('',*,*,#1706,.F.);
#1708=CARTESIAN_POINT('',(203.45,188.5,12.45));
#1709=VERTEX_POINT('',#1708);
#1710=CARTESIAN_POINT('',(203.45,188.75,12.45));
#1711=DIRECTION('',(-1.,-0.,-0.));
#1712=DIRECTION('',(0.,0.,-1.));
#1713=AXIS2_PLACEMENT_3D('',#1710,#1711,#1712);
#1714=CIRCLE('',#1713,0.25);
#1715=EDGE_CURVE('',#1709,#1701,#1714,.T.);
#1716=ORIENTED_EDGE('',*,*,#1715,.F.);
#1717=CARTESIAN_POINT('',(208.45,188.5,12.45));
#1718=DIRECTION('',(-1.,0.,0.));
#1719=VECTOR('',#1718,5.);
#1720=LINE('',#1717,#1719);
#1721=EDGE_CURVE('',#1692,#1709,#1720,.T.);
#1722=ORIENTED_EDGE('',*,*,#1721,.F.);
#1723=EDGE_LOOP('',(#1699,#1707,#1716,#1722));
#1724=FACE_BOUND('',#1723,.T.);
#1725=ADVANCED_FACE('',(#1724),#1688,.T.);
#1726=CARTESIAN_POINT('',(204.7,1.5,12.7));
#1727=DIRECTION('',(0.,0.,1.));
#1728=DIRECTION('',(1.,0.,0.));
#1729=AXIS2_PLACEMENT_3D('',#1726,#1727,#1728);
#1730=PLANE('',#1729);
#1731=CARTESIAN_POINT('',(203.45,189.5,12.7));
#1732=VERTEX_POINT('',#1731);
#1733=CARTESIAN_POINT('',(203.45,188.75,12.7));
#1734=DIRECTION('',(0.,1.,0.));
#1735=VECTOR('',#1734,0.75);
#1736=LINE('',#1733,#1735);
#1737=EDGE_CURVE('',#1701,#1732,#1736,.T.);
#1738=ORIENTED_EDGE('',*,*,#1737,.F.);
#1739=ORIENTED_EDGE('',*,*,#1706,.T.);
#1740=CARTESIAN_POINT('',(208.45,189.5,12.7));
#1741=VERTEX_POINT('',#1740);
#1742=CARTESIAN_POINT('',(208.45,188.75,12.7));
#1743=DIRECTION('',(0.,1.,0.));
#1744=VECTOR('',#1743,0.75);
#1745=LINE('',#1742,#1744);
#1746=EDGE_CURVE('',#1690,#1741,#1745,.T.);
#1747=ORIENTED_EDGE('',*,*,#1746,.T.);
#1748=CARTESIAN_POINT('',(208.45,189.5,12.7));
#1749=DIRECTION('',(-1.,-0.,0.));
#1750=VECTOR('',#1749,5.);
#1751=LINE('',#1748,#1750);
#1752=EDGE_CURVE('',#1741,#1732,#1751,.T.);
#1753=ORIENTED_EDGE('',*,*,#1752,.T.);
#1754=EDGE_LOOP('',(#1738,#1739,#1747,#1753));
#1755=FACE_BOUND('',#1754,.T.);
#1756=ADVANCED_FACE('',(#1755),#1730,.T.);
#1757=CARTESIAN_POINT('',(1.4,1.5,10.7));
#1758=DIRECTION('',(0.,0.,1.));
#1759=DIRECTION('',(1.,0.,0.));
#1760=AXIS2_PLACEMENT_3D('',#1757,#1758,#1759);
#1761=PLANE('',#1760);
#1762=CARTESIAN_POINT('',(4.7,5.,10.7));
#1763=VERTEX_POINT('',#1762);
#1764=CARTESIAN_POINT('',(6.2,5.,10.7));
#1765=DIRECTION('',(0.,0.,-1.));
#1766=DIRECTION('',(-1.,0.,0.));
#1767=AXIS2_PLACEMENT_3D('',#1764,#1765,#1766);
#1768=CIRCLE('',#1767,1.5);
#1769=EDGE_CURVE('',#1763,#1763,#1768,.T.);
#1770=ORIENTED_EDGE('',*,*,#1769,.T.);
#1771=EDGE_LOOP('',(#1770));
#1772=FACE_BOUND('',#1771,.T.);
#1773=CARTESIAN_POINT('',(8.45,5.,10.7));
#1774=VERTEX_POINT('',#1773);
#1775=CARTESIAN_POINT('',(6.2,5.,10.7));
#1776=DIRECTION('',(0.,0.,1.));
#1777=DIRECTION('',(1.,0.,-0.));
#1778=AXIS2_PLACEMENT_3D('',#1775,#1776,#1777);
#1779=CIRCLE('',#1778,2.25);
#1780=EDGE_CURVE('',#1774,#1774,#1779,.T.);
#1781=ORIENTED_EDGE('',*,*,#1780,.T.);
#1782=EDGE_LOOP('',(#1781));
#1783=FACE_BOUND('',#1782,.T.);
#1784=ADVANCED_FACE('',(#1772,#1783),#1761,.T.);
#1785=CARTESIAN_POINT('',(1.4,178.8,10.7));
#1786=DIRECTION('',(0.,0.,1.));
#1787=DIRECTION('',(1.,0.,0.));
#1788=AXIS2_PLACEMENT_3D('',#1785,#1786,#1787);
#1789=PLANE('',#1788);
#1790=CARTESIAN_POINT('',(4.7,182.3,10.7));
#1791=VERTEX_POINT('',#1790);
#1792=CARTESIAN_POINT('',(6.2,182.3,10.7));
#1793=DIRECTION('',(0.,0.,-1.));
#1794=DIRECTION('',(-1.,0.,0.));
#1795=AXIS2_PLACEMENT_3D('',#1792,#1793,#1794);
#1796=CIRCLE('',#1795,1.5);
#1797=EDGE_CURVE('',#1791,#1791,#1796,.T.);
#1798=ORIENTED_EDGE('',*,*,#1797,.T.);
#1799=EDGE_LOOP('',(#1798));
#1800=FACE_BOUND('',#1799,.T.);
#1801=CARTESIAN_POINT('',(8.45,182.3,10.7));
#1802=VERTEX_POINT('',#1801);
#1803=CARTESIAN_POINT('',(6.2,182.3,10.7));
#1804=DIRECTION('',(0.,0.,1.));
#1805=DIRECTION('',(1.,0.,-0.));
#1806=AXIS2_PLACEMENT_3D('',#1803,#1804,#1805);
#1807=CIRCLE('',#1806,2.25);
#1808=EDGE_CURVE('',#1802,#1802,#1807,.T.);
#1809=ORIENTED_EDGE('',*,*,#1808,.T.);
#1810=EDGE_LOOP('',(#1809));
#1811=FACE_BOUND('',#1810,.T.);
#1812=ADVANCED_FACE('',(#1800,#1811),#1789,.T.);
#1813=CARTESIAN_POINT('',(6.5,189.5,11.2));
#1814=DIRECTION('',(0.,-1.,0.));
#1815=DIRECTION('',(0.,0.,-1.));
#1816=AXIS2_PLACEMENT_3D('',#1813,#1814,#1815);
#1817=PLANE('',#1816);
#1818=CARTESIAN_POINT('',(208.45,189.5,9.9));
#1819=VERTEX_POINT('',#1818);
#1820=CARTESIAN_POINT('',(208.45,189.5,9.9));
#1821=DIRECTION('',(-0.,-0.,1.));
#1822=VECTOR('',#1821,2.8);
#1823=LINE('',#1820,#1822);
#1824=EDGE_CURVE('',#1819,#1741,#1823,.T.);
#1825=ORIENTED_EDGE('',*,*,#1824,.F.);
#1826=CARTESIAN_POINT('',(203.45,189.5,9.9));
#1827=VERTEX_POINT('',#1826);
#1828=CARTESIAN_POINT('',(208.45,189.5,9.9));
#1829=DIRECTION('',(-1.,-0.,0.));
#1830=VECTOR('',#1829,5.);
#1831=LINE('',#1828,#1830);
#1832=EDGE_CURVE('',#1819,#1827,#1831,.T.);
#1833=ORIENTED_EDGE('',*,*,#1832,.T.);
#1834=CARTESIAN_POINT('',(203.45,189.5,9.9));
#1835=DIRECTION('',(-0.,-0.,1.));
#1836=VECTOR('',#1835,2.8);
#1837=LINE('',#1834,#1836);
#1838=EDGE_CURVE('',#1827,#1732,#1837,.T.);
#1839=ORIENTED_EDGE('',*,*,#1838,.T.);
#1840=ORIENTED_EDGE('',*,*,#1752,.F.);
#1841=EDGE_LOOP('',(#1825,#1833,#1839,#1840));
#1842=FACE_BOUND('',#1841,.T.);
#1843=ADVANCED_FACE('',(#1842),#1817,.F.);
#1844=CARTESIAN_POINT('',(2.4,1.5,10.9));
#1845=DIRECTION('',(0.,-1.,0.));
#1846=DIRECTION('',(0.,0.,-1.));
#1847=AXIS2_PLACEMENT_3D('',#1844,#1845,#1846);
#1848=CYLINDRICAL_SURFACE('',#1847,1.);
#1849=CARTESIAN_POINT('',(2.4,3.5,9.9));
#1850=VERTEX_POINT('',#1849);
#1851=CARTESIAN_POINT('',(2.4,187.,9.9));
#1852=VERTEX_POINT('',#1851);
#1853=CARTESIAN_POINT('',(2.4,3.5,9.9));
#1854=DIRECTION('',(-0.,1.,-0.));
#1855=VECTOR('',#1854,183.5);
#1856=LINE('',#1853,#1855);
#1857=EDGE_CURVE('',#1850,#1852,#1856,.T.);
#1858=ORIENTED_EDGE('',*,*,#1857,.F.);
#1859=CARTESIAN_POINT('',(2.4,3.5,10.9));
#1860=DIRECTION('',(-0.,1.,-0.));
#1861=DIRECTION('',(0.,0.,-1.));
#1862=AXIS2_PLACEMENT_3D('',#1859,#1860,#1861);
#1863=CIRCLE('',#1862,1.);
#1864=EDGE_CURVE('',#1850,#938,#1863,.T.);
#1865=ORIENTED_EDGE('',*,*,#1864,.T.);
#1866=ORIENTED_EDGE('',*,*,#1546,.F.);
#1867=CARTESIAN_POINT('',(2.4,187.,10.9));
#1868=DIRECTION('',(-0.,1.,-0.));
#1869=DIRECTION('',(0.,0.,-1.));
#1870=AXIS2_PLACEMENT_3D('',#1867,#1868,#1869);
#1871=CIRCLE('',#1870,1.);
#1872=EDGE_CURVE('',#1852,#1541,#1871,.T.);
#1873=ORIENTED_EDGE('',*,*,#1872,.F.);
#1874=EDGE_LOOP('',(#1858,#1865,#1866,#1873));
#1875=FACE_BOUND('',#1874,.T.);
#1876=ADVANCED_FACE('',(#1875),#1848,.T.);
#1877=CARTESIAN_POINT('',(2.9,3.5,10.9));
#1878=DIRECTION('',(0.,0.,1.));
#1879=DIRECTION('',(1.,0.,-0.));
#1880=AXIS2_PLACEMENT_3D('',#1877,#1878,#1879);
#1881=DEGENERATE_TOROIDAL_SURFACE('',#1880,0.5,1.,.T.);
#1882=CARTESIAN_POINT('',(2.9,3.,9.9));
#1883=VERTEX_POINT('',#1882);
#1884=CARTESIAN_POINT('',(2.9,3.,10.9));
#1885=DIRECTION('',(-1.,0.,0.));
#1886=DIRECTION('',(-0.,-1.,0.));
#1887=AXIS2_PLACEMENT_3D('',#1884,#1885,#1886);
#1888=CIRCLE('',#1887,1.);
#1889=EDGE_CURVE('',#1883,#906,#1888,.T.);
#1890=ORIENTED_EDGE('',*,*,#1889,.T.);
#1891=ORIENTED_EDGE('',*,*,#950,.F.);
#1892=ORIENTED_EDGE('',*,*,#1864,.F.);
#1893=CARTESIAN_POINT('',(2.9,3.5,9.9));
#1894=DIRECTION('',(-0.,-0.,-1.));
#1895=DIRECTION('',(1.,0.,-0.));
#1896=AXIS2_PLACEMENT_3D('',#1893,#1894,#1895);
#1897=CIRCLE('',#1896,0.5);
#1898=EDGE_CURVE('',#1883,#1850,#1897,.T.);
#1899=ORIENTED_EDGE('',*,*,#1898,.F.);
#1900=EDGE_LOOP('',(#1890,#1891,#1892,#1899));
#1901=FACE_BOUND('',#1900,.T.);
#1902=ADVANCED_FACE('',(#1901),#1881,.T.);
#1903=CARTESIAN_POINT('',(1.4,3.,10.9));
#1904=DIRECTION('',(1.,0.,0.));
#1905=DIRECTION('',(0.,0.,-1.));
#1906=AXIS2_PLACEMENT_3D('',#1903,#1904,#1905);
#1907=CYLINDRICAL_SURFACE('',#1906,1.);
#1908=CARTESIAN_POINT('',(11.7,3.,9.9));
#1909=VERTEX_POINT('',#1908);
#1910=CARTESIAN_POINT('',(11.7,3.,10.9));
#1911=DIRECTION('',(1.,0.,0.));
#1912=DIRECTION('',(0.,0.,-1.));
#1913=AXIS2_PLACEMENT_3D('',#1910,#1911,#1912);
#1914=CIRCLE('',#1913,1.);
#1915=EDGE_CURVE('',#847,#1909,#1914,.T.);
#1916=ORIENTED_EDGE('',*,*,#1915,.F.);
#1917=ORIENTED_EDGE('',*,*,#917,.F.);
#1918=ORIENTED_EDGE('',*,*,#1889,.F.);
#1919=CARTESIAN_POINT('',(11.7,3.,9.9));
#1920=DIRECTION('',(-1.,0.,0.));
#1921=VECTOR('',#1920,8.8);
#1922=LINE('',#1919,#1921);
#1923=EDGE_CURVE('',#1909,#1883,#1922,.T.);
#1924=ORIENTED_EDGE('',*,*,#1923,.F.);
#1925=EDGE_LOOP('',(#1916,#1917,#1918,#1924));
#1926=FACE_BOUND('',#1925,.T.);
#1927=ADVANCED_FACE('',(#1926),#1907,.T.);
#1928=CARTESIAN_POINT('',(11.7,12.5,11.2));
#1929=DIRECTION('',(-1.,0.,0.));
#1930=DIRECTION('',(0.,-1.,0.));
#1931=AXIS2_PLACEMENT_3D('',#1928,#1929,#1930);
#1932=PLANE('',#1931);
#1933=ORIENTED_EDGE('',*,*,#1915,.T.);
#1934=CARTESIAN_POINT('',(11.7,5.7,9.9));
#1935=VERTEX_POINT('',#1934);
#1936=CARTESIAN_POINT('',(11.7,5.7,9.9));
#1937=DIRECTION('',(0.,-1.,0.));
#1938=VECTOR('',#1937,2.7);
#1939=LINE('',#1936,#1938);
#1940=EDGE_CURVE('',#1935,#1909,#1939,.T.);
#1941=ORIENTED_EDGE('',*,*,#1940,.F.);
#1942=CARTESIAN_POINT('',(11.7,5.7,11.85));
#1943=DIRECTION('',(-0.,-0.,-1.));
#1944=VECTOR('',#1943,1.95);
#1945=LINE('',#1942,#1944);
#1946=EDGE_CURVE('',#784,#1935,#1945,.T.);
#1947=ORIENTED_EDGE('',*,*,#1946,.F.);
#1948=ORIENTED_EDGE('',*,*,#790,.T.);
#1949=ORIENTED_EDGE('',*,*,#1150,.F.);
#1950=ORIENTED_EDGE('',*,*,#854,.F.);
#1951=EDGE_LOOP('',(#1933,#1941,#1947,#1948,#1949,#1950));
#1952=FACE_BOUND('',#1951,.T.);
#1953=ADVANCED_FACE('',(#1952),#1932,.F.);
#1954=CARTESIAN_POINT('',(23.7,5.7,11.2));
#1955=DIRECTION('',(0.,-1.,0.));
#1956=DIRECTION('',(1.,0.,0.));
#1957=AXIS2_PLACEMENT_3D('',#1954,#1955,#1956);
#1958=PLANE('',#1957);
#1959=CARTESIAN_POINT('',(23.7,5.7,9.9));
#1960=VERTEX_POINT('',#1959);
#1961=CARTESIAN_POINT('',(23.7,5.7,11.85));
#1962=DIRECTION('',(-0.,-0.,-1.));
#1963=VECTOR('',#1962,1.95);
#1964=LINE('',#1961,#1963);
#1965=EDGE_CURVE('',#765,#1960,#1964,.T.);
#1966=ORIENTED_EDGE('',*,*,#1965,.F.);
#1967=ORIENTED_EDGE('',*,*,#796,.F.);
#1968=ORIENTED_EDGE('',*,*,#1946,.T.);
#1969=CARTESIAN_POINT('',(11.7,5.7,9.9));
#1970=DIRECTION('',(1.,0.,-0.));
#1971=VECTOR('',#1970,12.);
#1972=LINE('',#1969,#1971);
#1973=EDGE_CURVE('',#1935,#1960,#1972,.T.);
#1974=ORIENTED_EDGE('',*,*,#1973,.T.);
#1975=EDGE_LOOP('',(#1966,#1967,#1968,#1974));
#1976=FACE_BOUND('',#1975,.T.);
#1977=ADVANCED_FACE('',(#1976),#1958,.T.);
#1978=CARTESIAN_POINT('',(23.7,15.25,10.525));
#1979=DIRECTION('',(1.,0.,0.));
#1980=DIRECTION('',(0.,1.,0.));
#1981=AXIS2_PLACEMENT_3D('',#1978,#1979,#1980);
#1982=PLANE('',#1981);
#1983=ORIENTED_EDGE('',*,*,#1965,.T.);
#1984=CARTESIAN_POINT('',(23.7,2.,9.9));
#1985=VERTEX_POINT('',#1984);
#1986=CARTESIAN_POINT('',(23.7,2.,9.9));
#1987=DIRECTION('',(-0.,1.,-0.));
#1988=VECTOR('',#1987,3.7);
#1989=LINE('',#1986,#1988);
#1990=EDGE_CURVE('',#1985,#1960,#1989,.T.);
#1991=ORIENTED_EDGE('',*,*,#1990,.F.);
#1992=CARTESIAN_POINT('',(23.7,2.,14.55));
#1993=DIRECTION('',(0.,0.,-1.));
#1994=VECTOR('',#1993,4.65);
#1995=LINE('',#1992,#1994);
#1996=EDGE_CURVE('',#1154,#1985,#1995,.T.);
#1997=ORIENTED_EDGE('',*,*,#1996,.F.);
#1998=ORIENTED_EDGE('',*,*,#1159,.F.);
#1999=ORIENTED_EDGE('',*,*,#773,.F.);
#2000=EDGE_LOOP('',(#1983,#1991,#1997,#1998,#1999));
#2001=FACE_BOUND('',#2000,.T.);
#2002=ADVANCED_FACE('',(#2001),#1982,.F.);
#2003=CARTESIAN_POINT('',(6.2,5.,17.85));
#2004=DIRECTION('',(0.,0.,-1.));
#2005=DIRECTION('',(-1.,0.,0.));
#2006=AXIS2_PLACEMENT_3D('',#2003,#2004,#2005);
#2007=CYLINDRICAL_SURFACE('',#2006,1.5);
#2008=CARTESIAN_POINT('',(4.7,5.,9.9));
#2009=VERTEX_POINT('',#2008);
#2010=CARTESIAN_POINT('',(4.7,5.,9.9));
#2011=DIRECTION('',(-0.,-0.,1.));
#2012=VECTOR('',#2011,0.8);
#2013=LINE('',#2010,#2012);
#2014=EDGE_CURVE('',#2009,#1763,#2013,.T.);
#2015=ORIENTED_EDGE('',*,*,#2014,.F.);
#2016=CARTESIAN_POINT('',(6.2,5.,9.9));
#2017=DIRECTION('',(-0.,-0.,1.));
#2018=DIRECTION('',(-1.,0.,0.));
#2019=AXIS2_PLACEMENT_3D('',#2016,#2017,#2018);
#2020=CIRCLE('',#2019,1.5);
#2021=EDGE_CURVE('',#2009,#2009,#2020,.T.);
#2022=ORIENTED_EDGE('',*,*,#2021,.F.);
#2023=ORIENTED_EDGE('',*,*,#2014,.T.);
#2024=ORIENTED_EDGE('',*,*,#1769,.F.);
#2025=EDGE_LOOP('',(#2015,#2022,#2023,#2024));
#2026=FACE_BOUND('',#2025,.T.);
#2027=ADVANCED_FACE('',(#2026),#2007,.F.);
#2028=CARTESIAN_POINT('',(6.2,182.3,17.85));
#2029=DIRECTION('',(0.,0.,-1.));
#2030=DIRECTION('',(-1.,0.,0.));
#2031=AXIS2_PLACEMENT_3D('',#2028,#2029,#2030);
#2032=CYLINDRICAL_SURFACE('',#2031,1.5);
#2033=CARTESIAN_POINT('',(4.7,182.3,9.9));
#2034=VERTEX_POINT('',#2033);
#2035=CARTESIAN_POINT('',(4.7,182.3,9.9));
#2036=DIRECTION('',(-0.,-0.,1.));
#2037=VECTOR('',#2036,0.8);
#2038=LINE('',#2035,#2037);
#2039=EDGE_CURVE('',#2034,#1791,#2038,.T.);
#2040=ORIENTED_EDGE('',*,*,#2039,.F.);
#2041=CARTESIAN_POINT('',(6.2,182.3,9.9));
#2042=DIRECTION('',(-0.,-0.,1.));
#2043=DIRECTION('',(-1.,0.,0.));
#2044=AXIS2_PLACEMENT_3D('',#2041,#2042,#2043);
#2045=CIRCLE('',#2044,1.5);
#2046=EDGE_CURVE('',#2034,#2034,#2045,.T.);
#2047=ORIENTED_EDGE('',*,*,#2046,.F.);
#2048=ORIENTED_EDGE('',*,*,#2039,.T.);
#2049=ORIENTED_EDGE('',*,*,#1797,.F.);
#2050=EDGE_LOOP('',(#2040,#2047,#2048,#2049));
#2051=FACE_BOUND('',#2050,.T.);
#2052=ADVANCED_FACE('',(#2051),#2032,.F.);
#2053=CARTESIAN_POINT('',(18.150000796,1.999999905,22.6));
#2054=DIRECTION('',(1.,0.,0.));
#2055=DIRECTION('',(0.,0.,-1.));
#2056=AXIS2_PLACEMENT_3D('',#2053,#2054,#2055);
#2057=CYLINDRICAL_SURFACE('',#2056,0.5);
#2058=CARTESIAN_POINT('',(22.2,1.999999905,23.1));
#2059=VERTEX_POINT('',#2058);
#2060=CARTESIAN_POINT('',(22.2,2.5,22.6));
#2061=VERTEX_POINT('',#2060);
#2062=CARTESIAN_POINT('',(22.2,1.999999905,22.6));
#2063=DIRECTION('',(-1.,-0.,-0.));
#2064=DIRECTION('',(0.,0.,-1.));
#2065=AXIS2_PLACEMENT_3D('',#2062,#2063,#2064);
#2066=CIRCLE('',#2065,0.5);
#2067=EDGE_CURVE('',#2059,#2061,#2066,.T.);
#2068=ORIENTED_EDGE('',*,*,#2067,.F.);
#2069=CARTESIAN_POINT('',(23.900001069,1.999999905,23.1));
#2070=VERTEX_POINT('',#2069);
#2071=CARTESIAN_POINT('',(23.900001069,1.999999905,23.1));
#2072=DIRECTION('',(-1.,-0.,0.));
#2073=VECTOR('',#2072,1.700001069);
#2074=LINE('',#2071,#2073);
#2075=EDGE_CURVE('',#2070,#2059,#2074,.T.);
#2076=ORIENTED_EDGE('',*,*,#2075,.F.);
#2077=CARTESIAN_POINT('',(23.900001069,2.5,22.6));
#2078=VERTEX_POINT('',#2077);
#2079=CARTESIAN_POINT('',(23.900001069,1.999999905,22.6));
#2080=DIRECTION('',(1.,0.,0.));
#2081=DIRECTION('',(0.,0.,-1.));
#2082=AXIS2_PLACEMENT_3D('',#2079,#2080,#2081);
#2083=CIRCLE('',#2082,0.5);
#2084=EDGE_CURVE('',#2078,#2070,#2083,.T.);
#2085=ORIENTED_EDGE('',*,*,#2084,.F.);
#2086=CARTESIAN_POINT('',(22.2,2.5,22.6));
#2087=DIRECTION('',(1.,0.,-0.));
#2088=VECTOR('',#2087,1.700001069);
#2089=LINE('',#2086,#2088);
#2090=EDGE_CURVE('',#2061,#2078,#2089,.T.);
#2091=ORIENTED_EDGE('',*,*,#2090,.F.);
#2092=EDGE_LOOP('',(#2068,#2076,#2085,#2091));
#2093=FACE_BOUND('',#2092,.T.);
#2094=ADVANCED_FACE('',(#2093),#2057,.T.);
#2095=CARTESIAN_POINT('',(22.2,15.25,10.525));
#2096=DIRECTION('',(1.,0.,0.));
#2097=DIRECTION('',(0.,1.,0.));
#2098=AXIS2_PLACEMENT_3D('',#2095,#2096,#2097);
#2099=PLANE('',#2098);
#2100=ORIENTED_EDGE('',*,*,#1129,.F.);
#2101=CARTESIAN_POINT('',(22.2,0.999999905,23.1));
#2102=DIRECTION('',(0.,1.,0.));
#2103=VECTOR('',#2102,1.);
#2104=LINE('',#2101,#2103);
#2105=EDGE_CURVE('',#1116,#2059,#2104,.T.);
#2106=ORIENTED_EDGE('',*,*,#2105,.T.);
#2107=ORIENTED_EDGE('',*,*,#2067,.T.);
#2108=CARTESIAN_POINT('',(22.2,2.5,15.55));
#2109=DIRECTION('',(-0.,-0.,1.));
#2110=VECTOR('',#2109,7.05);
#2111=LINE('',#2108,#2110);
#2112=EDGE_CURVE('',#825,#2061,#2111,.T.);
#2113=ORIENTED_EDGE('',*,*,#2112,.F.);
#2114=ORIENTED_EDGE('',*,*,#830,.F.);
#2115=ORIENTED_EDGE('',*,*,#1173,.T.);
#2116=CARTESIAN_POINT('',(22.2,2.,19.8));
#2117=VERTEX_POINT('',#2116);
#2118=CARTESIAN_POINT('',(22.2,2.,19.8));
#2119=DIRECTION('',(0.,0.,-1.));
#2120=VECTOR('',#2119,5.25);
#2121=LINE('',#2118,#2120);
#2122=EDGE_CURVE('',#2117,#1162,#2121,.T.);
#2123=ORIENTED_EDGE('',*,*,#2122,.F.);
#2124=CARTESIAN_POINT('',(22.2,0.999999905,19.8));
#2125=DIRECTION('',(0.,1.,0.));
#2126=VECTOR('',#2125,1.000000095);
#2127=LINE('',#2124,#2126);
#2128=EDGE_CURVE('',#1124,#2117,#2127,.T.);
#2129=ORIENTED_EDGE('',*,*,#2128,.F.);
#2130=EDGE_LOOP('',(#2100,#2106,#2107,#2113,#2114,#2115,#2123,#2129));
#2131=FACE_BOUND('',#2130,.T.);
#2132=ADVANCED_FACE('',(#2131),#2099,.F.);
#2133=CARTESIAN_POINT('',(1.4,1.5,15.55));
#2134=DIRECTION('',(0.,0.,1.));
#2135=DIRECTION('',(1.,0.,0.));
#2136=AXIS2_PLACEMENT_3D('',#2133,#2134,#2135);
#2137=PLANE('',#2136);
#2138=CARTESIAN_POINT('',(11.2,2.5,15.55));
#2139=VERTEX_POINT('',#2138);
#2140=CARTESIAN_POINT('',(11.2,2.5,15.55));
#2141=DIRECTION('',(1.,0.,-0.));
#2142=VECTOR('',#2141,2.);
#2143=LINE('',#2140,#2142);
#2144=EDGE_CURVE('',#2139,#807,#2143,.T.);
#2145=ORIENTED_EDGE('',*,*,#2144,.T.);
#2146=ORIENTED_EDGE('',*,*,#836,.T.);
#2147=CARTESIAN_POINT('',(24.2,2.5,15.55));
#2148=VERTEX_POINT('',#2147);
#2149=CARTESIAN_POINT('',(22.2,2.5,15.55));
#2150=DIRECTION('',(1.,0.,-0.));
#2151=VECTOR('',#2150,2.);
#2152=LINE('',#2149,#2151);
#2153=EDGE_CURVE('',#825,#2148,#2152,.T.);
#2154=ORIENTED_EDGE('',*,*,#2153,.T.);
#2155=CARTESIAN_POINT('',(24.2,3.,15.55));
#2156=VERTEX_POINT('',#2155);
#2157=CARTESIAN_POINT('',(24.2,2.5,15.55));
#2158=DIRECTION('',(0.,1.,0.));
#2159=VECTOR('',#2158,0.5);
#2160=LINE('',#2157,#2159);
#2161=EDGE_CURVE('',#2148,#2156,#2160,.T.);
#2162=ORIENTED_EDGE('',*,*,#2161,.T.);
#2163=CARTESIAN_POINT('',(11.2,3.,15.55));
#2164=VERTEX_POINT('',#2163);
#2165=CARTESIAN_POINT('',(24.2,3.,15.55));
#2166=DIRECTION('',(-1.,-0.,0.));
#2167=VECTOR('',#2166,13.);
#2168=LINE('',#2165,#2167);
#2169=EDGE_CURVE('',#2156,#2164,#2168,.T.);
#2170=ORIENTED_EDGE('',*,*,#2169,.T.);
#2171=CARTESIAN_POINT('',(11.2,3.,15.55));
#2172=DIRECTION('',(-0.,-1.,-0.));
#2173=VECTOR('',#2172,0.5);
#2174=LINE('',#2171,#2173);
#2175=EDGE_CURVE('',#2164,#2139,#2174,.T.);
#2176=ORIENTED_EDGE('',*,*,#2175,.T.);
#2177=EDGE_LOOP('',(#2145,#2146,#2154,#2162,#2170,#2176));
#2178=FACE_BOUND('',#2177,.T.);
#2179=ADVANCED_FACE('',(#2178),#2137,.T.);
#2180=CARTESIAN_POINT('',(25.4,4.,20.3));
#2181=DIRECTION('',(0.,1.,0.));
#2182=DIRECTION('',(0.,-0.,1.));
#2183=AXIS2_PLACEMENT_3D('',#2180,#2181,#2182);
#2184=CYLINDRICAL_SURFACE('',#2183,0.5);
#2185=CARTESIAN_POINT('',(25.9,2.,20.3));
#2186=VERTEX_POINT('',#2185);
#2187=CARTESIAN_POINT('',(25.4,2.,19.8));
#2188=VERTEX_POINT('',#2187);
#2189=CARTESIAN_POINT('',(25.4,2.,20.3));
#2190=DIRECTION('',(0.,1.,0.));
#2191=DIRECTION('',(0.,-0.,1.));
#2192=AXIS2_PLACEMENT_3D('',#2189,#2190,#2191);
#2193=CIRCLE('',#2192,0.5);
#2194=EDGE_CURVE('',#2186,#2188,#2193,.T.);
#2195=ORIENTED_EDGE('',*,*,#2194,.F.);
#2196=CARTESIAN_POINT('',(25.9,-0.300000095,20.3));
#2197=VERTEX_POINT('',#2196);
#2198=CARTESIAN_POINT('',(25.9,-0.300000095,20.3));
#2199=DIRECTION('',(0.,1.,0.));
#2200=VECTOR('',#2199,2.300000095);
#2201=LINE('',#2198,#2200);
#2202=EDGE_CURVE('',#2197,#2186,#2201,.T.);
#2203=ORIENTED_EDGE('',*,*,#2202,.F.);
#2204=CARTESIAN_POINT('',(25.4,-0.300000095,19.8));
#2205=VERTEX_POINT('',#2204);
#2206=CARTESIAN_POINT('',(25.4,-0.300000095,20.3));
#2207=DIRECTION('',(-0.,-1.,-0.));
#2208=DIRECTION('',(0.,-0.,1.));
#2209=AXIS2_PLACEMENT_3D('',#2206,#2207,#2208);
#2210=CIRCLE('',#2209,0.5);
#2211=EDGE_CURVE('',#2205,#2197,#2210,.T.);
#2212=ORIENTED_EDGE('',*,*,#2211,.F.);
#2213=CARTESIAN_POINT('',(25.4,2.,19.8));
#2214=DIRECTION('',(-0.,-1.,-0.));
#2215=VECTOR('',#2214,2.300000095);
#2216=LINE('',#2213,#2215);
#2217=EDGE_CURVE('',#2188,#2205,#2216,.T.);
#2218=ORIENTED_EDGE('',*,*,#2217,.F.);
#2219=EDGE_LOOP('',(#2195,#2203,#2212,#2218));
#2220=FACE_BOUND('',#2219,.T.);
#2221=ADVANCED_FACE('',(#2220),#2184,.T.);
#2222=CARTESIAN_POINT('',(1.4,4.,19.8));
#2223=DIRECTION('',(0.,0.,1.));
#2224=DIRECTION('',(1.,0.,0.));
#2225=AXIS2_PLACEMENT_3D('',#2222,#2223,#2224);
#2226=PLANE('',#2225);
#2227=CARTESIAN_POINT('',(8.400001069,-0.300000095,19.8));
#2228=VERTEX_POINT('',#2227);
#2229=CARTESIAN_POINT('',(25.4,-0.300000095,19.8));
#2230=DIRECTION('',(-1.,0.,0.));
#2231=VECTOR('',#2230,16.999998931);
#2232=LINE('',#2229,#2231);
#2233=EDGE_CURVE('',#2205,#2228,#2232,.T.);
#2234=ORIENTED_EDGE('',*,*,#2233,.T.);
#2235=CARTESIAN_POINT('',(8.400001069,-0.300000095,19.8));
#2236=DIRECTION('',(0.,1.,0.));
#2237=VECTOR('',#2236,2.300000095);
#2238=LINE('',#2235,#2237);
#2239=EDGE_CURVE('',#2228,#873,#2238,.T.);
#2240=ORIENTED_EDGE('',*,*,#2239,.T.);
#2241=ORIENTED_EDGE('',*,*,#878,.F.);
#2242=ORIENTED_EDGE('',*,*,#1258,.T.);
#2243=ORIENTED_EDGE('',*,*,#1135,.T.);
#2244=ORIENTED_EDGE('',*,*,#2128,.T.);
#2245=CARTESIAN_POINT('',(25.4,2.,19.8));
#2246=DIRECTION('',(-1.,0.,0.));
#2247=VECTOR('',#2246,3.2);
#2248=LINE('',#2245,#2247);
#2249=EDGE_CURVE('',#2188,#2117,#2248,.T.);
#2250=ORIENTED_EDGE('',*,*,#2249,.F.);
#2251=ORIENTED_EDGE('',*,*,#2217,.T.);
#2252=EDGE_LOOP('',(#2234,#2240,#2241,#2242,#2243,#2244,#2250,#2251));
#2253=FACE_BOUND('',#2252,.T.);
#2254=ADVANCED_FACE('',(#2253),#2226,.F.);
#2255=CARTESIAN_POINT('',(8.400001069,4.,20.3));
#2256=DIRECTION('',(0.,-1.,0.));
#2257=DIRECTION('',(0.,0.,-1.));
#2258=AXIS2_PLACEMENT_3D('',#2255,#2256,#2257);
#2259=CYLINDRICAL_SURFACE('',#2258,0.5);
#2260=CARTESIAN_POINT('',(7.900001069,-0.300000095,20.3));
#2261=VERTEX_POINT('',#2260);
#2262=CARTESIAN_POINT('',(8.400001069,-0.300000095,20.3));
#2263=DIRECTION('',(-0.,-1.,-0.));
#2264=DIRECTION('',(0.,-0.,1.));
#2265=AXIS2_PLACEMENT_3D('',#2262,#2263,#2264);
#2266=CIRCLE('',#2265,0.5);
#2267=EDGE_CURVE('',#2261,#2228,#2266,.T.);
#2268=ORIENTED_EDGE('',*,*,#2267,.F.);
#2269=CARTESIAN_POINT('',(7.900001069,2.,20.3));
#2270=DIRECTION('',(-0.,-1.,-0.));
#2271=VECTOR('',#2270,2.300000095);
#2272=LINE('',#2269,#2271);
#2273=EDGE_CURVE('',#881,#2261,#2272,.T.);
#2274=ORIENTED_EDGE('',*,*,#2273,.F.);
#2275=ORIENTED_EDGE('',*,*,#887,.F.);
#2276=ORIENTED_EDGE('',*,*,#2239,.F.);
#2277=EDGE_LOOP('',(#2268,#2274,#2275,#2276));
#2278=FACE_BOUND('',#2277,.T.);
#2279=ADVANCED_FACE('',(#2278),#2259,.T.);
#2280=CARTESIAN_POINT('',(7.900001069,0.999999905,23.1));
#2281=DIRECTION('',(-1.,0.,0.));
#2282=DIRECTION('',(0.,0.,1.));
#2283=AXIS2_PLACEMENT_3D('',#2280,#2281,#2282);
#2284=PLANE('',#2283);
#2285=ORIENTED_EDGE('',*,*,#895,.T.);
#2286=ORIENTED_EDGE('',*,*,#2273,.T.);
#2287=CARTESIAN_POINT('',(7.900001069,-0.300000095,20.95));
#2288=VERTEX_POINT('',#2287);
#2289=CARTESIAN_POINT('',(7.900001069,-0.300000095,20.95));
#2290=DIRECTION('',(0.,0.,-1.));
#2291=VECTOR('',#2290,0.65);
#2292=LINE('',#2289,#2291);
#2293=EDGE_CURVE('',#2288,#2261,#2292,.T.);
#2294=ORIENTED_EDGE('',*,*,#2293,.F.);
#2295=CARTESIAN_POINT('',(7.900001069,-0.300000095,20.95));
#2296=DIRECTION('',(0.,1.,0.));
#2297=VECTOR('',#2296,2.300000095);
#2298=LINE('',#2295,#2297);
#2299=EDGE_CURVE('',#2288,#890,#2298,.T.);
#2300=ORIENTED_EDGE('',*,*,#2299,.T.);
#2301=EDGE_LOOP('',(#2285,#2286,#2294,#2300));
#2302=FACE_BOUND('',#2301,.T.);
#2303=ADVANCED_FACE('',(#2302),#2284,.T.);
#2304=CARTESIAN_POINT('',(17.55,2.,20.95));
#2305=DIRECTION('',(0.,0.,1.));
#2306=DIRECTION('',(1.,0.,0.));
#2307=AXIS2_PLACEMENT_3D('',#2304,#2305,#2306);
#2308=PLANE('',#2307);
#2309=ORIENTED_EDGE('',*,*,#1007,.T.);
#2310=ORIENTED_EDGE('',*,*,#989,.F.);
#2311=ORIENTED_EDGE('',*,*,#1553,.T.);
#2312=ORIENTED_EDGE('',*,*,#935,.T.);
#2313=ORIENTED_EDGE('',*,*,#903,.T.);
#2314=ORIENTED_EDGE('',*,*,#2299,.F.);
#2315=CARTESIAN_POINT('',(2.5,-0.300000095,20.95));
#2316=VERTEX_POINT('',#2315);
#2317=CARTESIAN_POINT('',(2.5,-0.300000095,20.95));
#2318=DIRECTION('',(1.,0.,-0.));
#2319=VECTOR('',#2318,5.400001069);
#2320=LINE('',#2317,#2319);
#2321=EDGE_CURVE('',#2316,#2288,#2320,.T.);
#2322=ORIENTED_EDGE('',*,*,#2321,.F.);
#2323=CARTESIAN_POINT('',(2.5,2.199999905,20.95));
#2324=DIRECTION('',(-0.,-0.,-1.));
#2325=DIRECTION('',(1.,0.,-0.));
#2326=AXIS2_PLACEMENT_3D('',#2323,#2324,#2325);
#2327=CIRCLE('',#2326,2.5);
#2328=EDGE_CURVE('',#2316,#1002,#2327,.T.);
#2329=ORIENTED_EDGE('',*,*,#2328,.T.);
#2330=EDGE_LOOP('',(#2309,#2310,#2311,#2312,#2313,#2314,#2322,#2329));
#2331=FACE_BOUND('',#2330,.T.);
#2332=ADVANCED_FACE('',(#2331),#2308,.F.);
#2333=CARTESIAN_POINT('',(2.5,2.199999905,11.2));
#2334=DIRECTION('',(0.,0.,-1.));
#2335=DIRECTION('',(-1.,0.,0.));
#2336=AXIS2_PLACEMENT_3D('',#2333,#2334,#2335);
#2337=CYLINDRICAL_SURFACE('',#2336,2.5);
#2338=CARTESIAN_POINT('',(2.5,-0.300000095,22.1));
#2339=DIRECTION('',(0.,0.,-1.));
#2340=VECTOR('',#2339,1.15);
#2341=LINE('',#2338,#2340);
#2342=EDGE_CURVE('',#1024,#2316,#2341,.T.);
#2343=ORIENTED_EDGE('',*,*,#2342,.F.);
#2344=ORIENTED_EDGE('',*,*,#1047,.T.);
#2345=ORIENTED_EDGE('',*,*,#1013,.F.);
#2346=ORIENTED_EDGE('',*,*,#2328,.F.);
#2347=EDGE_LOOP('',(#2343,#2344,#2345,#2346));
#2348=FACE_BOUND('',#2347,.T.);
#2349=ADVANCED_FACE('',(#2348),#2337,.T.);
#2350=CARTESIAN_POINT('',(1.4,-0.050000095,22.1));
#2351=DIRECTION('',(-1.,0.,0.));
#2352=DIRECTION('',(0.,0.,1.));
#2353=AXIS2_PLACEMENT_3D('',#2350,#2351,#2352);
#2354=CYLINDRICAL_SURFACE('',#2353,0.25);
#2355=CARTESIAN_POINT('',(11.9,-0.300000095,22.1));
#2356=VERTEX_POINT('',#2355);
#2357=CARTESIAN_POINT('',(11.9,-0.050000095,22.1));
#2358=DIRECTION('',(1.,-0.,-0.));
#2359=DIRECTION('',(0.,0.,1.));
#2360=AXIS2_PLACEMENT_3D('',#2357,#2358,#2359);
#2361=CIRCLE('',#2360,0.25);
#2362=EDGE_CURVE('',#1076,#2356,#2361,.T.);
#2363=ORIENTED_EDGE('',*,*,#2362,.F.);
#2364=ORIENTED_EDGE('',*,*,#1081,.F.);
#2365=ORIENTED_EDGE('',*,*,#1032,.F.);
#2366=CARTESIAN_POINT('',(11.9,-0.300000095,22.1));
#2367=DIRECTION('',(-1.,-0.,0.));
#2368=VECTOR('',#2367,9.4);
#2369=LINE('',#2366,#2368);
#2370=EDGE_CURVE('',#2356,#1024,#2369,.T.);
#2371=ORIENTED_EDGE('',*,*,#2370,.F.);
#2372=EDGE_LOOP('',(#2363,#2364,#2365,#2371));
#2373=FACE_BOUND('',#2372,.T.);
#2374=ADVANCED_FACE('',(#2373),#2354,.T.);
#2375=CARTESIAN_POINT('',(11.9,0.999999905,23.1));
#2376=DIRECTION('',(-1.,0.,0.));
#2377=DIRECTION('',(0.,0.,1.));
#2378=AXIS2_PLACEMENT_3D('',#2375,#2376,#2377);
#2379=PLANE('',#2378);
#2380=CARTESIAN_POINT('',(11.9,-0.300000095,23.1));
#2381=VERTEX_POINT('',#2380);
#2382=CARTESIAN_POINT('',(11.9,-0.300000095,23.1));
#2383=DIRECTION('',(0.,1.,0.));
#2384=VECTOR('',#2383,2.3);
#2385=LINE('',#2382,#2384);
#2386=EDGE_CURVE('',#2381,#1272,#2385,.T.);
#2387=ORIENTED_EDGE('',*,*,#2386,.T.);
#2388=ORIENTED_EDGE('',*,*,#1280,.T.);
#2389=CARTESIAN_POINT('',(11.9,2.499999953,22.6));
#2390=DIRECTION('',(-0.,-0.,-1.));
#2391=VECTOR('',#2390,0.75);
#2392=LINE('',#2389,#2391);
#2393=EDGE_CURVE('',#1274,#1305,#2392,.T.);
#2394=ORIENTED_EDGE('',*,*,#2393,.T.);
#2395=ORIENTED_EDGE('',*,*,#1311,.T.);
#2396=ORIENTED_EDGE('',*,*,#1089,.T.);
#2397=ORIENTED_EDGE('',*,*,#2362,.T.);
#2398=CARTESIAN_POINT('',(11.9,-0.300000095,23.1));
#2399=DIRECTION('',(0.,0.,-1.));
#2400=VECTOR('',#2399,1.);
#2401=LINE('',#2398,#2400);
#2402=EDGE_CURVE('',#2381,#2356,#2401,.T.);
#2403=ORIENTED_EDGE('',*,*,#2402,.F.);
#2404=EDGE_LOOP('',(#2387,#2388,#2394,#2395,#2396,#2397,#2403));
#2405=FACE_BOUND('',#2404,.T.);
#2406=ADVANCED_FACE('',(#2405),#2379,.T.);
#2407=CARTESIAN_POINT('',(1.4,4.,23.1));
#2408=DIRECTION('',(0.,0.,1.));
#2409=DIRECTION('',(1.,0.,0.));
#2410=AXIS2_PLACEMENT_3D('',#2407,#2408,#2409);
#2411=PLANE('',#2410);
#2412=CARTESIAN_POINT('',(23.900001069,-0.300000095,23.1));
#2413=VERTEX_POINT('',#2412);
#2414=CARTESIAN_POINT('',(23.900001069,1.999999905,23.1));
#2415=DIRECTION('',(-0.,-1.,-0.));
#2416=VECTOR('',#2415,2.3);
#2417=LINE('',#2414,#2416);
#2418=EDGE_CURVE('',#2070,#2413,#2417,.T.);
#2419=ORIENTED_EDGE('',*,*,#2418,.F.);
#2420=ORIENTED_EDGE('',*,*,#2075,.T.);
#2421=ORIENTED_EDGE('',*,*,#2105,.F.);
#2422=ORIENTED_EDGE('',*,*,#1121,.F.);
#2423=ORIENTED_EDGE('',*,*,#1251,.F.);
#2424=ORIENTED_EDGE('',*,*,#1286,.T.);
#2425=ORIENTED_EDGE('',*,*,#2386,.F.);
#2426=CARTESIAN_POINT('',(23.900001069,-0.300000095,23.1));
#2427=DIRECTION('',(-1.,0.,0.));
#2428=VECTOR('',#2427,12.000001069);
#2429=LINE('',#2426,#2428);
#2430=EDGE_CURVE('',#2413,#2381,#2429,.T.);
#2431=ORIENTED_EDGE('',*,*,#2430,.F.);
#2432=EDGE_LOOP('',(#2419,#2420,#2421,#2422,#2423,#2424,#2425,#2431));
#2433=FACE_BOUND('',#2432,.T.);
#2434=ADVANCED_FACE('',(#2433),#2411,.T.);
#2435=CARTESIAN_POINT('',(246.6,2.,11.2));
#2436=DIRECTION('',(0.,1.,0.));
#2437=DIRECTION('',(0.,0.,1.));
#2438=AXIS2_PLACEMENT_3D('',#2435,#2436,#2437);
#2439=PLANE('',#2438);
#2440=CARTESIAN_POINT('',(33.2,2.,9.9));
#2441=VERTEX_POINT('',#2440);
#2442=CARTESIAN_POINT('',(33.2,2.,9.9));
#2443=DIRECTION('',(-1.,0.,0.));
#2444=VECTOR('',#2443,9.5);
#2445=LINE('',#2442,#2444);
#2446=EDGE_CURVE('',#2441,#1985,#2445,.T.);
#2447=ORIENTED_EDGE('',*,*,#2446,.F.);
#2448=CARTESIAN_POINT('',(33.2,2.,20.95));
#2449=VERTEX_POINT('',#2448);
#2450=CARTESIAN_POINT('',(33.2,2.,9.9));
#2451=DIRECTION('',(0.,0.,1.));
#2452=VECTOR('',#2451,11.05);
#2453=LINE('',#2450,#2452);
#2454=EDGE_CURVE('',#2441,#2449,#2453,.T.);
#2455=ORIENTED_EDGE('',*,*,#2454,.T.);
#2456=CARTESIAN_POINT('',(25.9,2.,20.95));
#2457=VERTEX_POINT('',#2456);
#2458=CARTESIAN_POINT('',(33.2,2.,20.95));
#2459=DIRECTION('',(-1.,0.,0.));
#2460=VECTOR('',#2459,7.3);
#2461=LINE('',#2458,#2460);
#2462=EDGE_CURVE('',#2449,#2457,#2461,.T.);
#2463=ORIENTED_EDGE('',*,*,#2462,.T.);
#2464=CARTESIAN_POINT('',(25.9,2.,20.3));
#2465=DIRECTION('',(0.,0.,1.));
#2466=VECTOR('',#2465,0.65);
#2467=LINE('',#2464,#2466);
#2468=EDGE_CURVE('',#2186,#2457,#2467,.T.);
#2469=ORIENTED_EDGE('',*,*,#2468,.F.);
#2470=ORIENTED_EDGE('',*,*,#2194,.T.);
#2471=ORIENTED_EDGE('',*,*,#2249,.T.);
#2472=ORIENTED_EDGE('',*,*,#2122,.T.);
#2473=ORIENTED_EDGE('',*,*,#1167,.T.);
#2474=ORIENTED_EDGE('',*,*,#1996,.T.);
#2475=EDGE_LOOP('',(#2447,#2455,#2463,#2469,#2470,#2471,#2472,#2473,#2474));
#2476=FACE_BOUND('',#2475,.T.);
#2477=ADVANCED_FACE('',(#2476),#2439,.F.);
#2478=CARTESIAN_POINT('',(25.9,0.999999905,23.1));
#2479=DIRECTION('',(1.,0.,0.));
#2480=DIRECTION('',(0.,0.,-1.));
#2481=AXIS2_PLACEMENT_3D('',#2478,#2479,#2480);
#2482=PLANE('',#2481);
#2483=CARTESIAN_POINT('',(25.9,-0.300000095,20.95));
#2484=VERTEX_POINT('',#2483);
#2485=CARTESIAN_POINT('',(25.9,-0.300000095,20.95));
#2486=DIRECTION('',(0.,0.,-1.));
#2487=VECTOR('',#2486,0.65);
#2488=LINE('',#2485,#2487);
#2489=EDGE_CURVE('',#2484,#2197,#2488,.T.);
#2490=ORIENTED_EDGE('',*,*,#2489,.T.);
#2491=ORIENTED_EDGE('',*,*,#2202,.T.);
#2492=ORIENTED_EDGE('',*,*,#2468,.T.);
#2493=CARTESIAN_POINT('',(25.9,2.,20.95));
#2494=DIRECTION('',(-0.,-1.,-0.));
#2495=VECTOR('',#2494,2.300000095);
#2496=LINE('',#2493,#2495);
#2497=EDGE_CURVE('',#2457,#2484,#2496,.T.);
#2498=ORIENTED_EDGE('',*,*,#2497,.T.);
#2499=EDGE_LOOP('',(#2490,#2491,#2492,#2498));
#2500=FACE_BOUND('',#2499,.T.);
#2501=ADVANCED_FACE('',(#2500),#2482,.T.);
#2502=CARTESIAN_POINT('',(23.900001069,0.999999905,23.1));
#2503=DIRECTION('',(1.,0.,0.));
#2504=DIRECTION('',(0.,0.,-1.));
#2505=AXIS2_PLACEMENT_3D('',#2502,#2503,#2504);
#2506=PLANE('',#2505);
#2507=CARTESIAN_POINT('',(23.900001069,2.,22.35));
#2508=VERTEX_POINT('',#2507);
#2509=CARTESIAN_POINT('',(23.900001069,-0.050000095,22.35));
#2510=VERTEX_POINT('',#2509);
#2511=CARTESIAN_POINT('',(23.900001069,2.,22.35));
#2512=DIRECTION('',(0.,-1.,0.));
#2513=VECTOR('',#2512,2.050000095);
#2514=LINE('',#2511,#2513);
#2515=EDGE_CURVE('',#2508,#2510,#2514,.T.);
#2516=ORIENTED_EDGE('',*,*,#2515,.F.);
#2517=CARTESIAN_POINT('',(23.900001069,2.5,21.85));
#2518=VERTEX_POINT('',#2517);
#2519=CARTESIAN_POINT('',(23.900001069,2.,21.85));
#2520=DIRECTION('',(-1.,-0.,-0.));
#2521=DIRECTION('',(0.,0.,-1.));
#2522=AXIS2_PLACEMENT_3D('',#2519,#2520,#2521);
#2523=CIRCLE('',#2522,0.5);
#2524=EDGE_CURVE('',#2508,#2518,#2523,.T.);
#2525=ORIENTED_EDGE('',*,*,#2524,.T.);
#2526=CARTESIAN_POINT('',(23.900001069,2.5,22.6));
#2527=DIRECTION('',(0.,0.,-1.));
#2528=VECTOR('',#2527,0.75);
#2529=LINE('',#2526,#2528);
#2530=EDGE_CURVE('',#2078,#2518,#2529,.T.);
#2531=ORIENTED_EDGE('',*,*,#2530,.F.);
#2532=ORIENTED_EDGE('',*,*,#2084,.T.);
#2533=ORIENTED_EDGE('',*,*,#2418,.T.);
#2534=CARTESIAN_POINT('',(23.900001069,-0.300000142,22.1));
#2535=VERTEX_POINT('',#2534);
#2536=CARTESIAN_POINT('',(23.900001069,-0.300000095,23.1));
#2537=DIRECTION('',(0.,0.,-1.));
#2538=VECTOR('',#2537,1.);
#2539=LINE('',#2536,#2538);
#2540=EDGE_CURVE('',#2413,#2535,#2539,.T.);
#2541=ORIENTED_EDGE('',*,*,#2540,.T.);
#2542=CARTESIAN_POINT('',(23.900001069,-0.050000095,22.1));
#2543=DIRECTION('',(-1.,-0.,-0.));
#2544=DIRECTION('',(0.,0.,-1.));
#2545=AXIS2_PLACEMENT_3D('',#2542,#2543,#2544);
#2546=CIRCLE('',#2545,0.25);
#2547=EDGE_CURVE('',#2535,#2510,#2546,.T.);
#2548=ORIENTED_EDGE('',*,*,#2547,.T.);
#2549=EDGE_LOOP('',(#2516,#2525,#2531,#2532,#2533,#2541,#2548));
#2550=FACE_BOUND('',#2549,.T.);
#2551=ADVANCED_FACE('',(#2550),#2506,.T.);
#2552=CARTESIAN_POINT('',(24.2,15.25,10.525));
#2553=DIRECTION('',(1.,0.,0.));
#2554=DIRECTION('',(0.,1.,0.));
#2555=AXIS2_PLACEMENT_3D('',#2552,#2553,#2554);
#2556=PLANE('',#2555);
#2557=CARTESIAN_POINT('',(24.2,7.,10.45));
#2558=VERTEX_POINT('',#2557);
#2559=CARTESIAN_POINT('',(24.2,7.,11.55));
#2560=VERTEX_POINT('',#2559);
#2561=CARTESIAN_POINT('',(24.2,7.,10.45));
#2562=DIRECTION('',(0.,0.,1.));
#2563=VECTOR('',#2562,1.1);
#2564=LINE('',#2561,#2563);
#2565=EDGE_CURVE('',#2558,#2560,#2564,.T.);
#2566=ORIENTED_EDGE('',*,*,#2565,.T.);
#2567=CARTESIAN_POINT('',(24.2,3.,11.55));
#2568=DIRECTION('',(1.,0.,0.));
#2569=DIRECTION('',(0.,0.,-1.));
#2570=AXIS2_PLACEMENT_3D('',#2567,#2568,#2569);
#2571=CIRCLE('',#2570,4.);
#2572=EDGE_CURVE('',#2560,#2156,#2571,.T.);
#2573=ORIENTED_EDGE('',*,*,#2572,.T.);
#2574=ORIENTED_EDGE('',*,*,#2161,.F.);
#2575=CARTESIAN_POINT('',(24.2,2.5,11.2));
#2576=VERTEX_POINT('',#2575);
#2577=CARTESIAN_POINT('',(24.2,2.5,15.55));
#2578=DIRECTION('',(-0.,-0.,-1.));
#2579=VECTOR('',#2578,4.35);
#2580=LINE('',#2577,#2579);
#2581=EDGE_CURVE('',#2148,#2576,#2580,.T.);
#2582=ORIENTED_EDGE('',*,*,#2581,.T.);
#2583=CARTESIAN_POINT('',(24.2,4.,11.2));
#2584=VERTEX_POINT('',#2583);
#2585=CARTESIAN_POINT('',(24.2,2.5,11.2));
#2586=DIRECTION('',(0.,1.,0.));
#2587=VECTOR('',#2586,1.5);
#2588=LINE('',#2585,#2587);
#2589=EDGE_CURVE('',#2576,#2584,#2588,.T.);
#2590=ORIENTED_EDGE('',*,*,#2589,.T.);
#2591=CARTESIAN_POINT('',(24.2,4.,11.2));
#2592=DIRECTION('',(0.,0.9701425,-0.242535625));
#2593=VECTOR('',#2592,3.092329219);
#2594=LINE('',#2591,#2593);
#2595=EDGE_CURVE('',#2584,#2558,#2594,.T.);
#2596=ORIENTED_EDGE('',*,*,#2595,.T.);
#2597=EDGE_LOOP('',(#2566,#2573,#2574,#2582,#2590,#2596));
#2598=FACE_BOUND('',#2597,.T.);
#2599=ADVANCED_FACE('',(#2598),#2556,.T.);
#2600=CARTESIAN_POINT('',(1.4,3.,11.55));
#2601=DIRECTION('',(1.,0.,0.));
#2602=DIRECTION('',(-0.,1.,0.));
#2603=AXIS2_PLACEMENT_3D('',#2600,#2601,#2602);
#2604=CYLINDRICAL_SURFACE('',#2603,4.);
#2605=CARTESIAN_POINT('',(11.2,7.,11.55));
#2606=VERTEX_POINT('',#2605);
#2607=CARTESIAN_POINT('',(11.2,3.,11.55));
#2608=DIRECTION('',(-1.,-0.,-0.));
#2609=DIRECTION('',(0.,0.,-1.));
#2610=AXIS2_PLACEMENT_3D('',#2607,#2608,#2609);
#2611=CIRCLE('',#2610,4.);
#2612=EDGE_CURVE('',#2164,#2606,#2611,.T.);
#2613=ORIENTED_EDGE('',*,*,#2612,.F.);
#2614=ORIENTED_EDGE('',*,*,#2169,.F.);
#2615=ORIENTED_EDGE('',*,*,#2572,.F.);
#2616=CARTESIAN_POINT('',(11.2,7.,11.55));
#2617=DIRECTION('',(1.,-0.,-0.));
#2618=VECTOR('',#2617,13.);
#2619=LINE('',#2616,#2618);
#2620=EDGE_CURVE('',#2606,#2560,#2619,.T.);
#2621=ORIENTED_EDGE('',*,*,#2620,.F.);
#2622=EDGE_LOOP('',(#2613,#2614,#2615,#2621));
#2623=FACE_BOUND('',#2622,.T.);
#2624=ADVANCED_FACE('',(#2623),#2604,.T.);
#2625=CARTESIAN_POINT('',(33.2,1.87598164,19.229863512));
#2626=DIRECTION('',(-1.,0.,0.));
#2627=DIRECTION('',(0.,0.,1.));
#2628=AXIS2_PLACEMENT_3D('',#2625,#2626,#2627);
#2629=PLANE('',#2628);
#2630=CARTESIAN_POINT('',(33.2,1.5,20.95));
#2631=VERTEX_POINT('',#2630);
#2632=CARTESIAN_POINT('',(33.2,2.,20.95));
#2633=DIRECTION('',(0.,-1.,0.));
#2634=VECTOR('',#2633,0.5);
#2635=LINE('',#2632,#2634);
#2636=EDGE_CURVE('',#2449,#2631,#2635,.T.);
#2637=ORIENTED_EDGE('',*,*,#2636,.F.);
#2638=ORIENTED_EDGE('',*,*,#2454,.F.);
#2639=CARTESIAN_POINT('',(33.2,1.5,9.9));
#2640=VERTEX_POINT('',#2639);
#2641=CARTESIAN_POINT('',(33.2,2.,9.9));
#2642=DIRECTION('',(0.,-1.,0.));
#2643=VECTOR('',#2642,0.5);
#2644=LINE('',#2641,#2643);
#2645=EDGE_CURVE('',#2441,#2640,#2644,.T.);
#2646=ORIENTED_EDGE('',*,*,#2645,.T.);
#2647=CARTESIAN_POINT('',(33.2,1.5,9.9));
#2648=DIRECTION('',(0.,0.,1.));
#2649=VECTOR('',#2648,11.05);
#2650=LINE('',#2647,#2649);
#2651=EDGE_CURVE('',#2640,#2631,#2650,.T.);
#2652=ORIENTED_EDGE('',*,*,#2651,.T.);
#2653=EDGE_LOOP('',(#2637,#2638,#2646,#2652));
#2654=FACE_BOUND('',#2653,.T.);
#2655=ADVANCED_FACE('',(#2654),#2629,.T.);
#2656=CARTESIAN_POINT('',(118.75,20.7,21.65));
#2657=DIRECTION('',(1.,0.,0.));
#2658=DIRECTION('',(0.,0.,-1.));
#2659=AXIS2_PLACEMENT_3D('',#2656,#2657,#2658);
#2660=PLANE('',#2659);
#2661=ORIENTED_EDGE('',*,*,#1214,.F.);
#2662=CARTESIAN_POINT('',(118.75,1.5,15.95));
#2663=VERTEX_POINT('',#2662);
#2664=CARTESIAN_POINT('',(118.75,1.5,15.95));
#2665=DIRECTION('',(0.,1.,0.));
#2666=VECTOR('',#2665,0.4);
#2667=LINE('',#2664,#2666);
#2668=EDGE_CURVE('',#2663,#1201,#2667,.T.);
#2669=ORIENTED_EDGE('',*,*,#2668,.F.);
#2670=CARTESIAN_POINT('',(118.75,1.5,13.95));
#2671=VERTEX_POINT('',#2670);
#2672=CARTESIAN_POINT('',(118.75,1.5,15.95));
#2673=DIRECTION('',(0.,0.,-1.));
#2674=VECTOR('',#2673,2.);
#2675=LINE('',#2672,#2674);
#2676=EDGE_CURVE('',#2663,#2671,#2675,.T.);
#2677=ORIENTED_EDGE('',*,*,#2676,.T.);
#2678=CARTESIAN_POINT('',(118.75,1.9,13.95));
#2679=DIRECTION('',(-0.,-1.,-0.));
#2680=VECTOR('',#2679,0.4);
#2681=LINE('',#2678,#2680);
#2682=EDGE_CURVE('',#1209,#2671,#2681,.T.);
#2683=ORIENTED_EDGE('',*,*,#2682,.F.);
#2684=EDGE_LOOP('',(#2661,#2669,#2677,#2683));
#2685=FACE_BOUND('',#2684,.T.);
#2686=ADVANCED_FACE('',(#2685),#2660,.T.);
#2687=CARTESIAN_POINT('',(208.25,1.7,13.95));
#2688=DIRECTION('',(0.,0.,1.));
#2689=DIRECTION('',(1.,0.,0.));
#2690=AXIS2_PLACEMENT_3D('',#2687,#2688,#2689);
#2691=PLANE('',#2690);
#2692=ORIENTED_EDGE('',*,*,#1220,.F.);
#2693=ORIENTED_EDGE('',*,*,#2682,.T.);
#2694=CARTESIAN_POINT('',(131.75,1.5,13.95));
#2695=VERTEX_POINT('',#2694);
#2696=CARTESIAN_POINT('',(118.75,1.5,13.95));
#2697=DIRECTION('',(1.,0.,-0.));
#2698=VECTOR('',#2697,13.);
#2699=LINE('',#2696,#2698);
#2700=EDGE_CURVE('',#2671,#2695,#2699,.T.);
#2701=ORIENTED_EDGE('',*,*,#2700,.T.);
#2702=CARTESIAN_POINT('',(131.75,1.9,13.95));
#2703=DIRECTION('',(-0.,-1.,-0.));
#2704=VECTOR('',#2703,0.4);
#2705=LINE('',#2702,#2704);
#2706=EDGE_CURVE('',#1193,#2695,#2705,.T.);
#2707=ORIENTED_EDGE('',*,*,#2706,.F.);
#2708=EDGE_LOOP('',(#2692,#2693,#2701,#2707));
#2709=FACE_BOUND('',#2708,.T.);
#2710=ADVANCED_FACE('',(#2709),#2691,.T.);
#2711=CARTESIAN_POINT('',(131.75,20.7,21.65));
#2712=DIRECTION('',(1.,0.,0.));
#2713=DIRECTION('',(0.,0.,-1.));
#2714=AXIS2_PLACEMENT_3D('',#2711,#2712,#2713);
#2715=PLANE('',#2714);
#2716=CARTESIAN_POINT('',(131.75,1.5,15.95));
#2717=VERTEX_POINT('',#2716);
#2718=CARTESIAN_POINT('',(131.75,1.5,15.95));
#2719=DIRECTION('',(-0.,-0.,-1.));
#2720=VECTOR('',#2719,2.);
#2721=LINE('',#2718,#2720);
#2722=EDGE_CURVE('',#2717,#2695,#2721,.T.);
#2723=ORIENTED_EDGE('',*,*,#2722,.F.);
#2724=CARTESIAN_POINT('',(131.75,1.5,15.95));
#2725=DIRECTION('',(0.,1.,0.));
#2726=VECTOR('',#2725,0.4);
#2727=LINE('',#2724,#2726);
#2728=EDGE_CURVE('',#2717,#1191,#2727,.T.);
#2729=ORIENTED_EDGE('',*,*,#2728,.T.);
#2730=ORIENTED_EDGE('',*,*,#1198,.T.);
#2731=ORIENTED_EDGE('',*,*,#2706,.T.);
#2732=EDGE_LOOP('',(#2723,#2729,#2730,#2731));
#2733=FACE_BOUND('',#2732,.T.);
#2734=ADVANCED_FACE('',(#2733),#2715,.F.);
#2735=CARTESIAN_POINT('',(208.25,1.7,15.95));
#2736=DIRECTION('',(0.,0.,-1.));
#2737=DIRECTION('',(-1.,0.,0.));
#2738=AXIS2_PLACEMENT_3D('',#2735,#2736,#2737);
#2739=PLANE('',#2738);
#2740=ORIENTED_EDGE('',*,*,#1206,.F.);
#2741=ORIENTED_EDGE('',*,*,#2728,.F.);
#2742=CARTESIAN_POINT('',(131.75,1.5,15.95));
#2743=DIRECTION('',(-1.,0.,0.));
#2744=VECTOR('',#2743,13.);
#2745=LINE('',#2742,#2744);
#2746=EDGE_CURVE('',#2717,#2663,#2745,.T.);
#2747=ORIENTED_EDGE('',*,*,#2746,.T.);
#2748=ORIENTED_EDGE('',*,*,#2668,.T.);
#2749=EDGE_LOOP('',(#2740,#2741,#2747,#2748));
#2750=FACE_BOUND('',#2749,.T.);
#2751=ADVANCED_FACE('',(#2750),#2739,.T.);
#2752=CARTESIAN_POINT('',(13.7,12.5,10.45));
#2753=DIRECTION('',(-1.,0.,0.));
#2754=DIRECTION('',(0.,-1.,0.));
#2755=AXIS2_PLACEMENT_3D('',#2752,#2753,#2754);
#2756=PLANE('',#2755);
#2757=CARTESIAN_POINT('',(13.7,7.,10.45));
#2758=VERTEX_POINT('',#2757);
#2759=CARTESIAN_POINT('',(13.699991099,147.000000001,10.44996437));
#2760=VERTEX_POINT('',#2759);
#2761=CARTESIAN_POINT('',(13.7,7.,10.45));
#2762=DIRECTION('',(0.,1.,0.));
#2763=VECTOR('',#2762,140.);
#2764=LINE('',#2761,#2763);
#2765=EDGE_CURVE('',#2758,#2760,#2764,.T.);
#2766=ORIENTED_EDGE('',*,*,#2765,.F.);
#2767=CARTESIAN_POINT('',(13.7,7.,9.9));
#2768=VERTEX_POINT('',#2767);
#2769=CARTESIAN_POINT('',(13.7,7.,10.45));
#2770=DIRECTION('',(-0.,-0.,-1.));
#2771=VECTOR('',#2770,0.55);
#2772=LINE('',#2769,#2771);
#2773=EDGE_CURVE('',#2758,#2768,#2772,.T.);
#2774=ORIENTED_EDGE('',*,*,#2773,.T.);
#2775=CARTESIAN_POINT('',(13.7,167.,9.9));
#2776=VERTEX_POINT('',#2775);
#2777=CARTESIAN_POINT('',(13.7,7.,9.9));
#2778=DIRECTION('',(-0.,1.,-0.));
#2779=VECTOR('',#2778,160.);
#2780=LINE('',#2777,#2779);
#2781=EDGE_CURVE('',#2768,#2776,#2780,.T.);
#2782=ORIENTED_EDGE('',*,*,#2781,.T.);
#2783=CARTESIAN_POINT('',(13.700120687,166.999732118,10.45430473));
#2784=VERTEX_POINT('',#2783);
#2785=CARTESIAN_POINT('',(13.7,167.,9.9));
#2786=DIRECTION('',(0.,0.,1.));
#2787=VECTOR('',#2786,0.55);
#2788=LINE('',#2785,#2787);
#2789=EDGE_CURVE('',#2776,#2784,#2788,.T.);
#2790=ORIENTED_EDGE('',*,*,#2789,.T.);
#2791=CARTESIAN_POINT('',(13.700000002,147.000000326,10.449924292));
#2792=CARTESIAN_POINT('',(13.700000002,150.333275425,10.450063148));
#2793=CARTESIAN_POINT('',(13.7,153.666550529,10.449981321));
#2794=CARTESIAN_POINT('',(13.7,156.999825628,10.450101629));
#2795=CARTESIAN_POINT('',(13.7,158.666463178,10.450161783));
#2796=CARTESIAN_POINT('',(13.7,160.333101062,10.449157564));
#2797=CARTESIAN_POINT('',(13.7,161.999738169,10.449990456));
#2798=CARTESIAN_POINT('',(13.7,162.416397445,10.450198679));
#2799=CARTESIAN_POINT('',(13.7,162.833056604,10.450688249));
#2800=CARTESIAN_POINT('',(13.7,163.249715678,10.451443371));
#2801=CARTESIAN_POINT('',(13.7,163.666374751,10.452198493));
#2802=CARTESIAN_POINT('',(13.7,164.083034211,10.453216549));
#2803=CARTESIAN_POINT('',(13.7,164.499690724,10.452232292));
#2804=CARTESIAN_POINT('',(13.7,164.916347237,10.451248035));
#2805=CARTESIAN_POINT('',(13.7,165.332999407,10.447256559));
#2806=CARTESIAN_POINT('',(13.7,165.749657516,10.44263272));
#2807=CARTESIAN_POINT('',(13.7,166.166315626,10.438008882));
#2808=CARTESIAN_POINT('',(13.7,166.582977586,10.432700781));
#2809=CARTESIAN_POINT('',(13.7,166.999463839,10.458616205));
#2810=B_SPLINE_CURVE_WITH_KNOTS('',3,(#2791,#2792,#2793,#2794,#2795,#2796,#2797,#2798,#2799,#2800,#2801,#2802,#2803,#2804,#2805,#2806,#2807,#2808,#2809),.UNSPECIFIED.,.F.,.F.,(4,3,3,3,3,3,4),(-0.018194474,-0.008195462,-0.003195956,-0.00194608,-0.000696204,0.000553673,0.001803549),.UNSPECIFIED.);
#2811=EDGE_CURVE('',#2760,#2784,#2810,.T.);
#2812=ORIENTED_EDGE('',*,*,#2811,.F.);
#2813=EDGE_LOOP('',(#2766,#2774,#2782,#2790,#2812));
#2814=FACE_BOUND('',#2813,.T.);
#2815=ADVANCED_FACE('',(#2814),#2756,.F.);
#2816=CARTESIAN_POINT('',(29.8,79.820896402,15.904376336));
#2817=DIRECTION('',(-1.,0.,0.));
#2818=DIRECTION('',(0.,0.,1.));
#2819=AXIS2_PLACEMENT_3D('',#2816,#2817,#2818);
#2820=PLANE('',#2819);
#2821=CARTESIAN_POINT('',(29.8,169.954014926,11.187985735));
#2822=VERTEX_POINT('',#2821);
#2823=CARTESIAN_POINT('',(29.8,167.,10.447184258));
#2824=VERTEX_POINT('',#2823);
#2825=CARTESIAN_POINT('',(29.8,169.954014926,11.187985735));
#2826=CARTESIAN_POINT('',(29.8,168.972401002,10.928152166));
#2827=CARTESIAN_POINT('',(29.8,167.988335425,10.678661505));
#2828=CARTESIAN_POINT('',(29.8,167.,10.447184258));
#2829=B_SPLINE_CURVE_WITH_KNOTS('',3,(#2825,#2826,#2827,#2828),.UNSPECIFIED.,.F.,.F.,(4,4),(0.00028317,0.003328401),.UNSPECIFIED.);
#2830=EDGE_CURVE('',#2822,#2824,#2829,.T.);
#2831=ORIENTED_EDGE('',*,*,#2830,.F.);
#2832=CARTESIAN_POINT('',(29.8,167.,10.450287372));
#2833=VERTEX_POINT('',#2832);
#2834=CARTESIAN_POINT('',(29.8,169.954014926,11.187985735));
#2835=CARTESIAN_POINT('',(29.8,168.971664277,10.932704938));
#2836=CARTESIAN_POINT('',(29.8,167.987317424,10.684611572));
#2837=CARTESIAN_POINT('',(29.8,167.,10.450287372));
#2838=B_SPLINE_CURVE_WITH_KNOTS('',3,(#2834,#2835,#2836,#2837),.UNSPECIFIED.,.F.,.F.,(4,4),(0.025044442,0.028089379),.UNSPECIFIED.);
#2839=EDGE_CURVE('',#2822,#2833,#2838,.T.);
#2840=ORIENTED_EDGE('',*,*,#2839,.T.);
#2841=CARTESIAN_POINT('',(29.8,167.,10.447184258));
#2842=DIRECTION('',(0.,0.,1.));
#2843=VECTOR('',#2842,0.003103114);
#2844=LINE('',#2841,#2843);
#2845=EDGE_CURVE('',#2824,#2833,#2844,.T.);
#2846=ORIENTED_EDGE('',*,*,#2845,.F.);
#2847=EDGE_LOOP('',(#2831,#2840,#2846));
#2848=FACE_BOUND('',#2847,.T.);
#2849=ADVANCED_FACE('',(#2848),#2820,.F.);
#2850=CARTESIAN_POINT('',(10.599743441,146.946989296,11.225230992));
#2851=CARTESIAN_POINT('',(10.586571628,148.878456438,11.228588721));
#2852=CARTESIAN_POINT('',(10.57699598,151.781625132,11.231849868));
#2853=CARTESIAN_POINT('',(10.565464629,155.649998551,11.236199018));
#2854=CARTESIAN_POINT('',(10.57108501,158.078153462,11.236278954));
#2855=CARTESIAN_POINT('',(10.591907853,160.033413711,11.232357251));
#2856=CARTESIAN_POINT('',(10.610219734,161.502382783,11.228825224));
#2857=CARTESIAN_POINT('',(10.622431823,162.724367054,11.227250368));
#2858=CARTESIAN_POINT('',(10.627951642,163.698200227,11.229188066));
#2859=CARTESIAN_POINT('',(10.629228429,164.426284619,11.232372336));
#2860=CARTESIAN_POINT('',(10.627523215,165.030997683,11.235746025));
#2861=CARTESIAN_POINT('',(10.624915021,165.45319566,11.238515826));
#2862=CARTESIAN_POINT('',(10.62304816,165.694128899,11.240306659));
#2863=CARTESIAN_POINT('',(10.62094089,165.934844609,11.242277477));
#2864=CARTESIAN_POINT('',(10.618487733,166.17523459,11.244561185));
#2865=CARTESIAN_POINT('',(10.615701209,166.415330572,11.246993312));
#2866=CARTESIAN_POINT('',(10.612687982,166.655256419,11.2493438));
#2867=CARTESIAN_POINT('',(10.608474034,166.954910109,11.251646977));
#2868=CARTESIAN_POINT('',(10.602543005,167.31426091,11.251963731));
#2869=CARTESIAN_POINT('',(10.595471008,167.673227947,11.250490432));
#2870=CARTESIAN_POINT('',(10.584064368,168.151075856,11.247142124));
#2871=CARTESIAN_POINT('',(10.565194316,168.74673134,11.239647369));
#2872=CARTESIAN_POINT('',(10.53374979,169.458450008,11.222683075));
#2873=CARTESIAN_POINT('',(10.508541306,169.930033515,11.214651252));
#2874=CARTESIAN_POINT('',(10.495336803,170.164972299,11.213733599));
#2875=CARTESIAN_POINT('',(10.495027995,170.170466704,11.213712138));
#2876=CARTESIAN_POINT('',(10.494719187,170.175961109,11.213690678));
#2877=CARTESIAN_POINT('',(10.49441038,170.181455514,11.213669217));
#2878=CARTESIAN_POINT('',(10.624289271,146.947386019,11.219092418));
#2879=CARTESIAN_POINT('',(10.611117399,148.878854226,11.222366827));
#2880=CARTESIAN_POINT('',(10.60140761,151.782022815,11.225524619));
#2881=CARTESIAN_POINT('',(10.589776683,155.650344264,11.229630395));
#2882=CARTESIAN_POINT('',(10.595308106,158.078479607,11.229454466));
#2883=CARTESIAN_POINT('',(10.615975449,160.033743775,11.22514578));
#2884=CARTESIAN_POINT('',(10.634137293,161.50273775,11.221128263));
#2885=CARTESIAN_POINT('',(10.646218093,162.724778113,11.218833989));
#2886=CARTESIAN_POINT('',(10.651631508,163.698706418,11.219757682));
#2887=CARTESIAN_POINT('',(10.65282932,164.426895182,11.221872824));
#2888=CARTESIAN_POINT('',(10.651058818,165.031719468,11.224071574));
#2889=CARTESIAN_POINT('',(10.648405293,165.453995259,11.225928411));
#2890=CARTESIAN_POINT('',(10.646512813,165.694969066,11.22719646));
#2891=CARTESIAN_POINT('',(10.644380227,165.935720993,11.228655821));
#2892=CARTESIAN_POINT('',(10.641902453,166.176137448,11.23046811));
#2893=CARTESIAN_POINT('',(10.639092951,166.416241476,11.23253503));
#2894=CARTESIAN_POINT('',(10.636058299,166.656159425,11.234619842));
#2895=CARTESIAN_POINT('',(10.631821511,166.955765993,11.236835891));
#2896=CARTESIAN_POINT('',(10.625873618,167.314982363,11.237591927));
#2897=CARTESIAN_POINT('',(10.618800493,167.673744402,11.23707216));
#2898=CARTESIAN_POINT('',(10.607420739,168.151250871,11.235524875));
#2899=CARTESIAN_POINT('',(10.588650897,168.74639419,11.231023724));
#2900=CARTESIAN_POINT('',(10.557448292,169.457450334,11.218317636));
#2901=CARTESIAN_POINT('',(10.532444588,169.928601846,11.213223641));
#2902=CARTESIAN_POINT('',(10.519343121,170.163331919,11.213737447));
#2903=CARTESIAN_POINT('',(10.519036723,170.168821443,11.213749464));
#2904=CARTESIAN_POINT('',(10.518730325,170.174310967,11.21376148));
#2905=CARTESIAN_POINT('',(10.518423927,170.179800491,11.213773496));
#2906=CARTESIAN_POINT('',(10.6488351,146.947782743,11.212953845));
#2907=CARTESIAN_POINT('',(10.635663169,148.879252014,11.216144934));
#2908=CARTESIAN_POINT('',(10.625819239,151.782420497,11.219199369));
#2909=CARTESIAN_POINT('',(10.614088737,155.650689976,11.223061773));
#2910=CARTESIAN_POINT('',(10.619531203,158.078805751,11.222629977));
#2911=CARTESIAN_POINT('',(10.640043045,160.034073839,11.217934308));
#2912=CARTESIAN_POINT('',(10.658054853,161.503092718,11.213431301));
#2913=CARTESIAN_POINT('',(10.670004363,162.725189172,11.21041761));
#2914=CARTESIAN_POINT('',(10.675311375,163.69921261,11.210327298));
#2915=CARTESIAN_POINT('',(10.676430212,164.427505746,11.211373312));
#2916=CARTESIAN_POINT('',(10.67459442,165.032441254,11.212397122));
#2917=CARTESIAN_POINT('',(10.671895564,165.454794858,11.213340997));
#2918=CARTESIAN_POINT('',(10.669977466,165.695809232,11.21408626));
#2919=CARTESIAN_POINT('',(10.667819564,165.936597377,11.215034166));
#2920=CARTESIAN_POINT('',(10.665317173,166.177040305,11.216375034));
#2921=CARTESIAN_POINT('',(10.662484692,166.417152379,11.218076748));
#2922=CARTESIAN_POINT('',(10.659428615,166.657062432,11.219895885));
#2923=CARTESIAN_POINT('',(10.655168989,166.956621877,11.222024805));
#2924=CARTESIAN_POINT('',(10.649204231,167.315703817,11.223220123));
#2925=CARTESIAN_POINT('',(10.642129978,167.674260857,11.223653888));
#2926=CARTESIAN_POINT('',(10.63077711,168.151425885,11.223907626));
#2927=CARTESIAN_POINT('',(10.612107479,168.74605704,11.22240008));
#2928=CARTESIAN_POINT('',(10.581146793,169.456450659,11.213952196));
#2929=CARTESIAN_POINT('',(10.556347869,169.927170177,11.211796029));
#2930=CARTESIAN_POINT('',(10.54334944,170.161691539,11.213741296));
#2931=CARTESIAN_POINT('',(10.543045451,170.167176182,11.213786789));
#2932=CARTESIAN_POINT('',(10.542741463,170.172660825,11.213832282));
#2933=CARTESIAN_POINT('',(10.542437475,170.178145468,11.213877775));
#2934=CARTESIAN_POINT('',(10.67338093,146.948179466,11.206815271));
#2935=CARTESIAN_POINT('',(10.66020894,148.879649802,11.20992304));
#2936=CARTESIAN_POINT('',(10.650230869,151.78281818,11.21287412));
#2937=CARTESIAN_POINT('',(10.638400791,155.651035688,11.21649315));
#2938=CARTESIAN_POINT('',(10.643754299,158.079131896,11.215805489));
#2939=CARTESIAN_POINT('',(10.664110641,160.034403903,11.210722837));
#2940=CARTESIAN_POINT('',(10.681972412,161.503447685,11.20573434));
#2941=CARTESIAN_POINT('',(10.693790633,162.725600231,11.202001231));
#2942=CARTESIAN_POINT('',(10.698991241,163.699718801,11.200896914));
#2943=CARTESIAN_POINT('',(10.700031103,164.42811631,11.2008738));
#2944=CARTESIAN_POINT('',(10.698130023,165.03316304,11.200722671));
#2945=CARTESIAN_POINT('',(10.695385835,165.455594457,11.200753583));
#2946=CARTESIAN_POINT('',(10.693442119,165.696649399,11.200976061));
#2947=CARTESIAN_POINT('',(10.691258901,165.937473761,11.20141251));
#2948=CARTESIAN_POINT('',(10.688731893,166.177943163,11.202281959));
#2949=CARTESIAN_POINT('',(10.685876433,166.418063283,11.203618466));
#2950=CARTESIAN_POINT('',(10.682798932,166.657965438,11.205171927));
#2951=CARTESIAN_POINT('',(10.678516467,166.957477761,11.207213719));
#2952=CARTESIAN_POINT('',(10.672534844,167.31642527,11.208848319));
#2953=CARTESIAN_POINT('',(10.665459463,167.674777312,11.210235616));
#2954=CARTESIAN_POINT('',(10.654133481,168.1516009,11.212290377));
#2955=CARTESIAN_POINT('',(10.635564061,168.74571989,11.213776435));
#2956=CARTESIAN_POINT('',(10.604845294,169.455450985,11.209586757));
#2957=CARTESIAN_POINT('',(10.580251151,169.925738508,11.210368417));
#2958=CARTESIAN_POINT('',(10.567355758,170.160051159,11.213745144));
#2959=CARTESIAN_POINT('',(10.567054179,170.165530921,11.213824114));
#2960=CARTESIAN_POINT('',(10.566752601,170.171010683,11.213903084));
#2961=CARTESIAN_POINT('',(10.566451022,170.176490445,11.213982054));
#2962=CARTESIAN_POINT('',(11.782693786,146.966108794,10.929391422));
#2963=CARTESIAN_POINT('',(11.769519131,148.897627253,10.92873366));
#2964=CARTESIAN_POINT('',(11.753478756,151.80079087,10.927013725));
#2965=CARTESIAN_POINT('',(11.737148495,155.666659644,10.919633856));
#2966=CARTESIAN_POINT('',(11.738481702,158.093871524,10.90738272));
#2967=CARTESIAN_POINT('',(11.751810434,160.04932066,10.884810939));
#2968=CARTESIAN_POINT('',(11.76289151,161.519489912,10.857881427));
#2969=CARTESIAN_POINT('',(11.768776301,162.744177439,10.821635302));
#2970=CARTESIAN_POINT('',(11.769168151,163.722595377,10.774704512));
#2971=CARTESIAN_POINT('',(11.766638862,164.455709847,10.726363723));
#2972=CARTESIAN_POINT('',(11.761787145,165.065783091,10.673112926));
#2973=CARTESIAN_POINT('',(11.756994271,165.49173117,10.631883817));
#2974=CARTESIAN_POINT('',(11.753892782,165.734619497,10.608479782));
#2975=CARTESIAN_POINT('',(11.750565448,165.977080654,10.585801719));
#2976=CARTESIAN_POINT('',(11.746925908,166.218746494,10.565366038));
#2977=CARTESIAN_POINT('',(11.74303195,166.459230239,10.550197559));
#2978=CARTESIAN_POINT('',(11.738986203,166.698775492,10.539744205));
#2979=CARTESIAN_POINT('',(11.733671564,166.996158181,10.537848359));
#2980=CARTESIAN_POINT('',(11.726927755,167.349030303,10.559335665));
#2981=CARTESIAN_POINT('',(11.719801402,167.698117734,10.603816447));
#2982=CARTESIAN_POINT('',(11.709690499,168.159510426,10.687265809));
#2983=CARTESIAN_POINT('',(11.695649956,168.730482892,10.824043435));
#2984=CARTESIAN_POINT('',(11.675864381,169.410272166,11.012297114));
#2985=CARTESIAN_POINT('',(11.660524986,169.861036325,11.145849591));
#2986=CARTESIAN_POINT('',(11.652286195,170.08591658,11.213919061));
#2987=CARTESIAN_POINT('',(11.652093518,170.091175751,11.21551097));
#2988=CARTESIAN_POINT('',(11.651900841,170.096434922,11.21710288));
#2989=CARTESIAN_POINT('',(11.651708165,170.101694093,11.218694789));
#2990=CARTESIAN_POINT('',(14.001528781,147.004164354,10.373859741));
#2991=CARTESIAN_POINT('',(13.988618922,148.934443361,10.371827154));
#2992=CARTESIAN_POINT('',(13.962663679,151.837412262,10.370816779));
#2993=CARTESIAN_POINT('',(13.940313973,155.697400229,10.364308065));
#2994=CARTESIAN_POINT('',(13.933643719,158.118951404,10.355970506));
#2995=CARTESIAN_POINT('',(13.936580448,160.069063675,10.346988893));
#2996=CARTESIAN_POINT('',(13.936735033,161.53304598,10.341457532));
#2997=CARTESIAN_POINT('',(13.932968651,162.749010193,10.344502494));
#2998=CARTESIAN_POINT('',(13.926573978,163.716082086,10.358119465));
#2999=CARTESIAN_POINT('',(13.918787426,164.43773144,10.373296519));
#3000=CARTESIAN_POINT('',(13.908600756,165.035338781,10.385989126));
#3001=CARTESIAN_POINT('',(13.89945964,165.451268791,10.391601139));
#3002=CARTESIAN_POINT('',(13.893768555,165.688214959,10.393734313));
#3003=CARTESIAN_POINT('',(13.887827423,165.924666272,10.395254528));
#3004=CARTESIAN_POINT('',(13.88163428,166.160367333,10.396227367));
#3005=CARTESIAN_POINT('',(13.875536025,166.395323056,10.398236983));
#3006=CARTESIAN_POINT('',(13.869641746,166.629793414,10.401683953));
#3007=CARTESIAN_POINT('',(13.862928546,166.922007753,10.410175979));
#3008=CARTESIAN_POINT('',(13.856674177,167.271411657,10.431387038));
#3009=CARTESIAN_POINT('',(13.85257097,167.619473294,10.467462043));
#3010=CARTESIAN_POINT('',(13.84996871,168.081406222,10.539502971));
#3011=CARTESIAN_POINT('',(13.851626965,168.654325796,10.677825488));
#3012=CARTESIAN_POINT('',(13.859173444,169.334807053,10.914012658));
#3013=CARTESIAN_POINT('',(13.866541312,169.784629766,11.1074612));
#3014=CARTESIAN_POINT('',(13.870673447,170.008697173,11.21181417));
#3015=CARTESIAN_POINT('',(13.870770083,170.013937334,11.214254625));
#3016=CARTESIAN_POINT('',(13.87086672,170.019177495,11.21669508));
#3017=CARTESIAN_POINT('',(13.870963356,170.024417656,11.219135534));
#3018=CARTESIAN_POINT('',(18.441764547,147.091030531,9.268226627));
#3019=CARTESIAN_POINT('',(18.428121953,149.017944313,9.318634676));
#3020=CARTESIAN_POINT('',(18.40735191,151.907146126,9.387494604));
#3021=CARTESIAN_POINT('',(18.384161357,155.760980563,9.497893609));
#3022=CARTESIAN_POINT('',(18.375141329,158.170943109,9.595976503));
#3023=CARTESIAN_POINT('',(18.367965673,160.094589748,9.70870543));
#3024=CARTESIAN_POINT('',(18.363210624,161.533731628,9.813967828));
#3025=CARTESIAN_POINT('',(18.359016538,162.72836516,9.918808733));
#3026=CARTESIAN_POINT('',(18.355356915,163.680508583,10.010543515));
#3027=CARTESIAN_POINT('',(18.353039524,164.392704789,10.083883455));
#3028=CARTESIAN_POINT('',(18.352202248,164.984540292,10.151851707));
#3029=CARTESIAN_POINT('',(18.352486359,165.397926275,10.206316075));
#3030=CARTESIAN_POINT('',(18.352905944,165.633876931,10.239907887));
#3031=CARTESIAN_POINT('',(18.353490785,165.869640599,10.275278706));
#3032=CARTESIAN_POINT('',(18.354302314,166.105110184,10.313449238));
#3033=CARTESIAN_POINT('',(18.355255091,166.340249246,10.354370418));
#3034=CARTESIAN_POINT('',(18.356261926,166.575151794,10.397023819));
#3035=CARTESIAN_POINT('',(18.357541173,166.868300755,10.453360251));
#3036=CARTESIAN_POINT('',(18.358891399,167.219196991,10.525187836));
#3037=CARTESIAN_POINT('',(18.360001438,167.569236347,10.600534586));
#3038=CARTESIAN_POINT('',(18.361256692,168.03502255,10.704526988));
#3039=CARTESIAN_POINT('',(18.362695933,168.615878456,10.839881438));
#3040=CARTESIAN_POINT('',(18.365088643,169.31128908,11.011447245));
#3041=CARTESIAN_POINT('',(18.367448336,169.773846816,11.133799828));
#3042=CARTESIAN_POINT('',(18.368837064,170.004858599,11.197175866));
#3043=CARTESIAN_POINT('',(18.368869542,170.010261165,11.198658012));
#3044=CARTESIAN_POINT('',(18.368902019,170.015663731,11.200140158));
#3045=CARTESIAN_POINT('',(18.368934497,170.021066297,11.201622305));
#3046=CARTESIAN_POINT('',(23.688177035,147.196901602,8.191258317));
#3047=CARTESIAN_POINT('',(23.681395211,149.116027968,8.325729842));
#3048=CARTESIAN_POINT('',(23.671308638,151.995406806,8.529920284));
#3049=CARTESIAN_POINT('',(23.664852308,155.83218411,8.847535781));
#3050=CARTESIAN_POINT('',(23.664460532,158.226981581,9.079721407));
#3051=CARTESIAN_POINT('',(23.667746295,160.139567914,9.294823264));
#3052=CARTESIAN_POINT('',(23.671644844,161.571612526,9.473878577));
#3053=CARTESIAN_POINT('',(23.67627901,162.762332811,9.642472736));
#3054=CARTESIAN_POINT('',(23.680873876,163.712784326,9.793792086));
#3055=CARTESIAN_POINT('',(23.684544339,164.424404309,9.916528252));
#3056=CARTESIAN_POINT('',(23.687508179,165.016269426,10.026483767));
#3057=CARTESIAN_POINT('',(23.689418925,165.429905717,10.106810827));
#3058=CARTESIAN_POINT('',(23.690460507,165.666074301,10.153556728));
#3059=CARTESIAN_POINT('',(23.691470975,165.902113061,10.200839384));
#3060=CARTESIAN_POINT('',(23.692443045,166.137958986,10.248912481));
#3061=CARTESIAN_POINT('',(23.693410444,166.373620891,10.297863954));
#3062=CARTESIAN_POINT('',(23.694390649,166.609165129,10.347461669));
#3063=CARTESIAN_POINT('',(23.695671989,166.90338696,10.410795571));
#3064=CARTESIAN_POINT('',(23.697386131,167.256161556,10.489267412));
#3065=CARTESIAN_POINT('',(23.699298657,167.608635245,10.570540147));
#3066=CARTESIAN_POINT('',(23.70207586,168.078133264,10.683051906));
#3067=CARTESIAN_POINT('',(23.705860506,168.664041897,10.831695232));
#3068=CARTESIAN_POINT('',(23.710570039,169.365620099,11.021247283));
#3069=CARTESIAN_POINT('',(23.713700509,169.832490291,11.153337862));
#3070=CARTESIAN_POINT('',(23.715256835,170.065734779,11.220614255));
#3071=CARTESIAN_POINT('',(23.715293232,170.07118956,11.222187617));
#3072=CARTESIAN_POINT('',(23.715329629,170.076644342,11.223760979));
#3073=CARTESIAN_POINT('',(23.715366027,170.082099123,11.225334341));
#3074=CARTESIAN_POINT('',(27.847473,147.267729601,7.607539668));
#3075=CARTESIAN_POINT('',(27.844316225,149.181137403,7.802739678));
#3076=CARTESIAN_POINT('',(27.84012317,152.051397536,8.099139919));
#3077=CARTESIAN_POINT('',(27.840753311,155.875133093,8.54401599));
#3078=CARTESIAN_POINT('',(27.844534267,158.261746223,8.856721592));
#3079=CARTESIAN_POINT('',(27.850009638,160.167668224,9.136672267));
#3080=CARTESIAN_POINT('',(27.855193396,161.594901636,9.364082348));
#3081=CARTESIAN_POINT('',(27.860351719,162.781958711,9.570740557));
#3082=CARTESIAN_POINT('',(27.864891227,163.729906715,9.748285421));
#3083=CARTESIAN_POINT('',(27.868415939,164.439938079,9.887934893));
#3084=CARTESIAN_POINT('',(27.871354538,165.030792483,10.009774462));
#3085=CARTESIAN_POINT('',(27.873368008,165.4439233,10.097768175));
#3086=CARTESIAN_POINT('',(27.874502971,165.679862765,10.14879079));
#3087=CARTESIAN_POINT('',(27.875627376,165.915711963,10.200298046));
#3088=CARTESIAN_POINT('',(27.876736868,166.151426246,10.25252358));
#3089=CARTESIAN_POINT('',(27.877837606,166.387008529,10.305474192));
#3090=CARTESIAN_POINT('',(27.878935771,166.622504581,10.358916444));
#3091=CARTESIAN_POINT('',(27.880310448,166.91671738,10.426657099));
#3092=CARTESIAN_POINT('',(27.881982099,167.269538599,10.509469119));
#3093=CARTESIAN_POINT('',(27.883680681,167.622134098,10.593813612));
#3094=CARTESIAN_POINT('',(27.885973537,168.091959763,10.708325397));
#3095=CARTESIAN_POINT('',(27.888869087,168.678683434,10.85520673));
#3096=CARTESIAN_POINT('',(27.892326795,169.381951419,11.036594553));
#3097=CARTESIAN_POINT('',(27.894601013,169.850346012,11.160287069));
#3098=CARTESIAN_POINT('',(27.89572982,170.084440435,11.222752679));
#3099=CARTESIAN_POINT('',(27.895756219,170.089915093,11.224213533));
#3100=CARTESIAN_POINT('',(27.895782618,170.095389752,11.225674388));
#3101=CARTESIAN_POINT('',(27.895809017,170.10086441,11.227135242));
#3102=CARTESIAN_POINT('',(29.761092096,147.296741582,7.381849754));
#3103=CARTESIAN_POINT('',(29.759231291,149.207571853,7.602446908));
#3104=CARTESIAN_POINT('',(29.757070085,152.073769379,7.937226262));
#3105=CARTESIAN_POINT('',(29.759817141,155.891745972,8.433480674));
#3106=CARTESIAN_POINT('',(29.764638077,158.274779358,8.777704392));
#3107=CARTESIAN_POINT('',(29.770441524,160.177861207,9.082028711));
#3108=CARTESIAN_POINT('',(29.775686057,161.603063871,9.32699537));
#3109=CARTESIAN_POINT('',(29.780674208,162.788583244,9.54694476));
#3110=CARTESIAN_POINT('',(29.784915649,163.735471636,9.733395984));
#3111=CARTESIAN_POINT('',(29.788182304,164.444819597,9.878669514));
#3112=CARTESIAN_POINT('',(29.790938644,165.035221679,10.00435574));
#3113=CARTESIAN_POINT('',(29.792866193,165.448109807,10.094768643));
#3114=CARTESIAN_POINT('',(29.793964476,165.683932393,10.14712293));
#3115=CARTESIAN_POINT('',(29.795059831,165.919679174,10.199934236));
#3116=CARTESIAN_POINT('',(29.796149671,166.155312281,10.253425687));
#3117=CARTESIAN_POINT('',(29.797232101,166.390832706,10.307582737));
#3118=CARTESIAN_POINT('',(29.798309094,166.626278706,10.362177115));
#3119=CARTESIAN_POINT('',(29.799644395,166.920448498,10.431225586));
#3120=CARTESIAN_POINT('',(29.801227768,167.273240825,10.515311252));
#3121=CARTESIAN_POINT('',(29.802791899,167.625833998,10.600547231));
#3122=CARTESIAN_POINT('',(29.804852681,168.095710134,10.71562528));
#3123=CARTESIAN_POINT('',(29.807385718,168.682624175,10.861958465));
#3124=CARTESIAN_POINT('',(29.810371778,169.38633891,11.040930371));
#3125=CARTESIAN_POINT('',(29.812336478,169.855152155,11.162169692));
#3126=CARTESIAN_POINT('',(29.813313419,170.089482448,11.223236442));
#3127=CARTESIAN_POINT('',(29.813336266,170.094962622,11.224664582));
#3128=CARTESIAN_POINT('',(29.813359114,170.100442797,11.226092722));
#3129=CARTESIAN_POINT('',(29.813381961,170.105922971,11.227520862));
#3130=B_SPLINE_SURFACE_WITH_KNOTS('',3,3,((#2850,#2851,#2852,#2853,#2854,#2855,#2856,#2857,#2858,#2859,#2860,#2861,#2862,#2863,#2864,#2865,#2866,#2867,#2868,#2869,#2870,#2871,#2872,#2873,#2874,#2875,
#2876,#2877),(#2878,#2879,#2880,#2881,#2882,#2883,#2884,#2885,#2886,#2887,#2888,#2889,#2890,#2891,#2892,#2893,#2894,#2895,#2896,#2897,#2898,#2899,#2900,#2901,#2902,#2903,
#2904,#2905),(#2906,#2907,#2908,#2909,#2910,#2911,#2912,#2913,#2914,#2915,#2916,#2917,#2918,#2919,#2920,#2921,#2922,#2923,#2924,#2925,#2926,#2927,#2928,#2929,#2930,#2931,
#2932,#2933),(#2934,#2935,#2936,#2937,#2938,#2939,#2940,#2941,#2942,#2943,#2944,#2945,#2946,#2947,#2948,#2949,#2950,#2951,#2952,#2953,#2954,#2955,#2956,#2957,#2958,#2959,
#2960,#2961),(#2962,#2963,#2964,#2965,#2966,#2967,#2968,#2969,#2970,#2971,#2972,#2973,#2974,#2975,#2976,#2977,#2978,#2979,#2980,#2981,#2982,#2983,#2984,#2985,#2986,#2987,
#2988,#2989),(#2990,#2991,#2992,#2993,#2994,#2995,#2996,#2997,#2998,#2999,#3000,#3001,#3002,#3003,#3004,#3005,#3006,#3007,#3008,#3009,#3010,#3011,#3012,#3013,#3014,#3015,
#3016,#3017),(#3018,#3019,#3020,#3021,#3022,#3023,#3024,#3025,#3026,#3027,#3028,#3029,#3030,#3031,#3032,#3033,#3034,#3035,#3036,#3037,#3038,#3039,#3040,#3041,#3042,#3043,
#3044,#3045),(#3046,#3047,#3048,#3049,#3050,#3051,#3052,#3053,#3054,#3055,#3056,#3057,#3058,#3059,#3060,#3061,#3062,#3063,#3064,#3065,#3066,#3067,#3068,#3069,#3070,#3071,
#3072,#3073),(#3074,#3075,#3076,#3077,#3078,#3079,#3080,#3081,#3082,#3083,#3084,#3085,#3086,#3087,#3088,#3089,#3090,#3091,#3092,#3093,#3094,#3095,#3096,#3097,#3098,#3099,
#3100,#3101),(#3102,#3103,#3104,#3105,#3106,#3107,#3108,#3109,#3110,#3111,#3112,#3113,#3114,#3115,#3116,#3117,#3118,#3119,#3120,#3121,#3122,#3123,#3124,#3125,#3126,#3127,
#3128,#3129)),.UNSPECIFIED.,.F.,.F.,.U.,(4,3,1,1,1,4),(4,1,1,1,1,1,1,1,1,1,1,1,1,1,1,1,1,1,1,1,1,1,3,4),(-0.108179082,-0.108104331,-0.104726071,-0.10134781,-0.09459129,-0.088850192),(-0.019544019,-0.013764653,-0.010874933,-0.007985213,-0.006540354,-0.005095494,-0.003650634,-0.002928204,-0.002205774,-0.001483344,-0.001122129,-0.000941522,-0.000760914,-0.000399699,-0.000219092,-0.000038484,0.000322731,0.000683946,0.00104516,0.001406375,0.002128805,0.002851235,0.003573665,0.00359056),.UNSPECIFIED.);
#3131=CARTESIAN_POINT('',(29.800000009,170.000438572,11.200031621));
#3132=VERTEX_POINT('',#3131);
#3133=CARTESIAN_POINT('',(29.800097069,170.00045384,11.200059911));
#3134=CARTESIAN_POINT('',(29.80003238,169.984974456,11.196033186));
#3135=CARTESIAN_POINT('',(29.799967667,169.969494736,11.192008436));
#3136=CARTESIAN_POINT('',(29.799902929,169.954014677,11.18798567));
#3137=B_SPLINE_CURVE_WITH_KNOTS('',3,(#3133,#3134,#3135,#3136),.UNSPECIFIED.,.F.,.F.,(4,4),(0.,1.),.UNSPECIFIED.);
#3138=EDGE_CURVE('',#3132,#2822,#3137,.T.);
#3139=ORIENTED_EDGE('',*,*,#3138,.F.);
#3140=CARTESIAN_POINT('',(10.700124559,169.999859784,11.203613875));
#3141=VERTEX_POINT('',#3140);
#3142=CARTESIAN_POINT('',(10.700124555,170.000000003,11.2));
#3143=CARTESIAN_POINT('',(29.8,170.00046916,11.2));
#3144=B_SPLINE_CURVE_WITH_KNOTS('',1,(#3142,#3143),.UNSPECIFIED.,.F.,.F.,(2,2),(0.000124555,19.100000006),.UNSPECIFIED.);
#3145=EDGE_CURVE('',#3141,#3132,#3144,.T.);
#3146=ORIENTED_EDGE('',*,*,#3145,.F.);
#3147=CARTESIAN_POINT('',(10.700017762,147.00000001,11.200070998));
#3148=VERTEX_POINT('',#3147);
#3149=CARTESIAN_POINT('',(10.7,147.,11.2));
#3150=DIRECTION('',(-0.,1.,-0.));
#3151=VECTOR('',#3150,23.);
#3152=LINE('',#3149,#3151);
#3153=EDGE_CURVE('',#3148,#3141,#3152,.T.);
#3154=ORIENTED_EDGE('',*,*,#3153,.F.);
#3155=CARTESIAN_POINT('',(13.7,147.,10.45));
#3156=DIRECTION('',(-0.9701425,-0.,0.242535625));
#3157=VECTOR('',#3156,3.092329219);
#3158=LINE('',#3155,#3157);
#3159=EDGE_CURVE('',#2760,#3148,#3158,.T.);
#3160=ORIENTED_EDGE('',*,*,#3159,.F.);
#3161=ORIENTED_EDGE('',*,*,#2811,.T.);
#3162=CARTESIAN_POINT('',(29.8,167.,10.450287372));
#3163=CARTESIAN_POINT('',(28.458352923,167.,10.447527822));
#3164=CARTESIAN_POINT('',(27.116705651,167.,10.443634092));
#3165=CARTESIAN_POINT('',(25.775058959,167.,10.443101494));
#3166=CARTESIAN_POINT('',(24.433412268,167.,10.442568897));
#3167=CARTESIAN_POINT('',(23.091766528,167.,10.44753114));
#3168=CARTESIAN_POINT('',(21.750120912,167.,10.453212649));
#3169=CARTESIAN_POINT('',(20.408475296,167.,10.458894159));
#3170=CARTESIAN_POINT('',(19.066829491,167.,10.463484136));
#3171=CARTESIAN_POINT('',(17.725181743,167.,10.456841224));
#3172=CARTESIAN_POINT('',(17.054357868,167.,10.453519767));
#3173=CARTESIAN_POINT('',(16.383533246,167.,10.445873423));
#3174=CARTESIAN_POINT('',(15.712709378,167.,10.442591085));
#3175=CARTESIAN_POINT('',(15.377297445,167.,10.440949916));
#3176=CARTESIAN_POINT('',(15.041885722,167.,10.440531652));
#3177=CARTESIAN_POINT('',(14.706474451,167.,10.442715464));
#3178=CARTESIAN_POINT('',(14.538768815,167.,10.44380737));
#3179=CARTESIAN_POINT('',(14.371063291,167.,10.445551071));
#3180=CARTESIAN_POINT('',(14.203357912,167.,10.448127154));
#3181=CARTESIAN_POINT('',(14.119505223,167.,10.449415195));
#3182=CARTESIAN_POINT('',(14.035652569,167.,10.450911442));
#3183=CARTESIAN_POINT('',(13.951799956,167.,10.45263905));
#3184=CARTESIAN_POINT('',(13.909873649,167.,10.453502854));
#3185=CARTESIAN_POINT('',(13.867947352,167.,10.4544207));
#3186=CARTESIAN_POINT('',(13.826021067,167.,10.455411076));
#3187=CARTESIAN_POINT('',(13.805057924,167.,10.455906264));
#3188=CARTESIAN_POINT('',(13.784094785,167.,10.456420463));
#3189=CARTESIAN_POINT('',(13.76313165,167.,10.456957727));
#3190=CARTESIAN_POINT('',(13.752650082,167.,10.45722636));
#3191=CARTESIAN_POINT('',(13.742168516,167.,10.457500758));
#3192=CARTESIAN_POINT('',(13.73168695,167.,10.457781433));
#3193=CARTESIAN_POINT('',(13.726446168,167.,10.45792177));
#3194=CARTESIAN_POINT('',(13.721205385,167.,10.458063676));
#3195=CARTESIAN_POINT('',(13.715964603,167.,10.458207215));
#3196=CARTESIAN_POINT('',(13.710723821,167.,10.458350754));
#3197=CARTESIAN_POINT('',(13.706636942,167.,10.458463589));
#3198=CARTESIAN_POINT('',(13.700242257,167.,10.458642794));
#3199=B_SPLINE_CURVE_WITH_KNOTS('',3,(#3162,#3163,#3164,#3165,#3166,#3167,#3168,#3169,#3170,#3171,#3172,#3173,#3174,#3175,#3176,#3177,#3178,#3179,#3180,#3181,#3182,#3183,#3184,#3185,#3186,#3187,
#3188,#3189,#3190,#3191,#3192,#3193,#3194,#3195,#3196,#3197,#3198),.UNSPECIFIED.,.F.,.F.,(4,3,3,3,3,3,3,3,3,3,3,3,4),(0.112050005,0.116074945,0.120099885,0.124124824,0.126137294,0.127143529,0.127646647,0.127898205,0.128023985,0.128086874,0.128118319,0.128134042,0.128149764),.UNSPECIFIED.);
#3200=EDGE_CURVE('',#2833,#2784,#3199,.T.);
#3201=ORIENTED_EDGE('',*,*,#3200,.F.);
#3202=ORIENTED_EDGE('',*,*,#2839,.F.);
#3203=EDGE_LOOP('',(#3139,#3146,#3154,#3160,#3161,#3201,#3202));
#3204=FACE_BOUND('',#3203,.T.);
#3205=ADVANCED_FACE('',(#3204),#3130,.T.);
#3206=CARTESIAN_POINT('',(13.7,167.,10.45));
#3207=DIRECTION('',(0.242535625,0.,0.9701425));
#3208=DIRECTION('',(0.9701425,0.,-0.242535625));
#3209=AXIS2_PLACEMENT_3D('',#3206,#3207,#3208);
#3210=PLANE('',#3209);
#3211=ORIENTED_EDGE('',*,*,#3159,.T.);
#3212=CARTESIAN_POINT('',(10.7,7.,11.2));
#3213=VERTEX_POINT('',#3212);
#3214=CARTESIAN_POINT('',(10.7,147.,11.2));
#3215=DIRECTION('',(-0.,-1.,-0.));
#3216=VECTOR('',#3215,140.);
#3217=LINE('',#3214,#3216);
#3218=EDGE_CURVE('',#3148,#3213,#3217,.T.);
#3219=ORIENTED_EDGE('',*,*,#3218,.T.);
#3220=CARTESIAN_POINT('',(13.7,7.,10.45));
#3221=DIRECTION('',(-0.9701425,0.,0.242535625));
#3222=VECTOR('',#3221,3.092329219);
#3223=LINE('',#3220,#3222);
#3224=EDGE_CURVE('',#2758,#3213,#3223,.T.);
#3225=ORIENTED_EDGE('',*,*,#3224,.F.);
#3226=ORIENTED_EDGE('',*,*,#2765,.T.);
#3227=EDGE_LOOP('',(#3211,#3219,#3225,#3226));
#3228=FACE_BOUND('',#3227,.T.);
#3229=ADVANCED_FACE('',(#3228),#3210,.T.);
#3230=CARTESIAN_POINT('',(11.2,12.5,11.2));
#3231=DIRECTION('',(-1.,0.,0.));
#3232=DIRECTION('',(0.,-1.,0.));
#3233=AXIS2_PLACEMENT_3D('',#3230,#3231,#3232);
#3234=PLANE('',#3233);
#3235=CARTESIAN_POINT('',(11.2,7.,11.2));
#3236=VERTEX_POINT('',#3235);
#3237=CARTESIAN_POINT('',(11.2,2.5,11.2));
#3238=VERTEX_POINT('',#3237);
#3239=CARTESIAN_POINT('',(11.2,7.,11.2));
#3240=DIRECTION('',(0.,-1.,0.));
#3241=VECTOR('',#3240,4.5);
#3242=LINE('',#3239,#3241);
#3243=EDGE_CURVE('',#3236,#3238,#3242,.T.);
#3244=ORIENTED_EDGE('',*,*,#3243,.T.);
#3245=CARTESIAN_POINT('',(11.2,2.5,11.2));
#3246=DIRECTION('',(0.,0.,1.));
#3247=VECTOR('',#3246,4.35);
#3248=LINE('',#3245,#3247);
#3249=EDGE_CURVE('',#3238,#2139,#3248,.T.);
#3250=ORIENTED_EDGE('',*,*,#3249,.T.);
#3251=ORIENTED_EDGE('',*,*,#2175,.F.);
#3252=ORIENTED_EDGE('',*,*,#2612,.T.);
#3253=CARTESIAN_POINT('',(11.2,7.,11.55));
#3254=DIRECTION('',(-0.,-0.,-1.));
#3255=VECTOR('',#3254,0.35);
#3256=LINE('',#3253,#3255);
#3257=EDGE_CURVE('',#2606,#3236,#3256,.T.);
#3258=ORIENTED_EDGE('',*,*,#3257,.T.);
#3259=EDGE_LOOP('',(#3244,#3250,#3251,#3252,#3258));
#3260=FACE_BOUND('',#3259,.T.);
#3261=ADVANCED_FACE('',(#3260),#3234,.T.);
#3262=CARTESIAN_POINT('',(8.225,2.5,10.525));
#3263=DIRECTION('',(0.,-1.,0.));
#3264=DIRECTION('',(0.,0.,-1.));
#3265=AXIS2_PLACEMENT_3D('',#3262,#3263,#3264);
#3266=PLANE('',#3265);
#3267=CARTESIAN_POINT('',(3.75,2.5,11.2));
#3268=VERTEX_POINT('',#3267);
#3269=CARTESIAN_POINT('',(3.75,2.5,11.2));
#3270=DIRECTION('',(-0.,-0.,1.));
#3271=VECTOR('',#3270,10.65);
#3272=LINE('',#3269,#3271);
#3273=EDGE_CURVE('',#3268,#1314,#3272,.T.);
#3274=ORIENTED_EDGE('',*,*,#3273,.T.);
#3275=ORIENTED_EDGE('',*,*,#1319,.T.);
#3276=ORIENTED_EDGE('',*,*,#2393,.F.);
#3277=ORIENTED_EDGE('',*,*,#1293,.T.);
#3278=ORIENTED_EDGE('',*,*,#1236,.T.);
#3279=ORIENTED_EDGE('',*,*,#2144,.F.);
#3280=ORIENTED_EDGE('',*,*,#3249,.F.);
#3281=CARTESIAN_POINT('',(3.75,2.5,11.2));
#3282=DIRECTION('',(1.,-0.,-0.));
#3283=VECTOR('',#3282,7.45);
#3284=LINE('',#3281,#3283);
#3285=EDGE_CURVE('',#3268,#3238,#3284,.T.);
#3286=ORIENTED_EDGE('',*,*,#3285,.F.);
#3287=EDGE_LOOP('',(#3274,#3275,#3276,#3277,#3278,#3279,#3280,#3286));
#3288=FACE_BOUND('',#3287,.T.);
#3289=ADVANCED_FACE('',(#3288),#3266,.F.);
#3290=CARTESIAN_POINT('',(3.75,3.5,10.525));
#3291=DIRECTION('',(0.,0.,-1.));
#3292=DIRECTION('',(-1.,0.,0.));
#3293=AXIS2_PLACEMENT_3D('',#3290,#3291,#3292);
#3294=CYLINDRICAL_SURFACE('',#3293,1.);
#3295=CARTESIAN_POINT('',(2.75,3.5,11.2));
#3296=VERTEX_POINT('',#3295);
#3297=CARTESIAN_POINT('',(2.75,3.5,21.85));
#3298=DIRECTION('',(-0.,-0.,-1.));
#3299=VECTOR('',#3298,10.65);
#3300=LINE('',#3297,#3299);
#3301=EDGE_CURVE('',#1442,#3296,#3300,.T.);
#3302=ORIENTED_EDGE('',*,*,#3301,.F.);
#3303=ORIENTED_EDGE('',*,*,#1465,.T.);
#3304=ORIENTED_EDGE('',*,*,#3273,.F.);
#3305=CARTESIAN_POINT('',(3.75,3.5,11.2));
#3306=DIRECTION('',(-0.,-0.,1.));
#3307=DIRECTION('',(-1.,0.,0.));
#3308=AXIS2_PLACEMENT_3D('',#3305,#3306,#3307);
#3309=CIRCLE('',#3308,1.);
#3310=EDGE_CURVE('',#3296,#3268,#3309,.T.);
#3311=ORIENTED_EDGE('',*,*,#3310,.F.);
#3312=EDGE_LOOP('',(#3302,#3303,#3304,#3311));
#3313=FACE_BOUND('',#3312,.T.);
#3314=ADVANCED_FACE('',(#3313),#3294,.F.);
#3315=CARTESIAN_POINT('',(2.75,12.5,10.525));
#3316=DIRECTION('',(-1.,0.,0.));
#3317=DIRECTION('',(0.,0.,1.));
#3318=AXIS2_PLACEMENT_3D('',#3315,#3316,#3317);
#3319=PLANE('',#3318);
#3320=CARTESIAN_POINT('',(2.75,187.,11.2));
#3321=VERTEX_POINT('',#3320);
#3322=CARTESIAN_POINT('',(2.75,187.,11.2));
#3323=DIRECTION('',(0.,-1.,0.));
#3324=VECTOR('',#3323,183.5);
#3325=LINE('',#3322,#3324);
#3326=EDGE_CURVE('',#3321,#3296,#3325,.T.);
#3327=ORIENTED_EDGE('',*,*,#3326,.F.);
#3328=CARTESIAN_POINT('',(2.75,187.,12.35));
#3329=DIRECTION('',(0.,0.,-1.));
#3330=VECTOR('',#3329,1.15);
#3331=LINE('',#3328,#3330);
#3332=EDGE_CURVE('',#1599,#3321,#3331,.T.);
#3333=ORIENTED_EDGE('',*,*,#3332,.F.);
#3334=ORIENTED_EDGE('',*,*,#1604,.T.);
#3335=ORIENTED_EDGE('',*,*,#1496,.T.);
#3336=ORIENTED_EDGE('',*,*,#1479,.T.);
#3337=ORIENTED_EDGE('',*,*,#3301,.T.);
#3338=EDGE_LOOP('',(#3327,#3333,#3334,#3335,#3336,#3337));
#3339=FACE_BOUND('',#3338,.T.);
#3340=ADVANCED_FACE('',(#3339),#3319,.F.);
#3341=CARTESIAN_POINT('',(7.55,187.,1.7));
#3342=DIRECTION('',(0.,-1.,0.));
#3343=DIRECTION('',(0.,0.,-1.));
#3344=AXIS2_PLACEMENT_3D('',#3341,#3342,#3343);
#3345=PLANE('',#3344);
#3346=ORIENTED_EDGE('',*,*,#1679,.F.);
#3347=ORIENTED_EDGE('',*,*,#1655,.T.);
#3348=ORIENTED_EDGE('',*,*,#1627,.F.);
#3349=ORIENTED_EDGE('',*,*,#1611,.T.);
#3350=ORIENTED_EDGE('',*,*,#3332,.T.);
#3351=CARTESIAN_POINT('',(27.8,187.,11.2));
#3352=VERTEX_POINT('',#3351);
#3353=CARTESIAN_POINT('',(27.8,187.,11.2));
#3354=DIRECTION('',(-1.,0.,0.));
#3355=VECTOR('',#3354,25.05);
#3356=LINE('',#3353,#3355);
#3357=EDGE_CURVE('',#3352,#3321,#3356,.T.);
#3358=ORIENTED_EDGE('',*,*,#3357,.F.);
#3359=CARTESIAN_POINT('',(27.8,187.,9.9));
#3360=VERTEX_POINT('',#3359);
#3361=CARTESIAN_POINT('',(27.8,187.,11.2));
#3362=DIRECTION('',(0.,0.,-1.));
#3363=VECTOR('',#3362,1.3);
#3364=LINE('',#3361,#3363);
#3365=EDGE_CURVE('',#3352,#3360,#3364,.T.);
#3366=ORIENTED_EDGE('',*,*,#3365,.T.);
#3367=CARTESIAN_POINT('',(27.8,187.,9.9));
#3368=DIRECTION('',(-1.,-0.,0.));
#3369=VECTOR('',#3368,25.4);
#3370=LINE('',#3367,#3369);
#3371=EDGE_CURVE('',#3360,#1852,#3370,.T.);
#3372=ORIENTED_EDGE('',*,*,#3371,.T.);
#3373=ORIENTED_EDGE('',*,*,#1872,.T.);
#3374=ORIENTED_EDGE('',*,*,#1567,.F.);
#3375=ORIENTED_EDGE('',*,*,#1530,.T.);
#3376=EDGE_LOOP('',(#3346,#3347,#3348,#3349,#3350,#3358,#3366,#3372,#3373,#3374,#3375));
#3377=FACE_BOUND('',#3376,.T.);
#3378=ADVANCED_FACE('',(#3377),#3345,.F.);
#3379=CARTESIAN_POINT('',(27.8,173.,10.525));
#3380=DIRECTION('',(-1.,0.,0.));
#3381=DIRECTION('',(0.,0.,1.));
#3382=AXIS2_PLACEMENT_3D('',#3379,#3380,#3381);
#3383=PLANE('',#3382);
#3384=CARTESIAN_POINT('',(27.8,199.25,11.2));
#3385=VERTEX_POINT('',#3384);
#3386=CARTESIAN_POINT('',(27.8,199.25,11.2));
#3387=DIRECTION('',(0.,-1.,0.));
#3388=VECTOR('',#3387,12.25);
#3389=LINE('',#3386,#3388);
#3390=EDGE_CURVE('',#3385,#3352,#3389,.T.);
#3391=ORIENTED_EDGE('',*,*,#3390,.F.);
#3392=CARTESIAN_POINT('',(27.8,200.203939201,9.9));
#3393=VERTEX_POINT('',#3392);
#3394=CARTESIAN_POINT('',(27.8,199.25,10.2));
#3395=DIRECTION('',(-1.,0.,0.));
#3396=DIRECTION('',(0.,0.,1.));
#3397=AXIS2_PLACEMENT_3D('',#3394,#3395,#3396);
#3398=CIRCLE('',#3397,1.);
#3399=EDGE_CURVE('',#3385,#3393,#3398,.T.);
#3400=ORIENTED_EDGE('',*,*,#3399,.T.);
#3401=CARTESIAN_POINT('',(27.8,200.203939201,9.9));
#3402=DIRECTION('',(0.,-1.,0.));
#3403=VECTOR('',#3402,13.203939201);
#3404=LINE('',#3401,#3403);
#3405=EDGE_CURVE('',#3393,#3360,#3404,.T.);
#3406=ORIENTED_EDGE('',*,*,#3405,.T.);
#3407=ORIENTED_EDGE('',*,*,#3365,.F.);
#3408=EDGE_LOOP('',(#3391,#3400,#3406,#3407));
#3409=FACE_BOUND('',#3408,.T.);
#3410=ADVANCED_FACE('',(#3409),#3383,.T.);
#3411=CARTESIAN_POINT('',(203.2,199.25,10.2));
#3412=DIRECTION('',(1.,0.,0.));
#3413=DIRECTION('',(0.,0.,-1.));
#3414=AXIS2_PLACEMENT_3D('',#3411,#3412,#3413);
#3415=CYLINDRICAL_SURFACE('',#3414,1.);
#3416=CARTESIAN_POINT('',(52.8,200.203939201,9.9));
#3417=VERTEX_POINT('',#3416);
#3418=CARTESIAN_POINT('',(52.8,200.203939201,9.9));
#3419=DIRECTION('',(-1.,-0.,0.));
#3420=VECTOR('',#3419,25.);
#3421=LINE('',#3418,#3420);
#3422=EDGE_CURVE('',#3417,#3393,#3421,.T.);
#3423=ORIENTED_EDGE('',*,*,#3422,.T.);
#3424=ORIENTED_EDGE('',*,*,#3399,.F.);
#3425=CARTESIAN_POINT('',(52.8,199.25,11.2));
#3426=VERTEX_POINT('',#3425);
#3427=CARTESIAN_POINT('',(52.8,199.25,11.2));
#3428=DIRECTION('',(-1.,0.,0.));
#3429=VECTOR('',#3428,25.);
#3430=LINE('',#3427,#3429);
#3431=EDGE_CURVE('',#3426,#3385,#3430,.T.);
#3432=ORIENTED_EDGE('',*,*,#3431,.F.);
#3433=CARTESIAN_POINT('',(52.8,199.25,10.2));
#3434=DIRECTION('',(1.,0.,0.));
#3435=DIRECTION('',(0.,0.,-1.));
#3436=AXIS2_PLACEMENT_3D('',#3433,#3434,#3435);
#3437=CIRCLE('',#3436,1.);
#3438=EDGE_CURVE('',#3417,#3426,#3437,.T.);
#3439=ORIENTED_EDGE('',*,*,#3438,.F.);
#3440=EDGE_LOOP('',(#3423,#3424,#3432,#3439));
#3441=FACE_BOUND('',#3440,.T.);
#3442=ADVANCED_FACE('',(#3441),#3415,.T.);
#3443=CARTESIAN_POINT('',(52.8,173.,10.525));
#3444=DIRECTION('',(-1.,0.,0.));
#3445=DIRECTION('',(0.,0.,1.));
#3446=AXIS2_PLACEMENT_3D('',#3443,#3444,#3445);
#3447=PLANE('',#3446);
#3448=CARTESIAN_POINT('',(52.8,187.,9.9));
#3449=VERTEX_POINT('',#3448);
#3450=CARTESIAN_POINT('',(52.8,200.203939201,9.9));
#3451=DIRECTION('',(0.,-1.,0.));
#3452=VECTOR('',#3451,13.203939201);
#3453=LINE('',#3450,#3452);
#3454=EDGE_CURVE('',#3417,#3449,#3453,.T.);
#3455=ORIENTED_EDGE('',*,*,#3454,.F.);
#3456=ORIENTED_EDGE('',*,*,#3438,.T.);
#3457=CARTESIAN_POINT('',(52.8,187.,11.2));
#3458=VERTEX_POINT('',#3457);
#3459=CARTESIAN_POINT('',(52.8,199.25,11.2));
#3460=DIRECTION('',(-0.,-1.,-0.));
#3461=VECTOR('',#3460,12.25);
#3462=LINE('',#3459,#3461);
#3463=EDGE_CURVE('',#3426,#3458,#3462,.T.);
#3464=ORIENTED_EDGE('',*,*,#3463,.T.);
#3465=CARTESIAN_POINT('',(52.8,187.,11.2));
#3466=DIRECTION('',(-0.,-0.,-1.));
#3467=VECTOR('',#3466,1.3);
#3468=LINE('',#3465,#3467);
#3469=EDGE_CURVE('',#3458,#3449,#3468,.T.);
#3470=ORIENTED_EDGE('',*,*,#3469,.T.);
#3471=EDGE_LOOP('',(#3455,#3456,#3464,#3470));
#3472=FACE_BOUND('',#3471,.T.);
#3473=ADVANCED_FACE('',(#3472),#3447,.F.);
#3474=CARTESIAN_POINT('',(-46.9,187.,11.2));
#3475=DIRECTION('',(0.,-1.,0.));
#3476=DIRECTION('',(0.,0.,-1.));
#3477=AXIS2_PLACEMENT_3D('',#3474,#3475,#3476);
#3478=PLANE('',#3477);
#3479=CARTESIAN_POINT('',(200.95,187.,9.9));
#3480=VERTEX_POINT('',#3479);
#3481=CARTESIAN_POINT('',(200.95,187.,9.9));
#3482=DIRECTION('',(-1.,-0.,0.));
#3483=VECTOR('',#3482,148.15);
#3484=LINE('',#3481,#3483);
#3485=EDGE_CURVE('',#3480,#3449,#3484,.T.);
#3486=ORIENTED_EDGE('',*,*,#3485,.T.);
#3487=ORIENTED_EDGE('',*,*,#3469,.F.);
#3488=CARTESIAN_POINT('',(200.95,187.,11.2));
#3489=VERTEX_POINT('',#3488);
#3490=CARTESIAN_POINT('',(200.95,187.,11.2));
#3491=DIRECTION('',(-1.,0.,0.));
#3492=VECTOR('',#3491,148.15);
#3493=LINE('',#3490,#3492);
#3494=EDGE_CURVE('',#3489,#3458,#3493,.T.);
#3495=ORIENTED_EDGE('',*,*,#3494,.F.);
#3496=CARTESIAN_POINT('',(200.95,187.,9.9));
#3497=DIRECTION('',(-0.,-0.,1.));
#3498=VECTOR('',#3497,1.3);
#3499=LINE('',#3496,#3498);
#3500=EDGE_CURVE('',#3480,#3489,#3499,.T.);
#3501=ORIENTED_EDGE('',*,*,#3500,.F.);
#3502=EDGE_LOOP('',(#3486,#3487,#3495,#3501));
#3503=FACE_BOUND('',#3502,.T.);
#3504=ADVANCED_FACE('',(#3503),#3478,.F.);
#3505=CARTESIAN_POINT('',(200.95,173.,10.525));
#3506=DIRECTION('',(1.,0.,0.));
#3507=DIRECTION('',(0.,0.,-1.));
#3508=AXIS2_PLACEMENT_3D('',#3505,#3506,#3507);
#3509=PLANE('',#3508);
#3510=CARTESIAN_POINT('',(200.95,185.6,11.2));
#3511=VERTEX_POINT('',#3510);
#3512=CARTESIAN_POINT('',(200.95,185.6,11.2));
#3513=DIRECTION('',(-0.,1.,-0.));
#3514=VECTOR('',#3513,1.4);
#3515=LINE('',#3512,#3514);
#3516=EDGE_CURVE('',#3511,#3489,#3515,.T.);
#3517=ORIENTED_EDGE('',*,*,#3516,.F.);
#3518=CARTESIAN_POINT('',(200.95,185.6,9.9));
#3519=VERTEX_POINT('',#3518);
#3520=CARTESIAN_POINT('',(200.95,185.6,11.2));
#3521=DIRECTION('',(0.,0.,-1.));
#3522=VECTOR('',#3521,1.3);
#3523=LINE('',#3520,#3522);
#3524=EDGE_CURVE('',#3511,#3519,#3523,.T.);
#3525=ORIENTED_EDGE('',*,*,#3524,.T.);
#3526=CARTESIAN_POINT('',(200.95,185.6,9.9));
#3527=DIRECTION('',(0.,1.,0.));
#3528=VECTOR('',#3527,1.4);
#3529=LINE('',#3526,#3528);
#3530=EDGE_CURVE('',#3519,#3480,#3529,.T.);
#3531=ORIENTED_EDGE('',*,*,#3530,.T.);
#3532=ORIENTED_EDGE('',*,*,#3500,.T.);
#3533=EDGE_LOOP('',(#3517,#3525,#3531,#3532));
#3534=FACE_BOUND('',#3533,.T.);
#3535=ADVANCED_FACE('',(#3534),#3509,.T.);
#3536=CARTESIAN_POINT('',(201.7,185.6,10.525));
#3537=DIRECTION('',(0.,0.,1.));
#3538=DIRECTION('',(1.,0.,-0.));
#3539=AXIS2_PLACEMENT_3D('',#3536,#3537,#3538);
#3540=CYLINDRICAL_SURFACE('',#3539,0.75);
#3541=CARTESIAN_POINT('',(201.7,184.85,11.2));
#3542=VERTEX_POINT('',#3541);
#3543=CARTESIAN_POINT('',(201.7,185.6,11.2));
#3544=DIRECTION('',(-0.,-0.,-1.));
#3545=DIRECTION('',(1.,0.,-0.));
#3546=AXIS2_PLACEMENT_3D('',#3543,#3544,#3545);
#3547=CIRCLE('',#3546,0.75);
#3548=EDGE_CURVE('',#3542,#3511,#3547,.T.);
#3549=ORIENTED_EDGE('',*,*,#3548,.F.);
#3550=CARTESIAN_POINT('',(201.7,184.85,9.9));
#3551=VERTEX_POINT('',#3550);
#3552=CARTESIAN_POINT('',(201.7,184.85,9.9));
#3553=DIRECTION('',(0.,0.,1.));
#3554=VECTOR('',#3553,1.3);
#3555=LINE('',#3552,#3554);
#3556=EDGE_CURVE('',#3551,#3542,#3555,.T.);
#3557=ORIENTED_EDGE('',*,*,#3556,.F.);
#3558=CARTESIAN_POINT('',(201.7,185.6,9.9));
#3559=DIRECTION('',(0.,0.,1.));
#3560=DIRECTION('',(1.,0.,-0.));
#3561=AXIS2_PLACEMENT_3D('',#3558,#3559,#3560);
#3562=CIRCLE('',#3561,0.75);
#3563=EDGE_CURVE('',#3519,#3551,#3562,.T.);
#3564=ORIENTED_EDGE('',*,*,#3563,.F.);
#3565=ORIENTED_EDGE('',*,*,#3524,.F.);
#3566=EDGE_LOOP('',(#3549,#3557,#3564,#3565));
#3567=FACE_BOUND('',#3566,.T.);
#3568=ADVANCED_FACE('',(#3567),#3540,.F.);
#3569=CARTESIAN_POINT('',(150.45,184.85,10.525));
#3570=DIRECTION('',(0.,1.,0.));
#3571=DIRECTION('',(-1.,0.,0.));
#3572=AXIS2_PLACEMENT_3D('',#3569,#3570,#3571);
#3573=PLANE('',#3572);
#3574=CARTESIAN_POINT('',(202.7,184.85,9.9));
#3575=VERTEX_POINT('',#3574);
#3576=CARTESIAN_POINT('',(202.7,184.85,9.9));
#3577=DIRECTION('',(-1.,0.,0.));
#3578=VECTOR('',#3577,1.);
#3579=LINE('',#3576,#3578);
#3580=EDGE_CURVE('',#3575,#3551,#3579,.T.);
#3581=ORIENTED_EDGE('',*,*,#3580,.T.);
#3582=ORIENTED_EDGE('',*,*,#3556,.T.);
#3583=CARTESIAN_POINT('',(202.7,184.85,11.2));
#3584=VERTEX_POINT('',#3583);
#3585=CARTESIAN_POINT('',(202.7,184.85,11.2));
#3586=DIRECTION('',(-1.,0.,0.));
#3587=VECTOR('',#3586,1.);
#3588=LINE('',#3585,#3587);
#3589=EDGE_CURVE('',#3584,#3542,#3588,.T.);
#3590=ORIENTED_EDGE('',*,*,#3589,.F.);
#3591=CARTESIAN_POINT('',(202.7,184.85,11.2));
#3592=DIRECTION('',(-0.,-0.,-1.));
#3593=VECTOR('',#3592,1.3);
#3594=LINE('',#3591,#3593);
#3595=EDGE_CURVE('',#3584,#3575,#3594,.T.);
#3596=ORIENTED_EDGE('',*,*,#3595,.T.);
#3597=EDGE_LOOP('',(#3581,#3582,#3590,#3596));
#3598=FACE_BOUND('',#3597,.T.);
#3599=ADVANCED_FACE('',(#3598),#3573,.T.);
#3600=CARTESIAN_POINT('',(202.7,185.6,10.525));
#3601=DIRECTION('',(0.,0.,-1.));
#3602=DIRECTION('',(-1.,0.,0.));
#3603=AXIS2_PLACEMENT_3D('',#3600,#3601,#3602);
#3604=CYLINDRICAL_SURFACE('',#3603,0.75);
#3605=CARTESIAN_POINT('',(203.45,185.6,11.2));
#3606=VERTEX_POINT('',#3605);
#3607=CARTESIAN_POINT('',(202.7,185.6,11.2));
#3608=DIRECTION('',(0.,0.,-1.));
#3609=DIRECTION('',(-1.,0.,0.));
#3610=AXIS2_PLACEMENT_3D('',#3607,#3608,#3609);
#3611=CIRCLE('',#3610,0.75);
#3612=EDGE_CURVE('',#3606,#3584,#3611,.T.);
#3613=ORIENTED_EDGE('',*,*,#3612,.F.);
#3614=CARTESIAN_POINT('',(203.45,185.6,9.9));
#3615=VERTEX_POINT('',#3614);
#3616=CARTESIAN_POINT('',(203.45,185.6,9.9));
#3617=DIRECTION('',(-0.,-0.,1.));
#3618=VECTOR('',#3617,1.3);
#3619=LINE('',#3616,#3618);
#3620=EDGE_CURVE('',#3615,#3606,#3619,.T.);
#3621=ORIENTED_EDGE('',*,*,#3620,.F.);
#3622=CARTESIAN_POINT('',(202.7,185.6,9.9));
#3623=DIRECTION('',(-0.,-0.,1.));
#3624=DIRECTION('',(-1.,0.,0.));
#3625=AXIS2_PLACEMENT_3D('',#3622,#3623,#3624);
#3626=CIRCLE('',#3625,0.75);
#3627=EDGE_CURVE('',#3575,#3615,#3626,.T.);
#3628=ORIENTED_EDGE('',*,*,#3627,.F.);
#3629=ORIENTED_EDGE('',*,*,#3595,.F.);
#3630=EDGE_LOOP('',(#3613,#3621,#3628,#3629));
#3631=FACE_BOUND('',#3630,.T.);
#3632=ADVANCED_FACE('',(#3631),#3604,.F.);
#3633=CARTESIAN_POINT('',(203.45,173.,10.525));
#3634=DIRECTION('',(1.,0.,0.));
#3635=DIRECTION('',(0.,0.,-1.));
#3636=AXIS2_PLACEMENT_3D('',#3633,#3634,#3635);
#3637=PLANE('',#3636);
#3638=ORIENTED_EDGE('',*,*,#1838,.F.);
#3639=CARTESIAN_POINT('',(203.45,185.6,9.9));
#3640=DIRECTION('',(-0.,1.,-0.));
#3641=VECTOR('',#3640,3.9);
#3642=LINE('',#3639,#3641);
#3643=EDGE_CURVE('',#3615,#1827,#3642,.T.);
#3644=ORIENTED_EDGE('',*,*,#3643,.F.);
#3645=ORIENTED_EDGE('',*,*,#3620,.T.);
#3646=CARTESIAN_POINT('',(203.45,188.5,11.2));
#3647=VERTEX_POINT('',#3646);
#3648=CARTESIAN_POINT('',(203.45,185.6,11.2));
#3649=DIRECTION('',(0.,1.,0.));
#3650=VECTOR('',#3649,2.9);
#3651=LINE('',#3648,#3650);
#3652=EDGE_CURVE('',#3606,#3647,#3651,.T.);
#3653=ORIENTED_EDGE('',*,*,#3652,.T.);
#3654=CARTESIAN_POINT('',(203.45,188.5,11.2));
#3655=DIRECTION('',(-0.,-0.,1.));
#3656=VECTOR('',#3655,1.25);
#3657=LINE('',#3654,#3656);
#3658=EDGE_CURVE('',#3647,#1709,#3657,.T.);
#3659=ORIENTED_EDGE('',*,*,#3658,.T.);
#3660=ORIENTED_EDGE('',*,*,#1715,.T.);
#3661=ORIENTED_EDGE('',*,*,#1737,.T.);
#3662=EDGE_LOOP('',(#3638,#3644,#3645,#3653,#3659,#3660,#3661));
#3663=FACE_BOUND('',#3662,.T.);
#3664=ADVANCED_FACE('',(#3663),#3637,.F.);
#3665=CARTESIAN_POINT('',(214.1,188.5,10.525));
#3666=DIRECTION('',(0.,1.,0.));
#3667=DIRECTION('',(-1.,0.,0.));
#3668=AXIS2_PLACEMENT_3D('',#3665,#3666,#3667);
#3669=PLANE('',#3668);
#3670=CARTESIAN_POINT('',(208.45,188.5,11.2));
#3671=VERTEX_POINT('',#3670);
#3672=CARTESIAN_POINT('',(208.45,188.5,11.2));
#3673=DIRECTION('',(0.,0.,1.));
#3674=VECTOR('',#3673,1.25);
#3675=LINE('',#3672,#3674);
#3676=EDGE_CURVE('',#3671,#1692,#3675,.T.);
#3677=ORIENTED_EDGE('',*,*,#3676,.T.);
#3678=ORIENTED_EDGE('',*,*,#1721,.T.);
#3679=ORIENTED_EDGE('',*,*,#3658,.F.);
#3680=CARTESIAN_POINT('',(208.45,188.5,11.2));
#3681=DIRECTION('',(-1.,0.,0.));
#3682=VECTOR('',#3681,5.);
#3683=LINE('',#3680,#3682);
#3684=EDGE_CURVE('',#3671,#3647,#3683,.T.);
#3685=ORIENTED_EDGE('',*,*,#3684,.F.);
#3686=EDGE_LOOP('',(#3677,#3678,#3679,#3685));
#3687=FACE_BOUND('',#3686,.T.);
#3688=ADVANCED_FACE('',(#3687),#3669,.F.);
#3689=CARTESIAN_POINT('',(208.45,173.,10.525));
#3690=DIRECTION('',(1.,0.,0.));
#3691=DIRECTION('',(0.,0.,-1.));
#3692=AXIS2_PLACEMENT_3D('',#3689,#3690,#3691);
#3693=PLANE('',#3692);
#3694=ORIENTED_EDGE('',*,*,#3676,.F.);
#3695=CARTESIAN_POINT('',(208.45,185.6,11.2));
#3696=VERTEX_POINT('',#3695);
#3697=CARTESIAN_POINT('',(208.45,185.6,11.2));
#3698=DIRECTION('',(-0.,1.,-0.));
#3699=VECTOR('',#3698,2.9);
#3700=LINE('',#3697,#3699);
#3701=EDGE_CURVE('',#3696,#3671,#3700,.T.);
#3702=ORIENTED_EDGE('',*,*,#3701,.F.);
#3703=CARTESIAN_POINT('',(208.45,185.6,9.9));
#3704=VERTEX_POINT('',#3703);
#3705=CARTESIAN_POINT('',(208.45,185.6,11.2));
#3706=DIRECTION('',(0.,0.,-1.));
#3707=VECTOR('',#3706,1.3);
#3708=LINE('',#3705,#3707);
#3709=EDGE_CURVE('',#3696,#3704,#3708,.T.);
#3710=ORIENTED_EDGE('',*,*,#3709,.T.);
#3711=CARTESIAN_POINT('',(208.45,185.6,9.9));
#3712=DIRECTION('',(0.,1.,0.));
#3713=VECTOR('',#3712,3.9);
#3714=LINE('',#3711,#3713);
#3715=EDGE_CURVE('',#3704,#1819,#3714,.T.);
#3716=ORIENTED_EDGE('',*,*,#3715,.T.);
#3717=ORIENTED_EDGE('',*,*,#1824,.T.);
#3718=ORIENTED_EDGE('',*,*,#1746,.F.);
#3719=ORIENTED_EDGE('',*,*,#1698,.T.);
#3720=EDGE_LOOP('',(#3694,#3702,#3710,#3716,#3717,#3718,#3719));
#3721=FACE_BOUND('',#3720,.T.);
#3722=ADVANCED_FACE('',(#3721),#3693,.T.);
#3723=CARTESIAN_POINT('',(209.2,185.6,10.525));
#3724=DIRECTION('',(0.,0.,1.));
#3725=DIRECTION('',(1.,0.,-0.));
#3726=AXIS2_PLACEMENT_3D('',#3723,#3724,#3725);
#3727=CYLINDRICAL_SURFACE('',#3726,0.75);
#3728=CARTESIAN_POINT('',(209.2,184.85,11.2));
#3729=VERTEX_POINT('',#3728);
#3730=CARTESIAN_POINT('',(209.2,185.6,11.2));
#3731=DIRECTION('',(-0.,-0.,-1.));
#3732=DIRECTION('',(1.,0.,-0.));
#3733=AXIS2_PLACEMENT_3D('',#3730,#3731,#3732);
#3734=CIRCLE('',#3733,0.75);
#3735=EDGE_CURVE('',#3729,#3696,#3734,.T.);
#3736=ORIENTED_EDGE('',*,*,#3735,.F.);
#3737=CARTESIAN_POINT('',(209.2,184.85,9.9));
#3738=VERTEX_POINT('',#3737);
#3739=CARTESIAN_POINT('',(209.2,184.85,9.9));
#3740=DIRECTION('',(0.,0.,1.));
#3741=VECTOR('',#3740,1.3);
#3742=LINE('',#3739,#3741);
#3743=EDGE_CURVE('',#3738,#3729,#3742,.T.);
#3744=ORIENTED_EDGE('',*,*,#3743,.F.);
#3745=CARTESIAN_POINT('',(209.2,185.6,9.9));
#3746=DIRECTION('',(0.,0.,1.));
#3747=DIRECTION('',(1.,0.,-0.));
#3748=AXIS2_PLACEMENT_3D('',#3745,#3746,#3747);
#3749=CIRCLE('',#3748,0.75);
#3750=EDGE_CURVE('',#3704,#3738,#3749,.T.);
#3751=ORIENTED_EDGE('',*,*,#3750,.F.);
#3752=ORIENTED_EDGE('',*,*,#3709,.F.);
#3753=EDGE_LOOP('',(#3736,#3744,#3751,#3752));
#3754=FACE_BOUND('',#3753,.T.);
#3755=ADVANCED_FACE('',(#3754),#3727,.F.);
#3756=CARTESIAN_POINT('',(150.45,184.85,10.525));
#3757=DIRECTION('',(0.,1.,0.));
#3758=DIRECTION('',(-1.,0.,0.));
#3759=AXIS2_PLACEMENT_3D('',#3756,#3757,#3758);
#3760=PLANE('',#3759);
#3761=CARTESIAN_POINT('',(210.85,184.85,9.9));
#3762=VERTEX_POINT('',#3761);
#3763=CARTESIAN_POINT('',(210.85,184.85,9.9));
#3764=DIRECTION('',(-1.,0.,0.));
#3765=VECTOR('',#3764,1.65);
#3766=LINE('',#3763,#3765);
#3767=EDGE_CURVE('',#3762,#3738,#3766,.T.);
#3768=ORIENTED_EDGE('',*,*,#3767,.T.);
#3769=ORIENTED_EDGE('',*,*,#3743,.T.);
#3770=CARTESIAN_POINT('',(210.85,184.85,11.2));
#3771=VERTEX_POINT('',#3770);
#3772=CARTESIAN_POINT('',(210.85,184.85,11.2));
#3773=DIRECTION('',(-1.,0.,0.));
#3774=VECTOR('',#3773,1.65);
#3775=LINE('',#3772,#3774);
#3776=EDGE_CURVE('',#3771,#3729,#3775,.T.);
#3777=ORIENTED_EDGE('',*,*,#3776,.F.);
#3778=CARTESIAN_POINT('',(210.85,184.85,11.2));
#3779=DIRECTION('',(-0.,-0.,-1.));
#3780=VECTOR('',#3779,1.3);
#3781=LINE('',#3778,#3780);
#3782=EDGE_CURVE('',#3771,#3762,#3781,.T.);
#3783=ORIENTED_EDGE('',*,*,#3782,.T.);
#3784=EDGE_LOOP('',(#3768,#3769,#3777,#3783));
#3785=FACE_BOUND('',#3784,.T.);
#3786=ADVANCED_FACE('',(#3785),#3760,.T.);
#3787=CARTESIAN_POINT('',(210.85,185.6,10.525));
#3788=DIRECTION('',(0.,0.,-1.));
#3789=DIRECTION('',(-1.,0.,0.));
#3790=AXIS2_PLACEMENT_3D('',#3787,#3788,#3789);
#3791=CYLINDRICAL_SURFACE('',#3790,0.75);
#3792=CARTESIAN_POINT('',(211.6,185.6,11.2));
#3793=VERTEX_POINT('',#3792);
#3794=CARTESIAN_POINT('',(210.85,185.6,11.2));
#3795=DIRECTION('',(0.,0.,-1.));
#3796=DIRECTION('',(-1.,0.,0.));
#3797=AXIS2_PLACEMENT_3D('',#3794,#3795,#3796);
#3798=CIRCLE('',#3797,0.75);
#3799=EDGE_CURVE('',#3793,#3771,#3798,.T.);
#3800=ORIENTED_EDGE('',*,*,#3799,.F.);
#3801=CARTESIAN_POINT('',(211.6,185.6,9.9));
#3802=VERTEX_POINT('',#3801);
#3803=CARTESIAN_POINT('',(211.6,185.6,9.9));
#3804=DIRECTION('',(-0.,-0.,1.));
#3805=VECTOR('',#3804,1.3);
#3806=LINE('',#3803,#3805);
#3807=EDGE_CURVE('',#3802,#3793,#3806,.T.);
#3808=ORIENTED_EDGE('',*,*,#3807,.F.);
#3809=CARTESIAN_POINT('',(210.85,185.6,9.9));
#3810=DIRECTION('',(-0.,-0.,1.));
#3811=DIRECTION('',(-1.,0.,0.));
#3812=AXIS2_PLACEMENT_3D('',#3809,#3810,#3811);
#3813=CIRCLE('',#3812,0.75);
#3814=EDGE_CURVE('',#3762,#3802,#3813,.T.);
#3815=ORIENTED_EDGE('',*,*,#3814,.F.);
#3816=ORIENTED_EDGE('',*,*,#3782,.F.);
#3817=EDGE_LOOP('',(#3800,#3808,#3815,#3816));
#3818=FACE_BOUND('',#3817,.T.);
#3819=ADVANCED_FACE('',(#3818),#3791,.F.);
#3820=CARTESIAN_POINT('',(38.75,191.25,10.519515836));
#3821=DIRECTION('',(0.,0.,-1.));
#3822=DIRECTION('',(-1.,0.,0.));
#3823=AXIS2_PLACEMENT_3D('',#3820,#3821,#3822);
#3824=CYLINDRICAL_SURFACE('',#3823,0.25);
#3825=CARTESIAN_POINT('',(38.75,191.5,11.2));
#3826=VERTEX_POINT('',#3825);
#3827=CARTESIAN_POINT('',(39.,191.25,11.2));
#3828=VERTEX_POINT('',#3827);
#3829=CARTESIAN_POINT('',(38.75,191.25,11.2));
#3830=DIRECTION('',(0.,0.,-1.));
#3831=DIRECTION('',(-1.,0.,0.));
#3832=AXIS2_PLACEMENT_3D('',#3829,#3830,#3831);
#3833=CIRCLE('',#3832,0.25);
#3834=EDGE_CURVE('',#3826,#3828,#3833,.T.);
#3835=ORIENTED_EDGE('',*,*,#3834,.F.);
#3836=CARTESIAN_POINT('',(38.75,191.5,9.9));
#3837=VERTEX_POINT('',#3836);
#3838=CARTESIAN_POINT('',(38.75,191.5,9.9));
#3839=DIRECTION('',(0.,0.,1.));
#3840=VECTOR('',#3839,1.3);
#3841=LINE('',#3838,#3840);
#3842=EDGE_CURVE('',#3837,#3826,#3841,.T.);
#3843=ORIENTED_EDGE('',*,*,#3842,.F.);
#3844=CARTESIAN_POINT('',(39.,191.25,9.9));
#3845=VERTEX_POINT('',#3844);
#3846=CARTESIAN_POINT('',(38.75,191.25,9.9));
#3847=DIRECTION('',(-0.,-0.,1.));
#3848=DIRECTION('',(-1.,0.,0.));
#3849=AXIS2_PLACEMENT_3D('',#3846,#3847,#3848);
#3850=CIRCLE('',#3849,0.25);
#3851=EDGE_CURVE('',#3845,#3837,#3850,.T.);
#3852=ORIENTED_EDGE('',*,*,#3851,.F.);
#3853=CARTESIAN_POINT('',(39.,191.25,11.2));
#3854=DIRECTION('',(-0.,-0.,-1.));
#3855=VECTOR('',#3854,1.3);
#3856=LINE('',#3853,#3855);
#3857=EDGE_CURVE('',#3828,#3845,#3856,.T.);
#3858=ORIENTED_EDGE('',*,*,#3857,.F.);
#3859=EDGE_LOOP('',(#3835,#3843,#3852,#3858));
#3860=FACE_BOUND('',#3859,.T.);
#3861=ADVANCED_FACE('',(#3860),#3824,.F.);
#3862=CARTESIAN_POINT('',(15.3,191.5,10.525));
#3863=DIRECTION('',(0.,1.,0.));
#3864=DIRECTION('',(-1.,0.,0.));
#3865=AXIS2_PLACEMENT_3D('',#3862,#3863,#3864);
#3866=PLANE('',#3865);
#3867=CARTESIAN_POINT('',(38.25,191.5,11.2));
#3868=VERTEX_POINT('',#3867);
#3869=CARTESIAN_POINT('',(38.75,191.5,11.2));
#3870=DIRECTION('',(-1.,0.,0.));
#3871=VECTOR('',#3870,0.5);
#3872=LINE('',#3869,#3871);
#3873=EDGE_CURVE('',#3826,#3868,#3872,.T.);
#3874=ORIENTED_EDGE('',*,*,#3873,.T.);
#3875=CARTESIAN_POINT('',(38.25,191.5,9.9));
#3876=VERTEX_POINT('',#3875);
#3877=CARTESIAN_POINT('',(38.25,191.5,11.2));
#3878=DIRECTION('',(-0.,-0.,-1.));
#3879=VECTOR('',#3878,1.3);
#3880=LINE('',#3877,#3879);
#3881=EDGE_CURVE('',#3868,#3876,#3880,.T.);
#3882=ORIENTED_EDGE('',*,*,#3881,.T.);
#3883=CARTESIAN_POINT('',(38.75,191.5,9.9));
#3884=DIRECTION('',(-1.,0.,0.));
#3885=VECTOR('',#3884,0.5);
#3886=LINE('',#3883,#3885);
#3887=EDGE_CURVE('',#3837,#3876,#3886,.T.);
#3888=ORIENTED_EDGE('',*,*,#3887,.F.);
#3889=ORIENTED_EDGE('',*,*,#3842,.T.);
#3890=EDGE_LOOP('',(#3874,#3882,#3888,#3889));
#3891=FACE_BOUND('',#3890,.T.);
#3892=ADVANCED_FACE('',(#3891),#3866,.F.);
#3893=CARTESIAN_POINT('',(38.25,191.25,10.525));
#3894=DIRECTION('',(0.,0.,1.));
#3895=DIRECTION('',(1.,0.,-0.));
#3896=AXIS2_PLACEMENT_3D('',#3893,#3894,#3895);
#3897=CYLINDRICAL_SURFACE('',#3896,0.25);
#3898=CARTESIAN_POINT('',(38.,191.25,11.2));
#3899=VERTEX_POINT('',#3898);
#3900=CARTESIAN_POINT('',(38.25,191.25,11.2));
#3901=DIRECTION('',(-0.,-0.,-1.));
#3902=DIRECTION('',(1.,0.,-0.));
#3903=AXIS2_PLACEMENT_3D('',#3900,#3901,#3902);
#3904=CIRCLE('',#3903,0.25);
#3905=EDGE_CURVE('',#3899,#3868,#3904,.T.);
#3906=ORIENTED_EDGE('',*,*,#3905,.F.);
#3907=CARTESIAN_POINT('',(38.,191.25,9.9));
#3908=VERTEX_POINT('',#3907);
#3909=CARTESIAN_POINT('',(38.,191.25,9.9));
#3910=DIRECTION('',(0.,0.,1.));
#3911=VECTOR('',#3910,1.3);
#3912=LINE('',#3909,#3911);
#3913=EDGE_CURVE('',#3908,#3899,#3912,.T.);
#3914=ORIENTED_EDGE('',*,*,#3913,.F.);
#3915=CARTESIAN_POINT('',(38.25,191.25,9.9));
#3916=DIRECTION('',(0.,0.,1.));
#3917=DIRECTION('',(1.,0.,-0.));
#3918=AXIS2_PLACEMENT_3D('',#3915,#3916,#3917);
#3919=CIRCLE('',#3918,0.25);
#3920=EDGE_CURVE('',#3876,#3908,#3919,.T.);
#3921=ORIENTED_EDGE('',*,*,#3920,.F.);
#3922=ORIENTED_EDGE('',*,*,#3881,.F.);
#3923=EDGE_LOOP('',(#3906,#3914,#3921,#3922));
#3924=FACE_BOUND('',#3923,.T.);
#3925=ADVANCED_FACE('',(#3924),#3897,.F.);
#3926=CARTESIAN_POINT('',(38.,193.547265042,10.519515836));
#3927=DIRECTION('',(-1.,0.,0.));
#3928=DIRECTION('',(0.,0.,1.));
#3929=AXIS2_PLACEMENT_3D('',#3926,#3927,#3928);
#3930=PLANE('',#3929);
#3931=CARTESIAN_POINT('',(38.,188.,9.9));
#3932=VERTEX_POINT('',#3931);
#3933=CARTESIAN_POINT('',(38.,191.25,9.9));
#3934=DIRECTION('',(0.,-1.,0.));
#3935=VECTOR('',#3934,3.25);
#3936=LINE('',#3933,#3935);
#3937=EDGE_CURVE('',#3908,#3932,#3936,.T.);
#3938=ORIENTED_EDGE('',*,*,#3937,.F.);
#3939=ORIENTED_EDGE('',*,*,#3913,.T.);
#3940=CARTESIAN_POINT('',(38.,188.,11.2));
#3941=VERTEX_POINT('',#3940);
#3942=CARTESIAN_POINT('',(38.,191.25,11.2));
#3943=DIRECTION('',(-0.,-1.,-0.));
#3944=VECTOR('',#3943,3.25);
#3945=LINE('',#3942,#3944);
#3946=EDGE_CURVE('',#3899,#3941,#3945,.T.);
#3947=ORIENTED_EDGE('',*,*,#3946,.T.);
#3948=CARTESIAN_POINT('',(38.,188.,11.2));
#3949=DIRECTION('',(-0.,-0.,-1.));
#3950=VECTOR('',#3949,1.3);
#3951=LINE('',#3948,#3950);
#3952=EDGE_CURVE('',#3941,#3932,#3951,.T.);
#3953=ORIENTED_EDGE('',*,*,#3952,.T.);
#3954=EDGE_LOOP('',(#3938,#3939,#3947,#3953));
#3955=FACE_BOUND('',#3954,.T.);
#3956=ADVANCED_FACE('',(#3955),#3930,.F.);
#3957=CARTESIAN_POINT('',(38.25,188.,10.519515836));
#3958=DIRECTION('',(0.,0.,-1.));
#3959=DIRECTION('',(-1.,0.,0.));
#3960=AXIS2_PLACEMENT_3D('',#3957,#3958,#3959);
#3961=CYLINDRICAL_SURFACE('',#3960,0.25);
#3962=CARTESIAN_POINT('',(38.25,187.75,11.2));
#3963=VERTEX_POINT('',#3962);
#3964=CARTESIAN_POINT('',(38.25,188.,11.2));
#3965=DIRECTION('',(0.,0.,-1.));
#3966=DIRECTION('',(-1.,0.,0.));
#3967=AXIS2_PLACEMENT_3D('',#3964,#3965,#3966);
#3968=CIRCLE('',#3967,0.25);
#3969=EDGE_CURVE('',#3963,#3941,#3968,.T.);
#3970=ORIENTED_EDGE('',*,*,#3969,.F.);
#3971=CARTESIAN_POINT('',(38.25,187.75,9.9));
#3972=VERTEX_POINT('',#3971);
#3973=CARTESIAN_POINT('',(38.25,187.75,9.9));
#3974=DIRECTION('',(0.,0.,1.));
#3975=VECTOR('',#3974,1.3);
#3976=LINE('',#3973,#3975);
#3977=EDGE_CURVE('',#3972,#3963,#3976,.T.);
#3978=ORIENTED_EDGE('',*,*,#3977,.F.);
#3979=CARTESIAN_POINT('',(38.25,188.,9.9));
#3980=DIRECTION('',(-0.,-0.,1.));
#3981=DIRECTION('',(-1.,0.,0.));
#3982=AXIS2_PLACEMENT_3D('',#3979,#3980,#3981);
#3983=CIRCLE('',#3982,0.25);
#3984=EDGE_CURVE('',#3932,#3972,#3983,.T.);
#3985=ORIENTED_EDGE('',*,*,#3984,.F.);
#3986=ORIENTED_EDGE('',*,*,#3952,.F.);
#3987=EDGE_LOOP('',(#3970,#3978,#3985,#3986));
#3988=FACE_BOUND('',#3987,.T.);
#3989=ADVANCED_FACE('',(#3988),#3961,.F.);
#3990=CARTESIAN_POINT('',(15.3,187.75,10.525));
#3991=DIRECTION('',(0.,1.,0.));
#3992=DIRECTION('',(-1.,0.,0.));
#3993=AXIS2_PLACEMENT_3D('',#3990,#3991,#3992);
#3994=PLANE('',#3993);
#3995=CARTESIAN_POINT('',(38.75,187.75,9.9));
#3996=VERTEX_POINT('',#3995);
#3997=CARTESIAN_POINT('',(38.75,187.75,9.9));
#3998=DIRECTION('',(-1.,0.,0.));
#3999=VECTOR('',#3998,0.5);
#4000=LINE('',#3997,#3999);
#4001=EDGE_CURVE('',#3996,#3972,#4000,.T.);
#4002=ORIENTED_EDGE('',*,*,#4001,.T.);
#4003=ORIENTED_EDGE('',*,*,#3977,.T.);
#4004=CARTESIAN_POINT('',(38.75,187.75,11.2));
#4005=VERTEX_POINT('',#4004);
#4006=CARTESIAN_POINT('',(38.75,187.75,11.2));
#4007=DIRECTION('',(-1.,0.,0.));
#4008=VECTOR('',#4007,0.5);
#4009=LINE('',#4006,#4008);
#4010=EDGE_CURVE('',#4005,#3963,#4009,.T.);
#4011=ORIENTED_EDGE('',*,*,#4010,.F.);
#4012=CARTESIAN_POINT('',(38.75,187.75,11.2));
#4013=DIRECTION('',(-0.,-0.,-1.));
#4014=VECTOR('',#4013,1.3);
#4015=LINE('',#4012,#4014);
#4016=EDGE_CURVE('',#4005,#3996,#4015,.T.);
#4017=ORIENTED_EDGE('',*,*,#4016,.T.);
#4018=EDGE_LOOP('',(#4002,#4003,#4011,#4017));
#4019=FACE_BOUND('',#4018,.T.);
#4020=ADVANCED_FACE('',(#4019),#3994,.T.);
#4021=CARTESIAN_POINT('',(38.75,188.,10.525));
#4022=DIRECTION('',(0.,0.,1.));
#4023=DIRECTION('',(1.,0.,-0.));
#4024=AXIS2_PLACEMENT_3D('',#4021,#4022,#4023);
#4025=CYLINDRICAL_SURFACE('',#4024,0.25);
#4026=CARTESIAN_POINT('',(39.,188.,11.2));
#4027=VERTEX_POINT('',#4026);
#4028=CARTESIAN_POINT('',(38.75,188.,11.2));
#4029=DIRECTION('',(-0.,-0.,-1.));
#4030=DIRECTION('',(1.,0.,-0.));
#4031=AXIS2_PLACEMENT_3D('',#4028,#4029,#4030);
#4032=CIRCLE('',#4031,0.25);
#4033=EDGE_CURVE('',#4027,#4005,#4032,.T.);
#4034=ORIENTED_EDGE('',*,*,#4033,.F.);
#4035=CARTESIAN_POINT('',(39.,188.,9.9));
#4036=VERTEX_POINT('',#4035);
#4037=CARTESIAN_POINT('',(39.,188.,9.9));
#4038=DIRECTION('',(0.,0.,1.));
#4039=VECTOR('',#4038,1.3);
#4040=LINE('',#4037,#4039);
#4041=EDGE_CURVE('',#4036,#4027,#4040,.T.);
#4042=ORIENTED_EDGE('',*,*,#4041,.F.);
#4043=CARTESIAN_POINT('',(38.75,188.,9.9));
#4044=DIRECTION('',(0.,0.,1.));
#4045=DIRECTION('',(1.,0.,-0.));
#4046=AXIS2_PLACEMENT_3D('',#4043,#4044,#4045);
#4047=CIRCLE('',#4046,0.25);
#4048=EDGE_CURVE('',#3996,#4036,#4047,.T.);
#4049=ORIENTED_EDGE('',*,*,#4048,.F.);
#4050=ORIENTED_EDGE('',*,*,#4016,.F.);
#4051=EDGE_LOOP('',(#4034,#4042,#4049,#4050));
#4052=FACE_BOUND('',#4051,.T.);
#4053=ADVANCED_FACE('',(#4052),#4025,.F.);
#4054=CARTESIAN_POINT('',(39.,193.547265042,10.519515836));
#4055=DIRECTION('',(-1.,0.,0.));
#4056=DIRECTION('',(0.,0.,1.));
#4057=AXIS2_PLACEMENT_3D('',#4054,#4055,#4056);
#4058=PLANE('',#4057);
#4059=CARTESIAN_POINT('',(39.,191.25,11.2));
#4060=DIRECTION('',(0.,-1.,0.));
#4061=VECTOR('',#4060,3.25);
#4062=LINE('',#4059,#4061);
#4063=EDGE_CURVE('',#3828,#4027,#4062,.T.);
#4064=ORIENTED_EDGE('',*,*,#4063,.F.);
#4065=ORIENTED_EDGE('',*,*,#3857,.T.);
#4066=CARTESIAN_POINT('',(39.,191.25,9.9));
#4067=DIRECTION('',(-0.,-1.,-0.));
#4068=VECTOR('',#4067,3.25);
#4069=LINE('',#4066,#4068);
#4070=EDGE_CURVE('',#3845,#4036,#4069,.T.);
#4071=ORIENTED_EDGE('',*,*,#4070,.T.);
#4072=ORIENTED_EDGE('',*,*,#4041,.T.);
#4073=EDGE_LOOP('',(#4064,#4065,#4071,#4072));
#4074=FACE_BOUND('',#4073,.T.);
#4075=ADVANCED_FACE('',(#4074),#4058,.T.);
#4076=CARTESIAN_POINT('',(36.05,191.25,10.525));
#4077=DIRECTION('',(0.,0.,1.));
#4078=DIRECTION('',(1.,0.,-0.));
#4079=AXIS2_PLACEMENT_3D('',#4076,#4077,#4078);
#4080=CYLINDRICAL_SURFACE('',#4079,0.25);
#4081=CARTESIAN_POINT('',(35.8,191.25,11.2));
#4082=VERTEX_POINT('',#4081);
#4083=CARTESIAN_POINT('',(36.05,191.5,11.2));
#4084=VERTEX_POINT('',#4083);
#4085=CARTESIAN_POINT('',(36.05,191.25,11.2));
#4086=DIRECTION('',(-0.,-0.,-1.));
#4087=DIRECTION('',(1.,0.,-0.));
#4088=AXIS2_PLACEMENT_3D('',#4085,#4086,#4087);
#4089=CIRCLE('',#4088,0.25);
#4090=EDGE_CURVE('',#4082,#4084,#4089,.T.);
#4091=ORIENTED_EDGE('',*,*,#4090,.F.);
#4092=CARTESIAN_POINT('',(35.8,191.25,9.9));
#4093=VERTEX_POINT('',#4092);
#4094=CARTESIAN_POINT('',(35.8,191.25,9.9));
#4095=DIRECTION('',(0.,0.,1.));
#4096=VECTOR('',#4095,1.3);
#4097=LINE('',#4094,#4096);
#4098=EDGE_CURVE('',#4093,#4082,#4097,.T.);
#4099=ORIENTED_EDGE('',*,*,#4098,.F.);
#4100=CARTESIAN_POINT('',(36.05,191.5,9.9));
#4101=VERTEX_POINT('',#4100);
#4102=CARTESIAN_POINT('',(36.05,191.25,9.9));
#4103=DIRECTION('',(0.,0.,1.));
#4104=DIRECTION('',(1.,0.,-0.));
#4105=AXIS2_PLACEMENT_3D('',#4102,#4103,#4104);
#4106=CIRCLE('',#4105,0.25);
#4107=EDGE_CURVE('',#4101,#4093,#4106,.T.);
#4108=ORIENTED_EDGE('',*,*,#4107,.F.);
#4109=CARTESIAN_POINT('',(36.05,191.5,11.2));
#4110=DIRECTION('',(-0.,-0.,-1.));
#4111=VECTOR('',#4110,1.3);
#4112=LINE('',#4109,#4111);
#4113=EDGE_CURVE('',#4084,#4101,#4112,.T.);
#4114=ORIENTED_EDGE('',*,*,#4113,.F.);
#4115=EDGE_LOOP('',(#4091,#4099,#4108,#4114));
#4116=FACE_BOUND('',#4115,.T.);
#4117=ADVANCED_FACE('',(#4116),#4080,.F.);
#4118=CARTESIAN_POINT('',(35.8,193.547265042,10.519515836));
#4119=DIRECTION('',(-1.,0.,0.));
#4120=DIRECTION('',(0.,0.,1.));
#4121=AXIS2_PLACEMENT_3D('',#4118,#4119,#4120);
#4122=PLANE('',#4121);
#4123=CARTESIAN_POINT('',(35.8,188.,9.9));
#4124=VERTEX_POINT('',#4123);
#4125=CARTESIAN_POINT('',(35.8,191.25,9.9));
#4126=DIRECTION('',(0.,-1.,0.));
#4127=VECTOR('',#4126,3.25);
#4128=LINE('',#4125,#4127);
#4129=EDGE_CURVE('',#4093,#4124,#4128,.T.);
#4130=ORIENTED_EDGE('',*,*,#4129,.F.);
#4131=ORIENTED_EDGE('',*,*,#4098,.T.);
#4132=CARTESIAN_POINT('',(35.8,188.,11.2));
#4133=VERTEX_POINT('',#4132);
#4134=CARTESIAN_POINT('',(35.8,191.25,11.2));
#4135=DIRECTION('',(-0.,-1.,-0.));
#4136=VECTOR('',#4135,3.25);
#4137=LINE('',#4134,#4136);
#4138=EDGE_CURVE('',#4082,#4133,#4137,.T.);
#4139=ORIENTED_EDGE('',*,*,#4138,.T.);
#4140=CARTESIAN_POINT('',(35.8,188.,11.2));
#4141=DIRECTION('',(-0.,-0.,-1.));
#4142=VECTOR('',#4141,1.3);
#4143=LINE('',#4140,#4142);
#4144=EDGE_CURVE('',#4133,#4124,#4143,.T.);
#4145=ORIENTED_EDGE('',*,*,#4144,.T.);
#4146=EDGE_LOOP('',(#4130,#4131,#4139,#4145));
#4147=FACE_BOUND('',#4146,.T.);
#4148=ADVANCED_FACE('',(#4147),#4122,.F.);
#4149=CARTESIAN_POINT('',(36.05,188.,10.519515836));
#4150=DIRECTION('',(0.,0.,-1.));
#4151=DIRECTION('',(-1.,0.,0.));
#4152=AXIS2_PLACEMENT_3D('',#4149,#4150,#4151);
#4153=CYLINDRICAL_SURFACE('',#4152,0.25);
#4154=CARTESIAN_POINT('',(36.05,187.75,11.2));
#4155=VERTEX_POINT('',#4154);
#4156=CARTESIAN_POINT('',(36.05,188.,11.2));
#4157=DIRECTION('',(0.,0.,-1.));
#4158=DIRECTION('',(-1.,0.,0.));
#4159=AXIS2_PLACEMENT_3D('',#4156,#4157,#4158);
#4160=CIRCLE('',#4159,0.25);
#4161=EDGE_CURVE('',#4155,#4133,#4160,.T.);
#4162=ORIENTED_EDGE('',*,*,#4161,.F.);
#4163=CARTESIAN_POINT('',(36.05,187.75,9.9));
#4164=VERTEX_POINT('',#4163);
#4165=CARTESIAN_POINT('',(36.05,187.75,9.9));
#4166=DIRECTION('',(0.,0.,1.));
#4167=VECTOR('',#4166,1.3);
#4168=LINE('',#4165,#4167);
#4169=EDGE_CURVE('',#4164,#4155,#4168,.T.);
#4170=ORIENTED_EDGE('',*,*,#4169,.F.);
#4171=CARTESIAN_POINT('',(36.05,188.,9.9));
#4172=DIRECTION('',(-0.,-0.,1.));
#4173=DIRECTION('',(-1.,0.,0.));
#4174=AXIS2_PLACEMENT_3D('',#4171,#4172,#4173);
#4175=CIRCLE('',#4174,0.25);
#4176=EDGE_CURVE('',#4124,#4164,#4175,.T.);
#4177=ORIENTED_EDGE('',*,*,#4176,.F.);
#4178=ORIENTED_EDGE('',*,*,#4144,.F.);
#4179=EDGE_LOOP('',(#4162,#4170,#4177,#4178));
#4180=FACE_BOUND('',#4179,.T.);
#4181=ADVANCED_FACE('',(#4180),#4153,.F.);
#4182=CARTESIAN_POINT('',(15.3,187.75,10.525));
#4183=DIRECTION('',(0.,1.,0.));
#4184=DIRECTION('',(-1.,0.,0.));
#4185=AXIS2_PLACEMENT_3D('',#4182,#4183,#4184);
#4186=PLANE('',#4185);
#4187=CARTESIAN_POINT('',(36.55,187.75,9.9));
#4188=VERTEX_POINT('',#4187);
#4189=CARTESIAN_POINT('',(36.55,187.75,9.9));
#4190=DIRECTION('',(-1.,0.,0.));
#4191=VECTOR('',#4190,0.5);
#4192=LINE('',#4189,#4191);
#4193=EDGE_CURVE('',#4188,#4164,#4192,.T.);
#4194=ORIENTED_EDGE('',*,*,#4193,.T.);
#4195=ORIENTED_EDGE('',*,*,#4169,.T.);
#4196=CARTESIAN_POINT('',(36.55,187.75,11.2));
#4197=VERTEX_POINT('',#4196);
#4198=CARTESIAN_POINT('',(36.55,187.75,11.2));
#4199=DIRECTION('',(-1.,0.,0.));
#4200=VECTOR('',#4199,0.5);
#4201=LINE('',#4198,#4200);
#4202=EDGE_CURVE('',#4197,#4155,#4201,.T.);
#4203=ORIENTED_EDGE('',*,*,#4202,.F.);
#4204=CARTESIAN_POINT('',(36.55,187.75,11.2));
#4205=DIRECTION('',(-0.,-0.,-1.));
#4206=VECTOR('',#4205,1.3);
#4207=LINE('',#4204,#4206);
#4208=EDGE_CURVE('',#4197,#4188,#4207,.T.);
#4209=ORIENTED_EDGE('',*,*,#4208,.T.);
#4210=EDGE_LOOP('',(#4194,#4195,#4203,#4209));
#4211=FACE_BOUND('',#4210,.T.);
#4212=ADVANCED_FACE('',(#4211),#4186,.T.);
#4213=CARTESIAN_POINT('',(36.55,188.,10.525));
#4214=DIRECTION('',(0.,0.,1.));
#4215=DIRECTION('',(1.,0.,-0.));
#4216=AXIS2_PLACEMENT_3D('',#4213,#4214,#4215);
#4217=CYLINDRICAL_SURFACE('',#4216,0.25);
#4218=CARTESIAN_POINT('',(36.8,188.,11.2));
#4219=VERTEX_POINT('',#4218);
#4220=CARTESIAN_POINT('',(36.55,188.,11.2));
#4221=DIRECTION('',(-0.,-0.,-1.));
#4222=DIRECTION('',(1.,0.,-0.));
#4223=AXIS2_PLACEMENT_3D('',#4220,#4221,#4222);
#4224=CIRCLE('',#4223,0.25);
#4225=EDGE_CURVE('',#4219,#4197,#4224,.T.);
#4226=ORIENTED_EDGE('',*,*,#4225,.F.);
#4227=CARTESIAN_POINT('',(36.8,188.,9.9));
#4228=VERTEX_POINT('',#4227);
#4229=CARTESIAN_POINT('',(36.8,188.,9.9));
#4230=DIRECTION('',(0.,0.,1.));
#4231=VECTOR('',#4230,1.3);
#4232=LINE('',#4229,#4231);
#4233=EDGE_CURVE('',#4228,#4219,#4232,.T.);
#4234=ORIENTED_EDGE('',*,*,#4233,.F.);
#4235=CARTESIAN_POINT('',(36.55,188.,9.9));
#4236=DIRECTION('',(0.,0.,1.));
#4237=DIRECTION('',(1.,0.,-0.));
#4238=AXIS2_PLACEMENT_3D('',#4235,#4236,#4237);
#4239=CIRCLE('',#4238,0.25);
#4240=EDGE_CURVE('',#4188,#4228,#4239,.T.);
#4241=ORIENTED_EDGE('',*,*,#4240,.F.);
#4242=ORIENTED_EDGE('',*,*,#4208,.F.);
#4243=EDGE_LOOP('',(#4226,#4234,#4241,#4242));
#4244=FACE_BOUND('',#4243,.T.);
#4245=ADVANCED_FACE('',(#4244),#4217,.F.);
#4246=CARTESIAN_POINT('',(36.8,193.547265042,10.519515836));
#4247=DIRECTION('',(-1.,0.,0.));
#4248=DIRECTION('',(0.,0.,1.));
#4249=AXIS2_PLACEMENT_3D('',#4246,#4247,#4248);
#4250=PLANE('',#4249);
#4251=CARTESIAN_POINT('',(36.8,191.25,11.2));
#4252=VERTEX_POINT('',#4251);
#4253=CARTESIAN_POINT('',(36.8,191.25,11.2));
#4254=DIRECTION('',(0.,-1.,0.));
#4255=VECTOR('',#4254,3.25);
#4256=LINE('',#4253,#4255);
#4257=EDGE_CURVE('',#4252,#4219,#4256,.T.);
#4258=ORIENTED_EDGE('',*,*,#4257,.F.);
#4259=CARTESIAN_POINT('',(36.8,191.25,9.9));
#4260=VERTEX_POINT('',#4259);
#4261=CARTESIAN_POINT('',(36.8,191.25,11.2));
#4262=DIRECTION('',(-0.,-0.,-1.));
#4263=VECTOR('',#4262,1.3);
#4264=LINE('',#4261,#4263);
#4265=EDGE_CURVE('',#4252,#4260,#4264,.T.);
#4266=ORIENTED_EDGE('',*,*,#4265,.T.);
#4267=CARTESIAN_POINT('',(36.8,191.25,9.9));
#4268=DIRECTION('',(-0.,-1.,-0.));
#4269=VECTOR('',#4268,3.25);
#4270=LINE('',#4267,#4269);
#4271=EDGE_CURVE('',#4260,#4228,#4270,.T.);
#4272=ORIENTED_EDGE('',*,*,#4271,.T.);
#4273=ORIENTED_EDGE('',*,*,#4233,.T.);
#4274=EDGE_LOOP('',(#4258,#4266,#4272,#4273));
#4275=FACE_BOUND('',#4274,.T.);
#4276=ADVANCED_FACE('',(#4275),#4250,.T.);
#4277=CARTESIAN_POINT('',(36.55,191.25,10.519515836));
#4278=DIRECTION('',(0.,0.,-1.));
#4279=DIRECTION('',(-1.,0.,0.));
#4280=AXIS2_PLACEMENT_3D('',#4277,#4278,#4279);
#4281=CYLINDRICAL_SURFACE('',#4280,0.25);
#4282=CARTESIAN_POINT('',(36.55,191.5,11.2));
#4283=VERTEX_POINT('',#4282);
#4284=CARTESIAN_POINT('',(36.55,191.25,11.2));
#4285=DIRECTION('',(0.,0.,-1.));
#4286=DIRECTION('',(-1.,0.,0.));
#4287=AXIS2_PLACEMENT_3D('',#4284,#4285,#4286);
#4288=CIRCLE('',#4287,0.25);
#4289=EDGE_CURVE('',#4283,#4252,#4288,.T.);
#4290=ORIENTED_EDGE('',*,*,#4289,.F.);
#4291=CARTESIAN_POINT('',(36.55,191.5,9.9));
#4292=VERTEX_POINT('',#4291);
#4293=CARTESIAN_POINT('',(36.55,191.5,9.9));
#4294=DIRECTION('',(0.,0.,1.));
#4295=VECTOR('',#4294,1.3);
#4296=LINE('',#4293,#4295);
#4297=EDGE_CURVE('',#4292,#4283,#4296,.T.);
#4298=ORIENTED_EDGE('',*,*,#4297,.F.);
#4299=CARTESIAN_POINT('',(36.55,191.25,9.9));
#4300=DIRECTION('',(-0.,-0.,1.));
#4301=DIRECTION('',(-1.,0.,0.));
#4302=AXIS2_PLACEMENT_3D('',#4299,#4300,#4301);
#4303=CIRCLE('',#4302,0.25);
#4304=EDGE_CURVE('',#4260,#4292,#4303,.T.);
#4305=ORIENTED_EDGE('',*,*,#4304,.F.);
#4306=ORIENTED_EDGE('',*,*,#4265,.F.);
#4307=EDGE_LOOP('',(#4290,#4298,#4305,#4306));
#4308=FACE_BOUND('',#4307,.T.);
#4309=ADVANCED_FACE('',(#4308),#4281,.F.);
#4310=CARTESIAN_POINT('',(15.3,191.5,10.525));
#4311=DIRECTION('',(0.,1.,0.));
#4312=DIRECTION('',(-1.,0.,0.));
#4313=AXIS2_PLACEMENT_3D('',#4310,#4311,#4312);
#4314=PLANE('',#4313);
#4315=CARTESIAN_POINT('',(36.55,191.5,11.2));
#4316=DIRECTION('',(-1.,0.,0.));
#4317=VECTOR('',#4316,0.5);
#4318=LINE('',#4315,#4317);
#4319=EDGE_CURVE('',#4283,#4084,#4318,.T.);
#4320=ORIENTED_EDGE('',*,*,#4319,.T.);
#4321=ORIENTED_EDGE('',*,*,#4113,.T.);
#4322=CARTESIAN_POINT('',(36.55,191.5,9.9));
#4323=DIRECTION('',(-1.,0.,0.));
#4324=VECTOR('',#4323,0.5);
#4325=LINE('',#4322,#4324);
#4326=EDGE_CURVE('',#4292,#4101,#4325,.T.);
#4327=ORIENTED_EDGE('',*,*,#4326,.F.);
#4328=ORIENTED_EDGE('',*,*,#4297,.T.);
#4329=EDGE_LOOP('',(#4320,#4321,#4327,#4328));
#4330=FACE_BOUND('',#4329,.T.);
#4331=ADVANCED_FACE('',(#4330),#4314,.F.);
#4332=CARTESIAN_POINT('',(6.2,5.,10.7));
#4333=DIRECTION('',(0.,0.,1.));
#4334=DIRECTION('',(1.,0.,-0.));
#4335=AXIS2_PLACEMENT_3D('',#4332,#4333,#4334);
#4336=CYLINDRICAL_SURFACE('',#4335,2.25);
#4337=CARTESIAN_POINT('',(8.45,5.,11.2));
#4338=VERTEX_POINT('',#4337);
#4339=CARTESIAN_POINT('',(8.45,5.,11.2));
#4340=DIRECTION('',(-0.,-0.,-1.));
#4341=VECTOR('',#4340,0.5);
#4342=LINE('',#4339,#4341);
#4343=EDGE_CURVE('',#4338,#1774,#4342,.T.);
#4344=ORIENTED_EDGE('',*,*,#4343,.F.);
#4345=CARTESIAN_POINT('',(6.2,5.,11.2));
#4346=DIRECTION('',(0.,0.,1.));
#4347=DIRECTION('',(1.,0.,-0.));
#4348=AXIS2_PLACEMENT_3D('',#4345,#4346,#4347);
#4349=CIRCLE('',#4348,2.25);
#4350=EDGE_CURVE('',#4338,#4338,#4349,.T.);
#4351=ORIENTED_EDGE('',*,*,#4350,.T.);
#4352=ORIENTED_EDGE('',*,*,#4343,.T.);
#4353=ORIENTED_EDGE('',*,*,#1780,.F.);
#4354=EDGE_LOOP('',(#4344,#4351,#4352,#4353));
#4355=FACE_BOUND('',#4354,.T.);
#4356=ADVANCED_FACE('',(#4355),#4336,.F.);
#4357=CARTESIAN_POINT('',(6.2,182.3,10.7));
#4358=DIRECTION('',(0.,0.,1.));
#4359=DIRECTION('',(1.,0.,-0.));
#4360=AXIS2_PLACEMENT_3D('',#4357,#4358,#4359);
#4361=CYLINDRICAL_SURFACE('',#4360,2.25);
#4362=CARTESIAN_POINT('',(8.45,182.3,11.2));
#4363=VERTEX_POINT('',#4362);
#4364=CARTESIAN_POINT('',(8.45,182.3,11.2));
#4365=DIRECTION('',(-0.,-0.,-1.));
#4366=VECTOR('',#4365,0.5);
#4367=LINE('',#4364,#4366);
#4368=EDGE_CURVE('',#4363,#1802,#4367,.T.);
#4369=ORIENTED_EDGE('',*,*,#4368,.F.);
#4370=CARTESIAN_POINT('',(6.2,182.3,11.2));
#4371=DIRECTION('',(0.,0.,1.));
#4372=DIRECTION('',(1.,0.,-0.));
#4373=AXIS2_PLACEMENT_3D('',#4370,#4371,#4372);
#4374=CIRCLE('',#4373,2.25);
#4375=EDGE_CURVE('',#4363,#4363,#4374,.T.);
#4376=ORIENTED_EDGE('',*,*,#4375,.T.);
#4377=ORIENTED_EDGE('',*,*,#4368,.T.);
#4378=ORIENTED_EDGE('',*,*,#1808,.F.);
#4379=EDGE_LOOP('',(#4369,#4376,#4377,#4378));
#4380=FACE_BOUND('',#4379,.T.);
#4381=ADVANCED_FACE('',(#4380),#4361,.F.);
#4382=CARTESIAN_POINT('',(29.78570501,166.973081011,10.440852941));
#4383=CARTESIAN_POINT('',(29.786162599,167.072088278,10.464006357));
#4384=CARTESIAN_POINT('',(29.787167814,167.288662808,10.51504684));
#4385=CARTESIAN_POINT('',(29.788735028,167.622638948,10.595077046));
#4386=CARTESIAN_POINT('',(29.790959896,168.092453199,10.709664803));
#4387=CARTESIAN_POINT('',(29.793759016,168.679186595,10.856406923));
#4388=CARTESIAN_POINT('',(29.796965638,169.354217965,11.030033606));
#4389=CARTESIAN_POINT('',(29.799036234,169.794430672,11.145678903));
#4390=CARTESIAN_POINT('',(29.8,170.000327625,11.200252968));
#4391=CARTESIAN_POINT('',(30.597024312,166.975171008,10.443103183));
#4392=CARTESIAN_POINT('',(30.597477395,167.074178392,10.466460127));
#4393=CARTESIAN_POINT('',(30.598467384,167.290756483,10.517904802));
#4394=CARTESIAN_POINT('',(30.599991342,167.624750869,10.598389341));
#4395=CARTESIAN_POINT('',(30.602128968,168.094618577,10.713305695));
#4396=CARTESIAN_POINT('',(30.604781312,168.681482856,10.859834423));
#4397=CARTESIAN_POINT('',(30.607794535,169.356769192,11.032363789));
#4398=CARTESIAN_POINT('',(30.609735554,169.797202189,11.146901506));
#4399=CARTESIAN_POINT('',(30.610638483,170.003212864,11.200883525));
#4400=CARTESIAN_POINT('',(33.666765018,166.981351273,10.451911393));
#4401=CARTESIAN_POINT('',(33.667187982,167.080339388,10.475918927));
#4402=CARTESIAN_POINT('',(33.668091667,167.29688364,10.528653326));
#4403=CARTESIAN_POINT('',(33.669406352,167.630859487,10.61055444));
#4404=CARTESIAN_POINT('',(33.671149894,168.100787821,10.726370593));
#4405=CARTESIAN_POINT('',(33.673174176,168.687943188,10.871796749));
#4406=CARTESIAN_POINT('',(33.675402407,169.363927405,11.04007434));
#4407=CARTESIAN_POINT('',(33.676843252,169.804999422,11.150550348));
#4408=CARTESIAN_POINT('',(33.677517014,170.011344752,11.202398859));
#4409=CARTESIAN_POINT('',(41.236377865,166.982199914,10.441092907));
#4410=CARTESIAN_POINT('',(41.236573474,167.081123436,10.465176923));
#4411=CARTESIAN_POINT('',(41.237015139,167.297562968,10.518019626));
#4412=CARTESIAN_POINT('',(41.237746663,167.63148334,10.600116449));
#4413=CARTESIAN_POINT('',(41.238841837,168.101429368,10.716644653));
#4414=CARTESIAN_POINT('',(41.240300734,168.688681222,10.864173416));
#4415=CARTESIAN_POINT('',(41.242023578,169.364754473,11.036526391));
#4416=CARTESIAN_POINT('',(41.24314007,169.805881218,11.15011151));
#4417=CARTESIAN_POINT('',(41.243659065,170.012254213,11.203460573));
#4418=CARTESIAN_POINT('',(52.521243505,166.995057912,10.45130446));
#4419=CARTESIAN_POINT('',(52.52131553,167.093895783,10.475901254));
#4420=CARTESIAN_POINT('',(52.521459297,167.310143093,10.529760319));
#4421=CARTESIAN_POINT('',(52.521632955,167.643760556,10.612934909));
#4422=CARTESIAN_POINT('',(52.521811688,168.113309262,10.730015071));
#4423=CARTESIAN_POINT('',(52.521934201,168.700177144,10.876256504));
#4424=CARTESIAN_POINT('',(52.521986931,169.376036263,11.044508537));
#4425=CARTESIAN_POINT('',(52.521993171,169.817138975,11.15432126));
#4426=CARTESIAN_POINT('',(52.521991429,170.023522731,11.205711362));
#4427=CARTESIAN_POINT('',(66.050645037,166.997210452,10.44803626));
#4428=CARTESIAN_POINT('',(66.050683964,167.096058753,10.472583429));
#4429=CARTESIAN_POINT('',(66.050772383,167.312341941,10.526329794));
#4430=CARTESIAN_POINT('',(66.050920922,167.646051203,10.609402679));
#4431=CARTESIAN_POINT('',(66.051145588,168.115759919,10.726590123));
#4432=CARTESIAN_POINT('',(66.051446787,168.702846692,10.873569444));
#4433=CARTESIAN_POINT('',(66.051799288,169.378935466,11.04349904));
#4434=CARTESIAN_POINT('',(66.052023756,169.820176925,11.154699179));
#4435=CARTESIAN_POINT('',(66.052127132,170.026624133,11.206782378));
#4436=CARTESIAN_POINT('',(79.575999542,166.999511758,10.450554687));
#4437=CARTESIAN_POINT('',(79.576031494,167.098385221,10.47525306));
#4438=CARTESIAN_POINT('',(79.576099503,167.314723788,10.529302816));
#4439=CARTESIAN_POINT('',(79.576197513,167.648522605,10.612711781));
#4440=CARTESIAN_POINT('',(79.576326553,168.118374201,10.730109188));
#4441=CARTESIAN_POINT('',(79.576475927,168.705686232,10.876810155));
#4442=CARTESIAN_POINT('',(79.57664327,169.382117244,11.045703487));
#4443=CARTESIAN_POINT('',(79.576754337,169.823623894,11.15592926));
#4444=CARTESIAN_POINT('',(79.576806927,170.030203217,11.207504086));
#4445=CARTESIAN_POINT('',(93.099824368,167.000324548,10.449723474));
#4446=CARTESIAN_POINT('',(93.099819271,167.0992185,10.474408239));
#4447=CARTESIAN_POINT('',(93.099808304,167.315603225,10.52842822));
#4448=CARTESIAN_POINT('',(93.099792379,167.649475817,10.611814112));
#4449=CARTESIAN_POINT('',(93.099770864,168.119429052,10.729250723));
#4450=CARTESIAN_POINT('',(93.099743683,168.706855085,10.876169065));
#4451=CARTESIAN_POINT('',(93.099706563,169.383388921,11.045538752));
#4452=CARTESIAN_POINT('',(93.099677214,169.824948753,11.156154034));
#4453=CARTESIAN_POINT('',(93.099662323,170.031550403,11.207922767));
#4454=CARTESIAN_POINT('',(106.624520281,166.995984153,10.449189226));
#4455=CARTESIAN_POINT('',(106.624516479,167.094898942,10.473911823));
#4456=CARTESIAN_POINT('',(106.624507281,167.311330034,10.528008586));
#4457=CARTESIAN_POINT('',(106.624490047,167.645277536,10.611481974));
#4458=CARTESIAN_POINT('',(106.624461727,168.115344052,10.728977546));
#4459=CARTESIAN_POINT('',(106.624420287,168.702930017,10.875836172));
#4460=CARTESIAN_POINT('',(106.624367753,169.379677405,11.044963516));
#4461=CARTESIAN_POINT('',(106.62433214,169.821391179,11.155352367));
#4462=CARTESIAN_POINT('',(106.624315272,170.028067658,11.207003643));
#4463=CARTESIAN_POINT('',(120.149202814,166.992159957,10.44793728));
#4464=CARTESIAN_POINT('',(120.149206513,167.091086172,10.472655809));
#4465=CARTESIAN_POINT('',(120.149214742,167.307543543,10.526744753));
#4466=CARTESIAN_POINT('',(120.149227969,167.641535348,10.610215553));
#4467=CARTESIAN_POINT('',(120.149247178,168.111668078,10.727731296));
#4468=CARTESIAN_POINT('',(120.14927169,168.699341023,10.874667668));
#4469=CARTESIAN_POINT('',(120.149299113,169.376190746,11.043952049));
#4470=CARTESIAN_POINT('',(120.149316076,169.817972532,11.154466501));
#4471=CARTESIAN_POINT('',(120.149323797,170.024681144,11.206179958));
#4472=CARTESIAN_POINT('',(133.357277338,166.993911529,10.448530534));
#4473=CARTESIAN_POINT('',(133.357285251,167.092836208,10.473250554));
#4474=CARTESIAN_POINT('',(133.357302875,167.309289302,10.527342521));
#4475=CARTESIAN_POINT('',(133.357331038,167.643271707,10.61081415));
#4476=CARTESIAN_POINT('',(133.357372156,168.113387965,10.72832033));
#4477=CARTESIAN_POINT('',(133.357426342,168.701035997,10.875220478));
#4478=CARTESIAN_POINT('',(133.357492824,169.377853399,11.044432501));
#4479=CARTESIAN_POINT('',(133.357538405,169.819612353,11.154890262));
#4480=CARTESIAN_POINT('',(133.357560172,170.026309916,11.206575957));
#4481=CARTESIAN_POINT('',(142.057511296,166.996098062,10.449028269));
#4482=CARTESIAN_POINT('',(142.057518594,167.095007551,10.473735816));
#4483=CARTESIAN_POINT('',(142.057534816,167.311427134,10.527802561));
#4484=CARTESIAN_POINT('',(142.057560635,167.645356942,10.611242902));
#4485=CARTESIAN_POINT('',(142.057598093,168.115397667,10.728717567));
#4486=CARTESIAN_POINT('',(142.057646876,168.702948245,10.875601735));
#4487=CARTESIAN_POINT('',(142.057705815,169.379648639,11.044824826));
#4488=CARTESIAN_POINT('',(142.05774588,169.821328511,11.155302762));
#4489=CARTESIAN_POINT('',(142.057764969,170.027988501,11.207000292));
#4490=CARTESIAN_POINT('',(146.249945218,166.99683938,10.449205186));
#4491=CARTESIAN_POINT('',(146.249949778,167.095740677,10.473904932));
#4492=CARTESIAN_POINT('',(146.249960275,167.312141626,10.527955923));
#4493=CARTESIAN_POINT('',(146.249978151,167.646040345,10.611376343));
#4494=CARTESIAN_POINT('',(146.250005701,168.116033907,10.728829493));
#4495=CARTESIAN_POINT('',(146.250044261,168.703519566,10.87569833));
#4496=CARTESIAN_POINT('',(146.250093979,169.38013755,11.04491848));
#4497=CARTESIAN_POINT('',(146.250129211,169.821759799,11.155401706));
#4498=CARTESIAN_POINT('',(146.250146268,170.028392062,11.207103138));
#4499=B_SPLINE_SURFACE_WITH_KNOTS('',3,3,((#4382,#4383,#4384,#4385,#4386,#4387,#4388,#4389,#4390),(#4391,#4392,#4393,#4394,#4395,#4396,#4397,#4398,#4399),(#4400,#4401,#4402,#4403,#4404,#4405,#4406,#4407,#4408),(#4409,#4410,#4411,#4412,#4413,#4414,#4415,#4416,#4417),(#4418,#4419,#4420,#4421,#4422,#4423,#4424,#4425,#4426),(#4427,#4428,#4429,#4430,#4431,#4432,#4433,#4434,#4435),(#4436,#4437,#4438,#4439,#4440,#4441,#4442,#4443,#4444),(#4445,#4446,#4447,#4448,#4449,#4450,#4451,#4452,#4453),(#4454,#4455,#4456,#4457,#4458,#4459,#4460,#4461,#4462),(#4463,#4464,#4465,#4466,#4467,#4468,#4469,#4470,#4471),(#4472,#4473,#4474,#4475,#4476,#4477,#4478,#4479,#4480),(#4481,#4482,#4483,#4484,#4485,#4486,#4487,#4488,#4489),(#4490,#4491,#4492,#4493,#4494,#4495,#4496,#4497,#4498)),.UNSPECIFIED.,.F.,.F.,.U.,(4,1,1,1,1,1,1,1,1,1,4),(4,1,1,1,1,1,4),(-0.090259691,-0.087834769,-0.081078248,-0.067565207,-0.054052166,-0.040539124,-0.027026083,-0.013513041,0.,0.013513041,0.026079794),(0.000379908,0.000683946,0.00104516,0.001406375,0.002128805,0.002851235,0.00348649),.UNSPECIFIED.);
#4500=CARTESIAN_POINT('',(146.25002682,170.003295218,11.200411847));
#4501=VERTEX_POINT('',#4500);
#4502=CARTESIAN_POINT('',(29.800000018,170.000434771,11.2));
#4503=CARTESIAN_POINT('',(146.249999828,170.003295172,11.2));
#4504=B_SPLINE_CURVE_WITH_KNOTS('',1,(#4502,#4503),.UNSPECIFIED.,.F.,.F.,(2,2),(17.700000024,134.149999871),.UNSPECIFIED.);
#4505=EDGE_CURVE('',#3132,#4501,#4504,.T.);
#4506=ORIENTED_EDGE('',*,*,#4505,.F.);
#4507=ORIENTED_EDGE('',*,*,#3138,.T.);
#4508=ORIENTED_EDGE('',*,*,#2830,.T.);
#4509=CARTESIAN_POINT('',(143.250005068,167.000849002,10.450472593));
#4510=VERTEX_POINT('',#4509);
#4511=CARTESIAN_POINT('',(143.250005066,167.,10.450002444));
#4512=CARTESIAN_POINT('',(124.341670997,167.,10.450060078));
#4513=CARTESIAN_POINT('',(105.433336932,167.,10.449462472));
#4514=CARTESIAN_POINT('',(86.52500286,167.,10.450123983));
#4515=CARTESIAN_POINT('',(77.070835823,167.,10.450454739));
#4516=CARTESIAN_POINT('',(67.61666882,167.,10.449758407));
#4517=CARTESIAN_POINT('',(58.162501874,167.,10.450612208));
#4518=CARTESIAN_POINT('',(53.435418401,167.,10.451039109));
#4519=CARTESIAN_POINT('',(48.708334453,167.,10.448719545));
#4520=CARTESIAN_POINT('',(43.981250892,167.,10.448638619));
#4521=CARTESIAN_POINT('',(39.254167331,167.,10.448557694));
#4522=CARTESIAN_POINT('',(34.527085379,167.,10.457774059));
#4523=CARTESIAN_POINT('',(29.8,167.,10.447184258));
#4524=B_SPLINE_CURVE_WITH_KNOTS('',3,(#4511,#4512,#4513,#4514,#4515,#4516,#4517,#4518,#4519,#4520,#4521,#4522,#4523),.UNSPECIFIED.,.F.,.F.,(4,3,3,3,4),(0.,0.056725002,0.085087503,0.099268754,0.113450004),.UNSPECIFIED.);
#4525=EDGE_CURVE('',#4510,#2824,#4524,.T.);
#4526=ORIENTED_EDGE('',*,*,#4525,.F.);
#4527=CARTESIAN_POINT('',(146.249972687,167.001591718,10.450633132));
#4528=VERTEX_POINT('',#4527);
#4529=CARTESIAN_POINT('',(146.249999863,167.,10.450473391));
#4530=CARTESIAN_POINT('',(143.249999032,167.,10.450518613));
#4531=B_SPLINE_CURVE_WITH_KNOTS('',1,(#4529,#4530),.UNSPECIFIED.,.F.,.F.,(2,2),(0.,3.000000836),.UNSPECIFIED.);
#4532=EDGE_CURVE('',#4528,#4510,#4531,.T.);
#4533=ORIENTED_EDGE('',*,*,#4532,.F.);
#4534=CARTESIAN_POINT('',(146.250053813,170.003295214,11.200823694));
#4535=CARTESIAN_POINT('',(146.250001618,169.003283111,10.950613552));
#4536=CARTESIAN_POINT('',(146.249961588,168.003251273,10.700549206));
#4537=CARTESIAN_POINT('',(146.249945511,167.003183436,10.450789563));
#4538=B_SPLINE_CURVE_WITH_KNOTS('',3,(#4534,#4535,#4536,#4537),.UNSPECIFIED.,.F.,.F.,(4,4),(0.,1.),.UNSPECIFIED.);
#4539=EDGE_CURVE('',#4501,#4528,#4538,.T.);
#4540=ORIENTED_EDGE('',*,*,#4539,.F.);
#4541=EDGE_LOOP('',(#4506,#4507,#4508,#4526,#4533,#4540));
#4542=FACE_BOUND('',#4541,.T.);
#4543=ADVANCED_FACE('',(#4542),#4499,.T.);
#4544=CARTESIAN_POINT('',(211.6,173.,10.525));
#4545=DIRECTION('',(1.,0.,0.));
#4546=DIRECTION('',(0.,0.,-1.));
#4547=AXIS2_PLACEMENT_3D('',#4544,#4545,#4546);
#4548=PLANE('',#4547);
#4549=CARTESIAN_POINT('',(211.6,189.5,9.9));
#4550=VERTEX_POINT('',#4549);
#4551=CARTESIAN_POINT('',(211.6,189.5,12.7));
#4552=VERTEX_POINT('',#4551);
#4553=CARTESIAN_POINT('',(211.6,189.5,9.9));
#4554=DIRECTION('',(-0.,-0.,1.));
#4555=VECTOR('',#4554,2.8);
#4556=LINE('',#4553,#4555);
#4557=EDGE_CURVE('',#4550,#4552,#4556,.T.);
#4558=ORIENTED_EDGE('',*,*,#4557,.F.);
#4559=CARTESIAN_POINT('',(211.6,185.6,9.9));
#4560=DIRECTION('',(-0.,1.,-0.));
#4561=VECTOR('',#4560,3.9);
#4562=LINE('',#4559,#4561);
#4563=EDGE_CURVE('',#3802,#4550,#4562,.T.);
#4564=ORIENTED_EDGE('',*,*,#4563,.F.);
#4565=ORIENTED_EDGE('',*,*,#3807,.T.);
#4566=CARTESIAN_POINT('',(211.6,188.5,11.2));
#4567=VERTEX_POINT('',#4566);
#4568=CARTESIAN_POINT('',(211.6,185.6,11.2));
#4569=DIRECTION('',(0.,1.,0.));
#4570=VECTOR('',#4569,2.9);
#4571=LINE('',#4568,#4570);
#4572=EDGE_CURVE('',#3793,#4567,#4571,.T.);
#4573=ORIENTED_EDGE('',*,*,#4572,.T.);
#4574=CARTESIAN_POINT('',(211.6,188.5,12.45));
#4575=VERTEX_POINT('',#4574);
#4576=CARTESIAN_POINT('',(211.6,188.5,11.2));
#4577=DIRECTION('',(-0.,-0.,1.));
#4578=VECTOR('',#4577,1.25);
#4579=LINE('',#4576,#4578);
#4580=EDGE_CURVE('',#4567,#4575,#4579,.T.);
#4581=ORIENTED_EDGE('',*,*,#4580,.T.);
#4582=CARTESIAN_POINT('',(211.6,188.75,12.7));
#4583=VERTEX_POINT('',#4582);
#4584=CARTESIAN_POINT('',(211.6,188.75,12.45));
#4585=DIRECTION('',(-1.,-0.,-0.));
#4586=DIRECTION('',(0.,0.,-1.));
#4587=AXIS2_PLACEMENT_3D('',#4584,#4585,#4586);
#4588=CIRCLE('',#4587,0.25);
#4589=EDGE_CURVE('',#4575,#4583,#4588,.T.);
#4590=ORIENTED_EDGE('',*,*,#4589,.T.);
#4591=CARTESIAN_POINT('',(211.6,188.75,12.7));
#4592=DIRECTION('',(0.,1.,0.));
#4593=VECTOR('',#4592,0.75);
#4594=LINE('',#4591,#4593);
#4595=EDGE_CURVE('',#4583,#4552,#4594,.T.);
#4596=ORIENTED_EDGE('',*,*,#4595,.T.);
#4597=EDGE_LOOP('',(#4558,#4564,#4565,#4573,#4581,#4590,#4596));
#4598=FACE_BOUND('',#4597,.T.);
#4599=ADVANCED_FACE('',(#4598),#4548,.F.);
#4600=CARTESIAN_POINT('',(239.775,2.,21.85));
#4601=DIRECTION('',(1.,0.,-0.));
#4602=DIRECTION('',(0.,0.,1.));
#4603=AXIS2_PLACEMENT_3D('',#4600,#4601,#4602);
#4604=CYLINDRICAL_SURFACE('',#4603,0.5);
#4605=CARTESIAN_POINT('',(224.099998931,2.,22.35));
#4606=VERTEX_POINT('',#4605);
#4607=CARTESIAN_POINT('',(23.900001069,2.,22.35));
#4608=DIRECTION('',(1.,0.,-0.));
#4609=VECTOR('',#4608,200.199997862);
#4610=LINE('',#4607,#4609);
#4611=EDGE_CURVE('',#2508,#4606,#4610,.T.);
#4612=ORIENTED_EDGE('',*,*,#4611,.T.);
#4613=CARTESIAN_POINT('',(224.099998931,2.499999905,21.85));
#4614=VERTEX_POINT('',#4613);
#4615=CARTESIAN_POINT('',(224.099998931,2.,21.85));
#4616=DIRECTION('',(-1.,-0.,-0.));
#4617=DIRECTION('',(0.,0.,-1.));
#4618=AXIS2_PLACEMENT_3D('',#4615,#4616,#4617);
#4619=CIRCLE('',#4618,0.5);
#4620=EDGE_CURVE('',#4606,#4614,#4619,.T.);
#4621=ORIENTED_EDGE('',*,*,#4620,.T.);
#4622=CARTESIAN_POINT('',(224.099998931,2.5,21.85));
#4623=DIRECTION('',(-1.,-0.,0.));
#4624=VECTOR('',#4623,200.199997862);
#4625=LINE('',#4622,#4624);
#4626=EDGE_CURVE('',#4614,#2518,#4625,.T.);
#4627=ORIENTED_EDGE('',*,*,#4626,.T.);
#4628=ORIENTED_EDGE('',*,*,#2524,.F.);
#4629=EDGE_LOOP('',(#4612,#4621,#4627,#4628));
#4630=FACE_BOUND('',#4629,.T.);
#4631=ADVANCED_FACE('',(#4630),#4604,.T.);
#4632=CARTESIAN_POINT('',(246.6,1.5,22.35));
#4633=DIRECTION('',(0.,0.,1.));
#4634=DIRECTION('',(-1.,0.,0.));
#4635=AXIS2_PLACEMENT_3D('',#4632,#4633,#4634);
#4636=PLANE('',#4635);
#4637=CARTESIAN_POINT('',(224.099998931,-0.050000095,22.35));
#4638=VERTEX_POINT('',#4637);
#4639=CARTESIAN_POINT('',(23.900001069,-0.050000095,22.35));
#4640=DIRECTION('',(1.,-0.,-0.));
#4641=VECTOR('',#4640,200.199997862);
#4642=LINE('',#4639,#4641);
#4643=EDGE_CURVE('',#2510,#4638,#4642,.T.);
#4644=ORIENTED_EDGE('',*,*,#4643,.T.);
#4645=CARTESIAN_POINT('',(224.099998931,2.,22.35));
#4646=DIRECTION('',(0.,-1.,0.));
#4647=VECTOR('',#4646,2.050000095);
#4648=LINE('',#4645,#4647);
#4649=EDGE_CURVE('',#4606,#4638,#4648,.T.);
#4650=ORIENTED_EDGE('',*,*,#4649,.F.);
#4651=ORIENTED_EDGE('',*,*,#4611,.F.);
#4652=ORIENTED_EDGE('',*,*,#2515,.T.);
#4653=EDGE_LOOP('',(#4644,#4650,#4651,#4652));
#4654=FACE_BOUND('',#4653,.T.);
#4655=ADVANCED_FACE('',(#4654),#4636,.T.);
#4656=CARTESIAN_POINT('',(6.5,189.5,11.2));
#4657=DIRECTION('',(0.,-1.,0.));
#4658=DIRECTION('',(0.,0.,-1.));
#4659=AXIS2_PLACEMENT_3D('',#4656,#4657,#4658);
#4660=PLANE('',#4659);
#4661=CARTESIAN_POINT('',(216.6,189.5,12.7));
#4662=VERTEX_POINT('',#4661);
#4663=CARTESIAN_POINT('',(216.6,189.5,12.7));
#4664=DIRECTION('',(-1.,-0.,0.));
#4665=VECTOR('',#4664,5.);
#4666=LINE('',#4663,#4665);
#4667=EDGE_CURVE('',#4662,#4552,#4666,.T.);
#4668=ORIENTED_EDGE('',*,*,#4667,.F.);
#4669=CARTESIAN_POINT('',(216.6,189.5,9.9));
#4670=VERTEX_POINT('',#4669);
#4671=CARTESIAN_POINT('',(216.6,189.5,9.9));
#4672=DIRECTION('',(-0.,-0.,1.));
#4673=VECTOR('',#4672,2.8);
#4674=LINE('',#4671,#4673);
#4675=EDGE_CURVE('',#4670,#4662,#4674,.T.);
#4676=ORIENTED_EDGE('',*,*,#4675,.F.);
#4677=CARTESIAN_POINT('',(216.6,189.5,9.9));
#4678=DIRECTION('',(-1.,-0.,0.));
#4679=VECTOR('',#4678,5.);
#4680=LINE('',#4677,#4679);
#4681=EDGE_CURVE('',#4670,#4550,#4680,.T.);
#4682=ORIENTED_EDGE('',*,*,#4681,.T.);
#4683=ORIENTED_EDGE('',*,*,#4557,.T.);
#4684=EDGE_LOOP('',(#4668,#4676,#4682,#4683));
#4685=FACE_BOUND('',#4684,.T.);
#4686=ADVANCED_FACE('',(#4685),#4660,.F.);
#4687=CARTESIAN_POINT('',(204.7,1.5,12.7));
#4688=DIRECTION('',(0.,0.,1.));
#4689=DIRECTION('',(1.,0.,0.));
#4690=AXIS2_PLACEMENT_3D('',#4687,#4688,#4689);
#4691=PLANE('',#4690);
#4692=CARTESIAN_POINT('',(216.6,188.75,12.7));
#4693=VERTEX_POINT('',#4692);
#4694=CARTESIAN_POINT('',(211.6,188.75,12.7));
#4695=DIRECTION('',(1.,0.,-0.));
#4696=VECTOR('',#4695,5.);
#4697=LINE('',#4694,#4696);
#4698=EDGE_CURVE('',#4583,#4693,#4697,.T.);
#4699=ORIENTED_EDGE('',*,*,#4698,.T.);
#4700=CARTESIAN_POINT('',(216.6,188.75,12.7));
#4701=DIRECTION('',(0.,1.,0.));
#4702=VECTOR('',#4701,0.75);
#4703=LINE('',#4700,#4702);
#4704=EDGE_CURVE('',#4693,#4662,#4703,.T.);
#4705=ORIENTED_EDGE('',*,*,#4704,.T.);
#4706=ORIENTED_EDGE('',*,*,#4667,.T.);
#4707=ORIENTED_EDGE('',*,*,#4595,.F.);
#4708=EDGE_LOOP('',(#4699,#4705,#4706,#4707));
#4709=FACE_BOUND('',#4708,.T.);
#4710=ADVANCED_FACE('',(#4709),#4691,.T.);
#4711=CARTESIAN_POINT('',(214.1,188.5,10.525));
#4712=DIRECTION('',(0.,1.,0.));
#4713=DIRECTION('',(-1.,0.,0.));
#4714=AXIS2_PLACEMENT_3D('',#4711,#4712,#4713);
#4715=PLANE('',#4714);
#4716=CARTESIAN_POINT('',(216.6,188.5,11.2));
#4717=VERTEX_POINT('',#4716);
#4718=CARTESIAN_POINT('',(216.6,188.5,11.2));
#4719=DIRECTION('',(-1.,0.,0.));
#4720=VECTOR('',#4719,5.);
#4721=LINE('',#4718,#4720);
#4722=EDGE_CURVE('',#4717,#4567,#4721,.T.);
#4723=ORIENTED_EDGE('',*,*,#4722,.F.);
#4724=CARTESIAN_POINT('',(216.6,188.5,12.45));
#4725=VERTEX_POINT('',#4724);
#4726=CARTESIAN_POINT('',(216.6,188.5,11.2));
#4727=DIRECTION('',(0.,0.,1.));
#4728=VECTOR('',#4727,1.25);
#4729=LINE('',#4726,#4728);
#4730=EDGE_CURVE('',#4717,#4725,#4729,.T.);
#4731=ORIENTED_EDGE('',*,*,#4730,.T.);
#4732=CARTESIAN_POINT('',(216.6,188.5,12.45));
#4733=DIRECTION('',(-1.,0.,0.));
#4734=VECTOR('',#4733,5.);
#4735=LINE('',#4732,#4734);
#4736=EDGE_CURVE('',#4725,#4575,#4735,.T.);
#4737=ORIENTED_EDGE('',*,*,#4736,.T.);
#4738=ORIENTED_EDGE('',*,*,#4580,.F.);
#4739=EDGE_LOOP('',(#4723,#4731,#4737,#4738));
#4740=FACE_BOUND('',#4739,.T.);
#4741=ADVANCED_FACE('',(#4740),#4715,.F.);
#4742=CARTESIAN_POINT('',(214.1,188.75,12.45));
#4743=DIRECTION('',(1.,0.,0.));
#4744=DIRECTION('',(0.,0.,-1.));
#4745=AXIS2_PLACEMENT_3D('',#4742,#4743,#4744);
#4746=CYLINDRICAL_SURFACE('',#4745,0.25);
#4747=ORIENTED_EDGE('',*,*,#4736,.F.);
#4748=CARTESIAN_POINT('',(216.6,188.75,12.45));
#4749=DIRECTION('',(1.,0.,0.));
#4750=DIRECTION('',(0.,0.,-1.));
#4751=AXIS2_PLACEMENT_3D('',#4748,#4749,#4750);
#4752=CIRCLE('',#4751,0.25);
#4753=EDGE_CURVE('',#4693,#4725,#4752,.T.);
#4754=ORIENTED_EDGE('',*,*,#4753,.F.);
#4755=ORIENTED_EDGE('',*,*,#4698,.F.);
#4756=ORIENTED_EDGE('',*,*,#4589,.F.);
#4757=EDGE_LOOP('',(#4747,#4754,#4755,#4756));
#4758=FACE_BOUND('',#4757,.T.);
#4759=ADVANCED_FACE('',(#4758),#4746,.T.);
#4760=CARTESIAN_POINT('',(146.251318036,147.551244813,5.629168263));
#4761=CARTESIAN_POINT('',(146.251050091,149.430994049,6.092837879));
#4762=CARTESIAN_POINT('',(146.250652393,152.251110454,6.788676102));
#4763=CARTESIAN_POINT('',(146.250198005,156.011382591,7.718331166));
#4764=CARTESIAN_POINT('',(146.249970607,158.362056892,8.30058174));
#4765=CARTESIAN_POINT('',(146.24984016,160.242490243,8.767153584));
#4766=CARTESIAN_POINT('',(146.249772449,161.652758544,9.117493223));
#4767=CARTESIAN_POINT('',(146.249744384,162.827933429,9.409800828));
#4768=CARTESIAN_POINT('',(146.249740121,163.768044738,9.643867174));
#4769=CARTESIAN_POINT('',(146.249746032,164.473114437,9.819527443));
#4770=CARTESIAN_POINT('',(146.24975837,165.060661692,9.966002579));
#4771=CARTESIAN_POINT('',(146.249770704,165.471939542,10.068582389));
#4772=CARTESIAN_POINT('',(146.249778773,165.706954039,10.127212714));
#4773=CARTESIAN_POINT('',(146.24978751,165.941967617,10.18585182));
#4774=CARTESIAN_POINT('',(146.249797229,166.176979858,10.244503965));
#4775=CARTESIAN_POINT('',(146.249807888,166.411990848,10.30316884));
#4776=CARTESIAN_POINT('',(146.249819161,166.647001032,10.36184208));
#4777=CARTESIAN_POINT('',(146.249834375,166.940762305,10.43519906));
#4778=CARTESIAN_POINT('',(146.249854342,167.293273665,10.523251123));
#4779=CARTESIAN_POINT('',(146.249875915,167.645783015,10.611325612));
#4780=CARTESIAN_POINT('',(146.249906669,168.115792984,10.728786191));
#4781=CARTESIAN_POINT('',(146.249948565,168.703301104,10.875660204));
#4782=CARTESIAN_POINT('',(146.250003552,169.408304884,11.051972927));
#4783=CARTESIAN_POINT('',(146.250042946,169.878303933,11.169550075));
#4784=CARTESIAN_POINT('',(146.250063287,170.113302642,11.228346714));
#4785=CARTESIAN_POINT('',(146.25006329,170.113334902,11.228354785));
#4786=CARTESIAN_POINT('',(146.250063293,170.113367081,11.228362836));
#4787=CARTESIAN_POINT('',(146.250063296,170.113399301,11.228370898));
#4788=CARTESIAN_POINT('',(146.250063297,170.113416788,11.228375273));
#4789=CARTESIAN_POINT('',(146.250063299,170.113434276,11.228379648));
#4790=CARTESIAN_POINT('',(146.2500633,170.113451763,11.228384024));
#4791=CARTESIAN_POINT('',(147.067207961,147.551251619,5.630898166));
#4792=CARTESIAN_POINT('',(147.066923091,149.431034254,6.094313134));
#4793=CARTESIAN_POINT('',(147.066499792,152.251200002,6.789778273));
#4794=CARTESIAN_POINT('',(147.066010494,156.011527104,7.719011559));
#4795=CARTESIAN_POINT('',(147.065761146,158.362227812,8.301042728));
#4796=CARTESIAN_POINT('',(147.065613668,160.242675033,8.767470604));
#4797=CARTESIAN_POINT('',(147.065533636,161.652949328,9.117718785));
#4798=CARTESIAN_POINT('',(147.065495978,162.828124831,9.409964422));
#4799=CARTESIAN_POINT('',(147.065484674,163.768233549,9.643990045));
#4800=CARTESIAN_POINT('',(147.065485662,164.473299654,9.819624216));
#4801=CARTESIAN_POINT('',(147.065494216,165.060842447,9.966081204));
#4802=CARTESIAN_POINT('',(147.065504085,165.472116369,10.068650053));
#4803=CARTESIAN_POINT('',(147.065510801,165.707128389,10.127274589));
#4804=CARTESIAN_POINT('',(147.065518221,165.942139334,10.185908214));
#4805=CARTESIAN_POINT('',(147.065526683,166.177148709,10.244555334));
#4806=CARTESIAN_POINT('',(147.06553615,166.4121566,10.303215635));
#4807=CARTESIAN_POINT('',(147.065546276,166.647163531,10.361884606));
#4808=CARTESIAN_POINT('',(147.065560148,166.940920452,10.435236825));
#4809=CARTESIAN_POINT('',(147.065578655,167.293426149,10.523284105));
#4810=CARTESIAN_POINT('',(147.065598918,167.645929408,10.611354746));
#4811=CARTESIAN_POINT('',(147.065628112,168.115930713,10.728811431));
#4812=CARTESIAN_POINT('',(147.065668368,168.703427037,10.875682789));
#4813=CARTESIAN_POINT('',(147.065721762,169.408415358,11.051995255));
#4814=CARTESIAN_POINT('',(147.065760285,169.878403382,11.169573755));
#4815=CARTESIAN_POINT('',(147.065780232,170.113396416,11.228371407));
#4816=CARTESIAN_POINT('',(147.065780234,170.113428675,11.228379479));
#4817=CARTESIAN_POINT('',(147.065780237,170.113460853,11.22838753));
#4818=CARTESIAN_POINT('',(147.06578024,170.113493072,11.228395591));
#4819=CARTESIAN_POINT('',(147.065780241,170.113510559,11.228399966));
#4820=CARTESIAN_POINT('',(147.065780242,170.113528047,11.228404342));
#4821=CARTESIAN_POINT('',(147.065780244,170.113545534,11.228408717));
#4822=CARTESIAN_POINT('',(152.392223859,147.551110269,5.643014559));
#4823=CARTESIAN_POINT('',(152.391826364,149.431124163,6.104637005));
#4824=CARTESIAN_POINT('',(152.391232834,152.251631171,6.797476151));
#4825=CARTESIAN_POINT('',(152.390506498,156.012342709,7.723743269));
#4826=CARTESIAN_POINT('',(152.390103959,158.363233019,8.30423322));
#4827=CARTESIAN_POINT('',(152.38983355,160.243785579,8.769651621));
#4828=CARTESIAN_POINT('',(152.389662293,161.654110391,9.119259767));
#4829=CARTESIAN_POINT('',(152.389551532,162.829299061,9.411072817));
#4830=CARTESIAN_POINT('',(152.389485411,163.76939727,9.644814493));
#4831=CARTESIAN_POINT('',(152.389447588,164.47444398,9.820266792));
#4832=CARTESIAN_POINT('',(152.389426101,165.061960203,9.966597414));
#4833=CARTESIAN_POINT('',(152.389416378,165.473209684,10.06909013));
#4834=CARTESIAN_POINT('',(152.389412345,165.708206026,10.127674527));
#4835=CARTESIAN_POINT('',(152.389409331,165.943200145,10.186270211));
#4836=CARTESIAN_POINT('',(152.389407848,166.178190957,10.244882628));
#4837=CARTESIAN_POINT('',(152.389407912,166.413178542,10.303511425));
#4838=CARTESIAN_POINT('',(152.389409011,166.648164007,10.362151028));
#4839=CARTESIAN_POINT('',(152.389412336,166.94189194,10.435470553));
#4840=CARTESIAN_POINT('',(152.389419425,167.294359488,10.52348502));
#4841=CARTESIAN_POINT('',(152.38942949,167.646821347,10.611529211));
#4842=CARTESIAN_POINT('',(152.389446603,168.116763314,10.728958932));
#4843=CARTESIAN_POINT('',(152.389474322,168.704178191,10.875811355));
#4844=CARTESIAN_POINT('',(152.389515815,169.409059035,11.052120672));
#4845=CARTESIAN_POINT('',(152.389547989,169.878970084,11.169707425));
#4846=CARTESIAN_POINT('',(152.389565107,170.113923426,11.228511498));
#4847=CARTESIAN_POINT('',(152.389565109,170.11395568,11.22851957));
#4848=CARTESIAN_POINT('',(152.389565111,170.113987854,11.228527622));
#4849=CARTESIAN_POINT('',(152.389565113,170.114020067,11.228535684));
#4850=CARTESIAN_POINT('',(152.389565114,170.114037551,11.22854006));
#4851=CARTESIAN_POINT('',(152.389565116,170.114055035,11.228544436));
#4852=CARTESIAN_POINT('',(152.389565117,170.114072519,11.228548812));
#4853=CARTESIAN_POINT('',(162.228105237,147.547960056,5.676138878));
#4854=CARTESIAN_POINT('',(162.227481806,149.428567629,6.132731366));
#4855=CARTESIAN_POINT('',(162.226549975,152.249943924,6.818204969));
#4856=CARTESIAN_POINT('',(162.225280269,156.011702797,7.736190236));
#4857=CARTESIAN_POINT('',(162.224465678,158.363187075,8.31240303));
#4858=CARTESIAN_POINT('',(162.223804313,160.244157657,8.775049149));
#4859=CARTESIAN_POINT('',(162.223310382,161.654755293,9.122920368));
#4860=CARTESIAN_POINT('',(162.222912139,162.830119394,9.413577283));
#4861=CARTESIAN_POINT('',(162.222614649,163.770309138,9.646564654));
#4862=CARTESIAN_POINT('',(162.222406978,164.475394199,9.821534546));
#4863=CARTESIAN_POINT('',(162.222251675,165.062911567,9.967531514));
#4864=CARTESIAN_POINT('',(162.222155031,165.474142642,10.069826507));
#4865=CARTESIAN_POINT('',(162.222103627,165.709122567,10.128308106));
#4866=CARTESIAN_POINT('',(162.222054883,165.944096207,10.186807732));
#4867=CARTESIAN_POINT('',(162.222010285,166.17906027,10.245334068));
#4868=CARTESIAN_POINT('',(162.221970077,166.414014543,10.303886234));
#4869=CARTESIAN_POINT('',(162.221932851,166.648962251,10.362455258));
#4870=CARTESIAN_POINT('',(162.221891976,166.942634553,10.435697396));
#4871=CARTESIAN_POINT('',(162.221852,167.295021827,10.523634627));
#4872=CARTESIAN_POINT('',(162.221820864,167.647390361,10.611615345));
#4873=CARTESIAN_POINT('',(162.221790529,168.117191637,10.728976308));
#4874=CARTESIAN_POINT('',(162.221771994,168.704402798,10.875768918));
#4875=CARTESIAN_POINT('',(162.221774674,169.409003505,11.052041631));
#4876=CARTESIAN_POINT('',(162.221789389,169.878708891,11.169625476));
#4877=CARTESIAN_POINT('',(162.221799571,170.113555198,11.228433289));
#4878=CARTESIAN_POINT('',(162.221799572,170.113587437,11.228441362));
#4879=CARTESIAN_POINT('',(162.221799574,170.113619596,11.228449415));
#4880=CARTESIAN_POINT('',(162.221799575,170.113651794,11.228457478));
#4881=CARTESIAN_POINT('',(162.221799576,170.11366927,11.228461854));
#4882=CARTESIAN_POINT('',(162.221799576,170.113686746,11.22846623));
#4883=CARTESIAN_POINT('',(162.221799577,170.113704222,11.228470606));
#4884=CARTESIAN_POINT('',(175.760605204,147.532078834,5.776866713));
#4885=CARTESIAN_POINT('',(175.759476874,149.414701656,6.217877349));
#4886=CARTESIAN_POINT('',(175.757858871,152.238906718,6.880514693));
#4887=CARTESIAN_POINT('',(175.756343701,156.002802664,7.772596321));
#4888=CARTESIAN_POINT('',(175.755743627,158.354724733,8.335279444));
#4889=CARTESIAN_POINT('',(175.755465761,160.235490599,8.789032177));
#4890=CARTESIAN_POINT('',(175.755338729,161.645686585,9.131261253));
#4891=CARTESIAN_POINT('',(175.75526937,162.820560002,9.418116911));
#4892=CARTESIAN_POINT('',(175.755204082,163.760314682,9.648624628));
#4893=CARTESIAN_POINT('',(175.755139373,164.465069141,9.822018649));
#4894=CARTESIAN_POINT('',(175.755061924,165.052323407,9.966939163));
#4895=CARTESIAN_POINT('',(175.754989585,165.463385627,10.068603199));
#4896=CARTESIAN_POINT('',(175.754942281,165.698274658,10.126758835));
#4897=CARTESIAN_POINT('',(175.754890752,165.933161518,10.184955386));
#4898=CARTESIAN_POINT('',(175.754832545,166.168045521,10.243212718));
#4899=CARTESIAN_POINT('',(175.754767083,166.402927413,10.30152942));
#4900=CARTESIAN_POINT('',(175.754696638,166.637808125,10.359885142));
#4901=CARTESIAN_POINT('',(175.754599032,166.931407186,10.432901761));
#4902=CARTESIAN_POINT('',(175.754466333,167.283724163,10.520632211));
#4903=CARTESIAN_POINT('',(175.754318301,167.636039962,10.608467269));
#4904=CARTESIAN_POINT('',(175.754101417,168.105793359,10.725710971));
#4905=CARTESIAN_POINT('',(175.753796382,168.692983726,10.872490943));
#4906=CARTESIAN_POINT('',(175.753386692,169.397609774,11.048925113));
#4907=CARTESIAN_POINT('',(175.753091037,169.867358087,11.166712686));
#4908=CARTESIAN_POINT('',(175.752938311,170.102231524,11.225644079));
#4909=CARTESIAN_POINT('',(175.75293829,170.102263767,11.225652169));
#4910=CARTESIAN_POINT('',(175.752938269,170.102295929,11.225660239));
#4911=CARTESIAN_POINT('',(175.752938248,170.102328132,11.225668319));
#4912=CARTESIAN_POINT('',(175.752938237,170.10234561,11.225672704));
#4913=CARTESIAN_POINT('',(175.752938225,170.102363088,11.22567709));
#4914=CARTESIAN_POINT('',(175.752938214,170.102380566,11.225681475));
#4915=CARTESIAN_POINT('',(187.041948289,147.501888475,5.961146311));
#4916=CARTESIAN_POINT('',(187.039528101,149.389673434,6.373202299));
#4917=CARTESIAN_POINT('',(187.035800162,152.221645102,6.993660061));
#4918=CARTESIAN_POINT('',(187.030445804,155.995674655,7.839519177));
#4919=CARTESIAN_POINT('',(187.027033981,158.353620338,8.378950326));
#4920=CARTESIAN_POINT('',(187.024411961,160.23878902,8.817982701));
#4921=CARTESIAN_POINT('',(187.02255559,161.651996572,9.151161348));
#4922=CARTESIAN_POINT('',(187.021159372,162.829052414,9.432132931));
#4923=CARTESIAN_POINT('',(187.020177057,163.770294786,9.65890182));
#4924=CARTESIAN_POINT('',(187.019520406,164.476018764,9.829964301));
#4925=CARTESIAN_POINT('',(187.019051023,165.063944821,9.973322987));
#4926=CARTESIAN_POINT('',(187.018768822,165.475399164,10.074085254));
#4927=CARTESIAN_POINT('',(187.01862148,165.710489195,10.131778807));
#4928=CARTESIAN_POINT('',(187.018483606,165.945561477,10.189548191));
#4929=CARTESIAN_POINT('',(187.018360175,166.180607296,10.247429823));
#4930=CARTESIAN_POINT('',(187.018251515,166.415627145,10.305420243));
#4931=CARTESIAN_POINT('',(187.018152752,166.650629905,10.363481865));
#4932=CARTESIAN_POINT('',(187.018047859,166.944351815,10.436189677));
#4933=CARTESIAN_POINT('',(187.017951282,167.29676963,10.523638219));
#4934=CARTESIAN_POINT('',(187.017883057,167.649141372,10.611273891));
#4935=CARTESIAN_POINT('',(187.017827997,168.118912656,10.728352856));
#4936=CARTESIAN_POINT('',(187.017821896,168.706026335,10.875099847));
#4937=CARTESIAN_POINT('',(187.017897531,169.410428251,11.051723634));
#4938=CARTESIAN_POINT('',(187.017992672,169.879954774,11.169766682));
#4939=CARTESIAN_POINT('',(187.018050233,170.114700988,11.228855633));
#4940=CARTESIAN_POINT('',(187.018050241,170.114733213,11.228863745));
#4941=CARTESIAN_POINT('',(187.018050249,170.114765358,11.228871836));
#4942=CARTESIAN_POINT('',(187.018050257,170.114797543,11.228879937));
#4943=CARTESIAN_POINT('',(187.018050262,170.114815011,11.228884334));
#4944=CARTESIAN_POINT('',(187.018050266,170.11483248,11.228888731));
#4945=CARTESIAN_POINT('',(187.01805027,170.114849949,11.228893128));
#4946=CARTESIAN_POINT('',(196.075749733,147.445596134,6.264120293));
#4947=CARTESIAN_POINT('',(196.073377429,149.339775695,6.629356227));
#4948=CARTESIAN_POINT('',(196.069582109,152.181264063,7.181118262));
#4949=CARTESIAN_POINT('',(196.063093026,155.967119825,7.949544121));
#4950=CARTESIAN_POINT('',(196.058388111,158.331906976,8.449064931));
#4951=CARTESIAN_POINT('',(196.054347802,160.222102974,8.862409805));
#4952=CARTESIAN_POINT('',(196.051243454,161.638819033,9.17963472));
#4953=CARTESIAN_POINT('',(196.048669896,162.818535592,9.450165509));
#4954=CARTESIAN_POINT('',(196.046675292,163.76171291,9.670297006));
#4955=CARTESIAN_POINT('',(196.045226499,164.468780884,9.837227567));
#4956=CARTESIAN_POINT('',(196.044070938,165.057728232,9.977831222));
#4957=CARTESIAN_POINT('',(196.043295529,165.469840381,10.07701328));
#4958=CARTESIAN_POINT('',(196.042862861,165.705289208,10.133901011));
#4959=CARTESIAN_POINT('',(196.042437415,165.940708632,10.190928455));
#4960=CARTESIAN_POINT('',(196.042023196,166.176083741,10.248162526));
#4961=CARTESIAN_POINT('',(196.041620919,166.411414353,10.305596493));
#4962=CARTESIAN_POINT('',(196.041226803,166.646715344,10.363161175));
#4963=CARTESIAN_POINT('',(196.040749759,166.940786309,10.435356914));
#4964=CARTESIAN_POINT('',(196.040202653,167.293585007,10.522356926));
#4965=CARTESIAN_POINT('',(196.039680098,167.646301336,10.609700156));
#4966=CARTESIAN_POINT('',(196.039013841,168.116487531,10.726583177));
#4967=CARTESIAN_POINT('',(196.038233046,168.70404469,10.87342091));
#4968=CARTESIAN_POINT('',(196.037363124,169.408884358,11.050599177));
#4969=CARTESIAN_POINT('',(196.036819812,169.878652231,11.169259434));
#4970=CARTESIAN_POINT('',(196.03655654,170.113507652,11.228713671));
#4971=CARTESIAN_POINT('',(196.036556504,170.113539892,11.228721833));
#4972=CARTESIAN_POINT('',(196.036556467,170.113572052,11.228729974));
#4973=CARTESIAN_POINT('',(196.036556431,170.113604252,11.228738125));
#4974=CARTESIAN_POINT('',(196.036556412,170.113621729,11.228742549));
#4975=CARTESIAN_POINT('',(196.036556392,170.113639205,11.228746974));
#4976=CARTESIAN_POINT('',(196.036556373,170.113656682,11.228751398));
#4977=CARTESIAN_POINT('',(202.852430622,147.382439752,6.623365959));
#4978=CARTESIAN_POINT('',(202.851146318,149.28280537,6.935823497));
#4979=CARTESIAN_POINT('',(202.848805438,152.133517082,7.409474984));
#4980=CARTESIAN_POINT('',(202.843211629,155.930283087,8.086452654));
#4981=CARTESIAN_POINT('',(202.838579081,158.300855461,8.53716122));
#4982=CARTESIAN_POINT('',(202.834248409,160.194853055,8.918170995));
#4983=CARTESIAN_POINT('',(202.83070474,161.614004865,9.214862687));
#4984=CARTESIAN_POINT('',(202.827515706,162.795446228,9.471624984));
#4985=CARTESIAN_POINT('',(202.82483352,163.739871984,9.682851591));
#4986=CARTESIAN_POINT('',(202.822761892,164.447827376,9.844173453));
#4987=CARTESIAN_POINT('',(202.820991987,165.03748941,9.980997319));
#4988=CARTESIAN_POINT('',(202.819734019,165.45009851,10.077996756));
#4989=CARTESIAN_POINT('',(202.819010221,165.685831933,10.133767794));
#4990=CARTESIAN_POINT('',(202.818283249,165.921536926,10.189764792));
#4991=CARTESIAN_POINT('',(202.81755168,166.157199921,10.24609649));
#4992=CARTESIAN_POINT('',(202.816815709,166.392822477,10.302753148));
#4993=CARTESIAN_POINT('',(202.816076832,166.628418683,10.359622726));
#4994=CARTESIAN_POINT('',(202.815147814,166.922865765,10.431101263));
#4995=CARTESIAN_POINT('',(202.81402456,167.276129368,10.517473244));
#4996=CARTESIAN_POINT('',(202.812893981,167.629323839,10.604408541));
#4997=CARTESIAN_POINT('',(202.811378956,168.100162478,10.721021033));
#4998=CARTESIAN_POINT('',(202.809474525,168.688557032,10.867993118));
#4999=CARTESIAN_POINT('',(202.807177683,169.394419965,11.045968603));
#5000=CARTESIAN_POINT('',(202.805638233,169.864876779,11.165521652));
#5001=CARTESIAN_POINT('',(202.804866141,170.100078152,11.225506008));
#5002=CARTESIAN_POINT('',(202.804866035,170.10011044,11.225514242));
#5003=CARTESIAN_POINT('',(202.804865929,170.100142647,11.225522456));
#5004=CARTESIAN_POINT('',(202.804865823,170.100174894,11.225530681));
#5005=CARTESIAN_POINT('',(202.804865766,170.100192397,11.225535144));
#5006=CARTESIAN_POINT('',(202.804865708,170.100209899,11.225539608));
#5007=CARTESIAN_POINT('',(202.804865651,170.100227402,11.225544072));
#5008=CARTESIAN_POINT('',(208.494344079,147.310133555,7.10285127));
#5009=CARTESIAN_POINT('',(208.495472728,149.217153951,7.352031875));
#5010=CARTESIAN_POINT('',(208.496565853,152.077987079,7.730526166));
#5011=CARTESIAN_POINT('',(208.493408296,155.88808942,8.288300771));
#5012=CARTESIAN_POINT('',(208.489033555,158.266455536,8.671718475));
#5013=CARTESIAN_POINT('',(208.484192695,160.165838331,9.006261915));
#5014=CARTESIAN_POINT('',(208.479998104,161.588423028,9.272596222));
#5015=CARTESIAN_POINT('',(208.476140204,162.772067575,9.508433798));
#5016=CARTESIAN_POINT('',(208.472877643,163.717805558,9.705832326));
#5017=CARTESIAN_POINT('',(208.470341571,164.426520144,9.858285634));
#5018=CARTESIAN_POINT('',(208.468145738,165.016636217,9.988995807));
#5019=CARTESIAN_POINT('',(208.466558721,165.429476976,10.082391188));
#5020=CARTESIAN_POINT('',(208.465636702,165.66531924,10.136295404));
#5021=CARTESIAN_POINT('',(208.464704347,165.901117702,10.190553601));
#5022=CARTESIAN_POINT('',(208.463756228,166.136851517,10.245337563));
#5023=CARTESIAN_POINT('',(208.462792187,166.372522836,10.300634251));
#5024=CARTESIAN_POINT('',(208.461817609,166.608153224,10.356267464));
#5025=CARTESIAN_POINT('',(208.460579923,166.90261588,10.426428796));
#5026=CARTESIAN_POINT('',(208.459064818,167.255855684,10.511572788));
#5027=CARTESIAN_POINT('',(208.457520415,167.608987492,10.597616477));
#5028=CARTESIAN_POINT('',(208.455422589,168.07969756,10.713464515));
#5029=CARTESIAN_POINT('',(208.452730861,168.667858436,10.860226173));
#5030=CARTESIAN_POINT('',(208.449411716,169.373346061,11.038959741));
#5031=CARTESIAN_POINT('',(208.447158477,169.843491434,11.159587964));
#5032=CARTESIAN_POINT('',(208.446024237,170.078521125,11.220241051));
#5033=CARTESIAN_POINT('',(208.446024081,170.078553389,11.220249377));
#5034=CARTESIAN_POINT('',(208.446023926,170.078585573,11.220257683));
#5035=CARTESIAN_POINT('',(208.446023771,170.078617797,11.220265999));
#5036=CARTESIAN_POINT('',(208.446023686,170.078635287,11.220270513));
#5037=CARTESIAN_POINT('',(208.446023602,170.078652777,11.220275026));
#5038=CARTESIAN_POINT('',(208.446023518,170.078670267,11.22027954));
#5039=CARTESIAN_POINT('',(212.996775947,147.240707577,7.655603104));
#5040=CARTESIAN_POINT('',(213.001268873,149.153673982,7.842719628));
#5041=CARTESIAN_POINT('',(213.007458722,152.023667707,8.126371464));
#5042=CARTESIAN_POINT('',(213.009947456,155.84710799,8.554847259));
#5043=CARTESIAN_POINT('',(213.008012661,158.234003879,8.859468638));
#5044=CARTESIAN_POINT('',(213.003937125,160.139900523,9.135798275));
#5045=CARTESIAN_POINT('',(212.999589019,161.567059847,9.362109409));
#5046=CARTESIAN_POINT('',(212.994963449,162.754070112,9.568796201));
#5047=CARTESIAN_POINT('',(212.990809238,163.702042775,9.746165334));
#5048=CARTESIAN_POINT('',(212.98752648,164.412137491,9.885430694));
#5049=CARTESIAN_POINT('',(212.984709353,165.003095442,10.006815119));
#5050=CARTESIAN_POINT('',(212.982723318,165.416334764,10.094606531));
#5051=CARTESIAN_POINT('',(212.981587589,165.652347428,10.145576923));
#5052=CARTESIAN_POINT('',(212.980452099,165.888277428,10.197081319));
#5053=CARTESIAN_POINT('',(212.979317879,166.124083919,10.249382746));
#5054=CARTESIAN_POINT('',(212.97818582,166.359769122,10.302469779));
#5055=CARTESIAN_POINT('',(212.977055211,166.595374608,10.356075422));
#5056=CARTESIAN_POINT('',(212.975644452,166.889734566,10.42404332));
#5057=CARTESIAN_POINT('',(212.973955078,167.242740806,10.507092641));
#5058=CARTESIAN_POINT('',(212.972272421,167.595528816,10.591563821));
#5059=CARTESIAN_POINT('',(212.9700453,168.065630916,10.705978883));
#5060=CARTESIAN_POINT('',(212.967303305,168.65275162,10.85212252));
#5061=CARTESIAN_POINT('',(212.964084126,169.356581324,11.031775323));
#5062=CARTESIAN_POINT('',(212.961967851,169.82539534,11.154006212));
#5063=CARTESIAN_POINT('',(212.960913825,170.059710179,11.215695285));
#5064=CARTESIAN_POINT('',(212.96091368,170.059742345,11.215703753));
#5065=CARTESIAN_POINT('',(212.960913536,170.059774431,11.215712201));
#5066=CARTESIAN_POINT('',(212.960913391,170.059806557,11.215720659));
#5067=CARTESIAN_POINT('',(212.960913313,170.059823993,11.215725249));
#5068=CARTESIAN_POINT('',(212.960913234,170.05984143,11.21572984));
#5069=CARTESIAN_POINT('',(212.960913156,170.059858866,11.215734431));
#5070=CARTESIAN_POINT('',(216.365015221,147.183680901,8.171076673));
#5071=CARTESIAN_POINT('',(216.37271103,149.101211862,8.307454552));
#5072=CARTESIAN_POINT('',(216.383889668,151.978267347,8.512694985));
#5073=CARTESIAN_POINT('',(216.392954518,155.812764149,8.82810901));
#5074=CARTESIAN_POINT('',(216.395121626,158.206986937,9.060162008));
#5075=CARTESIAN_POINT('',(216.394297235,160.118217447,9.279664863));
#5076=CARTESIAN_POINT('',(216.39223151,161.548837571,9.465079805));
#5077=CARTESIAN_POINT('',(216.389122814,162.738086392,9.64044048));
#5078=CARTESIAN_POINT('',(216.385716087,163.687417216,9.795379068));
#5079=CARTESIAN_POINT('',(216.382704124,164.398313513,9.919403906));
#5080=CARTESIAN_POINT('',(216.37984808,164.989748768,10.029645019));
#5081=CARTESIAN_POINT('',(216.377713632,165.403199139,10.110584931));
#5082=CARTESIAN_POINT('',(216.376465824,165.639290783,10.157929195));
#5083=CARTESIAN_POINT('',(216.375203415,165.875269275,10.206005522));
#5084=CARTESIAN_POINT('',(216.373925897,166.111073853,10.25518309));
#5085=CARTESIAN_POINT('',(216.372648051,166.346696137,10.305460623));
#5086=CARTESIAN_POINT('',(216.371374981,166.58219435,10.356468337));
#5087=CARTESIAN_POINT('',(216.369801403,166.876330528,10.421587753));
#5088=CARTESIAN_POINT('',(216.367961721,167.228910592,10.501864274));
#5089=CARTESIAN_POINT('',(216.36616916,167.581123751,10.584207554));
#5090=CARTESIAN_POINT('',(216.363815726,168.050296273,10.696644115));
#5091=CARTESIAN_POINT('',(216.360879619,168.636023239,10.841905702));
#5092=CARTESIAN_POINT('',(216.357195045,169.337990463,11.022855525));
#5093=CARTESIAN_POINT('',(216.354575949,169.805478404,11.147367539));
#5094=CARTESIAN_POINT('',(216.353223197,170.039108117,11.210531795));
#5095=CARTESIAN_POINT('',(216.353223011,170.039140189,11.210540466));
#5096=CARTESIAN_POINT('',(216.353222825,170.039172181,11.210549115));
#5097=CARTESIAN_POINT('',(216.35322264,170.039204213,11.210557775));
#5098=CARTESIAN_POINT('',(216.353222539,170.039221598,11.210562476));
#5099=CARTESIAN_POINT('',(216.353222439,170.039238984,11.210567176));
#5100=CARTESIAN_POINT('',(216.353222338,170.039256369,11.210571877));
#5101=CARTESIAN_POINT('',(219.161987043,147.133394819,8.695294458));
#5102=CARTESIAN_POINT('',(219.17265739,149.054664838,8.7882267));
#5103=CARTESIAN_POINT('',(219.188778561,151.937310001,8.925849717));
#5104=CARTESIAN_POINT('',(219.204138874,155.781670642,9.137956131));
#5105=CARTESIAN_POINT('',(219.210382814,158.183742761,9.300293317));
#5106=CARTESIAN_POINT('',(219.214164453,160.101036214,9.461875794));
#5107=CARTESIAN_POINT('',(219.216607633,161.535402941,9.60297089));
#5108=CARTESIAN_POINT('',(219.218258387,162.726431707,9.741222295));
#5109=CARTESIAN_POINT('',(219.219071728,163.676008008,9.867544485));
#5110=CARTESIAN_POINT('',(219.219309667,164.386438762,9.971158536));
#5111=CARTESIAN_POINT('',(219.219071723,164.976940744,10.065779833));
#5112=CARTESIAN_POINT('',(219.218594548,165.389492703,10.136792964));
#5113=CARTESIAN_POINT('',(219.218219763,165.625013008,10.178791079));
#5114=CARTESIAN_POINT('',(219.217772199,165.860386595,10.221751689));
#5115=CARTESIAN_POINT('',(219.217208235,166.095544491,10.266178861));
#5116=CARTESIAN_POINT('',(219.216513246,166.330497525,10.312112748));
#5117=CARTESIAN_POINT('',(219.215726221,166.565318123,10.359061964));
#5118=CARTESIAN_POINT('',(219.214561756,166.858603656,10.419668148));
#5119=CARTESIAN_POINT('',(219.212856169,167.210187225,10.495481497));
#5120=CARTESIAN_POINT('',(219.210839101,167.561426312,10.574350671));
#5121=CARTESIAN_POINT('',(219.207748953,168.029295336,10.683472377));
#5122=CARTESIAN_POINT('',(219.203177417,168.613305469,10.827013894));
#5123=CARTESIAN_POINT('',(219.196695528,169.312880148,11.009652288));
#5124=CARTESIAN_POINT('',(219.191773848,169.778515988,11.137707285));
#5125=CARTESIAN_POINT('',(219.189168445,170.011158443,11.203236075));
#5126=CARTESIAN_POINT('',(219.189168087,170.011190379,11.203245071));
#5127=CARTESIAN_POINT('',(219.189167731,170.011222237,11.203254044));
#5128=CARTESIAN_POINT('',(219.189167374,170.011254133,11.203263028));
#5129=CARTESIAN_POINT('',(219.18916718,170.011271445,11.203267905));
#5130=CARTESIAN_POINT('',(219.189166986,170.011288757,11.203272781));
#5131=CARTESIAN_POINT('',(219.189166792,170.011306069,11.203277657));
#5132=CARTESIAN_POINT('',(221.113868907,147.097886501,9.111724426));
#5133=CARTESIAN_POINT('',(221.126342137,149.021650658,9.175879297));
#5134=CARTESIAN_POINT('',(221.145940697,151.908123791,9.26907193));
#5135=CARTESIAN_POINT('',(221.164851897,155.758804952,9.411167513));
#5136=CARTESIAN_POINT('',(221.172218058,158.167718998,9.52310375));
#5137=CARTESIAN_POINT('',(221.177479739,160.092112827,9.640511577));
#5138=CARTESIAN_POINT('',(221.181994276,161.531854902,9.746822162));
#5139=CARTESIAN_POINT('',(221.186710967,162.726561374,9.854335641));
#5140=CARTESIAN_POINT('',(221.190792039,163.678216393,9.954488396));
#5141=CARTESIAN_POINT('',(221.193774435,164.389725519,10.037767035));
#5142=CARTESIAN_POINT('',(221.195902342,164.980697742,10.115269981));
#5143=CARTESIAN_POINT('',(221.197010199,165.393333112,10.174682753));
#5144=CARTESIAN_POINT('',(221.197504211,165.628826245,10.210252413));
#5145=CARTESIAN_POINT('',(221.19789548,165.86412097,10.246950336));
#5146=CARTESIAN_POINT('',(221.198117743,166.099119606,10.285411887));
#5147=CARTESIAN_POINT('',(221.198142502,166.333827311,10.32576763));
#5148=CARTESIAN_POINT('',(221.198026754,166.568343481,10.367424417));
#5149=CARTESIAN_POINT('',(221.197603269,166.861134806,10.421998885));
#5150=CARTESIAN_POINT('',(221.196607793,167.211935992,10.491672043));
#5151=CARTESIAN_POINT('',(221.195100892,167.562210037,10.565632075));
#5152=CARTESIAN_POINT('',(221.192399479,168.028567888,10.670022225));
#5153=CARTESIAN_POINT('',(221.187735835,168.610308343,10.811289724));
#5154=CARTESIAN_POINT('',(221.180218571,169.306672728,10.997085074));
#5155=CARTESIAN_POINT('',(221.174052286,169.769887855,11.130895702));
#5156=CARTESIAN_POINT('',(221.170697264,170.001252121,11.200168698));
#5157=CARTESIAN_POINT('',(221.170696803,170.001283882,11.200178208));
#5158=CARTESIAN_POINT('',(221.170696344,170.001315564,11.200187693));
#5159=CARTESIAN_POINT('',(221.170695884,170.001347285,11.200197191));
#5160=CARTESIAN_POINT('',(221.170695634,170.001364502,11.200202346));
#5161=CARTESIAN_POINT('',(221.170695384,170.001381719,11.200207501));
#5162=CARTESIAN_POINT('',(221.170695135,170.001398936,11.200212656));
#5163=CARTESIAN_POINT('',(222.227616687,147.077708877,9.362535452));
#5164=CARTESIAN_POINT('',(222.240920471,149.002820277,9.411211128));
#5165=CARTESIAN_POINT('',(222.262344695,151.891571852,9.480784887));
#5166=CARTESIAN_POINT('',(222.282834838,155.745459817,9.585496623));
#5167=CARTESIAN_POINT('',(222.290120363,158.158457655,9.669261005));
#5168=CARTESIAN_POINT('',(222.295253965,160.087906415,9.760567213));
#5169=CARTESIAN_POINT('',(222.300145128,161.531819112,9.845824559));
#5170=CARTESIAN_POINT('',(222.306077807,162.7296332,9.934755473));
#5171=CARTESIAN_POINT('',(222.311916144,163.683167182,10.018859359));
#5172=CARTESIAN_POINT('',(222.316607078,164.395725192,10.089214905));
#5173=CARTESIAN_POINT('',(222.320410795,164.987252658,10.155064058));
#5174=CARTESIAN_POINT('',(222.322738382,165.40010634,10.206011982));
#5175=CARTESIAN_POINT('',(222.323926467,165.635673995,10.236722156));
#5176=CARTESIAN_POINT('',(222.325004075,165.871008775,10.268576513));
#5177=CARTESIAN_POINT('',(222.325892297,166.105993652,10.302274124));
#5178=CARTESIAN_POINT('',(222.326545725,166.340627406,10.338083241));
#5179=CARTESIAN_POINT('',(222.327028742,166.575026928,10.375388079));
#5180=CARTESIAN_POINT('',(222.32728907,166.86758788,10.424978556));
#5181=CARTESIAN_POINT('',(222.326987838,167.217973194,10.489602622));
#5182=CARTESIAN_POINT('',(222.326022589,167.567690925,10.559649282));
#5183=CARTESIAN_POINT('',(222.323809148,168.033135246,10.660461337));
#5184=CARTESIAN_POINT('',(222.319287843,168.61345679,10.800302834));
#5185=CARTESIAN_POINT('',(222.311243823,169.307765025,10.988923104));
#5186=CARTESIAN_POINT('',(222.304359896,169.769383843,11.127395533));
#5187=CARTESIAN_POINT('',(222.300568282,169.999891678,11.199669056));
#5188=CARTESIAN_POINT('',(222.300567761,169.999923321,11.199678978));
#5189=CARTESIAN_POINT('',(222.300567242,169.999954886,11.199688874));
#5190=CARTESIAN_POINT('',(222.300566722,169.99998649,11.199698783));
#5191=CARTESIAN_POINT('',(222.30056644,170.000003643,11.199704162));
#5192=CARTESIAN_POINT('',(222.300566158,170.000020797,11.19970954));
#5193=CARTESIAN_POINT('',(222.300565876,170.00003795,11.199714918));
#5194=CARTESIAN_POINT('',(223.062188759,147.0626871,9.556528027));
#5195=CARTESIAN_POINT('',(223.075980129,148.988751732,9.594230752));
#5196=CARTESIAN_POINT('',(223.098625794,151.879288648,9.647279085));
#5197=CARTESIAN_POINT('',(223.120009355,155.735340007,9.725875789));
#5198=CARTESIAN_POINT('',(223.126862698,158.151382344,9.789261269));
#5199=CARTESIAN_POINT('',(223.131317184,160.085105225,9.860704603));
#5200=CARTESIAN_POINT('',(223.135987153,161.532728167,9.929454127));
#5201=CARTESIAN_POINT('',(223.142421275,162.7334636,10.003696562));
#5202=CARTESIAN_POINT('',(223.149404087,163.688833453,10.075227364));
#5203=CARTESIAN_POINT('',(223.155389021,164.402434823,10.135439526));
#5204=CARTESIAN_POINT('',(223.160623735,164.994517355,10.191930087));
#5205=CARTESIAN_POINT('',(223.16407104,165.407597872,10.235821747));
#5206=CARTESIAN_POINT('',(223.165915603,165.643250569,10.262393541));
#5207=CARTESIAN_POINT('',(223.167654107,165.878641175,10.290059948));
#5208=CARTESIAN_POINT('',(223.169199146,166.113638645,10.319536222));
#5209=CARTESIAN_POINT('',(223.170483205,166.348242114,10.351197458));
#5210=CARTESIAN_POINT('',(223.171572005,166.582582087,10.384452158));
#5211=CARTESIAN_POINT('',(223.172529816,166.87501056,10.429272123));
#5212=CARTESIAN_POINT('',(223.17293059,167.225117107,10.489122649));
#5213=CARTESIAN_POINT('',(223.172506804,167.574446181,10.55546011));
#5214=CARTESIAN_POINT('',(223.170780177,168.039245339,10.652764966));
#5215=CARTESIAN_POINT('',(223.166418302,168.61852832,10.791070102));
#5216=CARTESIAN_POINT('',(223.157962497,169.311223226,10.98235372));
#5217=CARTESIAN_POINT('',(223.150523131,169.771523562,11.125289143));
#5218=CARTESIAN_POINT('',(223.146399303,170.001311187,11.200416025));
#5219=CARTESIAN_POINT('',(223.146398737,170.001342732,11.200426338));
#5220=CARTESIAN_POINT('',(223.146398173,170.001374198,11.200436626));
#5221=CARTESIAN_POINT('',(223.146397607,170.001405703,11.200446926));
#5222=CARTESIAN_POINT('',(223.1463973,170.001422802,11.200452517));
#5223=CARTESIAN_POINT('',(223.146396993,170.001439902,11.200458107));
#5224=CARTESIAN_POINT('',(223.146396686,170.001457001,11.200463698));
#5225=CARTESIAN_POINT('',(223.896126271,147.047835861,9.755681656));
#5226=CARTESIAN_POINT('',(223.910231734,148.974774087,9.783232381));
#5227=CARTESIAN_POINT('',(223.933861634,151.867188895,9.821306725));
#5228=CARTESIAN_POINT('',(223.955760055,155.725162488,9.876383632));
#5229=CARTESIAN_POINT('',(223.961847315,158.144097592,9.920711952));
#5230=CARTESIAN_POINT('',(223.96496615,160.08249256,9.972356321));
#5231=CARTESIAN_POINT('',(223.96885238,161.534369741,10.023818408));
#5232=CARTESIAN_POINT('',(223.975228784,162.738686001,10.082128234));
#5233=CARTESIAN_POINT('',(223.982971772,163.696479997,10.140098368));
#5234=CARTESIAN_POINT('',(223.990098921,164.411540443,10.189446108));
#5235=CARTESIAN_POINT('',(223.996843496,165.00443277,10.235952215));
#5236=CARTESIAN_POINT('',(224.001591785,165.417849852,10.272221738));
#5237=CARTESIAN_POINT('',(224.004229017,165.653633869,10.294256448));
#5238=CARTESIAN_POINT('',(224.006783732,165.889117557,10.317276591));
#5239=CARTESIAN_POINT('',(224.009164142,166.124154569,10.34197791));
#5240=CARTESIAN_POINT('',(224.011265215,166.358749196,10.368874374));
#5241=CARTESIAN_POINT('',(224.013145939,166.593049121,10.39742832));
#5242=CARTESIAN_POINT('',(224.015023037,166.88537163,10.4366012));
#5243=CARTESIAN_POINT('',(224.016354481,167.235293638,10.490166543));
#5244=CARTESIAN_POINT('',(224.016643964,167.584351511,10.551269491));
#5245=CARTESIAN_POINT('',(224.015564167,168.048637399,10.643506523));
#5246=CARTESIAN_POINT('',(224.011473619,168.626965501,10.779386377));
#5247=CARTESIAN_POINT('',(224.00270836,169.317900603,10.974424521));
#5248=CARTESIAN_POINT('',(223.994822798,169.776644452,11.123473457));
#5249=CARTESIAN_POINT('',(223.990439759,170.005572542,11.20236133));
#5250=CARTESIAN_POINT('',(223.990439157,170.005603969,11.202372159));
#5251=CARTESIAN_POINT('',(223.990438557,170.005635317,11.202382962));
#5252=CARTESIAN_POINT('',(223.990437956,170.005666704,11.202393778));
#5253=CARTESIAN_POINT('',(223.99043763,170.00568374,11.202399648));
#5254=CARTESIAN_POINT('',(223.990437304,170.005700775,11.202405519));
#5255=CARTESIAN_POINT('',(223.990436978,170.005717811,11.202411389));
#5256=CARTESIAN_POINT('',(224.729573717,147.033218924,9.959062924));
#5257=CARTESIAN_POINT('',(224.743783399,148.96093044,9.977514338));
#5258=CARTESIAN_POINT('',(224.768042141,151.855290837,10.002596277));
#5259=CARTESIAN_POINT('',(224.789958757,155.715010136,10.037437294));
#5260=CARTESIAN_POINT('',(224.795038852,158.136556254,10.064722502));
#5261=CARTESIAN_POINT('',(224.796121552,160.079839281,10.097331685));
#5262=CARTESIAN_POINT('',(224.798664943,161.536347387,10.131065206));
#5263=CARTESIAN_POINT('',(224.804332725,162.744862127,10.171760666));
#5264=CARTESIAN_POINT('',(224.812171876,163.705840741,10.214326446));
#5265=CARTESIAN_POINT('',(224.819994023,164.423058074,10.251116423));
#5266=CARTESIAN_POINT('',(224.828082526,165.017382448,10.285717645));
#5267=CARTESIAN_POINT('',(224.834177829,165.431503177,10.31284169));
#5268=CARTESIAN_POINT('',(224.837678257,165.667595702,10.329475082));
#5269=CARTESIAN_POINT('',(224.841147242,165.903326111,10.346994609));
#5270=CARTESIAN_POINT('',(224.844498382,166.138522927,10.366063011));
#5271=CARTESIAN_POINT('',(224.847579065,166.373217226,10.387190937));
#5272=CARTESIAN_POINT('',(224.850426873,166.607587095,10.409909058));
#5273=CARTESIAN_POINT('',(224.853454063,166.899954243,10.441771193));
#5274=CARTESIAN_POINT('',(224.855959212,167.249816618,10.487576957));
#5275=CARTESIAN_POINT('',(224.857178887,167.598723501,10.542131069));
#5276=CARTESIAN_POINT('',(224.857010849,168.062633973,10.627906192));
#5277=CARTESIAN_POINT('',(224.853487659,168.639951066,10.761745995));
#5278=CARTESIAN_POINT('',(224.844884917,169.328666568,10.963789835));
#5279=CARTESIAN_POINT('',(224.837016664,169.785457021,11.121277942));
#5280=CARTESIAN_POINT('',(224.832645041,170.013320028,11.204986969));
#5281=CARTESIAN_POINT('',(224.832644441,170.013351308,11.20499846));
#5282=CARTESIAN_POINT('',(224.832643842,170.013382511,11.205009923));
#5283=CARTESIAN_POINT('',(224.832643243,170.013413752,11.2050214));
#5284=CARTESIAN_POINT('',(224.832642918,170.013430708,11.20502763));
#5285=CARTESIAN_POINT('',(224.832642592,170.013447664,11.205033859));
#5286=CARTESIAN_POINT('',(224.832642267,170.013464621,11.205040088));
#5287=CARTESIAN_POINT('',(225.56271101,147.018901625,10.165514666));
#5288=CARTESIAN_POINT('',(225.576797104,148.947283252,10.176227928));
#5289=CARTESIAN_POINT('',(225.601159317,151.843559617,10.190784128));
#5290=CARTESIAN_POINT('',(225.622476496,155.704982113,10.209298102));
#5291=CARTESIAN_POINT('',(225.626415259,158.128801102,10.222312524));
#5292=CARTESIAN_POINT('',(225.624794518,160.076881881,10.237733022));
#5293=CARTESIAN_POINT('',(225.625472231,161.538051866,10.254401908));
#5294=CARTESIAN_POINT('',(225.629813172,162.751124348,10.276264992));
#5295=CARTESIAN_POINT('',(225.636874772,163.715995726,10.301136463));
#5296=CARTESIAN_POINT('',(225.644620873,164.436203242,10.32311644));
#5297=CARTESIAN_POINT('',(225.653476081,165.032985387,10.342685799));
#5298=CARTESIAN_POINT('',(225.660694783,165.448675262,10.356927546));
#5299=CARTESIAN_POINT('',(225.6649965,165.685584606,10.365598811));
#5300=CARTESIAN_POINT('',(225.669361503,165.922063078,10.37486533));
#5301=CARTESIAN_POINT('',(225.673723906,166.157879085,10.385504487));
#5302=CARTESIAN_POINT('',(225.677855322,166.393022539,10.398681833));
#5303=CARTESIAN_POINT('',(225.681754576,166.627729018,10.413898594));
#5304=CARTESIAN_POINT('',(225.686054047,166.920337642,10.437260385));
#5305=CARTESIAN_POINT('',(225.68993789,167.270432848,10.47326535));
#5306=CARTESIAN_POINT('',(225.692291836,167.619338695,10.520548536));
#5307=CARTESIAN_POINT('',(225.693305873,168.082690567,10.602146669));
#5308=CARTESIAN_POINT('',(225.690848437,168.658315189,10.740018238));
#5309=CARTESIAN_POINT('',(225.683537885,169.344115532,10.953506666));
#5310=CARTESIAN_POINT('',(225.676763914,169.798629414,11.119987018));
#5311=CARTESIAN_POINT('',(225.673010302,170.025288171,11.208350924));
#5312=CARTESIAN_POINT('',(225.673009787,170.025319286,11.208363054));
#5313=CARTESIAN_POINT('',(225.673009273,170.025350323,11.208375155));
#5314=CARTESIAN_POINT('',(225.673008758,170.0253814,11.20838727));
#5315=CARTESIAN_POINT('',(225.673008479,170.025398266,11.208393846));
#5316=CARTESIAN_POINT('',(225.673008199,170.025415133,11.208400421));
#5317=CARTESIAN_POINT('',(225.67300792,170.025432,11.208406997));
#5318=CARTESIAN_POINT('',(226.673390821,147.000285583,10.443063455));
#5319=CARTESIAN_POINT('',(226.687089172,148.929474269,10.445879292));
#5320=CARTESIAN_POINT('',(226.710487974,151.828028633,10.45026916));
#5321=CARTESIAN_POINT('',(226.730193019,155.691865951,10.452857206));
#5322=CARTESIAN_POINT('',(226.732380016,158.118434737,10.451488919));
#5323=CARTESIAN_POINT('',(226.726619194,160.07218202,10.448226125));
#5324=CARTESIAN_POINT('',(226.724065252,161.538949323,10.445413975));
#5325=CARTESIAN_POINT('',(226.725889471,162.75791905,10.443785903));
#5326=CARTESIAN_POINT('',(226.73086449,163.728300832,10.44399198));
#5327=CARTESIAN_POINT('',(226.737418637,164.453092303,10.444562966));
#5328=CARTESIAN_POINT('',(226.746089989,165.054123681,10.442854909));
#5329=CARTESIAN_POINT('',(226.753861615,165.47299716,10.437776393));
#5330=CARTESIAN_POINT('',(226.758721611,165.711772688,10.433613216));
#5331=CARTESIAN_POINT('',(226.763820857,165.950139605,10.428696967));
#5332=CARTESIAN_POINT('',(226.769191914,166.187853893,10.423048729));
#5333=CARTESIAN_POINT('',(226.774548414,166.424786108,10.418839311));
#5334=CARTESIAN_POINT('',(226.779757406,166.66112616,10.416943437));
#5335=CARTESIAN_POINT('',(226.785711597,166.955281029,10.42192873));
#5336=CARTESIAN_POINT('',(226.791193459,167.305758302,10.44865771));
#5337=CARTESIAN_POINT('',(226.794884839,167.653899575,10.496661381));
#5338=CARTESIAN_POINT('',(226.797712182,168.115485155,10.584888013));
#5339=CARTESIAN_POINT('',(226.798022779,168.688303151,10.733466824));
#5340=CARTESIAN_POINT('',(226.795313258,169.370504871,10.955904689));
#5341=CARTESIAN_POINT('',(226.792377973,169.822475334,11.126114653));
#5342=CARTESIAN_POINT('',(226.790719706,170.047792034,11.216037567));
#5343=CARTESIAN_POINT('',(226.790719478,170.047822965,11.216049911));
#5344=CARTESIAN_POINT('',(226.790719251,170.047853818,11.216062225));
#5345=CARTESIAN_POINT('',(226.790719024,170.04788471,11.216074554));
#5346=CARTESIAN_POINT('',(226.790718901,170.047901477,11.216081246));
#5347=CARTESIAN_POINT('',(226.790718777,170.047918244,11.216087937));
#5348=CARTESIAN_POINT('',(226.790718654,170.047935011,11.216094629));
#5349=CARTESIAN_POINT('',(228.061617405,146.977984104,10.790602628));
#5350=CARTESIAN_POINT('',(228.075078654,148.908194221,10.789999995));
#5351=CARTESIAN_POINT('',(228.093915469,151.808638819,10.788929151));
#5352=CARTESIAN_POINT('',(228.110876195,155.675876667,10.783396963));
#5353=CARTESIAN_POINT('',(228.109609671,158.106166255,10.773913136));
#5354=CARTESIAN_POINT('',(228.099062446,160.064215578,10.758472082));
#5355=CARTESIAN_POINT('',(228.090948621,161.535769362,10.741939987));
#5356=CARTESIAN_POINT('',(228.087332777,162.760236667,10.723334258));
#5357=CARTESIAN_POINT('',(228.08881336,163.736326618,10.702881008));
#5358=CARTESIAN_POINT('',(228.092978496,164.466078188,10.682547677));
#5359=CARTESIAN_POINT('',(228.099514668,165.071671842,10.659534523));
#5360=CARTESIAN_POINT('',(228.105579139,165.493738636,10.641999247));
#5361=CARTESIAN_POINT('',(228.109379202,165.734277434,10.632530744));
#5362=CARTESIAN_POINT('',(228.113359261,165.974342389,10.623911233));
#5363=CARTESIAN_POINT('',(228.117536389,166.213621723,10.617422094));
#5364=CARTESIAN_POINT('',(228.121769153,166.451966862,10.614836823));
#5365=CARTESIAN_POINT('',(228.126006195,166.689652426,10.615273707));
#5366=CARTESIAN_POINT('',(228.131266924,166.98547877,10.622034091));
#5367=CARTESIAN_POINT('',(228.137452786,167.338402138,10.64087962));
#5368=CARTESIAN_POINT('',(228.143355354,167.689117893,10.672976628));
#5369=CARTESIAN_POINT('',(228.150768608,168.153767368,10.735055622));
#5370=CARTESIAN_POINT('',(228.159384163,168.729370346,10.846652092));
#5371=CARTESIAN_POINT('',(228.169846655,169.413334295,11.020758973));
#5372=CARTESIAN_POINT('',(228.177537674,169.865669442,11.155469832));
#5373=CARTESIAN_POINT('',(228.181609655,170.091060647,11.226519981));
#5374=CARTESIAN_POINT('',(228.181610214,170.091091588,11.226529735));
#5375=CARTESIAN_POINT('',(228.181610772,170.091122451,11.226539463));
#5376=CARTESIAN_POINT('',(228.18161133,170.091153353,11.226549205));
#5377=CARTESIAN_POINT('',(228.181611633,170.091170126,11.226554492));
#5378=CARTESIAN_POINT('',(228.181611936,170.091186898,11.226559779));
#5379=CARTESIAN_POINT('',(228.181612239,170.091203671,11.226565066));
#5380=CARTESIAN_POINT('',(229.171943163,146.961374639,11.067855901));
#5381=CARTESIAN_POINT('',(229.185386735,148.891802179,11.069620571));
#5382=CARTESIAN_POINT('',(229.198550538,151.793364881,11.070372645));
#5383=CARTESIAN_POINT('',(229.211886211,155.663535207,11.069323337));
#5384=CARTESIAN_POINT('',(229.208179148,158.095478543,11.064067327));
#5385=CARTESIAN_POINT('',(229.192659819,160.054787595,11.053552775));
#5386=CARTESIAN_POINT('',(229.178964035,161.527545071,11.042413188));
#5387=CARTESIAN_POINT('',(229.169801517,162.753523656,11.030672316));
#5388=CARTESIAN_POINT('',(229.166117822,163.73117593,11.019166717));
#5389=CARTESIAN_POINT('',(229.165891677,164.462281693,11.009074383));
#5390=CARTESIAN_POINT('',(229.168242845,165.069243207,10.999777151));
#5391=CARTESIAN_POINT('',(229.171194767,165.492597412,10.994010248));
#5392=CARTESIAN_POINT('',(229.173226372,165.73403263,10.991233812));
#5393=CARTESIAN_POINT('',(229.175477232,165.975131411,10.988912009));
#5394=CARTESIAN_POINT('',(229.178041919,166.215703026,10.987437142));
#5395=CARTESIAN_POINT('',(229.18089843,166.455704151,10.987166279));
#5396=CARTESIAN_POINT('',(229.183944922,166.695308542,10.987863785));
#5397=CARTESIAN_POINT('',(229.188109665,166.994035391,10.990890832));
#5398=CARTESIAN_POINT('',(229.193729506,167.351129919,10.999126788));
#5399=CARTESIAN_POINT('',(229.200165444,167.706799416,11.011918697));
#5400=CARTESIAN_POINT('',(229.210162752,168.179068757,11.034680454));
#5401=CARTESIAN_POINT('',(229.225881001,168.765620725,11.073157708));
#5402=CARTESIAN_POINT('',(229.250586395,169.463392123,11.132882367));
#5403=CARTESIAN_POINT('',(229.269927385,169.924813109,11.182875067));
#5404=CARTESIAN_POINT('',(229.280116933,170.154634066,11.210791173));
#5405=CARTESIAN_POINT('',(229.280118332,170.154665615,11.210795005));
#5406=CARTESIAN_POINT('',(229.280119727,170.154697086,11.210798828));
#5407=CARTESIAN_POINT('',(229.280121124,170.154728595,11.210802656));
#5408=CARTESIAN_POINT('',(229.280121883,170.154745698,11.210804733));
#5409=CARTESIAN_POINT('',(229.280122641,170.1547628,11.210806811));
#5410=CARTESIAN_POINT('',(229.280123399,170.154779902,11.210808888));
#5411=CARTESIAN_POINT('',(229.727010301,146.953267256,11.206924949));
#5412=CARTESIAN_POINT('',(229.740417808,148.883730693,11.210073562));
#5413=CARTESIAN_POINT('',(229.750528427,151.785823291,11.213034141));
#5414=CARTESIAN_POINT('',(229.761770857,155.657383766,11.216394167));
#5415=CARTESIAN_POINT('',(229.756873746,158.089759173,11.215664934));
#5416=CARTESIAN_POINT('',(229.738548602,160.049296346,11.211066042));
#5417=CARTESIAN_POINT('',(229.721810994,161.522184232,11.206466139));
#5418=CARTESIAN_POINT('',(229.709525579,162.748387674,11.20289921));
#5419=CARTESIAN_POINT('',(229.702743385,163.726400307,11.201026773));
#5420=CARTESIAN_POINT('',(229.69988888,164.457951336,11.200240159));
#5421=CARTESIAN_POINT('',(229.699863132,165.065579778,11.20022896));
#5422=CARTESIAN_POINT('',(229.70116589,165.489719368,11.200610083));
#5423=CARTESIAN_POINT('',(229.702283873,165.731728673,11.200916496));
#5424=CARTESIAN_POINT('',(229.703648733,165.97349736,11.201273455));
#5425=CARTESIAN_POINT('',(229.705381904,166.214901027,11.20169199));
#5426=CARTESIAN_POINT('',(229.707491643,166.455926087,11.20215531));
#5427=CARTESIAN_POINT('',(229.709863578,166.696691017,11.202647771));
#5428=CARTESIAN_POINT('',(229.713354743,166.997140133,11.203333362));
#5429=CARTESIAN_POINT('',(229.718586945,167.356783848,11.204299937));
#5430=CARTESIAN_POINT('',(229.725154488,167.715426965,11.205392161));
#5431=CARTESIAN_POINT('',(229.736164538,168.192146914,11.206621127));
#5432=CARTESIAN_POINT('',(229.755017859,168.785020834,11.206792254));
#5433=CARTESIAN_POINT('',(229.786602872,169.490744248,11.205959236));
#5434=CARTESIAN_POINT('',(229.811516513,169.957102638,11.212647059));
#5435=CARTESIAN_POINT('',(229.824460949,170.189304012,11.219457909));
#5436=CARTESIAN_POINT('',(229.824462726,170.189335888,11.219458844));
#5437=CARTESIAN_POINT('',(229.824464498,170.189367684,11.219459777));
#5438=CARTESIAN_POINT('',(229.824466273,170.18939952,11.21946071));
#5439=CARTESIAN_POINT('',(229.824467236,170.189416799,11.219461217));
#5440=CARTESIAN_POINT('',(229.8244682,170.189434079,11.219461724));
#5441=CARTESIAN_POINT('',(229.824469163,170.189451358,11.219462231));
#5442=CARTESIAN_POINT('',(229.755195337,146.952855582,11.213986556));
#5443=CARTESIAN_POINT('',(229.768601013,148.883320841,11.217205443));
#5444=CARTESIAN_POINT('',(229.778556598,151.785440346,11.220278165));
#5445=CARTESIAN_POINT('',(229.789692738,155.65707141,11.223862086));
#5446=CARTESIAN_POINT('',(229.784735199,158.089468757,11.223362713));
#5447=CARTESIAN_POINT('',(229.766267582,160.049017513,11.219064204));
#5448=CARTESIAN_POINT('',(229.749375518,161.521912021,11.214796372));
#5449=CARTESIAN_POINT('',(229.736931529,162.748126881,11.211644497));
#5450=CARTESIAN_POINT('',(229.729992,163.726157812,11.21026121));
#5451=CARTESIAN_POINT('',(229.727004033,164.45773145,11.209947119));
#5452=CARTESIAN_POINT('',(229.726857591,165.065393757,11.210407443));
#5453=CARTESIAN_POINT('',(229.728076608,165.489573228,11.211100749));
#5454=CARTESIAN_POINT('',(229.729148199,165.731611683,11.211563702));
#5455=CARTESIAN_POINT('',(229.73046807,165.973414387,11.212056682));
#5456=CARTESIAN_POINT('',(229.732159019,166.214860303,11.21257136));
#5457=CARTESIAN_POINT('',(229.734230839,166.455937356,11.21307196));
#5458=CARTESIAN_POINT('',(229.736568521,166.696761216,11.213554009));
#5459=CARTESIAN_POINT('',(229.740025483,166.997297785,11.214120706));
#5460=CARTESIAN_POINT('',(229.745238002,167.357070942,11.214718159));
#5461=CARTESIAN_POINT('',(229.751812228,167.715865052,11.2152163));
#5462=CARTESIAN_POINT('',(229.762873702,168.192810993,11.21535188));
#5463=CARTESIAN_POINT('',(229.781886215,168.786005927,11.21357791));
#5464=CARTESIAN_POINT('',(229.813820559,169.492133126,11.209669912));
#5465=CARTESIAN_POINT('',(229.839017167,169.958742226,11.214158812));
#5466=CARTESIAN_POINT('',(229.85210149,170.191064472,11.219897986));
#5467=CARTESIAN_POINT('',(229.852103286,170.191096365,11.219898774));
#5468=CARTESIAN_POINT('',(229.852105077,170.191128177,11.21989956));
#5469=CARTESIAN_POINT('',(229.852106871,170.19116003,11.219900347));
#5470=CARTESIAN_POINT('',(229.852107845,170.191177318,11.219900774));
#5471=CARTESIAN_POINT('',(229.852108819,170.191194607,11.219901201));
#5472=CARTESIAN_POINT('',(229.852109792,170.191211895,11.219901628));
#5473=CARTESIAN_POINT('',(229.783380373,146.952443907,11.221048164));
#5474=CARTESIAN_POINT('',(229.796784218,148.88291099,11.224337323));
#5475=CARTESIAN_POINT('',(229.806584769,151.785057402,11.227522188));
#5476=CARTESIAN_POINT('',(229.817614619,155.656759054,11.231330006));
#5477=CARTESIAN_POINT('',(229.812596652,158.08917834,11.231060492));
#5478=CARTESIAN_POINT('',(229.793986563,160.04873868,11.227062367));
#5479=CARTESIAN_POINT('',(229.776940041,161.52163981,11.223126604));
#5480=CARTESIAN_POINT('',(229.764337479,162.747866087,11.220389783));
#5481=CARTESIAN_POINT('',(229.757240616,163.725915317,11.219495646));
#5482=CARTESIAN_POINT('',(229.754119186,164.457511565,11.219654078));
#5483=CARTESIAN_POINT('',(229.75385205,165.065207737,11.220585926));
#5484=CARTESIAN_POINT('',(229.754987326,165.489427087,11.221591415));
#5485=CARTESIAN_POINT('',(229.756012526,165.731494694,11.222210908));
#5486=CARTESIAN_POINT('',(229.757287408,165.973331413,11.222839909));
#5487=CARTESIAN_POINT('',(229.758936134,166.21481958,11.22345073));
#5488=CARTESIAN_POINT('',(229.760970034,166.455948626,11.22398861));
#5489=CARTESIAN_POINT('',(229.763273464,166.696831415,11.224460247));
#5490=CARTESIAN_POINT('',(229.766696224,166.997455436,11.224908051));
#5491=CARTESIAN_POINT('',(229.771889059,167.357358035,11.225136381));
#5492=CARTESIAN_POINT('',(229.778469967,167.716303139,11.225040439));
#5493=CARTESIAN_POINT('',(229.789582867,168.193475072,11.224082633));
#5494=CARTESIAN_POINT('',(229.808754571,168.78699102,11.220363565));
#5495=CARTESIAN_POINT('',(229.841038247,169.493522004,11.213380588));
#5496=CARTESIAN_POINT('',(229.86651782,169.960381814,11.215670566));
#5497=CARTESIAN_POINT('',(229.87974203,170.192824933,11.220338063));
#5498=CARTESIAN_POINT('',(229.879743846,170.192856842,11.220338704));
#5499=CARTESIAN_POINT('',(229.879745656,170.192888671,11.220339343));
#5500=CARTESIAN_POINT('',(229.87974747,170.19292054,11.220339983));
#5501=CARTESIAN_POINT('',(229.879748454,170.192937837,11.22034033));
#5502=CARTESIAN_POINT('',(229.879749438,170.192955135,11.220340677));
#5503=CARTESIAN_POINT('',(229.879750422,170.192972432,11.220341025));
#5504=CARTESIAN_POINT('',(229.81156541,146.952032233,11.228109771));
#5505=CARTESIAN_POINT('',(229.824967423,148.882501138,11.231469204));
#5506=CARTESIAN_POINT('',(229.834612941,151.784674457,11.234766212));
#5507=CARTESIAN_POINT('',(229.8455365,155.656446698,11.238797925));
#5508=CARTESIAN_POINT('',(229.840458106,158.088887924,11.23875827));
#5509=CARTESIAN_POINT('',(229.821705543,160.048459847,11.235060529));
#5510=CARTESIAN_POINT('',(229.804504565,161.521367599,11.231456837));
#5511=CARTESIAN_POINT('',(229.791743429,162.747605294,11.22913507));
#5512=CARTESIAN_POINT('',(229.784489231,163.725672821,11.228730083));
#5513=CARTESIAN_POINT('',(229.78123434,164.457291679,11.229361038));
#5514=CARTESIAN_POINT('',(229.780846509,165.065021716,11.230764409));
#5515=CARTESIAN_POINT('',(229.781898044,165.489280947,11.23208208));
#5516=CARTESIAN_POINT('',(229.782876852,165.731377704,11.232858113));
#5517=CARTESIAN_POINT('',(229.784106745,165.97324844,11.233623136));
#5518=CARTESIAN_POINT('',(229.785713249,166.214778856,11.234330099));
#5519=CARTESIAN_POINT('',(229.78770923,166.455959895,11.23490526));
#5520=CARTESIAN_POINT('',(229.789978407,166.696901614,11.235366486));
#5521=CARTESIAN_POINT('',(229.793366964,166.997613088,11.235695395));
#5522=CARTESIAN_POINT('',(229.798540116,167.357645129,11.235554603));
#5523=CARTESIAN_POINT('',(229.805127707,167.716741226,11.234864577));
#5524=CARTESIAN_POINT('',(229.816292031,168.19413915,11.232813386));
#5525=CARTESIAN_POINT('',(229.835622927,168.787976113,11.227149221));
#5526=CARTESIAN_POINT('',(229.868255934,169.494910883,11.217091263));
#5527=CARTESIAN_POINT('',(229.894018474,169.962021403,11.217182319));
#5528=CARTESIAN_POINT('',(229.907382571,170.194585393,11.22077814));
#5529=CARTESIAN_POINT('',(229.907384405,170.194617319,11.220778634));
#5530=CARTESIAN_POINT('',(229.907386235,170.194649164,11.220779126));
#5531=CARTESIAN_POINT('',(229.907388068,170.19468105,11.220779619));
#5532=CARTESIAN_POINT('',(229.907389062,170.194698356,11.220779886));
#5533=CARTESIAN_POINT('',(229.907390057,170.194715663,11.220780154));
#5534=CARTESIAN_POINT('',(229.907391051,170.194732969,11.220780422));
#5535=B_SPLINE_SURFACE_WITH_KNOTS('',3,3,((#4760,#4761,#4762,#4763,#4764,#4765,#4766,#4767,#4768,#4769,#4770,#4771,#4772,#4773,#4774,#4775,#4776,#4777,#4778,#4779,#4780,#4781,#4782,#4783,#4784,#4785,
#4786,#4787,#4788,#4789,#4790),(#4791,#4792,#4793,#4794,#4795,#4796,#4797,#4798,#4799,#4800,#4801,#4802,#4803,#4804,#4805,#4806,#4807,#4808,#4809,#4810,#4811,#4812,#4813,#4814,#4815,#4816,
#4817,#4818,#4819,#4820,#4821),(#4822,#4823,#4824,#4825,#4826,#4827,#4828,#4829,#4830,#4831,#4832,#4833,#4834,#4835,#4836,#4837,#4838,#4839,#4840,#4841,#4842,#4843,#4844,#4845,#4846,#4847,
#4848,#4849,#4850,#4851,#4852),(#4853,#4854,#4855,#4856,#4857,#4858,#4859,#4860,#4861,#4862,#4863,#4864,#4865,#4866,#4867,#4868,#4869,#4870,#4871,#4872,#4873,#4874,#4875,#4876,#4877,#4878,
#4879,#4880,#4881,#4882,#4883),(#4884,#4885,#4886,#4887,#4888,#4889,#4890,#4891,#4892,#4893,#4894,#4895,#4896,#4897,#4898,#4899,#4900,#4901,#4902,#4903,#4904,#4905,#4906,#4907,#4908,#4909,
#4910,#4911,#4912,#4913,#4914),(#4915,#4916,#4917,#4918,#4919,#4920,#4921,#4922,#4923,#4924,#4925,#4926,#4927,#4928,#4929,#4930,#4931,#4932,#4933,#4934,#4935,#4936,#4937,#4938,#4939,#4940,
#4941,#4942,#4943,#4944,#4945),(#4946,#4947,#4948,#4949,#4950,#4951,#4952,#4953,#4954,#4955,#4956,#4957,#4958,#4959,#4960,#4961,#4962,#4963,#4964,#4965,#4966,#4967,#4968,#4969,#4970,#4971,
#4972,#4973,#4974,#4975,#4976),(#4977,#4978,#4979,#4980,#4981,#4982,#4983,#4984,#4985,#4986,#4987,#4988,#4989,#4990,#4991,#4992,#4993,#4994,#4995,#4996,#4997,#4998,#4999,#5000,#5001,#5002,
#5003,#5004,#5005,#5006,#5007),(#5008,#5009,#5010,#5011,#5012,#5013,#5014,#5015,#5016,#5017,#5018,#5019,#5020,#5021,#5022,#5023,#5024,#5025,#5026,#5027,#5028,#5029,#5030,#5031,#5032,#5033,
#5034,#5035,#5036,#5037,#5038),(#5039,#5040,#5041,#5042,#5043,#5044,#5045,#5046,#5047,#5048,#5049,#5050,#5051,#5052,#5053,#5054,#5055,#5056,#5057,#5058,#5059,#5060,#5061,#5062,#5063,#5064,
#5065,#5066,#5067,#5068,#5069),(#5070,#5071,#5072,#5073,#5074,#5075,#5076,#5077,#5078,#5079,#5080,#5081,#5082,#5083,#5084,#5085,#5086,#5087,#5088,#5089,#5090,#5091,#5092,#5093,#5094,#5095,
#5096,#5097,#5098,#5099,#5100),(#5101,#5102,#5103,#5104,#5105,#5106,#5107,#5108,#5109,#5110,#5111,#5112,#5113,#5114,#5115,#5116,#5117,#5118,#5119,#5120,#5121,#5122,#5123,#5124,#5125,#5126,
#5127,#5128,#5129,#5130,#5131),(#5132,#5133,#5134,#5135,#5136,#5137,#5138,#5139,#5140,#5141,#5142,#5143,#5144,#5145,#5146,#5147,#5148,#5149,#5150,#5151,#5152,#5153,#5154,#5155,#5156,#5157,
#5158,#5159,#5160,#5161,#5162),(#5163,#5164,#5165,#5166,#5167,#5168,#5169,#5170,#5171,#5172,#5173,#5174,#5175,#5176,#5177,#5178,#5179,#5180,#5181,#5182,#5183,#5184,#5185,#5186,#5187,#5188,
#5189,#5190,#5191,#5192,#5193),(#5194,#5195,#5196,#5197,#5198,#5199,#5200,#5201,#5202,#5203,#5204,#5205,#5206,#5207,#5208,#5209,#5210,#5211,#5212,#5213,#5214,#5215,#5216,#5217,#5218,#5219,
#5220,#5221,#5222,#5223,#5224),(#5225,#5226,#5227,#5228,#5229,#5230,#5231,#5232,#5233,#5234,#5235,#5236,#5237,#5238,#5239,#5240,#5241,#5242,#5243,#5244,#5245,#5246,#5247,#5248,#5249,#5250,
#5251,#5252,#5253,#5254,#5255),(#5256,#5257,#5258,#5259,#5260,#5261,#5262,#5263,#5264,#5265,#5266,#5267,#5268,#5269,#5270,#5271,#5272,#5273,#5274,#5275,#5276,#5277,#5278,#5279,#5280,#5281,
#5282,#5283,#5284,#5285,#5286),(#5287,#5288,#5289,#5290,#5291,#5292,#5293,#5294,#5295,#5296,#5297,#5298,#5299,#5300,#5301,#5302,#5303,#5304,#5305,#5306,#5307,#5308,#5309,#5310,#5311,#5312,
#5313,#5314,#5315,#5316,#5317),(#5318,#5319,#5320,#5321,#5322,#5323,#5324,#5325,#5326,#5327,#5328,#5329,#5330,#5331,#5332,#5333,#5334,#5335,#5336,#5337,#5338,#5339,#5340,#5341,#5342,#5343,
#5344,#5345,#5346,#5347,#5348),(#5349,#5350,#5351,#5352,#5353,#5354,#5355,#5356,#5357,#5358,#5359,#5360,#5361,#5362,#5363,#5364,#5365,#5366,#5367,#5368,#5369,#5370,#5371,#5372,#5373,#5374,
#5375,#5376,#5377,#5378,#5379),(#5380,#5381,#5382,#5383,#5384,#5385,#5386,#5387,#5388,#5389,#5390,#5391,#5392,#5393,#5394,#5395,#5396,#5397,#5398,#5399,#5400,#5401,#5402,#5403,#5404,#5405,
#5406,#5407,#5408,#5409,#5410),(#5411,#5412,#5413,#5414,#5415,#5416,#5417,#5418,#5419,#5420,#5421,#5422,#5423,#5424,#5425,#5426,#5427,#5428,#5429,#5430,#5431,#5432,#5433,#5434,#5435,#5436,
#5437,#5438,#5439,#5440,#5441),(#5442,#5443,#5444,#5445,#5446,#5447,#5448,#5449,#5450,#5451,#5452,#5453,#5454,#5455,#5456,#5457,#5458,#5459,#5460,#5461,#5462,#5463,#5464,#5465,#5466,#5467,
#5468,#5469,#5470,#5471,#5472),(#5473,#5474,#5475,#5476,#5477,#5478,#5479,#5480,#5481,#5482,#5483,#5484,#5485,#5486,#5487,#5488,#5489,#5490,#5491,#5492,#5493,#5494,#5495,#5496,#5497,#5498,
#5499,#5500,#5501,#5502,#5503),(#5504,#5505,#5506,#5507,#5508,#5509,#5510,#5511,#5512,#5513,#5514,#5515,#5516,#5517,#5518,#5519,#5520,#5521,#5522,#5523,#5524,#5525,#5526,#5527,#5528,#5529,
#5530,#5531,#5532,#5533,#5534)),.UNSPECIFIED.,.F.,.F.,.U.,(4,1,1,1,1,1,1,1,1,1,1,1,1,1,1,1,1,1,1,3,4),(4,1,1,1,1,1,1,1,1,1,1,1,1,1,1,1,1,1,1,1,1,1,3,3,4),(0.024580938,0.027026083,0.040539124,0.054052166,0.067565207,0.074321728,0.081078248,0.087834769,0.091213029,0.09459129,0.09796955,0.09965868,0.100503245,0.10134781,0.102192375,0.103036941,0.103881506,0.104726071,0.106415201,0.108104269,0.108190036),(-0.019540921,-0.013764653,-0.010874933,-0.007985213,-0.006540354,-0.005095494,-0.003650634,-0.002928204,-0.002205774,-0.001483344,-0.001122129,-0.000941522,-0.000760914,-0.000399699,-0.000219092,-0.000038484,0.000322731,0.000683946,0.00104516,0.001406375,0.002128805,0.002851235,0.003573665,0.003573764,0.003573818),.UNSPECIFIED.);
#5536=CARTESIAN_POINT('',(175.691197884,166.999999918,10.45000033));
#5537=VERTEX_POINT('',#5536);
#5538=CARTESIAN_POINT('',(226.699816148,166.999818146,10.452962867));
#5539=VERTEX_POINT('',#5538);
#5540=CARTESIAN_POINT('',(175.691197884,167.,10.450000701));
#5541=CARTESIAN_POINT('',(184.192604782,167.,10.449998484));
#5542=CARTESIAN_POINT('',(192.69401168,167.,10.450008204));
#5543=CARTESIAN_POINT('',(201.195418578,167.,10.450019983));
#5544=CARTESIAN_POINT('',(205.446122027,167.,10.450025872));
#5545=CARTESIAN_POINT('',(209.696825477,167.,10.450137357));
#5546=CARTESIAN_POINT('',(213.947528925,167.,10.450031634));
#5547=CARTESIAN_POINT('',(216.072880649,167.,10.449978773));
#5548=CARTESIAN_POINT('',(218.198232379,167.,10.450436569));
#5549=CARTESIAN_POINT('',(220.323584098,167.,10.449986344));
#5550=CARTESIAN_POINT('',(221.386259958,167.,10.449761232));
#5551=CARTESIAN_POINT('',(222.448936788,167.,10.44872516));
#5552=CARTESIAN_POINT('',(223.511608173,167.,10.452389949));
#5553=CARTESIAN_POINT('',(224.042943866,167.,10.454222344));
#5554=CARTESIAN_POINT('',(224.574279243,167.,10.45632678));
#5555=CARTESIAN_POINT('',(225.105622314,167.,10.451792703));
#5556=CARTESIAN_POINT('',(225.37129385,167.,10.449525664));
#5557=CARTESIAN_POINT('',(225.636967723,167.,10.445241906));
#5558=CARTESIAN_POINT('',(225.902640274,167.,10.442099306));
#5559=CARTESIAN_POINT('',(226.035476549,167.,10.440528007));
#5560=CARTESIAN_POINT('',(226.168311941,167.,10.439718976));
#5561=CARTESIAN_POINT('',(226.301144379,167.,10.441457794));
#5562=CARTESIAN_POINT('',(226.367560599,167.,10.442327203));
#5563=CARTESIAN_POINT('',(226.433976079,167.,10.443834248));
#5564=CARTESIAN_POINT('',(226.500390556,167.,10.446206837));
#5565=CARTESIAN_POINT('',(226.533597795,167.,10.447393132));
#5566=CARTESIAN_POINT('',(226.56680478,167.,10.448798111));
#5567=CARTESIAN_POINT('',(226.600011511,167.,10.45042184));
#5568=CARTESIAN_POINT('',(226.616614877,167.,10.451233704));
#5569=CARTESIAN_POINT('',(226.63321818,167.,10.452100201));
#5570=CARTESIAN_POINT('',(226.649821419,167.,10.453021251));
#5571=CARTESIAN_POINT('',(226.658123039,167.,10.453481776));
#5572=CARTESIAN_POINT('',(226.666424642,167.,10.453955939));
#5573=CARTESIAN_POINT('',(226.67472623,167.,10.454443731));
#5574=CARTESIAN_POINT('',(226.683027818,167.,10.454931523));
#5575=CARTESIAN_POINT('',(226.690645468,167.,10.455390512));
#5576=CARTESIAN_POINT('',(226.699630947,167.,10.455947983));
#5577=B_SPLINE_CURVE_WITH_KNOTS('',3,(#5540,#5541,#5542,#5543,#5544,#5545,#5546,#5547,#5548,#5549,#5550,#5551,#5552,#5553,#5554,#5555,#5556,#5557,#5558,#5559,#5560,#5561,#5562,#5563,#5564,#5565,
#5566,#5567,#5568,#5569,#5570,#5571,#5572,#5573,#5574,#5575,#5576),.UNSPECIFIED.,.F.,.F.,(4,3,3,3,3,3,3,3,3,3,3,3,4),(0.,0.025504221,0.038256331,0.044632386,0.047820414,0.049414428,0.050211434,0.050609938,0.05080919,0.050908816,0.050958628,0.050983535,0.051008441),.UNSPECIFIED.);
#5578=EDGE_CURVE('',#5537,#5539,#5577,.T.);
#5579=ORIENTED_EDGE('',*,*,#5578,.T.);
#5580=CARTESIAN_POINT('',(226.699988358,158.999999999,10.450053909));
#5581=VERTEX_POINT('',#5580);
#5582=CARTESIAN_POINT('',(226.7,166.999634928,10.455948476));
#5583=CARTESIAN_POINT('',(226.7,166.66633155,10.435494721));
#5584=CARTESIAN_POINT('',(226.7,166.33301109,10.438455443));
#5585=CARTESIAN_POINT('',(226.7,165.999690196,10.442013281));
#5586=CARTESIAN_POINT('',(226.7,165.666369301,10.445571118));
#5587=CARTESIAN_POINT('',(226.7,165.333048059,10.449605029));
#5588=CARTESIAN_POINT('',(226.7,164.999728677,10.451088482));
#5589=CARTESIAN_POINT('',(226.7,164.333089914,10.454055389));
#5590=CARTESIAN_POINT('',(226.7,163.666455233,10.451425789));
#5591=CARTESIAN_POINT('',(226.7,162.999819171,10.450689667));
#5592=CARTESIAN_POINT('',(226.7,161.666547047,10.449217424));
#5593=CARTESIAN_POINT('',(226.7,160.333273183,10.450131009));
#5594=CARTESIAN_POINT('',(226.7,158.999999998,10.450112845));
#5595=B_SPLINE_CURVE_WITH_KNOTS('',3,(#5582,#5583,#5584,#5585,#5586,#5587,#5588,#5589,#5590,#5591,#5592,#5593,#5594),.UNSPECIFIED.,.F.,.F.,(4,3,3,3,4),(0.,0.000999955,0.001999909,0.003999819,0.007999637),.UNSPECIFIED.);
#5596=EDGE_CURVE('',#5539,#5581,#5595,.T.);
#5597=ORIENTED_EDGE('',*,*,#5596,.T.);
#5598=CARTESIAN_POINT('',(226.700016223,147.0000001,10.449889203));
#5599=VERTEX_POINT('',#5598);
#5600=CARTESIAN_POINT('',(226.7,159.,10.45));
#5601=CARTESIAN_POINT('',(226.7,147.,10.449908116));
#5602=B_SPLINE_CURVE_WITH_KNOTS('',1,(#5600,#5601),.UNSPECIFIED.,.F.,.F.,(2,2),(0.,12.),.UNSPECIFIED.);
#5603=EDGE_CURVE('',#5581,#5599,#5602,.T.);
#5604=ORIENTED_EDGE('',*,*,#5603,.T.);
#5605=CARTESIAN_POINT('',(229.691222398,147.000000008,11.198922123));
#5606=VERTEX_POINT('',#5605);
#5607=CARTESIAN_POINT('',(229.691450726,147.,11.198009233));
#5608=CARTESIAN_POINT('',(228.694422228,147.,10.948187274));
#5609=CARTESIAN_POINT('',(227.697173712,147.000000005,10.699244976));
#5610=CARTESIAN_POINT('',(226.700044104,147.000000005,10.449827264));
#5611=B_SPLINE_CURVE_WITH_KNOTS('',3,(#5607,#5608,#5609,#5610),.UNSPECIFIED.,.F.,.F.,(4,4),(0.,0.003083551),.UNSPECIFIED.);
#5612=EDGE_CURVE('',#5606,#5599,#5611,.T.);
#5613=ORIENTED_EDGE('',*,*,#5612,.F.);
#5614=CARTESIAN_POINT('',(229.699805492,169.999810146,11.204830596));
#5615=VERTEX_POINT('',#5614);
#5616=CARTESIAN_POINT('',(229.7,170.,11.2));
#5617=CARTESIAN_POINT('',(229.691227166,147.,11.2));
#5618=B_SPLINE_CURVE_WITH_KNOTS('',1,(#5616,#5617),.UNSPECIFIED.,.F.,.F.,(2,2),(0.,23.000001771),.UNSPECIFIED.);
#5619=EDGE_CURVE('',#5615,#5606,#5618,.T.);
#5620=ORIENTED_EDGE('',*,*,#5619,.F.);
#5621=CARTESIAN_POINT('',(146.249999828,170.003295172,11.2));
#5622=CARTESIAN_POINT('',(229.7,170.,11.2));
#5623=B_SPLINE_CURVE_WITH_KNOTS('',1,(#5621,#5622),.UNSPECIFIED.,.F.,.F.,(2,2),(0.,83.450000241),.UNSPECIFIED.);
#5624=EDGE_CURVE('',#4501,#5615,#5623,.T.);
#5625=ORIENTED_EDGE('',*,*,#5624,.F.);
#5626=ORIENTED_EDGE('',*,*,#4539,.T.);
#5627=CARTESIAN_POINT('',(175.691197884,167.,10.45));
#5628=CARTESIAN_POINT('',(146.249999863,167.,10.450473391));
#5629=B_SPLINE_CURVE_WITH_KNOTS('',1,(#5627,#5628),.UNSPECIFIED.,.F.,.F.,(2,2),(0.,29.441198086),.UNSPECIFIED.);
#5630=EDGE_CURVE('',#5537,#4528,#5629,.T.);
#5631=ORIENTED_EDGE('',*,*,#5630,.F.);
#5632=EDGE_LOOP('',(#5579,#5597,#5604,#5613,#5620,#5625,#5626,#5631));
#5633=FACE_BOUND('',#5632,.T.);
#5634=ADVANCED_FACE('',(#5633),#5535,.T.);
#5635=CARTESIAN_POINT('',(245.1,1.5,11.2));
#5636=DIRECTION('',(0.,0.,1.));
#5637=DIRECTION('',(-1.,0.,0.));
#5638=AXIS2_PLACEMENT_3D('',#5635,#5636,#5637);
#5639=PLANE('',#5638);
#5640=ORIENTED_EDGE('',*,*,#4375,.F.);
#5641=EDGE_LOOP('',(#5640));
#5642=FACE_BOUND('',#5641,.T.);
#5643=ORIENTED_EDGE('',*,*,#4350,.F.);
#5644=EDGE_LOOP('',(#5643));
#5645=FACE_BOUND('',#5644,.T.);
#5646=ORIENTED_EDGE('',*,*,#4319,.F.);
#5647=ORIENTED_EDGE('',*,*,#4289,.T.);
#5648=ORIENTED_EDGE('',*,*,#4257,.T.);
#5649=ORIENTED_EDGE('',*,*,#4225,.T.);
#5650=ORIENTED_EDGE('',*,*,#4202,.T.);
#5651=ORIENTED_EDGE('',*,*,#4161,.T.);
#5652=ORIENTED_EDGE('',*,*,#4138,.F.);
#5653=ORIENTED_EDGE('',*,*,#4090,.T.);
#5654=EDGE_LOOP('',(#5646,#5647,#5648,#5649,#5650,#5651,#5652,#5653));
#5655=FACE_BOUND('',#5654,.T.);
#5656=ORIENTED_EDGE('',*,*,#4063,.T.);
#5657=ORIENTED_EDGE('',*,*,#4033,.T.);
#5658=ORIENTED_EDGE('',*,*,#4010,.T.);
#5659=ORIENTED_EDGE('',*,*,#3969,.T.);
#5660=ORIENTED_EDGE('',*,*,#3946,.F.);
#5661=ORIENTED_EDGE('',*,*,#3905,.T.);
#5662=ORIENTED_EDGE('',*,*,#3873,.F.);
#5663=ORIENTED_EDGE('',*,*,#3834,.T.);
#5664=EDGE_LOOP('',(#5656,#5657,#5658,#5659,#5660,#5661,#5662,#5663));
#5665=FACE_BOUND('',#5664,.T.);
#5666=ORIENTED_EDGE('',*,*,#5624,.T.);
#5667=ORIENTED_EDGE('',*,*,#5619,.T.);
#5668=CARTESIAN_POINT('',(229.700000001,7.,11.199999997));
#5669=VERTEX_POINT('',#5668);
#5670=CARTESIAN_POINT('',(229.691227166,147.,11.2));
#5671=CARTESIAN_POINT('',(229.7,7.,11.2));
#5672=B_SPLINE_CURVE_WITH_KNOTS('',1,(#5670,#5671),.UNSPECIFIED.,.F.,.F.,(2,2),(0.,140.000000291),.UNSPECIFIED.);
#5673=EDGE_CURVE('',#5606,#5669,#5672,.T.);
#5674=ORIENTED_EDGE('',*,*,#5673,.T.);
#5675=CARTESIAN_POINT('',(236.8,7.,11.2));
#5676=VERTEX_POINT('',#5675);
#5677=CARTESIAN_POINT('',(229.7,7.,11.2));
#5678=DIRECTION('',(1.,-0.,-0.));
#5679=VECTOR('',#5678,7.1);
#5680=LINE('',#5677,#5679);
#5681=EDGE_CURVE('',#5669,#5676,#5680,.T.);
#5682=ORIENTED_EDGE('',*,*,#5681,.T.);
#5683=CARTESIAN_POINT('',(236.8,2.5,11.2));
#5684=VERTEX_POINT('',#5683);
#5685=CARTESIAN_POINT('',(236.8,7.,11.2));
#5686=DIRECTION('',(0.,-1.,0.));
#5687=VECTOR('',#5686,4.5);
#5688=LINE('',#5685,#5687);
#5689=EDGE_CURVE('',#5676,#5684,#5688,.T.);
#5690=ORIENTED_EDGE('',*,*,#5689,.T.);
#5691=CARTESIAN_POINT('',(244.25,2.5,11.2));
#5692=VERTEX_POINT('',#5691);
#5693=CARTESIAN_POINT('',(244.25,2.5,11.2));
#5694=DIRECTION('',(-1.,-0.,0.));
#5695=VECTOR('',#5694,7.45);
#5696=LINE('',#5693,#5695);
#5697=EDGE_CURVE('',#5692,#5684,#5696,.T.);
#5698=ORIENTED_EDGE('',*,*,#5697,.F.);
#5699=CARTESIAN_POINT('',(245.25,3.5,11.2));
#5700=VERTEX_POINT('',#5699);
#5701=CARTESIAN_POINT('',(244.25,3.5,11.2));
#5702=DIRECTION('',(0.,0.,-1.));
#5703=DIRECTION('',(-1.,0.,0.));
#5704=AXIS2_PLACEMENT_3D('',#5701,#5702,#5703);
#5705=CIRCLE('',#5704,1.);
#5706=EDGE_CURVE('',#5700,#5692,#5705,.T.);
#5707=ORIENTED_EDGE('',*,*,#5706,.F.);
#5708=CARTESIAN_POINT('',(245.25,187.,11.2));
#5709=VERTEX_POINT('',#5708);
#5710=CARTESIAN_POINT('',(245.25,3.5,11.2));
#5711=DIRECTION('',(-0.,1.,-0.));
#5712=VECTOR('',#5711,183.5);
#5713=LINE('',#5710,#5712);
#5714=EDGE_CURVE('',#5700,#5709,#5713,.T.);
#5715=ORIENTED_EDGE('',*,*,#5714,.T.);
#5716=CARTESIAN_POINT('',(219.1,187.,11.2));
#5717=VERTEX_POINT('',#5716);
#5718=CARTESIAN_POINT('',(245.25,187.,11.2));
#5719=DIRECTION('',(-1.,0.,0.));
#5720=VECTOR('',#5719,26.15);
#5721=LINE('',#5718,#5720);
#5722=EDGE_CURVE('',#5709,#5717,#5721,.T.);
#5723=ORIENTED_EDGE('',*,*,#5722,.T.);
#5724=CARTESIAN_POINT('',(219.1,185.6,11.2));
#5725=VERTEX_POINT('',#5724);
#5726=CARTESIAN_POINT('',(219.1,185.6,11.2));
#5727=DIRECTION('',(0.,1.,0.));
#5728=VECTOR('',#5727,1.4);
#5729=LINE('',#5726,#5728);
#5730=EDGE_CURVE('',#5725,#5717,#5729,.T.);
#5731=ORIENTED_EDGE('',*,*,#5730,.F.);
#5732=CARTESIAN_POINT('',(218.35,184.85,11.2));
#5733=VERTEX_POINT('',#5732);
#5734=CARTESIAN_POINT('',(218.35,185.6,11.2));
#5735=DIRECTION('',(0.,0.,-1.));
#5736=DIRECTION('',(-1.,0.,0.));
#5737=AXIS2_PLACEMENT_3D('',#5734,#5735,#5736);
#5738=CIRCLE('',#5737,0.75);
#5739=EDGE_CURVE('',#5725,#5733,#5738,.T.);
#5740=ORIENTED_EDGE('',*,*,#5739,.T.);
#5741=CARTESIAN_POINT('',(217.35,184.85,11.2));
#5742=VERTEX_POINT('',#5741);
#5743=CARTESIAN_POINT('',(218.35,184.85,11.2));
#5744=DIRECTION('',(-1.,0.,0.));
#5745=VECTOR('',#5744,1.);
#5746=LINE('',#5743,#5745);
#5747=EDGE_CURVE('',#5733,#5742,#5746,.T.);
#5748=ORIENTED_EDGE('',*,*,#5747,.T.);
#5749=CARTESIAN_POINT('',(216.6,185.6,11.2));
#5750=VERTEX_POINT('',#5749);
#5751=CARTESIAN_POINT('',(217.35,185.6,11.2));
#5752=DIRECTION('',(-0.,-0.,-1.));
#5753=DIRECTION('',(1.,0.,-0.));
#5754=AXIS2_PLACEMENT_3D('',#5751,#5752,#5753);
#5755=CIRCLE('',#5754,0.75);
#5756=EDGE_CURVE('',#5742,#5750,#5755,.T.);
#5757=ORIENTED_EDGE('',*,*,#5756,.T.);
#5758=CARTESIAN_POINT('',(216.6,185.6,11.2));
#5759=DIRECTION('',(-0.,1.,-0.));
#5760=VECTOR('',#5759,2.9);
#5761=LINE('',#5758,#5760);
#5762=EDGE_CURVE('',#5750,#4717,#5761,.T.);
#5763=ORIENTED_EDGE('',*,*,#5762,.T.);
#5764=ORIENTED_EDGE('',*,*,#4722,.T.);
#5765=ORIENTED_EDGE('',*,*,#4572,.F.);
#5766=ORIENTED_EDGE('',*,*,#3799,.T.);
#5767=ORIENTED_EDGE('',*,*,#3776,.T.);
#5768=ORIENTED_EDGE('',*,*,#3735,.T.);
#5769=ORIENTED_EDGE('',*,*,#3701,.T.);
#5770=ORIENTED_EDGE('',*,*,#3684,.T.);
#5771=ORIENTED_EDGE('',*,*,#3652,.F.);
#5772=ORIENTED_EDGE('',*,*,#3612,.T.);
#5773=ORIENTED_EDGE('',*,*,#3589,.T.);
#5774=ORIENTED_EDGE('',*,*,#3548,.T.);
#5775=ORIENTED_EDGE('',*,*,#3516,.T.);
#5776=ORIENTED_EDGE('',*,*,#3494,.T.);
#5777=ORIENTED_EDGE('',*,*,#3463,.F.);
#5778=ORIENTED_EDGE('',*,*,#3431,.T.);
#5779=ORIENTED_EDGE('',*,*,#3390,.T.);
#5780=ORIENTED_EDGE('',*,*,#3357,.T.);
#5781=ORIENTED_EDGE('',*,*,#3326,.T.);
#5782=ORIENTED_EDGE('',*,*,#3310,.T.);
#5783=ORIENTED_EDGE('',*,*,#3285,.T.);
#5784=ORIENTED_EDGE('',*,*,#3243,.F.);
#5785=CARTESIAN_POINT('',(11.2,7.,11.2));
#5786=DIRECTION('',(-1.,0.,0.));
#5787=VECTOR('',#5786,0.5);
#5788=LINE('',#5785,#5787);
#5789=EDGE_CURVE('',#3236,#3213,#5788,.T.);
#5790=ORIENTED_EDGE('',*,*,#5789,.T.);
#5791=ORIENTED_EDGE('',*,*,#3218,.F.);
#5792=ORIENTED_EDGE('',*,*,#3153,.T.);
#5793=ORIENTED_EDGE('',*,*,#3145,.T.);
#5794=ORIENTED_EDGE('',*,*,#4505,.T.);
#5795=EDGE_LOOP('',(#5666,#5667,#5674,#5682,#5690,#5698,#5707,#5715,#5723,#5731,#5740,#5748,#5757,#5763,#5764,#5765,#5766,#5767,#5768,#5769,#5770,#5771,#5772,#5773,#5774,#5775,
#5776,#5777,#5778,#5779,#5780,#5781,#5782,#5783,#5784,#5790,#5791,#5792,#5793,#5794));
#5796=FACE_BOUND('',#5795,.T.);
#5797=CARTESIAN_POINT('',(245.05,5.,11.2));
#5798=VERTEX_POINT('',#5797);
#5799=CARTESIAN_POINT('',(240.55,5.,11.2));
#5800=VERTEX_POINT('',#5799);
#5801=CARTESIAN_POINT('',(242.8,5.,11.2));
#5802=DIRECTION('',(-0.,-0.,-1.));
#5803=DIRECTION('',(1.,0.,-0.));
#5804=AXIS2_PLACEMENT_3D('',#5801,#5802,#5803);
#5805=CIRCLE('',#5804,2.25);
#5806=EDGE_CURVE('',#5798,#5800,#5805,.T.);
#5807=ORIENTED_EDGE('',*,*,#5806,.T.);
#5808=CARTESIAN_POINT('',(242.8,5.,11.2));
#5809=DIRECTION('',(-0.,-0.,-1.));
#5810=DIRECTION('',(1.,0.,-0.));
#5811=AXIS2_PLACEMENT_3D('',#5808,#5809,#5810);
#5812=CIRCLE('',#5811,2.25);
#5813=EDGE_CURVE('',#5800,#5798,#5812,.T.);
#5814=ORIENTED_EDGE('',*,*,#5813,.T.);
#5815=EDGE_LOOP('',(#5807,#5814));
#5816=FACE_BOUND('',#5815,.T.);
#5817=CARTESIAN_POINT('',(245.05,182.3,11.2));
#5818=VERTEX_POINT('',#5817);
#5819=CARTESIAN_POINT('',(240.55,182.3,11.2));
#5820=VERTEX_POINT('',#5819);
#5821=CARTESIAN_POINT('',(242.8,182.3,11.2));
#5822=DIRECTION('',(-0.,-0.,-1.));
#5823=DIRECTION('',(1.,0.,-0.));
#5824=AXIS2_PLACEMENT_3D('',#5821,#5822,#5823);
#5825=CIRCLE('',#5824,2.25);
#5826=EDGE_CURVE('',#5818,#5820,#5825,.T.);
#5827=ORIENTED_EDGE('',*,*,#5826,.T.);
#5828=CARTESIAN_POINT('',(242.8,182.3,11.2));
#5829=DIRECTION('',(-0.,-0.,-1.));
#5830=DIRECTION('',(1.,0.,-0.));
#5831=AXIS2_PLACEMENT_3D('',#5828,#5829,#5830);
#5832=CIRCLE('',#5831,2.25);
#5833=EDGE_CURVE('',#5820,#5818,#5832,.T.);
#5834=ORIENTED_EDGE('',*,*,#5833,.T.);
#5835=EDGE_LOOP('',(#5827,#5834));
#5836=FACE_BOUND('',#5835,.T.);
#5837=ADVANCED_FACE('',(#5642,#5645,#5655,#5665,#5796,#5816,#5836),#5639,.T.);
#5838=CARTESIAN_POINT('',(127.625,167.,10.065));
#5839=DIRECTION('',(0.,1.,0.));
#5840=DIRECTION('',(-1.,0.,0.));
#5841=AXIS2_PLACEMENT_3D('',#5838,#5839,#5840);
#5842=PLANE('',#5841);
#5843=CARTESIAN_POINT('',(226.7,167.,9.9));
#5844=VERTEX_POINT('',#5843);
#5845=CARTESIAN_POINT('',(226.7,167.,9.9));
#5846=DIRECTION('',(-1.,0.,0.));
#5847=VECTOR('',#5846,213.);
#5848=LINE('',#5845,#5847);
#5849=EDGE_CURVE('',#5844,#2776,#5848,.T.);
#5850=ORIENTED_EDGE('',*,*,#5849,.F.);
#5851=CARTESIAN_POINT('',(226.7,167.,10.45));
#5852=DIRECTION('',(0.,0.,-1.));
#5853=VECTOR('',#5852,0.55);
#5854=LINE('',#5851,#5853);
#5855=EDGE_CURVE('',#5539,#5844,#5854,.T.);
#5856=ORIENTED_EDGE('',*,*,#5855,.F.);
#5857=ORIENTED_EDGE('',*,*,#5578,.F.);
#5858=ORIENTED_EDGE('',*,*,#5630,.T.);
#5859=ORIENTED_EDGE('',*,*,#4532,.T.);
#5860=ORIENTED_EDGE('',*,*,#4525,.T.);
#5861=ORIENTED_EDGE('',*,*,#2845,.T.);
#5862=ORIENTED_EDGE('',*,*,#3200,.T.);
#5863=ORIENTED_EDGE('',*,*,#2789,.F.);
#5864=EDGE_LOOP('',(#5850,#5856,#5857,#5858,#5859,#5860,#5861,#5862,#5863));
#5865=FACE_BOUND('',#5864,.T.);
#5866=ADVANCED_FACE('',(#5865),#5842,.F.);
#5867=CARTESIAN_POINT('',(224.3,7.,11.2));
#5868=DIRECTION('',(0.,-1.,0.));
#5869=DIRECTION('',(-1.,0.,0.));
#5870=AXIS2_PLACEMENT_3D('',#5867,#5868,#5869);
#5871=PLANE('',#5870);
#5872=CARTESIAN_POINT('',(223.8,7.,10.45));
#5873=VERTEX_POINT('',#5872);
#5874=CARTESIAN_POINT('',(24.2,7.,10.45));
#5875=DIRECTION('',(1.,-0.,-0.));
#5876=VECTOR('',#5875,199.6);
#5877=LINE('',#5874,#5876);
#5878=EDGE_CURVE('',#2558,#5873,#5877,.T.);
#5879=ORIENTED_EDGE('',*,*,#5878,.T.);
#5880=CARTESIAN_POINT('',(223.8,7.,11.55));
#5881=VERTEX_POINT('',#5880);
#5882=CARTESIAN_POINT('',(223.8,7.,10.45));
#5883=DIRECTION('',(-0.,-0.,1.));
#5884=VECTOR('',#5883,1.1);
#5885=LINE('',#5882,#5884);
#5886=EDGE_CURVE('',#5873,#5881,#5885,.T.);
#5887=ORIENTED_EDGE('',*,*,#5886,.T.);
#5888=CARTESIAN_POINT('',(236.8,7.,11.55));
#5889=VERTEX_POINT('',#5888);
#5890=CARTESIAN_POINT('',(236.8,7.,11.55));
#5891=DIRECTION('',(-1.,0.,0.));
#5892=VECTOR('',#5891,13.);
#5893=LINE('',#5890,#5892);
#5894=EDGE_CURVE('',#5889,#5881,#5893,.T.);
#5895=ORIENTED_EDGE('',*,*,#5894,.F.);
#5896=CARTESIAN_POINT('',(236.8,7.,11.55));
#5897=DIRECTION('',(0.,0.,-1.));
#5898=VECTOR('',#5897,0.35);
#5899=LINE('',#5896,#5898);
#5900=EDGE_CURVE('',#5889,#5676,#5899,.T.);
#5901=ORIENTED_EDGE('',*,*,#5900,.T.);
#5902=ORIENTED_EDGE('',*,*,#5681,.F.);
#5903=CARTESIAN_POINT('',(226.7,7.,10.474193545));
#5904=VERTEX_POINT('',#5903);
#5905=CARTESIAN_POINT('',(226.700000001,7.,10.474193543));
#5906=DIRECTION('',(0.971958774,0.,0.235151316));
#5907=VECTOR('',#5906,3.086550665);
#5908=LINE('',#5905,#5907);
#5909=EDGE_CURVE('',#5904,#5669,#5908,.T.);
#5910=ORIENTED_EDGE('',*,*,#5909,.F.);
#5911=CARTESIAN_POINT('',(226.7,7.,9.9));
#5912=VERTEX_POINT('',#5911);
#5913=CARTESIAN_POINT('',(226.7,7.,10.474193545));
#5914=DIRECTION('',(0.,0.,-1.));
#5915=VECTOR('',#5914,0.574193545);
#5916=LINE('',#5913,#5915);
#5917=EDGE_CURVE('',#5904,#5912,#5916,.T.);
#5918=ORIENTED_EDGE('',*,*,#5917,.T.);
#5919=CARTESIAN_POINT('',(13.7,7.,9.9));
#5920=DIRECTION('',(1.,-0.,-0.));
#5921=VECTOR('',#5920,213.);
#5922=LINE('',#5919,#5921);
#5923=EDGE_CURVE('',#2768,#5912,#5922,.T.);
#5924=ORIENTED_EDGE('',*,*,#5923,.F.);
#5925=ORIENTED_EDGE('',*,*,#2773,.F.);
#5926=ORIENTED_EDGE('',*,*,#3224,.T.);
#5927=ORIENTED_EDGE('',*,*,#5789,.F.);
#5928=ORIENTED_EDGE('',*,*,#3257,.F.);
#5929=ORIENTED_EDGE('',*,*,#2620,.T.);
#5930=ORIENTED_EDGE('',*,*,#2565,.F.);
#5931=EDGE_LOOP('',(#5879,#5887,#5895,#5901,#5902,#5910,#5918,#5924,#5925,#5926,#5927,#5928,#5929,#5930));
#5932=FACE_BOUND('',#5931,.T.);
#5933=ADVANCED_FACE('',(#5932),#5871,.F.);
#5934=CARTESIAN_POINT('',(246.6,1.964705882,11.708823529));
#5935=DIRECTION('',(0.,0.242535625,0.9701425));
#5936=DIRECTION('',(0.,-0.9701425,0.242535625));
#5937=AXIS2_PLACEMENT_3D('',#5934,#5935,#5936);
#5938=PLANE('',#5937);
#5939=CARTESIAN_POINT('',(223.8,3.999999999,11.2));
#5940=VERTEX_POINT('',#5939);
#5941=CARTESIAN_POINT('',(24.2,4.,11.2));
#5942=DIRECTION('',(1.,0.,-0.));
#5943=VECTOR('',#5942,199.6);
#5944=LINE('',#5941,#5943);
#5945=EDGE_CURVE('',#2584,#5940,#5944,.T.);
#5946=ORIENTED_EDGE('',*,*,#5945,.T.);
#5947=CARTESIAN_POINT('',(223.8,3.999999999,11.2));
#5948=DIRECTION('',(-0.,0.9701425,-0.242535625));
#5949=VECTOR('',#5948,3.09232922);
#5950=LINE('',#5947,#5949);
#5951=EDGE_CURVE('',#5940,#5873,#5950,.T.);
#5952=ORIENTED_EDGE('',*,*,#5951,.T.);
#5953=ORIENTED_EDGE('',*,*,#5878,.F.);
#5954=ORIENTED_EDGE('',*,*,#2595,.F.);
#5955=EDGE_LOOP('',(#5946,#5952,#5953,#5954));
#5956=FACE_BOUND('',#5955,.T.);
#5957=ADVANCED_FACE('',(#5956),#5938,.T.);
#5958=CARTESIAN_POINT('',(246.6,1.5,11.2));
#5959=DIRECTION('',(0.,0.,1.));
#5960=DIRECTION('',(-1.,0.,0.));
#5961=AXIS2_PLACEMENT_3D('',#5958,#5959,#5960);
#5962=PLANE('',#5961);
#5963=CARTESIAN_POINT('',(223.8,2.5,11.2));
#5964=VERTEX_POINT('',#5963);
#5965=CARTESIAN_POINT('',(223.8,2.5,11.2));
#5966=DIRECTION('',(-1.,-0.,0.));
#5967=VECTOR('',#5966,199.6);
#5968=LINE('',#5965,#5967);
#5969=EDGE_CURVE('',#5964,#2576,#5968,.T.);
#5970=ORIENTED_EDGE('',*,*,#5969,.F.);
#5971=CARTESIAN_POINT('',(223.8,2.5,11.2));
#5972=DIRECTION('',(-0.,1.,-0.));
#5973=VECTOR('',#5972,1.499999999);
#5974=LINE('',#5971,#5973);
#5975=EDGE_CURVE('',#5964,#5940,#5974,.T.);
#5976=ORIENTED_EDGE('',*,*,#5975,.T.);
#5977=ORIENTED_EDGE('',*,*,#5945,.F.);
#5978=ORIENTED_EDGE('',*,*,#2589,.F.);
#5979=EDGE_LOOP('',(#5970,#5976,#5977,#5978));
#5980=FACE_BOUND('',#5979,.T.);
#5981=ADVANCED_FACE('',(#5980),#5962,.T.);
#5982=CARTESIAN_POINT('',(239.775,2.5,10.525));
#5983=DIRECTION('',(0.,-1.,0.));
#5984=DIRECTION('',(0.,0.,-1.));
#5985=AXIS2_PLACEMENT_3D('',#5982,#5983,#5984);
#5986=PLANE('',#5985);
#5987=ORIENTED_EDGE('',*,*,#4626,.F.);
#5988=CARTESIAN_POINT('',(224.099998931,2.499999905,22.6));
#5989=VERTEX_POINT('',#5988);
#5990=CARTESIAN_POINT('',(224.099998931,2.499999905,22.6));
#5991=DIRECTION('',(0.,0.,-1.));
#5992=VECTOR('',#5991,0.75);
#5993=LINE('',#5990,#5992);
#5994=EDGE_CURVE('',#5989,#4614,#5993,.T.);
#5995=ORIENTED_EDGE('',*,*,#5994,.F.);
#5996=CARTESIAN_POINT('',(225.8,2.499999953,22.6));
#5997=VERTEX_POINT('',#5996);
#5998=CARTESIAN_POINT('',(225.8,2.499999905,22.6));
#5999=DIRECTION('',(-1.,0.,0.));
#6000=VECTOR('',#5999,1.700001069);
#6001=LINE('',#5998,#6000);
#6002=EDGE_CURVE('',#5997,#5989,#6001,.T.);
#6003=ORIENTED_EDGE('',*,*,#6002,.F.);
#6004=CARTESIAN_POINT('',(225.8,2.5,15.55));
#6005=VERTEX_POINT('',#6004);
#6006=CARTESIAN_POINT('',(225.8,2.5,15.55));
#6007=DIRECTION('',(-0.,-0.,1.));
#6008=VECTOR('',#6007,7.05);
#6009=LINE('',#6006,#6008);
#6010=EDGE_CURVE('',#6005,#5997,#6009,.T.);
#6011=ORIENTED_EDGE('',*,*,#6010,.F.);
#6012=CARTESIAN_POINT('',(223.8,2.5,15.55));
#6013=VERTEX_POINT('',#6012);
#6014=CARTESIAN_POINT('',(225.8,2.5,15.55));
#6015=DIRECTION('',(-1.,-0.,0.));
#6016=VECTOR('',#6015,2.);
#6017=LINE('',#6014,#6016);
#6018=EDGE_CURVE('',#6005,#6013,#6017,.T.);
#6019=ORIENTED_EDGE('',*,*,#6018,.T.);
#6020=CARTESIAN_POINT('',(223.8,2.5,15.55));
#6021=DIRECTION('',(0.,0.,-1.));
#6022=VECTOR('',#6021,4.35);
#6023=LINE('',#6020,#6022);
#6024=EDGE_CURVE('',#6013,#5964,#6023,.T.);
#6025=ORIENTED_EDGE('',*,*,#6024,.T.);
#6026=ORIENTED_EDGE('',*,*,#5969,.T.);
#6027=ORIENTED_EDGE('',*,*,#2581,.F.);
#6028=ORIENTED_EDGE('',*,*,#2153,.F.);
#6029=ORIENTED_EDGE('',*,*,#2112,.T.);
#6030=ORIENTED_EDGE('',*,*,#2090,.T.);
#6031=ORIENTED_EDGE('',*,*,#2530,.T.);
#6032=EDGE_LOOP('',(#5987,#5995,#6003,#6011,#6019,#6025,#6026,#6027,#6028,#6029,#6030,#6031));
#6033=FACE_BOUND('',#6032,.T.);
#6034=ADVANCED_FACE('',(#6033),#5986,.F.);
#6035=CARTESIAN_POINT('',(246.6,1.5,11.2));
#6036=DIRECTION('',(0.,1.,0.));
#6037=DIRECTION('',(0.,0.,1.));
#6038=AXIS2_PLACEMENT_3D('',#6035,#6036,#6037);
#6039=PLANE('',#6038);
#6040=ORIENTED_EDGE('',*,*,#2746,.F.);
#6041=ORIENTED_EDGE('',*,*,#2722,.T.);
#6042=ORIENTED_EDGE('',*,*,#2700,.F.);
#6043=ORIENTED_EDGE('',*,*,#2676,.F.);
#6044=EDGE_LOOP('',(#6040,#6041,#6042,#6043));
#6045=FACE_BOUND('',#6044,.T.);
#6046=ORIENTED_EDGE('',*,*,#84,.F.);
#6047=CARTESIAN_POINT('',(214.8,1.5,20.95));
#6048=DIRECTION('',(-1.,-0.,0.));
#6049=VECTOR('',#6048,181.6);
#6050=LINE('',#6047,#6049);
#6051=EDGE_CURVE('',#71,#2631,#6050,.T.);
#6052=ORIENTED_EDGE('',*,*,#6051,.T.);
#6053=ORIENTED_EDGE('',*,*,#2651,.F.);
#6054=CARTESIAN_POINT('',(214.8,1.5,9.9));
#6055=DIRECTION('',(-1.,0.,0.));
#6056=VECTOR('',#6055,181.6);
#6057=LINE('',#6054,#6056);
#6058=EDGE_CURVE('',#79,#2640,#6057,.T.);
#6059=ORIENTED_EDGE('',*,*,#6058,.F.);
#6060=EDGE_LOOP('',(#6046,#6052,#6053,#6059));
#6061=FACE_BOUND('',#6060,.T.);
#6062=ADVANCED_FACE('',(#6045,#6061),#6039,.F.);
#6063=CARTESIAN_POINT('',(230.45,2.,20.95));
#6064=DIRECTION('',(0.,0.,1.));
#6065=DIRECTION('',(-1.,0.,0.));
#6066=AXIS2_PLACEMENT_3D('',#6063,#6064,#6065);
#6067=PLANE('',#6066);
#6068=ORIENTED_EDGE('',*,*,#6051,.F.);
#6069=ORIENTED_EDGE('',*,*,#76,.T.);
#6070=CARTESIAN_POINT('',(222.099998931,2.,20.95));
#6071=VERTEX_POINT('',#6070);
#6072=CARTESIAN_POINT('',(222.099998931,2.,20.95));
#6073=DIRECTION('',(-1.,0.,0.));
#6074=VECTOR('',#6073,7.299998931);
#6075=LINE('',#6072,#6074);
#6076=EDGE_CURVE('',#6071,#61,#6075,.T.);
#6077=ORIENTED_EDGE('',*,*,#6076,.F.);
#6078=CARTESIAN_POINT('',(222.099998931,-0.300000095,20.95));
#6079=VERTEX_POINT('',#6078);
#6080=CARTESIAN_POINT('',(222.099998931,2.,20.95));
#6081=DIRECTION('',(0.,-1.,0.));
#6082=VECTOR('',#6081,2.300000095);
#6083=LINE('',#6080,#6082);
#6084=EDGE_CURVE('',#6071,#6079,#6083,.T.);
#6085=ORIENTED_EDGE('',*,*,#6084,.T.);
#6086=CARTESIAN_POINT('',(222.099998931,-0.300000095,20.95));
#6087=DIRECTION('',(-1.,0.,0.));
#6088=VECTOR('',#6087,196.199998931);
#6089=LINE('',#6086,#6088);
#6090=EDGE_CURVE('',#6079,#2484,#6089,.T.);
#6091=ORIENTED_EDGE('',*,*,#6090,.T.);
#6092=ORIENTED_EDGE('',*,*,#2497,.F.);
#6093=ORIENTED_EDGE('',*,*,#2462,.F.);
#6094=ORIENTED_EDGE('',*,*,#2636,.T.);
#6095=EDGE_LOOP('',(#6068,#6069,#6077,#6085,#6091,#6092,#6093,#6094));
#6096=FACE_BOUND('',#6095,.T.);
#6097=ADVANCED_FACE('',(#6096),#6067,.F.);
#6098=CARTESIAN_POINT('',(246.6,-0.300000095,11.2));
#6099=DIRECTION('',(0.,1.,0.));
#6100=DIRECTION('',(0.,0.,1.));
#6101=AXIS2_PLACEMENT_3D('',#6098,#6099,#6100);
#6102=PLANE('',#6101);
#6103=ORIENTED_EDGE('',*,*,#6090,.F.);
#6104=CARTESIAN_POINT('',(222.099998931,-0.300000095,20.3));
#6105=VERTEX_POINT('',#6104);
#6106=CARTESIAN_POINT('',(222.099998931,-0.300000095,20.95));
#6107=DIRECTION('',(0.,0.,-1.));
#6108=VECTOR('',#6107,0.65);
#6109=LINE('',#6106,#6108);
#6110=EDGE_CURVE('',#6079,#6105,#6109,.T.);
#6111=ORIENTED_EDGE('',*,*,#6110,.T.);
#6112=CARTESIAN_POINT('',(222.599998931,-0.300000095,19.8));
#6113=VERTEX_POINT('',#6112);
#6114=CARTESIAN_POINT('',(222.599998931,-0.300000095,20.3));
#6115=DIRECTION('',(-0.,-1.,-0.));
#6116=DIRECTION('',(0.,-0.,1.));
#6117=AXIS2_PLACEMENT_3D('',#6114,#6115,#6116);
#6118=CIRCLE('',#6117,0.5);
#6119=EDGE_CURVE('',#6105,#6113,#6118,.T.);
#6120=ORIENTED_EDGE('',*,*,#6119,.T.);
#6121=CARTESIAN_POINT('',(239.349998931,-0.300000095,19.8));
#6122=VERTEX_POINT('',#6121);
#6123=CARTESIAN_POINT('',(222.599998931,-0.300000095,19.8));
#6124=DIRECTION('',(1.,0.,-0.));
#6125=VECTOR('',#6124,16.75);
#6126=LINE('',#6123,#6125);
#6127=EDGE_CURVE('',#6113,#6122,#6126,.T.);
#6128=ORIENTED_EDGE('',*,*,#6127,.T.);
#6129=CARTESIAN_POINT('',(239.849998931,-0.300000095,20.3));
#6130=VERTEX_POINT('',#6129);
#6131=CARTESIAN_POINT('',(239.349998931,-0.300000095,20.3));
#6132=DIRECTION('',(-0.,-1.,-0.));
#6133=DIRECTION('',(0.,-0.,1.));
#6134=AXIS2_PLACEMENT_3D('',#6131,#6132,#6133);
#6135=CIRCLE('',#6134,0.5);
#6136=EDGE_CURVE('',#6122,#6130,#6135,.T.);
#6137=ORIENTED_EDGE('',*,*,#6136,.T.);
#6138=CARTESIAN_POINT('',(239.849998931,-0.300000095,20.95));
#6139=VERTEX_POINT('',#6138);
#6140=CARTESIAN_POINT('',(239.849998931,-0.300000095,20.95));
#6141=DIRECTION('',(0.,0.,-1.));
#6142=VECTOR('',#6141,0.65);
#6143=LINE('',#6140,#6142);
#6144=EDGE_CURVE('',#6139,#6130,#6143,.T.);
#6145=ORIENTED_EDGE('',*,*,#6144,.F.);
#6146=CARTESIAN_POINT('',(245.5,-0.300000095,20.95));
#6147=VERTEX_POINT('',#6146);
#6148=CARTESIAN_POINT('',(245.5,-0.300000095,20.95));
#6149=DIRECTION('',(-1.,0.,0.));
#6150=VECTOR('',#6149,5.650001069);
#6151=LINE('',#6148,#6150);
#6152=EDGE_CURVE('',#6147,#6139,#6151,.T.);
#6153=ORIENTED_EDGE('',*,*,#6152,.F.);
#6154=CARTESIAN_POINT('',(245.5,-0.300000095,22.1));
#6155=VERTEX_POINT('',#6154);
#6156=CARTESIAN_POINT('',(245.5,-0.300000095,22.1));
#6157=DIRECTION('',(-0.,-0.,-1.));
#6158=VECTOR('',#6157,1.15);
#6159=LINE('',#6156,#6158);
#6160=EDGE_CURVE('',#6155,#6147,#6159,.T.);
#6161=ORIENTED_EDGE('',*,*,#6160,.F.);
#6162=CARTESIAN_POINT('',(236.1,-0.300000142,22.1));
#6163=VERTEX_POINT('',#6162);
#6164=CARTESIAN_POINT('',(245.5,-0.300000095,22.1));
#6165=DIRECTION('',(-1.,-0.,0.));
#6166=VECTOR('',#6165,9.4);
#6167=LINE('',#6164,#6166);
#6168=EDGE_CURVE('',#6155,#6163,#6167,.T.);
#6169=ORIENTED_EDGE('',*,*,#6168,.T.);
#6170=CARTESIAN_POINT('',(236.1,-0.300000095,23.1));
#6171=VERTEX_POINT('',#6170);
#6172=CARTESIAN_POINT('',(236.1,-0.300000095,23.1));
#6173=DIRECTION('',(0.,0.,-1.));
#6174=VECTOR('',#6173,1.);
#6175=LINE('',#6172,#6174);
#6176=EDGE_CURVE('',#6171,#6163,#6175,.T.);
#6177=ORIENTED_EDGE('',*,*,#6176,.F.);
#6178=CARTESIAN_POINT('',(224.099998931,-0.300000095,23.1));
#6179=VERTEX_POINT('',#6178);
#6180=CARTESIAN_POINT('',(224.099998931,-0.300000095,23.1));
#6181=DIRECTION('',(1.,0.,-0.));
#6182=VECTOR('',#6181,12.000001069);
#6183=LINE('',#6180,#6182);
#6184=EDGE_CURVE('',#6179,#6171,#6183,.T.);
#6185=ORIENTED_EDGE('',*,*,#6184,.F.);
#6186=CARTESIAN_POINT('',(224.099998931,-0.300000095,22.1));
#6187=VERTEX_POINT('',#6186);
#6188=CARTESIAN_POINT('',(224.099998931,-0.300000095,23.1));
#6189=DIRECTION('',(0.,0.,-1.));
#6190=VECTOR('',#6189,1.);
#6191=LINE('',#6188,#6190);
#6192=EDGE_CURVE('',#6179,#6187,#6191,.T.);
#6193=ORIENTED_EDGE('',*,*,#6192,.T.);
#6194=CARTESIAN_POINT('',(224.099998931,-0.300000095,22.1));
#6195=DIRECTION('',(-1.,-0.,0.));
#6196=VECTOR('',#6195,200.199997862);
#6197=LINE('',#6194,#6196);
#6198=EDGE_CURVE('',#6187,#2535,#6197,.T.);
#6199=ORIENTED_EDGE('',*,*,#6198,.T.);
#6200=ORIENTED_EDGE('',*,*,#2540,.F.);
#6201=ORIENTED_EDGE('',*,*,#2430,.T.);
#6202=ORIENTED_EDGE('',*,*,#2402,.T.);
#6203=ORIENTED_EDGE('',*,*,#2370,.T.);
#6204=ORIENTED_EDGE('',*,*,#2342,.T.);
#6205=ORIENTED_EDGE('',*,*,#2321,.T.);
#6206=ORIENTED_EDGE('',*,*,#2293,.T.);
#6207=ORIENTED_EDGE('',*,*,#2267,.T.);
#6208=ORIENTED_EDGE('',*,*,#2233,.F.);
#6209=ORIENTED_EDGE('',*,*,#2211,.T.);
#6210=ORIENTED_EDGE('',*,*,#2489,.F.);
#6211=EDGE_LOOP('',(#6103,#6111,#6120,#6128,#6137,#6145,#6153,#6161,#6169,#6177,#6185,#6193,#6199,#6200,#6201,#6202,#6203,#6204,#6205,#6206,#6207,#6208,#6209,#6210));
#6212=FACE_BOUND('',#6211,.T.);
#6213=ADVANCED_FACE('',(#6212),#6102,.F.);
#6214=CARTESIAN_POINT('',(246.6,-0.050000095,22.1));
#6215=DIRECTION('',(1.,0.,0.));
#6216=DIRECTION('',(0.,0.,-1.));
#6217=AXIS2_PLACEMENT_3D('',#6214,#6215,#6216);
#6218=CYLINDRICAL_SURFACE('',#6217,0.25);
#6219=ORIENTED_EDGE('',*,*,#6198,.F.);
#6220=CARTESIAN_POINT('',(224.099998931,-0.050000095,22.1));
#6221=DIRECTION('',(1.,0.,0.));
#6222=DIRECTION('',(0.,0.,-1.));
#6223=AXIS2_PLACEMENT_3D('',#6220,#6221,#6222);
#6224=CIRCLE('',#6223,0.25);
#6225=EDGE_CURVE('',#4638,#6187,#6224,.T.);
#6226=ORIENTED_EDGE('',*,*,#6225,.F.);
#6227=ORIENTED_EDGE('',*,*,#4643,.F.);
#6228=ORIENTED_EDGE('',*,*,#2547,.F.);
#6229=EDGE_LOOP('',(#6219,#6226,#6227,#6228));
#6230=FACE_BOUND('',#6229,.T.);
#6231=ADVANCED_FACE('',(#6230),#6218,.T.);
#6232=CARTESIAN_POINT('',(246.6,1.5,9.9));
#6233=DIRECTION('',(0.,0.,1.));
#6234=DIRECTION('',(-1.,0.,0.));
#6235=AXIS2_PLACEMENT_3D('',#6232,#6233,#6234);
#6236=PLANE('',#6235);
#6237=ORIENTED_EDGE('',*,*,#5923,.T.);
#6238=CARTESIAN_POINT('',(226.7,7.,9.9));
#6239=DIRECTION('',(-0.,1.,-0.));
#6240=VECTOR('',#6239,160.);
#6241=LINE('',#6238,#6240);
#6242=EDGE_CURVE('',#5912,#5844,#6241,.T.);
#6243=ORIENTED_EDGE('',*,*,#6242,.T.);
#6244=ORIENTED_EDGE('',*,*,#5849,.T.);
#6245=ORIENTED_EDGE('',*,*,#2781,.F.);
#6246=EDGE_LOOP('',(#6237,#6243,#6244,#6245));
#6247=FACE_BOUND('',#6246,.T.);
#6248=ORIENTED_EDGE('',*,*,#2046,.T.);
#6249=EDGE_LOOP('',(#6248));
#6250=FACE_BOUND('',#6249,.T.);
#6251=ORIENTED_EDGE('',*,*,#2021,.T.);
#6252=EDGE_LOOP('',(#6251));
#6253=FACE_BOUND('',#6252,.T.);
#6254=ORIENTED_EDGE('',*,*,#4001,.F.);
#6255=ORIENTED_EDGE('',*,*,#4048,.T.);
#6256=ORIENTED_EDGE('',*,*,#4070,.F.);
#6257=ORIENTED_EDGE('',*,*,#3851,.T.);
#6258=ORIENTED_EDGE('',*,*,#3887,.T.);
#6259=ORIENTED_EDGE('',*,*,#3920,.T.);
#6260=ORIENTED_EDGE('',*,*,#3937,.T.);
#6261=ORIENTED_EDGE('',*,*,#3984,.T.);
#6262=EDGE_LOOP('',(#6254,#6255,#6256,#6257,#6258,#6259,#6260,#6261));
#6263=FACE_BOUND('',#6262,.T.);
#6264=ORIENTED_EDGE('',*,*,#4271,.F.);
#6265=ORIENTED_EDGE('',*,*,#4304,.T.);
#6266=ORIENTED_EDGE('',*,*,#4326,.T.);
#6267=ORIENTED_EDGE('',*,*,#4107,.T.);
#6268=ORIENTED_EDGE('',*,*,#4129,.T.);
#6269=ORIENTED_EDGE('',*,*,#4176,.T.);
#6270=ORIENTED_EDGE('',*,*,#4193,.F.);
#6271=ORIENTED_EDGE('',*,*,#4240,.T.);
#6272=EDGE_LOOP('',(#6264,#6265,#6266,#6267,#6268,#6269,#6270,#6271));
#6273=FACE_BOUND('',#6272,.T.);
#6274=ORIENTED_EDGE('',*,*,#90,.F.);
#6275=ORIENTED_EDGE('',*,*,#6058,.T.);
#6276=ORIENTED_EDGE('',*,*,#2645,.F.);
#6277=ORIENTED_EDGE('',*,*,#2446,.T.);
#6278=ORIENTED_EDGE('',*,*,#1990,.T.);
#6279=ORIENTED_EDGE('',*,*,#1973,.F.);
#6280=ORIENTED_EDGE('',*,*,#1940,.T.);
#6281=ORIENTED_EDGE('',*,*,#1923,.T.);
#6282=ORIENTED_EDGE('',*,*,#1898,.T.);
#6283=ORIENTED_EDGE('',*,*,#1857,.T.);
#6284=ORIENTED_EDGE('',*,*,#3371,.F.);
#6285=ORIENTED_EDGE('',*,*,#3405,.F.);
#6286=ORIENTED_EDGE('',*,*,#3422,.F.);
#6287=ORIENTED_EDGE('',*,*,#3454,.T.);
#6288=ORIENTED_EDGE('',*,*,#3485,.F.);
#6289=ORIENTED_EDGE('',*,*,#3530,.F.);
#6290=ORIENTED_EDGE('',*,*,#3563,.T.);
#6291=ORIENTED_EDGE('',*,*,#3580,.F.);
#6292=ORIENTED_EDGE('',*,*,#3627,.T.);
#6293=ORIENTED_EDGE('',*,*,#3643,.T.);
#6294=ORIENTED_EDGE('',*,*,#1832,.F.);
#6295=ORIENTED_EDGE('',*,*,#3715,.F.);
#6296=ORIENTED_EDGE('',*,*,#3750,.T.);
#6297=ORIENTED_EDGE('',*,*,#3767,.F.);
#6298=ORIENTED_EDGE('',*,*,#3814,.T.);
#6299=ORIENTED_EDGE('',*,*,#4563,.T.);
#6300=ORIENTED_EDGE('',*,*,#4681,.F.);
#6301=CARTESIAN_POINT('',(216.6,185.6,9.9));
#6302=VERTEX_POINT('',#6301);
#6303=CARTESIAN_POINT('',(216.6,185.6,9.9));
#6304=DIRECTION('',(0.,1.,0.));
#6305=VECTOR('',#6304,3.9);
#6306=LINE('',#6303,#6305);
#6307=EDGE_CURVE('',#6302,#4670,#6306,.T.);
#6308=ORIENTED_EDGE('',*,*,#6307,.F.);
#6309=CARTESIAN_POINT('',(217.35,184.85,9.9));
#6310=VERTEX_POINT('',#6309);
#6311=CARTESIAN_POINT('',(217.35,185.6,9.9));
#6312=DIRECTION('',(0.,0.,1.));
#6313=DIRECTION('',(1.,0.,-0.));
#6314=AXIS2_PLACEMENT_3D('',#6311,#6312,#6313);
#6315=CIRCLE('',#6314,0.75);
#6316=EDGE_CURVE('',#6302,#6310,#6315,.T.);
#6317=ORIENTED_EDGE('',*,*,#6316,.T.);
#6318=CARTESIAN_POINT('',(218.35,184.85,9.9));
#6319=VERTEX_POINT('',#6318);
#6320=CARTESIAN_POINT('',(218.35,184.85,9.9));
#6321=DIRECTION('',(-1.,0.,0.));
#6322=VECTOR('',#6321,1.);
#6323=LINE('',#6320,#6322);
#6324=EDGE_CURVE('',#6319,#6310,#6323,.T.);
#6325=ORIENTED_EDGE('',*,*,#6324,.F.);
#6326=CARTESIAN_POINT('',(219.1,185.6,9.9));
#6327=VERTEX_POINT('',#6326);
#6328=CARTESIAN_POINT('',(218.35,185.6,9.9));
#6329=DIRECTION('',(-0.,-0.,1.));
#6330=DIRECTION('',(-1.,0.,0.));
#6331=AXIS2_PLACEMENT_3D('',#6328,#6329,#6330);
#6332=CIRCLE('',#6331,0.75);
#6333=EDGE_CURVE('',#6319,#6327,#6332,.T.);
#6334=ORIENTED_EDGE('',*,*,#6333,.T.);
#6335=CARTESIAN_POINT('',(219.1,187.,9.9));
#6336=VERTEX_POINT('',#6335);
#6337=CARTESIAN_POINT('',(219.1,185.6,9.9));
#6338=DIRECTION('',(-0.,1.,-0.));
#6339=VECTOR('',#6338,1.4);
#6340=LINE('',#6337,#6339);
#6341=EDGE_CURVE('',#6327,#6336,#6340,.T.);
#6342=ORIENTED_EDGE('',*,*,#6341,.T.);
#6343=CARTESIAN_POINT('',(245.25,187.,9.9));
#6344=VERTEX_POINT('',#6343);
#6345=CARTESIAN_POINT('',(245.25,187.,9.9));
#6346=DIRECTION('',(-1.,-0.,0.));
#6347=VECTOR('',#6346,26.15);
#6348=LINE('',#6345,#6347);
#6349=EDGE_CURVE('',#6344,#6336,#6348,.T.);
#6350=ORIENTED_EDGE('',*,*,#6349,.F.);
#6351=CARTESIAN_POINT('',(245.25,198.5,9.9));
#6352=VERTEX_POINT('',#6351);
#6353=CARTESIAN_POINT('',(245.25,187.,9.9));
#6354=DIRECTION('',(-0.,1.,-0.));
#6355=VECTOR('',#6354,11.5);
#6356=LINE('',#6353,#6355);
#6357=EDGE_CURVE('',#6344,#6352,#6356,.T.);
#6358=ORIENTED_EDGE('',*,*,#6357,.T.);
#6359=CARTESIAN_POINT('',(245.6,198.5,9.9));
#6360=VERTEX_POINT('',#6359);
#6361=CARTESIAN_POINT('',(245.6,198.5,9.9));
#6362=DIRECTION('',(-1.,-0.,0.));
#6363=VECTOR('',#6362,0.35);
#6364=LINE('',#6361,#6363);
#6365=EDGE_CURVE('',#6360,#6352,#6364,.T.);
#6366=ORIENTED_EDGE('',*,*,#6365,.F.);
#6367=CARTESIAN_POINT('',(245.6,3.5,9.9));
#6368=VERTEX_POINT('',#6367);
#6369=CARTESIAN_POINT('',(245.6,198.5,9.9));
#6370=DIRECTION('',(0.,-1.,0.));
#6371=VECTOR('',#6370,195.);
#6372=LINE('',#6369,#6371);
#6373=EDGE_CURVE('',#6360,#6368,#6372,.T.);
#6374=ORIENTED_EDGE('',*,*,#6373,.T.);
#6375=CARTESIAN_POINT('',(245.1,3.,9.9));
#6376=VERTEX_POINT('',#6375);
#6377=CARTESIAN_POINT('',(245.1,3.5,9.9));
#6378=DIRECTION('',(-0.,-0.,-1.));
#6379=DIRECTION('',(1.,0.,-0.));
#6380=AXIS2_PLACEMENT_3D('',#6377,#6378,#6379);
#6381=CIRCLE('',#6380,0.5);
#6382=EDGE_CURVE('',#6368,#6376,#6381,.T.);
#6383=ORIENTED_EDGE('',*,*,#6382,.T.);
#6384=CARTESIAN_POINT('',(236.3,3.,9.9));
#6385=VERTEX_POINT('',#6384);
#6386=CARTESIAN_POINT('',(245.1,3.,9.9));
#6387=DIRECTION('',(-1.,0.,0.));
#6388=VECTOR('',#6387,8.8);
#6389=LINE('',#6386,#6388);
#6390=EDGE_CURVE('',#6376,#6385,#6389,.T.);
#6391=ORIENTED_EDGE('',*,*,#6390,.T.);
#6392=CARTESIAN_POINT('',(236.3,5.7,9.9));
#6393=VERTEX_POINT('',#6392);
#6394=CARTESIAN_POINT('',(236.3,5.7,9.9));
#6395=DIRECTION('',(0.,-1.,0.));
#6396=VECTOR('',#6395,2.7);
#6397=LINE('',#6394,#6396);
#6398=EDGE_CURVE('',#6393,#6385,#6397,.T.);
#6399=ORIENTED_EDGE('',*,*,#6398,.F.);
#6400=CARTESIAN_POINT('',(224.3,5.7,9.9));
#6401=VERTEX_POINT('',#6400);
#6402=CARTESIAN_POINT('',(236.3,5.7,9.9));
#6403=DIRECTION('',(-1.,0.,0.));
#6404=VECTOR('',#6403,12.);
#6405=LINE('',#6402,#6404);
#6406=EDGE_CURVE('',#6393,#6401,#6405,.T.);
#6407=ORIENTED_EDGE('',*,*,#6406,.T.);
#6408=CARTESIAN_POINT('',(224.3,2.,9.9));
#6409=VERTEX_POINT('',#6408);
#6410=CARTESIAN_POINT('',(224.3,2.,9.9));
#6411=DIRECTION('',(0.,1.,0.));
#6412=VECTOR('',#6411,3.7);
#6413=LINE('',#6410,#6412);
#6414=EDGE_CURVE('',#6409,#6401,#6413,.T.);
#6415=ORIENTED_EDGE('',*,*,#6414,.F.);
#6416=CARTESIAN_POINT('',(224.3,2.,9.9));
#6417=DIRECTION('',(-1.,0.,0.));
#6418=VECTOR('',#6417,9.5);
#6419=LINE('',#6416,#6418);
#6420=EDGE_CURVE('',#6409,#63,#6419,.T.);
#6421=ORIENTED_EDGE('',*,*,#6420,.T.);
#6422=EDGE_LOOP('',(#6274,#6275,#6276,#6277,#6278,#6279,#6280,#6281,#6282,#6283,#6284,#6285,#6286,#6287,#6288,#6289,#6290,#6291,#6292,#6293,#6294,#6295,#6296,#6297,#6298,#6299,
#6300,#6308,#6317,#6325,#6334,#6342,#6350,#6358,#6366,#6374,#6383,#6391,#6399,#6407,#6415,#6421));
#6423=FACE_BOUND('',#6422,.T.);
#6424=CARTESIAN_POINT('',(244.3,182.3,9.9));
#6425=VERTEX_POINT('',#6424);
#6426=CARTESIAN_POINT('',(241.3,182.3,9.9));
#6427=VERTEX_POINT('',#6426);
#6428=CARTESIAN_POINT('',(242.8,182.3,9.9));
#6429=DIRECTION('',(0.,0.,-1.));
#6430=DIRECTION('',(-1.,0.,0.));
#6431=AXIS2_PLACEMENT_3D('',#6428,#6429,#6430);
#6432=CIRCLE('',#6431,1.5);
#6433=EDGE_CURVE('',#6425,#6427,#6432,.T.);
#6434=ORIENTED_EDGE('',*,*,#6433,.F.);
#6435=CARTESIAN_POINT('',(242.8,182.3,9.9));
#6436=DIRECTION('',(0.,0.,-1.));
#6437=DIRECTION('',(-1.,0.,0.));
#6438=AXIS2_PLACEMENT_3D('',#6435,#6436,#6437);
#6439=CIRCLE('',#6438,1.5);
#6440=EDGE_CURVE('',#6427,#6425,#6439,.T.);
#6441=ORIENTED_EDGE('',*,*,#6440,.F.);
#6442=EDGE_LOOP('',(#6434,#6441));
#6443=FACE_BOUND('',#6442,.T.);
#6444=CARTESIAN_POINT('',(244.3,5.,9.9));
#6445=VERTEX_POINT('',#6444);
#6446=CARTESIAN_POINT('',(241.3,5.,9.9));
#6447=VERTEX_POINT('',#6446);
#6448=CARTESIAN_POINT('',(242.8,5.,9.9));
#6449=DIRECTION('',(0.,0.,-1.));
#6450=DIRECTION('',(-1.,0.,0.));
#6451=AXIS2_PLACEMENT_3D('',#6448,#6449,#6450);
#6452=CIRCLE('',#6451,1.5);
#6453=EDGE_CURVE('',#6445,#6447,#6452,.T.);
#6454=ORIENTED_EDGE('',*,*,#6453,.F.);
#6455=CARTESIAN_POINT('',(242.8,5.,9.9));
#6456=DIRECTION('',(0.,0.,-1.));
#6457=DIRECTION('',(-1.,0.,0.));
#6458=AXIS2_PLACEMENT_3D('',#6455,#6456,#6457);
#6459=CIRCLE('',#6458,1.5);
#6460=EDGE_CURVE('',#6447,#6445,#6459,.T.);
#6461=ORIENTED_EDGE('',*,*,#6460,.F.);
#6462=EDGE_LOOP('',(#6454,#6461));
#6463=FACE_BOUND('',#6462,.T.);
#6464=ADVANCED_FACE('',(#6247,#6250,#6253,#6263,#6273,#6423,#6443,#6463),#6236,.F.);
#6465=CARTESIAN_POINT('',(246.6,2.,11.2));
#6466=DIRECTION('',(0.,1.,0.));
#6467=DIRECTION('',(0.,0.,1.));
#6468=AXIS2_PLACEMENT_3D('',#6465,#6466,#6467);
#6469=PLANE('',#6468);
#6470=ORIENTED_EDGE('',*,*,#6076,.T.);
#6471=ORIENTED_EDGE('',*,*,#68,.T.);
#6472=ORIENTED_EDGE('',*,*,#6420,.F.);
#6473=CARTESIAN_POINT('',(224.3,2.,14.55));
#6474=VERTEX_POINT('',#6473);
#6475=CARTESIAN_POINT('',(224.3,2.,14.55));
#6476=DIRECTION('',(0.,0.,-1.));
#6477=VECTOR('',#6476,4.65);
#6478=LINE('',#6475,#6477);
#6479=EDGE_CURVE('',#6474,#6409,#6478,.T.);
#6480=ORIENTED_EDGE('',*,*,#6479,.F.);
#6481=CARTESIAN_POINT('',(225.8,2.,14.55));
#6482=VERTEX_POINT('',#6481);
#6483=CARTESIAN_POINT('',(225.8,2.,14.55));
#6484=DIRECTION('',(-1.,0.,0.));
#6485=VECTOR('',#6484,1.5);
#6486=LINE('',#6483,#6485);
#6487=EDGE_CURVE('',#6482,#6474,#6486,.T.);
#6488=ORIENTED_EDGE('',*,*,#6487,.F.);
#6489=CARTESIAN_POINT('',(225.8,2.,19.8));
#6490=VERTEX_POINT('',#6489);
#6491=CARTESIAN_POINT('',(225.8,2.,19.8));
#6492=DIRECTION('',(0.,0.,-1.));
#6493=VECTOR('',#6492,5.25);
#6494=LINE('',#6491,#6493);
#6495=EDGE_CURVE('',#6490,#6482,#6494,.T.);
#6496=ORIENTED_EDGE('',*,*,#6495,.F.);
#6497=CARTESIAN_POINT('',(222.599998931,2.,19.8));
#6498=VERTEX_POINT('',#6497);
#6499=CARTESIAN_POINT('',(222.599998931,2.,19.8));
#6500=DIRECTION('',(1.,0.,-0.));
#6501=VECTOR('',#6500,3.200001069);
#6502=LINE('',#6499,#6501);
#6503=EDGE_CURVE('',#6498,#6490,#6502,.T.);
#6504=ORIENTED_EDGE('',*,*,#6503,.F.);
#6505=CARTESIAN_POINT('',(222.099998931,2.,20.3));
#6506=VERTEX_POINT('',#6505);
#6507=CARTESIAN_POINT('',(222.599998931,2.,20.3));
#6508=DIRECTION('',(0.,1.,0.));
#6509=DIRECTION('',(0.,-0.,1.));
#6510=AXIS2_PLACEMENT_3D('',#6507,#6508,#6509);
#6511=CIRCLE('',#6510,0.5);
#6512=EDGE_CURVE('',#6498,#6506,#6511,.T.);
#6513=ORIENTED_EDGE('',*,*,#6512,.T.);
#6514=CARTESIAN_POINT('',(222.099998931,2.,20.3));
#6515=DIRECTION('',(0.,0.,1.));
#6516=VECTOR('',#6515,0.65);
#6517=LINE('',#6514,#6516);
#6518=EDGE_CURVE('',#6506,#6071,#6517,.T.);
#6519=ORIENTED_EDGE('',*,*,#6518,.T.);
#6520=EDGE_LOOP('',(#6470,#6471,#6472,#6480,#6488,#6496,#6504,#6513,#6519));
#6521=FACE_BOUND('',#6520,.T.);
#6522=ADVANCED_FACE('',(#6521),#6469,.F.);
#6523=CARTESIAN_POINT('',(245.75,12.5,21.85));
#6524=DIRECTION('',(0.,1.,0.));
#6525=DIRECTION('',(0.,-0.,1.));
#6526=AXIS2_PLACEMENT_3D('',#6523,#6524,#6525);
#6527=CYLINDRICAL_SURFACE('',#6526,0.5);
#6528=CARTESIAN_POINT('',(245.25,192.,21.85));
#6529=VERTEX_POINT('',#6528);
#6530=CARTESIAN_POINT('',(245.25,3.5,21.85));
#6531=VERTEX_POINT('',#6530);
#6532=CARTESIAN_POINT('',(245.25,192.,21.85));
#6533=DIRECTION('',(-0.,-1.,-0.));
#6534=VECTOR('',#6533,188.5);
#6535=LINE('',#6532,#6534);
#6536=EDGE_CURVE('',#6529,#6531,#6535,.T.);
#6537=ORIENTED_EDGE('',*,*,#6536,.T.);
#6538=CARTESIAN_POINT('',(245.75,2.,22.35));
#6539=VERTEX_POINT('',#6538);
#6540=CARTESIAN_POINT('',(245.75,2.,22.35));
#6541=CARTESIAN_POINT('',(245.684550153,2.196349541,22.35));
#6542=CARTESIAN_POINT('',(245.619126058,2.392621827,22.336986338));
#6543=CARTESIAN_POINT('',(245.558658284,2.574025149,22.311939766));
#6544=CARTESIAN_POINT('',(245.49819051,2.755428471,22.286893194));
#6545=CARTESIAN_POINT('',(245.44272664,2.92182008,22.249833421));
#6546=CARTESIAN_POINT('',(245.396446609,3.060660172,22.203553391));
#6547=CARTESIAN_POINT('',(245.350166579,3.199500264,22.15727336));
#6548=CARTESIAN_POINT('',(245.313106806,3.310679582,22.10180949));
#6549=CARTESIAN_POINT('',(245.288060234,3.385819299,22.041341716));
#6550=CARTESIAN_POINT('',(245.263013662,3.460959015,21.980873942));
#6551=CARTESIAN_POINT('',(245.25,3.5,21.915449847));
#6552=CARTESIAN_POINT('',(245.25,3.5,21.85));
#6553=B_SPLINE_CURVE_WITH_KNOTS('',3,(#6540,#6541,#6542,#6543,#6544,#6545,#6546,#6547,#6548,#6549,#6550,#6551,#6552),.UNSPECIFIED.,.F.,.F.,(4,3,3,3,4),(270.,292.5,315.,337.5,360.),.UNSPECIFIED.);
#6554=EDGE_CURVE('',#6539,#6531,#6553,.T.);
#6555=ORIENTED_EDGE('',*,*,#6554,.F.);
#6556=CARTESIAN_POINT('',(245.75,192.,22.35));
#6557=VERTEX_POINT('',#6556);
#6558=CARTESIAN_POINT('',(245.75,2.,22.35));
#6559=DIRECTION('',(0.,1.,0.));
#6560=VECTOR('',#6559,190.);
#6561=LINE('',#6558,#6560);
#6562=EDGE_CURVE('',#6539,#6557,#6561,.T.);
#6563=ORIENTED_EDGE('',*,*,#6562,.T.);
#6564=CARTESIAN_POINT('',(245.75,192.,21.85));
#6565=DIRECTION('',(-0.,-1.,-0.));
#6566=DIRECTION('',(0.,-0.,1.));
#6567=AXIS2_PLACEMENT_3D('',#6564,#6565,#6566);
#6568=CIRCLE('',#6567,0.5);
#6569=EDGE_CURVE('',#6557,#6529,#6568,.T.);
#6570=ORIENTED_EDGE('',*,*,#6569,.T.);
#6571=EDGE_LOOP('',(#6537,#6555,#6563,#6570));
#6572=FACE_BOUND('',#6571,.T.);
#6573=ADVANCED_FACE('',(#6572),#6527,.T.);
#6574=CARTESIAN_POINT('',(246.6,1.5,22.35));
#6575=DIRECTION('',(0.,0.,1.));
#6576=DIRECTION('',(-1.,0.,0.));
#6577=AXIS2_PLACEMENT_3D('',#6574,#6575,#6576);
#6578=PLANE('',#6577);
#6579=ORIENTED_EDGE('',*,*,#6562,.F.);
#6580=CARTESIAN_POINT('',(236.1,2.,22.35));
#6581=VERTEX_POINT('',#6580);
#6582=CARTESIAN_POINT('',(236.1,2.,22.35));
#6583=DIRECTION('',(1.,0.,-0.));
#6584=VECTOR('',#6583,9.65);
#6585=LINE('',#6582,#6584);
#6586=EDGE_CURVE('',#6581,#6539,#6585,.T.);
#6587=ORIENTED_EDGE('',*,*,#6586,.F.);
#6588=CARTESIAN_POINT('',(236.1,-0.050000095,22.35));
#6589=VERTEX_POINT('',#6588);
#6590=CARTESIAN_POINT('',(236.1,2.,22.35));
#6591=DIRECTION('',(0.,-1.,0.));
#6592=VECTOR('',#6591,2.050000095);
#6593=LINE('',#6590,#6592);
#6594=EDGE_CURVE('',#6581,#6589,#6593,.T.);
#6595=ORIENTED_EDGE('',*,*,#6594,.T.);
#6596=CARTESIAN_POINT('',(245.5,-0.050000095,22.35));
#6597=VERTEX_POINT('',#6596);
#6598=CARTESIAN_POINT('',(236.1,-0.050000095,22.35));
#6599=DIRECTION('',(1.,-0.,-0.));
#6600=VECTOR('',#6599,9.4);
#6601=LINE('',#6598,#6600);
#6602=EDGE_CURVE('',#6589,#6597,#6601,.T.);
#6603=ORIENTED_EDGE('',*,*,#6602,.T.);
#6604=CARTESIAN_POINT('',(247.75,2.199999905,22.35));
#6605=VERTEX_POINT('',#6604);
#6606=CARTESIAN_POINT('',(245.5,2.199999905,22.35));
#6607=DIRECTION('',(0.,0.,1.));
#6608=DIRECTION('',(1.,0.,-0.));
#6609=AXIS2_PLACEMENT_3D('',#6606,#6607,#6608);
#6610=CIRCLE('',#6609,2.25);
#6611=EDGE_CURVE('',#6597,#6605,#6610,.T.);
#6612=ORIENTED_EDGE('',*,*,#6611,.T.);
#6613=CARTESIAN_POINT('',(247.75,192.,22.35));
#6614=VERTEX_POINT('',#6613);
#6615=CARTESIAN_POINT('',(247.75,2.199999905,22.35));
#6616=DIRECTION('',(-0.,1.,-0.));
#6617=VECTOR('',#6616,189.800000095);
#6618=LINE('',#6615,#6617);
#6619=EDGE_CURVE('',#6605,#6614,#6618,.T.);
#6620=ORIENTED_EDGE('',*,*,#6619,.T.);
#6621=CARTESIAN_POINT('',(247.75,192.,22.35));
#6622=DIRECTION('',(-1.,0.,0.));
#6623=VECTOR('',#6622,2.);
#6624=LINE('',#6621,#6623);
#6625=EDGE_CURVE('',#6614,#6557,#6624,.T.);
#6626=ORIENTED_EDGE('',*,*,#6625,.T.);
#6627=EDGE_LOOP('',(#6579,#6587,#6595,#6603,#6612,#6620,#6626));
#6628=FACE_BOUND('',#6627,.T.);
#6629=ADVANCED_FACE('',(#6628),#6578,.T.);
#6630=CARTESIAN_POINT('',(247.75,1.5,22.1));
#6631=DIRECTION('',(0.,-1.,0.));
#6632=DIRECTION('',(0.,0.,-1.));
#6633=AXIS2_PLACEMENT_3D('',#6630,#6631,#6632);
#6634=CYLINDRICAL_SURFACE('',#6633,0.25);
#6635=ORIENTED_EDGE('',*,*,#6619,.F.);
#6636=CARTESIAN_POINT('',(248.,2.199999905,22.1));
#6637=VERTEX_POINT('',#6636);
#6638=CARTESIAN_POINT('',(247.75,2.199999905,22.1));
#6639=DIRECTION('',(-0.,-1.,-0.));
#6640=DIRECTION('',(0.,-0.,1.));
#6641=AXIS2_PLACEMENT_3D('',#6638,#6639,#6640);
#6642=CIRCLE('',#6641,0.25);
#6643=EDGE_CURVE('',#6637,#6605,#6642,.T.);
#6644=ORIENTED_EDGE('',*,*,#6643,.F.);
#6645=CARTESIAN_POINT('',(248.,191.896446609,22.1));
#6646=VERTEX_POINT('',#6645);
#6647=CARTESIAN_POINT('',(248.,191.896446609,22.1));
#6648=DIRECTION('',(0.,-1.,0.));
#6649=VECTOR('',#6648,189.696446704);
#6650=LINE('',#6647,#6649);
#6651=EDGE_CURVE('',#6646,#6637,#6650,.T.);
#6652=ORIENTED_EDGE('',*,*,#6651,.F.);
#6653=CARTESIAN_POINT('',(247.75,191.896446609,22.1));
#6654=DIRECTION('',(0.,0.923879533,-0.382683432));
#6655=DIRECTION('',(0.,-0.382683432,-0.923879533));
#6656=AXIS2_PLACEMENT_3D('',#6653,#6654,#6655);
#6657=ELLIPSE('',#6656,0.27059805,0.25);
#6658=EDGE_CURVE('',#6614,#6646,#6657,.T.);
#6659=ORIENTED_EDGE('',*,*,#6658,.F.);
#6660=EDGE_LOOP('',(#6635,#6644,#6652,#6659));
#6661=FACE_BOUND('',#6660,.T.);
#6662=ADVANCED_FACE('',(#6661),#6634,.T.);
#6663=CARTESIAN_POINT('',(248.,1.5,4.7));
#6664=DIRECTION('',(-1.,0.,0.));
#6665=DIRECTION('',(0.,0.,-1.));
#6666=AXIS2_PLACEMENT_3D('',#6663,#6664,#6665);
#6667=PLANE('',#6666);
#6668=ORIENTED_EDGE('',*,*,#6651,.T.);
#6669=CARTESIAN_POINT('',(248.,2.199999905,20.95));
#6670=VERTEX_POINT('',#6669);
#6671=CARTESIAN_POINT('',(248.,2.199999905,20.95));
#6672=DIRECTION('',(0.,0.,1.));
#6673=VECTOR('',#6672,1.15);
#6674=LINE('',#6671,#6673);
#6675=EDGE_CURVE('',#6670,#6637,#6674,.T.);
#6676=ORIENTED_EDGE('',*,*,#6675,.F.);
#6677=CARTESIAN_POINT('',(248.,192.,20.95));
#6678=VERTEX_POINT('',#6677);
#6679=CARTESIAN_POINT('',(248.,2.199999905,20.95));
#6680=DIRECTION('',(0.,1.,0.));
#6681=VECTOR('',#6680,189.800000095);
#6682=LINE('',#6679,#6681);
#6683=EDGE_CURVE('',#6670,#6678,#6682,.T.);
#6684=ORIENTED_EDGE('',*,*,#6683,.T.);
#6685=CARTESIAN_POINT('',(248.,199.65,13.3));
#6686=VERTEX_POINT('',#6685);
#6687=CARTESIAN_POINT('',(248.,192.,20.95));
#6688=DIRECTION('',(0.,0.707106781,-0.707106781));
#6689=VECTOR('',#6688,10.818733752);
#6690=LINE('',#6687,#6689);
#6691=EDGE_CURVE('',#6678,#6686,#6690,.T.);
#6692=ORIENTED_EDGE('',*,*,#6691,.T.);
#6693=CARTESIAN_POINT('',(248.,199.65,14.242893219));
#6694=VERTEX_POINT('',#6693);
#6695=CARTESIAN_POINT('',(248.,199.65,13.3));
#6696=DIRECTION('',(-0.,-0.,1.));
#6697=VECTOR('',#6696,0.942893219);
#6698=LINE('',#6695,#6697);
#6699=EDGE_CURVE('',#6686,#6694,#6698,.T.);
#6700=ORIENTED_EDGE('',*,*,#6699,.T.);
#6701=CARTESIAN_POINT('',(248.,199.576776695,14.419669914));
#6702=VERTEX_POINT('',#6701);
#6703=CARTESIAN_POINT('',(248.,199.4,14.242893219));
#6704=DIRECTION('',(1.,-0.,-0.));
#6705=DIRECTION('',(0.,0.,1.));
#6706=AXIS2_PLACEMENT_3D('',#6703,#6704,#6705);
#6707=CIRCLE('',#6706,0.25);
#6708=EDGE_CURVE('',#6694,#6702,#6707,.T.);
#6709=ORIENTED_EDGE('',*,*,#6708,.T.);
#6710=CARTESIAN_POINT('',(248.,199.576776695,14.419669914));
#6711=DIRECTION('',(0.,-0.707106781,0.707106781));
#6712=VECTOR('',#6711,10.861626971);
#6713=LINE('',#6710,#6712);
#6714=EDGE_CURVE('',#6702,#6646,#6713,.T.);
#6715=ORIENTED_EDGE('',*,*,#6714,.T.);
#6716=EDGE_LOOP('',(#6668,#6676,#6684,#6692,#6700,#6709,#6715));
#6717=FACE_BOUND('',#6716,.T.);
#6718=ADVANCED_FACE('',(#6717),#6667,.F.);
#6719=CARTESIAN_POINT('',(230.45,2.,20.95));
#6720=DIRECTION('',(0.,0.,1.));
#6721=DIRECTION('',(-1.,0.,0.));
#6722=AXIS2_PLACEMENT_3D('',#6719,#6720,#6721);
#6723=PLANE('',#6722);
#6724=ORIENTED_EDGE('',*,*,#6683,.F.);
#6725=CARTESIAN_POINT('',(245.5,2.199999905,20.95));
#6726=DIRECTION('',(0.,0.,1.));
#6727=DIRECTION('',(1.,0.,-0.));
#6728=AXIS2_PLACEMENT_3D('',#6725,#6726,#6727);
#6729=CIRCLE('',#6728,2.5);
#6730=EDGE_CURVE('',#6147,#6670,#6729,.T.);
#6731=ORIENTED_EDGE('',*,*,#6730,.F.);
#6732=ORIENTED_EDGE('',*,*,#6152,.T.);
#6733=CARTESIAN_POINT('',(239.849998931,2.,20.95));
#6734=VERTEX_POINT('',#6733);
#6735=CARTESIAN_POINT('',(239.849998931,-0.300000095,20.95));
#6736=DIRECTION('',(-0.,1.,-0.));
#6737=VECTOR('',#6736,2.300000095);
#6738=LINE('',#6735,#6737);
#6739=EDGE_CURVE('',#6139,#6734,#6738,.T.);
#6740=ORIENTED_EDGE('',*,*,#6739,.T.);
#6741=CARTESIAN_POINT('',(245.1,2.,20.95));
#6742=VERTEX_POINT('',#6741);
#6743=CARTESIAN_POINT('',(245.1,2.,20.95));
#6744=DIRECTION('',(-1.,0.,0.));
#6745=VECTOR('',#6744,5.250001069);
#6746=LINE('',#6743,#6745);
#6747=EDGE_CURVE('',#6742,#6734,#6746,.T.);
#6748=ORIENTED_EDGE('',*,*,#6747,.F.);
#6749=CARTESIAN_POINT('',(246.6,3.5,20.95));
#6750=VERTEX_POINT('',#6749);
#6751=CARTESIAN_POINT('',(245.1,3.5,20.95));
#6752=DIRECTION('',(0.,0.,-1.));
#6753=DIRECTION('',(-1.,0.,0.));
#6754=AXIS2_PLACEMENT_3D('',#6751,#6752,#6753);
#6755=CIRCLE('',#6754,1.5);
#6756=EDGE_CURVE('',#6750,#6742,#6755,.T.);
#6757=ORIENTED_EDGE('',*,*,#6756,.F.);
#6758=CARTESIAN_POINT('',(246.6,192.,20.95));
#6759=VERTEX_POINT('',#6758);
#6760=CARTESIAN_POINT('',(246.6,192.,20.95));
#6761=DIRECTION('',(0.,-1.,0.));
#6762=VECTOR('',#6761,188.5);
#6763=LINE('',#6760,#6762);
#6764=EDGE_CURVE('',#6759,#6750,#6763,.T.);
#6765=ORIENTED_EDGE('',*,*,#6764,.F.);
#6766=CARTESIAN_POINT('',(248.,192.,20.95));
#6767=DIRECTION('',(-1.,-0.,0.));
#6768=VECTOR('',#6767,1.4);
#6769=LINE('',#6766,#6768);
#6770=EDGE_CURVE('',#6678,#6759,#6769,.T.);
#6771=ORIENTED_EDGE('',*,*,#6770,.F.);
#6772=EDGE_LOOP('',(#6724,#6731,#6732,#6740,#6748,#6757,#6765,#6771));
#6773=FACE_BOUND('',#6772,.T.);
#6774=ADVANCED_FACE('',(#6773),#6723,.F.);
#6775=CARTESIAN_POINT('',(226.7,12.5,9.7));
#6776=DIRECTION('',(1.,0.,0.));
#6777=DIRECTION('',(0.,-1.,0.));
#6778=AXIS2_PLACEMENT_3D('',#6775,#6776,#6777);
#6779=PLANE('',#6778);
#6780=CARTESIAN_POINT('',(226.7,147.,10.474193545));
#6781=VERTEX_POINT('',#6780);
#6782=CARTESIAN_POINT('',(226.7,7.,10.474193548));
#6783=DIRECTION('',(-0.,1.,-0.));
#6784=VECTOR('',#6783,140.);
#6785=LINE('',#6782,#6784);
#6786=EDGE_CURVE('',#5904,#6781,#6785,.T.);
#6787=ORIENTED_EDGE('',*,*,#6786,.T.);
#6788=CARTESIAN_POINT('',(226.7,147.,10.449954058));
#6789=DIRECTION('',(0.,0.,1.));
#6790=VECTOR('',#6789,0.024239487);
#6791=LINE('',#6788,#6790);
#6792=EDGE_CURVE('',#5599,#6781,#6791,.T.);
#6793=ORIENTED_EDGE('',*,*,#6792,.F.);
#6794=ORIENTED_EDGE('',*,*,#5603,.F.);
#6795=ORIENTED_EDGE('',*,*,#5596,.F.);
#6796=ORIENTED_EDGE('',*,*,#5855,.T.);
#6797=ORIENTED_EDGE('',*,*,#6242,.F.);
#6798=ORIENTED_EDGE('',*,*,#5917,.F.);
#6799=EDGE_LOOP('',(#6787,#6793,#6794,#6795,#6796,#6797,#6798));
#6800=FACE_BOUND('',#6799,.T.);
#6801=ADVANCED_FACE('',(#6800),#6779,.F.);
#6802=CARTESIAN_POINT('',(206.057262227,1.5,5.479982797));
#6803=DIRECTION('',(-0.235151316,0.,0.971958774));
#6804=DIRECTION('',(0.971958774,0.,0.235151316));
#6805=AXIS2_PLACEMENT_3D('',#6802,#6803,#6804);
#6806=PLANE('',#6805);
#6807=ORIENTED_EDGE('',*,*,#5673,.F.);
#6808=CARTESIAN_POINT('',(229.691227168,147.,11.197877534));
#6809=DIRECTION('',(-0.971958774,-0.,-0.235151316));
#6810=VECTOR('',#6809,3.077524733);
#6811=LINE('',#6808,#6810);
#6812=EDGE_CURVE('',#5606,#6781,#6811,.T.);
#6813=ORIENTED_EDGE('',*,*,#6812,.T.);
#6814=ORIENTED_EDGE('',*,*,#6786,.F.);
#6815=ORIENTED_EDGE('',*,*,#5909,.T.);
#6816=EDGE_LOOP('',(#6807,#6813,#6814,#6815));
#6817=FACE_BOUND('',#6816,.T.);
#6818=ADVANCED_FACE('',(#6817),#6806,.T.);
#6819=CARTESIAN_POINT('',(245.6,1.5,10.9));
#6820=DIRECTION('',(0.,-1.,0.));
#6821=DIRECTION('',(0.,0.,-1.));
#6822=AXIS2_PLACEMENT_3D('',#6819,#6820,#6821);
#6823=CYLINDRICAL_SURFACE('',#6822,1.);
#6824=ORIENTED_EDGE('',*,*,#6373,.F.);
#6825=CARTESIAN_POINT('',(246.6,198.5,10.9));
#6826=VERTEX_POINT('',#6825);
#6827=CARTESIAN_POINT('',(245.6,198.5,10.9));
#6828=DIRECTION('',(-0.,1.,-0.));
#6829=DIRECTION('',(0.,0.,-1.));
#6830=AXIS2_PLACEMENT_3D('',#6827,#6828,#6829);
#6831=CIRCLE('',#6830,1.);
#6832=EDGE_CURVE('',#6826,#6360,#6831,.T.);
#6833=ORIENTED_EDGE('',*,*,#6832,.F.);
#6834=CARTESIAN_POINT('',(246.6,3.5,10.9));
#6835=VERTEX_POINT('',#6834);
#6836=CARTESIAN_POINT('',(246.6,3.5,10.9));
#6837=DIRECTION('',(-0.,1.,-0.));
#6838=VECTOR('',#6837,195.);
#6839=LINE('',#6836,#6838);
#6840=EDGE_CURVE('',#6835,#6826,#6839,.T.);
#6841=ORIENTED_EDGE('',*,*,#6840,.F.);
#6842=CARTESIAN_POINT('',(245.6,3.5,10.9));
#6843=DIRECTION('',(-0.,1.,-0.));
#6844=DIRECTION('',(0.,0.,-1.));
#6845=AXIS2_PLACEMENT_3D('',#6842,#6843,#6844);
#6846=CIRCLE('',#6845,1.);
#6847=EDGE_CURVE('',#6835,#6368,#6846,.T.);
#6848=ORIENTED_EDGE('',*,*,#6847,.T.);
#6849=EDGE_LOOP('',(#6824,#6833,#6841,#6848));
#6850=FACE_BOUND('',#6849,.T.);
#6851=ADVANCED_FACE('',(#6850),#6823,.T.);
#6852=CARTESIAN_POINT('',(245.1,3.5,10.9));
#6853=DIRECTION('',(0.,0.,1.));
#6854=DIRECTION('',(1.,0.,-0.));
#6855=AXIS2_PLACEMENT_3D('',#6852,#6853,#6854);
#6856=DEGENERATE_TOROIDAL_SURFACE('',#6855,0.5,1.,.T.);
#6857=ORIENTED_EDGE('',*,*,#6382,.F.);
#6858=ORIENTED_EDGE('',*,*,#6847,.F.);
#6859=CARTESIAN_POINT('',(245.1,2.,10.9));
#6860=VERTEX_POINT('',#6859);
#6861=CARTESIAN_POINT('',(245.1,3.5,10.9));
#6862=DIRECTION('',(-0.,-0.,1.));
#6863=DIRECTION('',(-1.,0.,0.));
#6864=AXIS2_PLACEMENT_3D('',#6861,#6862,#6863);
#6865=CIRCLE('',#6864,1.5);
#6866=EDGE_CURVE('',#6860,#6835,#6865,.T.);
#6867=ORIENTED_EDGE('',*,*,#6866,.F.);
#6868=CARTESIAN_POINT('',(245.1,3.,10.9));
#6869=DIRECTION('',(1.,-0.,-0.));
#6870=DIRECTION('',(-0.,-1.,0.));
#6871=AXIS2_PLACEMENT_3D('',#6868,#6869,#6870);
#6872=CIRCLE('',#6871,1.);
#6873=EDGE_CURVE('',#6860,#6376,#6872,.T.);
#6874=ORIENTED_EDGE('',*,*,#6873,.T.);
#6875=EDGE_LOOP('',(#6857,#6858,#6867,#6874));
#6876=FACE_BOUND('',#6875,.T.);
#6877=ADVANCED_FACE('',(#6876),#6856,.T.);
#6878=CARTESIAN_POINT('',(245.1,3.5,11.2));
#6879=DIRECTION('',(0.,0.,-1.));
#6880=DIRECTION('',(1.,0.,0.));
#6881=AXIS2_PLACEMENT_3D('',#6878,#6879,#6880);
#6882=CYLINDRICAL_SURFACE('',#6881,1.5);
#6883=ORIENTED_EDGE('',*,*,#6756,.T.);
#6884=CARTESIAN_POINT('',(245.1,2.,20.95));
#6885=DIRECTION('',(0.,0.,-1.));
#6886=VECTOR('',#6885,10.05);
#6887=LINE('',#6884,#6886);
#6888=EDGE_CURVE('',#6742,#6860,#6887,.T.);
#6889=ORIENTED_EDGE('',*,*,#6888,.T.);
#6890=ORIENTED_EDGE('',*,*,#6866,.T.);
#6891=CARTESIAN_POINT('',(246.6,3.5,10.9));
#6892=DIRECTION('',(-0.,-0.,1.));
#6893=VECTOR('',#6892,10.05);
#6894=LINE('',#6891,#6893);
#6895=EDGE_CURVE('',#6835,#6750,#6894,.T.);
#6896=ORIENTED_EDGE('',*,*,#6895,.T.);
#6897=EDGE_LOOP('',(#6883,#6889,#6890,#6896));
#6898=FACE_BOUND('',#6897,.T.);
#6899=ADVANCED_FACE('',(#6898),#6882,.T.);
#6900=CARTESIAN_POINT('',(242.8,5.,17.85));
#6901=DIRECTION('',(0.,0.,-1.));
#6902=DIRECTION('',(1.,0.,0.));
#6903=AXIS2_PLACEMENT_3D('',#6900,#6901,#6902);
#6904=CYLINDRICAL_SURFACE('',#6903,1.5);
#6905=CARTESIAN_POINT('',(244.3,5.,10.7));
#6906=VERTEX_POINT('',#6905);
#6907=CARTESIAN_POINT('',(244.3,5.,9.9));
#6908=DIRECTION('',(-0.,-0.,1.));
#6909=VECTOR('',#6908,0.8);
#6910=LINE('',#6907,#6909);
#6911=EDGE_CURVE('',#6445,#6906,#6910,.T.);
#6912=ORIENTED_EDGE('',*,*,#6911,.F.);
#6913=ORIENTED_EDGE('',*,*,#6453,.T.);
#6914=ORIENTED_EDGE('',*,*,#6460,.T.);
#6915=ORIENTED_EDGE('',*,*,#6911,.T.);
#6916=CARTESIAN_POINT('',(241.3,5.,10.7));
#6917=VERTEX_POINT('',#6916);
#6918=CARTESIAN_POINT('',(242.8,5.,10.7));
#6919=DIRECTION('',(-0.,-0.,1.));
#6920=DIRECTION('',(-1.,0.,0.));
#6921=AXIS2_PLACEMENT_3D('',#6918,#6919,#6920);
#6922=CIRCLE('',#6921,1.5);
#6923=EDGE_CURVE('',#6906,#6917,#6922,.T.);
#6924=ORIENTED_EDGE('',*,*,#6923,.T.);
#6925=CARTESIAN_POINT('',(242.8,5.,10.7));
#6926=DIRECTION('',(-0.,-0.,1.));
#6927=DIRECTION('',(-1.,0.,0.));
#6928=AXIS2_PLACEMENT_3D('',#6925,#6926,#6927);
#6929=CIRCLE('',#6928,1.5);
#6930=EDGE_CURVE('',#6917,#6906,#6929,.T.);
#6931=ORIENTED_EDGE('',*,*,#6930,.T.);
#6932=EDGE_LOOP('',(#6912,#6913,#6914,#6915,#6924,#6931));
#6933=FACE_BOUND('',#6932,.T.);
#6934=ADVANCED_FACE('',(#6933),#6904,.F.);
#6935=CARTESIAN_POINT('',(246.6,1.5,10.7));
#6936=DIRECTION('',(0.,0.,1.));
#6937=DIRECTION('',(-1.,0.,0.));
#6938=AXIS2_PLACEMENT_3D('',#6935,#6936,#6937);
#6939=PLANE('',#6938);
#6940=CARTESIAN_POINT('',(240.55,5.,10.7));
#6941=VERTEX_POINT('',#6940);
#6942=CARTESIAN_POINT('',(245.05,5.,10.7));
#6943=VERTEX_POINT('',#6942);
#6944=CARTESIAN_POINT('',(242.8,5.,10.7));
#6945=DIRECTION('',(-0.,-0.,-1.));
#6946=DIRECTION('',(1.,0.,-0.));
#6947=AXIS2_PLACEMENT_3D('',#6944,#6945,#6946);
#6948=CIRCLE('',#6947,2.25);
#6949=EDGE_CURVE('',#6941,#6943,#6948,.T.);
#6950=ORIENTED_EDGE('',*,*,#6949,.F.);
#6951=CARTESIAN_POINT('',(242.8,5.,10.7));
#6952=DIRECTION('',(-0.,-0.,-1.));
#6953=DIRECTION('',(1.,0.,-0.));
#6954=AXIS2_PLACEMENT_3D('',#6951,#6952,#6953);
#6955=CIRCLE('',#6954,2.25);
#6956=EDGE_CURVE('',#6943,#6941,#6955,.T.);
#6957=ORIENTED_EDGE('',*,*,#6956,.F.);
#6958=EDGE_LOOP('',(#6950,#6957));
#6959=FACE_BOUND('',#6958,.T.);
#6960=ORIENTED_EDGE('',*,*,#6923,.F.);
#6961=ORIENTED_EDGE('',*,*,#6930,.F.);
#6962=EDGE_LOOP('',(#6960,#6961));
#6963=FACE_BOUND('',#6962,.T.);
#6964=ADVANCED_FACE('',(#6959,#6963),#6939,.T.);
#6965=CARTESIAN_POINT('',(246.6,3.,10.9));
#6966=DIRECTION('',(-1.,0.,0.));
#6967=DIRECTION('',(0.,0.,1.));
#6968=AXIS2_PLACEMENT_3D('',#6965,#6966,#6967);
#6969=CYLINDRICAL_SURFACE('',#6968,1.);
#6970=CARTESIAN_POINT('',(236.3,2.,10.9));
#6971=VERTEX_POINT('',#6970);
#6972=CARTESIAN_POINT('',(236.3,3.,10.9));
#6973=DIRECTION('',(-1.,0.,0.));
#6974=DIRECTION('',(0.,0.,1.));
#6975=AXIS2_PLACEMENT_3D('',#6972,#6973,#6974);
#6976=CIRCLE('',#6975,1.);
#6977=EDGE_CURVE('',#6385,#6971,#6976,.T.);
#6978=ORIENTED_EDGE('',*,*,#6977,.F.);
#6979=ORIENTED_EDGE('',*,*,#6390,.F.);
#6980=ORIENTED_EDGE('',*,*,#6873,.F.);
#6981=CARTESIAN_POINT('',(236.3,2.,10.9));
#6982=DIRECTION('',(1.,0.,-0.));
#6983=VECTOR('',#6982,8.8);
#6984=LINE('',#6981,#6983);
#6985=EDGE_CURVE('',#6971,#6860,#6984,.T.);
#6986=ORIENTED_EDGE('',*,*,#6985,.F.);
#6987=EDGE_LOOP('',(#6978,#6979,#6980,#6986));
#6988=FACE_BOUND('',#6987,.T.);
#6989=ADVANCED_FACE('',(#6988),#6969,.T.);
#6990=CARTESIAN_POINT('',(242.8,5.,10.7));
#6991=DIRECTION('',(0.,0.,1.));
#6992=DIRECTION('',(-1.,0.,0.));
#6993=AXIS2_PLACEMENT_3D('',#6990,#6991,#6992);
#6994=CYLINDRICAL_SURFACE('',#6993,2.25);
#6995=CARTESIAN_POINT('',(240.55,5.,11.2));
#6996=DIRECTION('',(-0.,-0.,-1.));
#6997=VECTOR('',#6996,0.5);
#6998=LINE('',#6995,#6997);
#6999=EDGE_CURVE('',#5800,#6941,#6998,.T.);
#7000=ORIENTED_EDGE('',*,*,#6999,.F.);
#7001=ORIENTED_EDGE('',*,*,#5806,.F.);
#7002=ORIENTED_EDGE('',*,*,#5813,.F.);
#7003=ORIENTED_EDGE('',*,*,#6999,.T.);
#7004=ORIENTED_EDGE('',*,*,#6949,.T.);
#7005=ORIENTED_EDGE('',*,*,#6956,.T.);
#7006=EDGE_LOOP('',(#7000,#7001,#7002,#7003,#7004,#7005));
#7007=FACE_BOUND('',#7006,.T.);
#7008=ADVANCED_FACE('',(#7007),#6994,.F.);
#7009=CARTESIAN_POINT('',(224.3,15.25,10.525));
#7010=DIRECTION('',(-1.,0.,0.));
#7011=DIRECTION('',(0.,1.,0.));
#7012=AXIS2_PLACEMENT_3D('',#7009,#7010,#7011);
#7013=PLANE('',#7012);
#7014=ORIENTED_EDGE('',*,*,#6479,.T.);
#7015=ORIENTED_EDGE('',*,*,#6414,.T.);
#7016=CARTESIAN_POINT('',(224.3,5.7,11.85));
#7017=VERTEX_POINT('',#7016);
#7018=CARTESIAN_POINT('',(224.3,5.7,11.85));
#7019=DIRECTION('',(0.,0.,-1.));
#7020=VECTOR('',#7019,1.95);
#7021=LINE('',#7018,#7020);
#7022=EDGE_CURVE('',#7017,#6401,#7021,.T.);
#7023=ORIENTED_EDGE('',*,*,#7022,.F.);
#7024=CARTESIAN_POINT('',(224.3,3.,14.55));
#7025=VERTEX_POINT('',#7024);
#7026=CARTESIAN_POINT('',(224.3,3.,11.85));
#7027=DIRECTION('',(1.,-0.,-0.));
#7028=DIRECTION('',(0.,0.,1.));
#7029=AXIS2_PLACEMENT_3D('',#7026,#7027,#7028);
#7030=CIRCLE('',#7029,2.7);
#7031=EDGE_CURVE('',#7017,#7025,#7030,.T.);
#7032=ORIENTED_EDGE('',*,*,#7031,.T.);
#7033=CARTESIAN_POINT('',(224.3,3.,14.55));
#7034=DIRECTION('',(-0.,-1.,-0.));
#7035=VECTOR('',#7034,1.);
#7036=LINE('',#7033,#7035);
#7037=EDGE_CURVE('',#7025,#6474,#7036,.T.);
#7038=ORIENTED_EDGE('',*,*,#7037,.T.);
#7039=EDGE_LOOP('',(#7014,#7015,#7023,#7032,#7038));
#7040=FACE_BOUND('',#7039,.T.);
#7041=ADVANCED_FACE('',(#7040),#7013,.F.);
#7042=CARTESIAN_POINT('',(236.3,12.5,11.2));
#7043=DIRECTION('',(1.,0.,0.));
#7044=DIRECTION('',(0.,-1.,0.));
#7045=AXIS2_PLACEMENT_3D('',#7042,#7043,#7044);
#7046=PLANE('',#7045);
#7047=CARTESIAN_POINT('',(236.3,2.,14.55));
#7048=VERTEX_POINT('',#7047);
#7049=CARTESIAN_POINT('',(236.3,2.,10.9));
#7050=DIRECTION('',(0.,0.,1.));
#7051=VECTOR('',#7050,3.65);
#7052=LINE('',#7049,#7051);
#7053=EDGE_CURVE('',#6971,#7048,#7052,.T.);
#7054=ORIENTED_EDGE('',*,*,#7053,.T.);
#7055=CARTESIAN_POINT('',(236.3,3.,14.55));
#7056=VERTEX_POINT('',#7055);
#7057=CARTESIAN_POINT('',(236.3,2.,14.55));
#7058=DIRECTION('',(-0.,1.,-0.));
#7059=VECTOR('',#7058,1.);
#7060=LINE('',#7057,#7059);
#7061=EDGE_CURVE('',#7048,#7056,#7060,.T.);
#7062=ORIENTED_EDGE('',*,*,#7061,.T.);
#7063=CARTESIAN_POINT('',(236.3,5.7,11.85));
#7064=VERTEX_POINT('',#7063);
#7065=CARTESIAN_POINT('',(236.3,3.,11.85));
#7066=DIRECTION('',(1.,-0.,-0.));
#7067=DIRECTION('',(0.,0.,1.));
#7068=AXIS2_PLACEMENT_3D('',#7065,#7066,#7067);
#7069=CIRCLE('',#7068,2.7);
#7070=EDGE_CURVE('',#7064,#7056,#7069,.T.);
#7071=ORIENTED_EDGE('',*,*,#7070,.F.);
#7072=CARTESIAN_POINT('',(236.3,5.7,11.85));
#7073=DIRECTION('',(0.,0.,-1.));
#7074=VECTOR('',#7073,1.95);
#7075=LINE('',#7072,#7074);
#7076=EDGE_CURVE('',#7064,#6393,#7075,.T.);
#7077=ORIENTED_EDGE('',*,*,#7076,.T.);
#7078=ORIENTED_EDGE('',*,*,#6398,.T.);
#7079=ORIENTED_EDGE('',*,*,#6977,.T.);
#7080=EDGE_LOOP('',(#7054,#7062,#7071,#7077,#7078,#7079));
#7081=FACE_BOUND('',#7080,.T.);
#7082=ADVANCED_FACE('',(#7081),#7046,.F.);
#7083=CARTESIAN_POINT('',(224.3,5.7,11.2));
#7084=DIRECTION('',(0.,-1.,0.));
#7085=DIRECTION('',(-1.,0.,0.));
#7086=AXIS2_PLACEMENT_3D('',#7083,#7084,#7085);
#7087=PLANE('',#7086);
#7088=ORIENTED_EDGE('',*,*,#7076,.F.);
#7089=CARTESIAN_POINT('',(236.3,5.7,11.85));
#7090=DIRECTION('',(-1.,0.,0.));
#7091=VECTOR('',#7090,12.);
#7092=LINE('',#7089,#7091);
#7093=EDGE_CURVE('',#7064,#7017,#7092,.T.);
#7094=ORIENTED_EDGE('',*,*,#7093,.T.);
#7095=ORIENTED_EDGE('',*,*,#7022,.T.);
#7096=ORIENTED_EDGE('',*,*,#6406,.F.);
#7097=EDGE_LOOP('',(#7088,#7094,#7095,#7096));
#7098=FACE_BOUND('',#7097,.T.);
#7099=ADVANCED_FACE('',(#7098),#7087,.T.);
#7100=CARTESIAN_POINT('',(246.6,2.,11.2));
#7101=DIRECTION('',(0.,1.,0.));
#7102=DIRECTION('',(0.,0.,1.));
#7103=AXIS2_PLACEMENT_3D('',#7100,#7101,#7102);
#7104=PLANE('',#7103);
#7105=ORIENTED_EDGE('',*,*,#6888,.F.);
#7106=ORIENTED_EDGE('',*,*,#6747,.T.);
#7107=CARTESIAN_POINT('',(239.849998931,2.,20.3));
#7108=VERTEX_POINT('',#7107);
#7109=CARTESIAN_POINT('',(239.849998931,2.,20.95));
#7110=DIRECTION('',(0.,0.,-1.));
#7111=VECTOR('',#7110,0.65);
#7112=LINE('',#7109,#7111);
#7113=EDGE_CURVE('',#6734,#7108,#7112,.T.);
#7114=ORIENTED_EDGE('',*,*,#7113,.T.);
#7115=CARTESIAN_POINT('',(239.349998931,2.,19.8));
#7116=VERTEX_POINT('',#7115);
#7117=CARTESIAN_POINT('',(239.349998931,2.,20.3));
#7118=DIRECTION('',(0.,1.,0.));
#7119=DIRECTION('',(0.,-0.,1.));
#7120=AXIS2_PLACEMENT_3D('',#7117,#7118,#7119);
#7121=CIRCLE('',#7120,0.5);
#7122=EDGE_CURVE('',#7108,#7116,#7121,.T.);
#7123=ORIENTED_EDGE('',*,*,#7122,.T.);
#7124=CARTESIAN_POINT('',(234.8,2.,19.8));
#7125=VERTEX_POINT('',#7124);
#7126=CARTESIAN_POINT('',(234.8,2.,19.8));
#7127=DIRECTION('',(1.,0.,-0.));
#7128=VECTOR('',#7127,4.549998931);
#7129=LINE('',#7126,#7128);
#7130=EDGE_CURVE('',#7125,#7116,#7129,.T.);
#7131=ORIENTED_EDGE('',*,*,#7130,.F.);
#7132=CARTESIAN_POINT('',(234.8,2.,14.55));
#7133=VERTEX_POINT('',#7132);
#7134=CARTESIAN_POINT('',(234.8,2.,14.55));
#7135=DIRECTION('',(0.,0.,1.));
#7136=VECTOR('',#7135,5.25);
#7137=LINE('',#7134,#7136);
#7138=EDGE_CURVE('',#7133,#7125,#7137,.T.);
#7139=ORIENTED_EDGE('',*,*,#7138,.F.);
#7140=CARTESIAN_POINT('',(236.3,2.,14.55));
#7141=DIRECTION('',(-1.,0.,0.));
#7142=VECTOR('',#7141,1.5);
#7143=LINE('',#7140,#7142);
#7144=EDGE_CURVE('',#7048,#7133,#7143,.T.);
#7145=ORIENTED_EDGE('',*,*,#7144,.F.);
#7146=ORIENTED_EDGE('',*,*,#7053,.F.);
#7147=ORIENTED_EDGE('',*,*,#6985,.T.);
#7148=EDGE_LOOP('',(#7105,#7106,#7114,#7123,#7131,#7139,#7145,#7146,#7147));
#7149=FACE_BOUND('',#7148,.T.);
#7150=ADVANCED_FACE('',(#7149),#7104,.F.);
#7151=CARTESIAN_POINT('',(223.8,15.25,10.525));
#7152=DIRECTION('',(-1.,0.,0.));
#7153=DIRECTION('',(0.,1.,0.));
#7154=AXIS2_PLACEMENT_3D('',#7151,#7152,#7153);
#7155=PLANE('',#7154);
#7156=ORIENTED_EDGE('',*,*,#5951,.F.);
#7157=ORIENTED_EDGE('',*,*,#5975,.F.);
#7158=ORIENTED_EDGE('',*,*,#6024,.F.);
#7159=CARTESIAN_POINT('',(223.8,3.,15.55));
#7160=VERTEX_POINT('',#7159);
#7161=CARTESIAN_POINT('',(223.8,2.5,15.55));
#7162=DIRECTION('',(0.,1.,0.));
#7163=VECTOR('',#7162,0.5);
#7164=LINE('',#7161,#7163);
#7165=EDGE_CURVE('',#6013,#7160,#7164,.T.);
#7166=ORIENTED_EDGE('',*,*,#7165,.T.);
#7167=CARTESIAN_POINT('',(223.8,3.,11.55));
#7168=DIRECTION('',(1.,-0.,-0.));
#7169=DIRECTION('',(0.,0.,1.));
#7170=AXIS2_PLACEMENT_3D('',#7167,#7168,#7169);
#7171=CIRCLE('',#7170,4.);
#7172=EDGE_CURVE('',#5881,#7160,#7171,.T.);
#7173=ORIENTED_EDGE('',*,*,#7172,.F.);
#7174=ORIENTED_EDGE('',*,*,#5886,.F.);
#7175=EDGE_LOOP('',(#7156,#7157,#7158,#7166,#7173,#7174));
#7176=FACE_BOUND('',#7175,.T.);
#7177=ADVANCED_FACE('',(#7176),#7155,.T.);
#7178=CARTESIAN_POINT('',(239.775,2.,21.85));
#7179=DIRECTION('',(1.,0.,-0.));
#7180=DIRECTION('',(0.,0.,1.));
#7181=AXIS2_PLACEMENT_3D('',#7178,#7179,#7180);
#7182=CYLINDRICAL_SURFACE('',#7181,0.5);
#7183=ORIENTED_EDGE('',*,*,#6586,.T.);
#7184=CARTESIAN_POINT('',(244.25,2.5,21.85));
#7185=VERTEX_POINT('',#7184);
#7186=CARTESIAN_POINT('',(244.25,2.5,21.85));
#7187=CARTESIAN_POINT('',(244.25,2.5,21.915449847));
#7188=CARTESIAN_POINT('',(244.289040985,2.486986338,21.980873942));
#7189=CARTESIAN_POINT('',(244.364180701,2.461939766,22.041341716));
#7190=CARTESIAN_POINT('',(244.439320418,2.436893194,22.10180949));
#7191=CARTESIAN_POINT('',(244.550499736,2.399833421,22.15727336));
#7192=CARTESIAN_POINT('',(244.689339828,2.353553391,22.203553391));
#7193=CARTESIAN_POINT('',(244.82817992,2.30727336,22.249833421));
#7194=CARTESIAN_POINT('',(244.994571529,2.25180949,22.286893194));
#7195=CARTESIAN_POINT('',(245.175974851,2.191341716,22.311939766));
#7196=CARTESIAN_POINT('',(245.357378173,2.130873942,22.336986338));
#7197=CARTESIAN_POINT('',(245.553650459,2.065449847,22.35));
#7198=CARTESIAN_POINT('',(245.75,2.,22.35));
#7199=B_SPLINE_CURVE_WITH_KNOTS('',3,(#7186,#7187,#7188,#7189,#7190,#7191,#7192,#7193,#7194,#7195,#7196,#7197,#7198),.UNSPECIFIED.,.F.,.F.,(4,3,3,3,4),(0.,22.5,45.,67.5,90.),.UNSPECIFIED.);
#7200=EDGE_CURVE('',#7185,#6539,#7199,.T.);
#7201=ORIENTED_EDGE('',*,*,#7200,.F.);
#7202=CARTESIAN_POINT('',(236.1,2.5,21.85));
#7203=VERTEX_POINT('',#7202);
#7204=CARTESIAN_POINT('',(244.25,2.5,21.85));
#7205=DIRECTION('',(-1.,-0.,0.));
#7206=VECTOR('',#7205,8.15);
#7207=LINE('',#7204,#7206);
#7208=EDGE_CURVE('',#7185,#7203,#7207,.T.);
#7209=ORIENTED_EDGE('',*,*,#7208,.T.);
#7210=CARTESIAN_POINT('',(236.1,2.,21.85));
#7211=DIRECTION('',(1.,0.,0.));
#7212=DIRECTION('',(0.,0.,-1.));
#7213=AXIS2_PLACEMENT_3D('',#7210,#7211,#7212);
#7214=CIRCLE('',#7213,0.5);
#7215=EDGE_CURVE('',#7203,#6581,#7214,.T.);
#7216=ORIENTED_EDGE('',*,*,#7215,.T.);
#7217=EDGE_LOOP('',(#7183,#7201,#7209,#7216));
#7218=FACE_BOUND('',#7217,.T.);
#7219=ADVANCED_FACE('',(#7218),#7182,.T.);
#7220=CARTESIAN_POINT('',(236.1,0.999999905,23.1));
#7221=DIRECTION('',(1.,0.,0.));
#7222=DIRECTION('',(0.,0.,1.));
#7223=AXIS2_PLACEMENT_3D('',#7220,#7221,#7222);
#7224=PLANE('',#7223);
#7225=CARTESIAN_POINT('',(236.1,1.999999905,23.1));
#7226=VERTEX_POINT('',#7225);
#7227=CARTESIAN_POINT('',(236.1,-0.300000095,23.1));
#7228=DIRECTION('',(-0.,1.,-0.));
#7229=VECTOR('',#7228,2.3);
#7230=LINE('',#7227,#7229);
#7231=EDGE_CURVE('',#6171,#7226,#7230,.T.);
#7232=ORIENTED_EDGE('',*,*,#7231,.F.);
#7233=ORIENTED_EDGE('',*,*,#6176,.T.);
#7234=CARTESIAN_POINT('',(236.1,-0.050000095,22.1));
#7235=DIRECTION('',(-1.,-0.,-0.));
#7236=DIRECTION('',(0.,0.,-1.));
#7237=AXIS2_PLACEMENT_3D('',#7234,#7235,#7236);
#7238=CIRCLE('',#7237,0.25);
#7239=EDGE_CURVE('',#6163,#6589,#7238,.T.);
#7240=ORIENTED_EDGE('',*,*,#7239,.T.);
#7241=ORIENTED_EDGE('',*,*,#6594,.F.);
#7242=ORIENTED_EDGE('',*,*,#7215,.F.);
#7243=CARTESIAN_POINT('',(236.1,2.499999953,22.6));
#7244=VERTEX_POINT('',#7243);
#7245=CARTESIAN_POINT('',(236.1,2.5,22.6));
#7246=DIRECTION('',(0.,0.,-1.));
#7247=VECTOR('',#7246,0.75);
#7248=LINE('',#7245,#7247);
#7249=EDGE_CURVE('',#7244,#7203,#7248,.T.);
#7250=ORIENTED_EDGE('',*,*,#7249,.F.);
#7251=CARTESIAN_POINT('',(236.1,1.999999905,22.6));
#7252=DIRECTION('',(-1.,0.,0.));
#7253=DIRECTION('',(0.,0.,1.));
#7254=AXIS2_PLACEMENT_3D('',#7251,#7252,#7253);
#7255=CIRCLE('',#7254,0.5);
#7256=EDGE_CURVE('',#7226,#7244,#7255,.T.);
#7257=ORIENTED_EDGE('',*,*,#7256,.F.);
#7258=EDGE_LOOP('',(#7232,#7233,#7240,#7241,#7242,#7250,#7257));
#7259=FACE_BOUND('',#7258,.T.);
#7260=ADVANCED_FACE('',(#7259),#7224,.T.);
#7261=CARTESIAN_POINT('',(245.75,2.,22.35));
#7262=CARTESIAN_POINT('',(245.75,2.,22.35));
#7263=CARTESIAN_POINT('',(245.75,2.,22.35));
#7264=CARTESIAN_POINT('',(245.75,2.,22.35));
#7265=CARTESIAN_POINT('',(245.75,2.,22.35));
#7266=CARTESIAN_POINT('',(245.75,2.,22.35));
#7267=CARTESIAN_POINT('',(245.75,2.,22.35));
#7268=CARTESIAN_POINT('',(245.75,2.,22.35));
#7269=CARTESIAN_POINT('',(245.75,2.,22.35));
#7270=CARTESIAN_POINT('',(245.75,2.,22.35));
#7271=CARTESIAN_POINT('',(245.553650459,2.065449847,22.35));
#7272=CARTESIAN_POINT('',(245.553650459,2.065449847,22.35));
#7273=CARTESIAN_POINT('',(245.586375383,2.09817477,22.35));
#7274=CARTESIAN_POINT('',(245.586375383,2.09817477,22.35));
#7275=CARTESIAN_POINT('',(245.619100306,2.130899694,22.35));
#7276=CARTESIAN_POINT('',(245.619100306,2.130899694,22.35));
#7277=CARTESIAN_POINT('',(245.65182523,2.163624617,22.35));
#7278=CARTESIAN_POINT('',(245.65182523,2.163624617,22.35));
#7279=CARTESIAN_POINT('',(245.684550153,2.196349541,22.35));
#7280=CARTESIAN_POINT('',(245.684550153,2.196349541,22.35));
#7281=CARTESIAN_POINT('',(245.357378173,2.130873942,22.336986338));
#7282=CARTESIAN_POINT('',(245.379210763,2.152614089,22.332372219));
#7283=CARTESIAN_POINT('',(245.40104348,2.174395843,22.328930059));
#7284=CARTESIAN_POINT('',(245.444706444,2.217995856,22.324345601));
#7285=CARTESIAN_POINT('',(245.466536941,2.239814327,22.323203239));
#7286=CARTESIAN_POINT('',(245.510185673,2.283463059,22.323203239));
#7287=CARTESIAN_POINT('',(245.532004144,2.305293556,22.324345601));
#7288=CARTESIAN_POINT('',(245.575604157,2.34895652,22.328930059));
#7289=CARTESIAN_POINT('',(245.597385911,2.370789237,22.332372219));
#7290=CARTESIAN_POINT('',(245.619126058,2.392621827,22.336986338));
#7291=CARTESIAN_POINT('',(244.994571529,2.25180949,22.286893194));
#7292=CARTESIAN_POINT('',(245.039827623,2.287333116,22.267787882));
#7293=CARTESIAN_POINT('',(245.085083197,2.325212982,22.253300473));
#7294=CARTESIAN_POINT('',(245.174340251,2.404615138,22.233941126));
#7295=CARTESIAN_POINT('',(245.218340702,2.446136496,22.229069394));
#7296=CARTESIAN_POINT('',(245.303863504,2.531659298,22.229069394));
#7297=CARTESIAN_POINT('',(245.345384862,2.575659749,22.233941126));
#7298=CARTESIAN_POINT('',(245.424787018,2.664916803,22.253300473));
#7299=CARTESIAN_POINT('',(245.462666884,2.710172377,22.267787882));
#7300=CARTESIAN_POINT('',(245.49819051,2.755428471,22.286893194));
#7301=CARTESIAN_POINT('',(244.82817992,2.30727336,22.249833421));
#7302=CARTESIAN_POINT('',(244.886039249,2.34552999,22.220903757));
#7303=CARTESIAN_POINT('',(244.943897267,2.388487015,22.198803177));
#7304=CARTESIAN_POINT('',(245.057066628,2.481735616,22.169226431));
#7305=CARTESIAN_POINT('',(245.112375331,2.532024446,22.161750914));
#7306=CARTESIAN_POINT('',(245.217975554,2.637624669,22.161750914));
#7307=CARTESIAN_POINT('',(245.268264384,2.692933372,22.169226431));
#7308=CARTESIAN_POINT('',(245.361512985,2.806102733,22.198803177));
#7309=CARTESIAN_POINT('',(245.40447001,2.863960751,22.220903757));
#7310=CARTESIAN_POINT('',(245.44272664,2.92182008,22.249833421));
#7311=CARTESIAN_POINT('',(244.550499736,2.399833421,22.15727336));
#7312=CARTESIAN_POINT('',(244.635145945,2.43282956,22.114950256));
#7313=CARTESIAN_POINT('',(244.719782342,2.477366158,22.082050044));
#7314=CARTESIAN_POINT('',(244.881912538,2.585650821,22.037860496));
#7315=CARTESIAN_POINT('',(244.959387492,2.649385901,22.026576267));
#7316=CARTESIAN_POINT('',(245.100614099,2.790612508,22.026576267));
#7317=CARTESIAN_POINT('',(245.164349179,2.868087462,22.037860496));
#7318=CARTESIAN_POINT('',(245.272633842,3.030217658,22.082050044));
#7319=CARTESIAN_POINT('',(245.31717044,3.114854055,22.114950256));
#7320=CARTESIAN_POINT('',(245.350166579,3.199500264,22.15727336));
#7321=CARTESIAN_POINT('',(244.439320417,2.436893194,22.10180949));
#7322=CARTESIAN_POINT('',(244.53837932,2.461657048,22.056529866));
#7323=CARTESIAN_POINT('',(244.637419602,2.502442499,22.020921379));
#7324=CARTESIAN_POINT('',(244.824924888,2.611561644,21.972977058));
#7325=CARTESIAN_POINT('',(244.913354504,2.679873762,21.960651063));
#7326=CARTESIAN_POINT('',(245.070126238,2.836645496,21.960651063));
#7327=CARTESIAN_POINT('',(245.138438356,2.925075112,21.972977058));
#7328=CARTESIAN_POINT('',(245.247557501,3.112580398,22.020921379));
#7329=CARTESIAN_POINT('',(245.288342952,3.21162068,22.056529866));
#7330=CARTESIAN_POINT('',(245.313106806,3.310679583,22.10180949));
#7331=CARTESIAN_POINT('',(244.289040985,2.486986338,21.980873942));
#7332=CARTESIAN_POINT('',(244.41161143,2.494679351,21.947795759));
#7333=CARTESIAN_POINT('',(244.534141553,2.525768726,21.921398308));
#7334=CARTESIAN_POINT('',(244.762108853,2.630298149,21.885744382));
#7335=CARTESIAN_POINT('',(244.867470922,2.703702951,21.876500304));
#7336=CARTESIAN_POINT('',(245.046297049,2.882529078,21.876500304));
#7337=CARTESIAN_POINT('',(245.119701851,2.987891147,21.885744382));
#7338=CARTESIAN_POINT('',(245.224231274,3.215858447,21.921398308));
#7339=CARTESIAN_POINT('',(245.255320649,3.33838857,21.947795759));
#7340=CARTESIAN_POINT('',(245.263013662,3.460959015,21.980873942));
#7341=CARTESIAN_POINT('',(244.25,2.5,21.915449847));
#7342=CARTESIAN_POINT('',(244.380899694,2.5,21.898315117));
#7343=CARTESIAN_POINT('',(244.511747884,2.526027323,21.884594098));
#7344=CARTESIAN_POINT('',(244.75361898,2.626213612,21.8660476));
#7345=CARTESIAN_POINT('',(244.86454672,2.700333158,21.861229418));
#7346=CARTESIAN_POINT('',(245.049666842,2.88545328,21.861229418));
#7347=CARTESIAN_POINT('',(245.123786388,2.99638102,21.8660476));
#7348=CARTESIAN_POINT('',(245.223972677,3.238252116,21.884594098));
#7349=CARTESIAN_POINT('',(245.25,3.369100306,21.898315117));
#7350=CARTESIAN_POINT('',(245.25,3.5,21.915449847));
#7351=CARTESIAN_POINT('',(244.25,2.5,21.85));
#7352=CARTESIAN_POINT('',(244.380899694,2.5,21.85));
#7353=CARTESIAN_POINT('',(244.511747884,2.526027323,21.85));
#7354=CARTESIAN_POINT('',(244.75361898,2.626213612,21.85));
#7355=CARTESIAN_POINT('',(244.86454672,2.700333158,21.85));
#7356=CARTESIAN_POINT('',(245.049666842,2.88545328,21.85));
#7357=CARTESIAN_POINT('',(245.123786388,2.99638102,21.85));
#7358=CARTESIAN_POINT('',(245.223972677,3.238252116,21.85));
#7359=CARTESIAN_POINT('',(245.25,3.369100306,21.85));
#7360=CARTESIAN_POINT('',(245.25,3.5,21.85));
#7361=B_SPLINE_SURFACE_WITH_KNOTS('',3,3,((#7261,#7262,#7263,#7264,#7265,#7266,#7267,#7268,#7269,#7270),(#7271,#7272,#7273,#7274,#7275,#7276,#7277,#7278,#7279,#7280),(#7281,#7282,#7283,#7284,#7285,#7286,#7287,#7288,#7289,#7290),(#7291,#7292,#7293,#7294,#7295,#7296,#7297,#7298,#7299,#7300),(#7301,#7302,#7303,#7304,#7305,#7306,#7307,#7308,#7309,#7310),(#7311,#7312,#7313,#7314,#7315,#7316,#7317,#7318,#7319,#7320),(#7321,#7322,#7323,#7324,#7325,#7326,#7327,#7328,#7329,#7330),(#7331,#7332,#7333,#7334,#7335,#7336,#7337,#7338,#7339,#7340),(#7341,#7342,#7343,#7344,#7345,#7346,#7347,#7348,#7349,#7350),(#7351,#7352,#7353,#7354,#7355,#7356,#7357,#7358,#7359,#7360)),.UNSPECIFIED.,.F.,.F.,.U.,(4,2,2,2,4),(4,2,2,2,4),(4.71238898,5.105088062,5.497787144,5.890486225,6.283185307),(0.,0.25,0.5,0.75,1.),.UNSPECIFIED.);
#7362=ORIENTED_EDGE('',*,*,#6554,.T.);
#7363=CARTESIAN_POINT('',(244.25,3.5,21.85));
#7364=DIRECTION('',(0.,0.,-1.));
#7365=DIRECTION('',(1.,0.,0.));
#7366=AXIS2_PLACEMENT_3D('',#7363,#7364,#7365);
#7367=CIRCLE('',#7366,1.);
#7368=EDGE_CURVE('',#6531,#7185,#7367,.T.);
#7369=ORIENTED_EDGE('',*,*,#7368,.T.);
#7370=ORIENTED_EDGE('',*,*,#7200,.T.);
#7371=EDGE_LOOP('',(#7362,#7369,#7370));
#7372=FACE_BOUND('',#7371,.T.);
#7373=ADVANCED_FACE('',(#7372),#7361,.F.);
#7374=CARTESIAN_POINT('',(224.099998931,0.999999905,23.1));
#7375=DIRECTION('',(-1.,0.,0.));
#7376=DIRECTION('',(0.,0.,-1.));
#7377=AXIS2_PLACEMENT_3D('',#7374,#7375,#7376);
#7378=PLANE('',#7377);
#7379=ORIENTED_EDGE('',*,*,#4649,.T.);
#7380=ORIENTED_EDGE('',*,*,#6225,.T.);
#7381=ORIENTED_EDGE('',*,*,#6192,.F.);
#7382=CARTESIAN_POINT('',(224.099998931,1.999999905,23.1));
#7383=VERTEX_POINT('',#7382);
#7384=CARTESIAN_POINT('',(224.099998931,1.999999905,23.1));
#7385=DIRECTION('',(0.,-1.,0.));
#7386=VECTOR('',#7385,2.3);
#7387=LINE('',#7384,#7386);
#7388=EDGE_CURVE('',#7383,#6179,#7387,.T.);
#7389=ORIENTED_EDGE('',*,*,#7388,.F.);
#7390=CARTESIAN_POINT('',(224.099998931,1.999999905,22.6));
#7391=DIRECTION('',(1.,-0.,-0.));
#7392=DIRECTION('',(0.,0.,1.));
#7393=AXIS2_PLACEMENT_3D('',#7390,#7391,#7392);
#7394=CIRCLE('',#7393,0.5);
#7395=EDGE_CURVE('',#5989,#7383,#7394,.T.);
#7396=ORIENTED_EDGE('',*,*,#7395,.F.);
#7397=ORIENTED_EDGE('',*,*,#5994,.T.);
#7398=ORIENTED_EDGE('',*,*,#4620,.F.);
#7399=EDGE_LOOP('',(#7379,#7380,#7381,#7389,#7396,#7397,#7398));
#7400=FACE_BOUND('',#7399,.T.);
#7401=ADVANCED_FACE('',(#7400),#7378,.T.);
#7402=CARTESIAN_POINT('',(229.849999204,1.999999905,22.6));
#7403=DIRECTION('',(-1.,0.,0.));
#7404=DIRECTION('',(0.,0.,-1.));
#7405=AXIS2_PLACEMENT_3D('',#7402,#7403,#7404);
#7406=CYLINDRICAL_SURFACE('',#7405,0.5);
#7407=CARTESIAN_POINT('',(225.8,1.999999905,23.1));
#7408=VERTEX_POINT('',#7407);
#7409=CARTESIAN_POINT('',(225.8,1.999999905,22.6));
#7410=DIRECTION('',(-1.,0.,0.));
#7411=DIRECTION('',(0.,0.,1.));
#7412=AXIS2_PLACEMENT_3D('',#7409,#7410,#7411);
#7413=CIRCLE('',#7412,0.5);
#7414=EDGE_CURVE('',#7408,#5997,#7413,.T.);
#7415=ORIENTED_EDGE('',*,*,#7414,.T.);
#7416=ORIENTED_EDGE('',*,*,#6002,.T.);
#7417=ORIENTED_EDGE('',*,*,#7395,.T.);
#7418=CARTESIAN_POINT('',(224.099998931,1.999999905,23.1));
#7419=DIRECTION('',(1.,-0.,-0.));
#7420=VECTOR('',#7419,1.700001069);
#7421=LINE('',#7418,#7420);
#7422=EDGE_CURVE('',#7383,#7408,#7421,.T.);
#7423=ORIENTED_EDGE('',*,*,#7422,.T.);
#7424=EDGE_LOOP('',(#7415,#7416,#7417,#7423));
#7425=FACE_BOUND('',#7424,.T.);
#7426=ADVANCED_FACE('',(#7425),#7406,.T.);
#7427=CARTESIAN_POINT('',(229.849999204,1.999999905,22.6));
#7428=DIRECTION('',(-1.,0.,0.));
#7429=DIRECTION('',(0.,0.,-1.));
#7430=AXIS2_PLACEMENT_3D('',#7427,#7428,#7429);
#7431=CYLINDRICAL_SURFACE('',#7430,0.5);
#7432=ORIENTED_EDGE('',*,*,#7256,.T.);
#7433=CARTESIAN_POINT('',(234.8,2.499999929,22.6));
#7434=VERTEX_POINT('',#7433);
#7435=CARTESIAN_POINT('',(236.1,2.499999905,22.6));
#7436=DIRECTION('',(-1.,0.,0.));
#7437=VECTOR('',#7436,1.3);
#7438=LINE('',#7435,#7437);
#7439=EDGE_CURVE('',#7244,#7434,#7438,.T.);
#7440=ORIENTED_EDGE('',*,*,#7439,.T.);
#7441=CARTESIAN_POINT('',(234.8,1.999999905,23.1));
#7442=VERTEX_POINT('',#7441);
#7443=CARTESIAN_POINT('',(234.8,1.999999905,22.6));
#7444=DIRECTION('',(1.,-0.,-0.));
#7445=DIRECTION('',(0.,0.,1.));
#7446=AXIS2_PLACEMENT_3D('',#7443,#7444,#7445);
#7447=CIRCLE('',#7446,0.5);
#7448=EDGE_CURVE('',#7434,#7442,#7447,.T.);
#7449=ORIENTED_EDGE('',*,*,#7448,.T.);
#7450=CARTESIAN_POINT('',(234.8,1.999999905,23.1));
#7451=DIRECTION('',(1.,-0.,-0.));
#7452=VECTOR('',#7451,1.3);
#7453=LINE('',#7450,#7452);
#7454=EDGE_CURVE('',#7442,#7226,#7453,.T.);
#7455=ORIENTED_EDGE('',*,*,#7454,.T.);
#7456=EDGE_LOOP('',(#7432,#7440,#7449,#7455));
#7457=FACE_BOUND('',#7456,.T.);
#7458=ADVANCED_FACE('',(#7457),#7431,.T.);
#7459=CARTESIAN_POINT('',(246.6,4.,23.1));
#7460=DIRECTION('',(0.,0.,1.));
#7461=DIRECTION('',(-1.,0.,0.));
#7462=AXIS2_PLACEMENT_3D('',#7459,#7460,#7461);
#7463=PLANE('',#7462);
#7464=ORIENTED_EDGE('',*,*,#7388,.T.);
#7465=ORIENTED_EDGE('',*,*,#6184,.T.);
#7466=ORIENTED_EDGE('',*,*,#7231,.T.);
#7467=ORIENTED_EDGE('',*,*,#7454,.F.);
#7468=CARTESIAN_POINT('',(234.8,0.999999905,23.1));
#7469=VERTEX_POINT('',#7468);
#7470=CARTESIAN_POINT('',(234.8,1.999999905,23.1));
#7471=DIRECTION('',(0.,-1.,0.));
#7472=VECTOR('',#7471,1.);
#7473=LINE('',#7470,#7472);
#7474=EDGE_CURVE('',#7442,#7469,#7473,.T.);
#7475=ORIENTED_EDGE('',*,*,#7474,.T.);
#7476=CARTESIAN_POINT('',(225.8,0.999999905,23.1));
#7477=VERTEX_POINT('',#7476);
#7478=CARTESIAN_POINT('',(234.8,0.999999905,23.1));
#7479=DIRECTION('',(-1.,0.,0.));
#7480=VECTOR('',#7479,9.);
#7481=LINE('',#7478,#7480);
#7482=EDGE_CURVE('',#7469,#7477,#7481,.T.);
#7483=ORIENTED_EDGE('',*,*,#7482,.T.);
#7484=CARTESIAN_POINT('',(225.8,0.999999905,23.1));
#7485=DIRECTION('',(-0.,1.,-0.));
#7486=VECTOR('',#7485,1.);
#7487=LINE('',#7484,#7486);
#7488=EDGE_CURVE('',#7477,#7408,#7487,.T.);
#7489=ORIENTED_EDGE('',*,*,#7488,.T.);
#7490=ORIENTED_EDGE('',*,*,#7422,.F.);
#7491=EDGE_LOOP('',(#7464,#7465,#7466,#7467,#7475,#7483,#7489,#7490));
#7492=FACE_BOUND('',#7491,.T.);
#7493=ADVANCED_FACE('',(#7492),#7463,.T.);
#7494=CARTESIAN_POINT('',(245.5,2.199999905,4.7));
#7495=DIRECTION('',(0.,0.,-1.));
#7496=DIRECTION('',(-1.,0.,0.));
#7497=AXIS2_PLACEMENT_3D('',#7494,#7495,#7496);
#7498=CYLINDRICAL_SURFACE('',#7497,2.5);
#7499=ORIENTED_EDGE('',*,*,#6675,.T.);
#7500=CARTESIAN_POINT('',(245.5,2.199999905,22.1));
#7501=DIRECTION('',(-0.,-0.,-1.));
#7502=DIRECTION('',(1.,0.,-0.));
#7503=AXIS2_PLACEMENT_3D('',#7500,#7501,#7502);
#7504=CIRCLE('',#7503,2.5);
#7505=EDGE_CURVE('',#6637,#6155,#7504,.T.);
#7506=ORIENTED_EDGE('',*,*,#7505,.T.);
#7507=ORIENTED_EDGE('',*,*,#6160,.T.);
#7508=ORIENTED_EDGE('',*,*,#6730,.T.);
#7509=EDGE_LOOP('',(#7499,#7506,#7507,#7508));
#7510=FACE_BOUND('',#7509,.T.);
#7511=ADVANCED_FACE('',(#7510),#7498,.T.);
#7512=CARTESIAN_POINT('',(234.8,12.5,11.2));
#7513=DIRECTION('',(1.,0.,0.));
#7514=DIRECTION('',(0.,-1.,0.));
#7515=AXIS2_PLACEMENT_3D('',#7512,#7513,#7514);
#7516=PLANE('',#7515);
#7517=CARTESIAN_POINT('',(234.8,2.499999988,15.55));
#7518=VERTEX_POINT('',#7517);
#7519=CARTESIAN_POINT('',(234.8,2.499999953,22.6));
#7520=DIRECTION('',(0.,0.,-1.));
#7521=VECTOR('',#7520,7.05);
#7522=LINE('',#7519,#7521);
#7523=EDGE_CURVE('',#7434,#7518,#7522,.T.);
#7524=ORIENTED_EDGE('',*,*,#7523,.T.);
#7525=CARTESIAN_POINT('',(234.8,2.5,14.55));
#7526=VERTEX_POINT('',#7525);
#7527=CARTESIAN_POINT('',(234.8,2.5,15.55));
#7528=DIRECTION('',(0.,0.,-1.));
#7529=VECTOR('',#7528,1.);
#7530=LINE('',#7527,#7529);
#7531=EDGE_CURVE('',#7518,#7526,#7530,.T.);
#7532=ORIENTED_EDGE('',*,*,#7531,.T.);
#7533=CARTESIAN_POINT('',(234.8,2.,14.55));
#7534=DIRECTION('',(-0.,1.,-0.));
#7535=VECTOR('',#7534,0.5);
#7536=LINE('',#7533,#7535);
#7537=EDGE_CURVE('',#7133,#7526,#7536,.T.);
#7538=ORIENTED_EDGE('',*,*,#7537,.F.);
#7539=ORIENTED_EDGE('',*,*,#7138,.T.);
#7540=CARTESIAN_POINT('',(234.8,0.999999905,19.8));
#7541=VERTEX_POINT('',#7540);
#7542=CARTESIAN_POINT('',(234.8,2.,19.8));
#7543=DIRECTION('',(0.,-1.,0.));
#7544=VECTOR('',#7543,1.000000095);
#7545=LINE('',#7542,#7544);
#7546=EDGE_CURVE('',#7125,#7541,#7545,.T.);
#7547=ORIENTED_EDGE('',*,*,#7546,.T.);
#7548=CARTESIAN_POINT('',(234.8,0.999999905,19.8));
#7549=DIRECTION('',(-0.,-0.,1.));
#7550=VECTOR('',#7549,3.3);
#7551=LINE('',#7548,#7550);
#7552=EDGE_CURVE('',#7541,#7469,#7551,.T.);
#7553=ORIENTED_EDGE('',*,*,#7552,.T.);
#7554=ORIENTED_EDGE('',*,*,#7474,.F.);
#7555=ORIENTED_EDGE('',*,*,#7448,.F.);
#7556=EDGE_LOOP('',(#7524,#7532,#7538,#7539,#7547,#7553,#7554,#7555));
#7557=FACE_BOUND('',#7556,.T.);
#7558=ADVANCED_FACE('',(#7557),#7516,.F.);
#7559=CARTESIAN_POINT('',(229.849999204,0.999999905,23.1));
#7560=DIRECTION('',(0.,1.,0.));
#7561=DIRECTION('',(0.,0.,1.));
#7562=AXIS2_PLACEMENT_3D('',#7559,#7560,#7561);
#7563=PLANE('',#7562);
#7564=ORIENTED_EDGE('',*,*,#7552,.F.);
#7565=CARTESIAN_POINT('',(225.8,0.999999905,19.8));
#7566=VERTEX_POINT('',#7565);
#7567=CARTESIAN_POINT('',(234.8,0.999999905,19.8));
#7568=DIRECTION('',(-1.,-0.,0.));
#7569=VECTOR('',#7568,9.);
#7570=LINE('',#7567,#7569);
#7571=EDGE_CURVE('',#7541,#7566,#7570,.T.);
#7572=ORIENTED_EDGE('',*,*,#7571,.T.);
#7573=CARTESIAN_POINT('',(225.8,0.999999905,23.1));
#7574=DIRECTION('',(0.,0.,-1.));
#7575=VECTOR('',#7574,3.3);
#7576=LINE('',#7573,#7575);
#7577=EDGE_CURVE('',#7477,#7566,#7576,.T.);
#7578=ORIENTED_EDGE('',*,*,#7577,.F.);
#7579=ORIENTED_EDGE('',*,*,#7482,.F.);
#7580=EDGE_LOOP('',(#7564,#7572,#7578,#7579));
#7581=FACE_BOUND('',#7580,.T.);
#7582=ADVANCED_FACE('',(#7581),#7563,.T.);
#7583=CARTESIAN_POINT('',(225.8,15.25,10.525));
#7584=DIRECTION('',(-1.,0.,0.));
#7585=DIRECTION('',(0.,1.,0.));
#7586=AXIS2_PLACEMENT_3D('',#7583,#7584,#7585);
#7587=PLANE('',#7586);
#7588=ORIENTED_EDGE('',*,*,#7577,.T.);
#7589=CARTESIAN_POINT('',(225.8,0.999999905,19.8));
#7590=DIRECTION('',(0.,1.,0.));
#7591=VECTOR('',#7590,1.000000095);
#7592=LINE('',#7589,#7591);
#7593=EDGE_CURVE('',#7566,#6490,#7592,.T.);
#7594=ORIENTED_EDGE('',*,*,#7593,.T.);
#7595=ORIENTED_EDGE('',*,*,#6495,.T.);
#7596=CARTESIAN_POINT('',(225.8,2.5,14.55));
#7597=VERTEX_POINT('',#7596);
#7598=CARTESIAN_POINT('',(225.8,2.5,14.55));
#7599=DIRECTION('',(0.,-1.,0.));
#7600=VECTOR('',#7599,0.5);
#7601=LINE('',#7598,#7600);
#7602=EDGE_CURVE('',#7597,#6482,#7601,.T.);
#7603=ORIENTED_EDGE('',*,*,#7602,.F.);
#7604=CARTESIAN_POINT('',(225.8,2.5,14.55));
#7605=DIRECTION('',(-0.,-0.,1.));
#7606=VECTOR('',#7605,1.);
#7607=LINE('',#7604,#7606);
#7608=EDGE_CURVE('',#7597,#6005,#7607,.T.);
#7609=ORIENTED_EDGE('',*,*,#7608,.T.);
#7610=ORIENTED_EDGE('',*,*,#6010,.T.);
#7611=ORIENTED_EDGE('',*,*,#7414,.F.);
#7612=ORIENTED_EDGE('',*,*,#7488,.F.);
#7613=EDGE_LOOP('',(#7588,#7594,#7595,#7603,#7609,#7610,#7611,#7612));
#7614=FACE_BOUND('',#7613,.T.);
#7615=ADVANCED_FACE('',(#7614),#7587,.F.);
#7616=CARTESIAN_POINT('',(244.25,3.5,10.525));
#7617=DIRECTION('',(0.,0.,-1.));
#7618=DIRECTION('',(1.,0.,0.));
#7619=AXIS2_PLACEMENT_3D('',#7616,#7617,#7618);
#7620=CYLINDRICAL_SURFACE('',#7619,1.);
#7621=CARTESIAN_POINT('',(245.25,3.5,21.85));
#7622=DIRECTION('',(0.,0.,-1.));
#7623=VECTOR('',#7622,10.65);
#7624=LINE('',#7621,#7623);
#7625=EDGE_CURVE('',#6531,#5700,#7624,.T.);
#7626=ORIENTED_EDGE('',*,*,#7625,.T.);
#7627=ORIENTED_EDGE('',*,*,#5706,.T.);
#7628=CARTESIAN_POINT('',(244.25,2.5,11.2));
#7629=DIRECTION('',(-0.,-0.,1.));
#7630=VECTOR('',#7629,10.65);
#7631=LINE('',#7628,#7630);
#7632=EDGE_CURVE('',#5692,#7185,#7631,.T.);
#7633=ORIENTED_EDGE('',*,*,#7632,.T.);
#7634=ORIENTED_EDGE('',*,*,#7368,.F.);
#7635=EDGE_LOOP('',(#7626,#7627,#7633,#7634));
#7636=FACE_BOUND('',#7635,.T.);
#7637=ADVANCED_FACE('',(#7636),#7620,.F.);
#7638=CARTESIAN_POINT('',(239.775,2.5,10.525));
#7639=DIRECTION('',(0.,-1.,0.));
#7640=DIRECTION('',(0.,0.,-1.));
#7641=AXIS2_PLACEMENT_3D('',#7638,#7639,#7640);
#7642=PLANE('',#7641);
#7643=ORIENTED_EDGE('',*,*,#7632,.F.);
#7644=ORIENTED_EDGE('',*,*,#5697,.T.);
#7645=CARTESIAN_POINT('',(236.8,2.5,15.55));
#7646=VERTEX_POINT('',#7645);
#7647=CARTESIAN_POINT('',(236.8,2.5,11.2));
#7648=DIRECTION('',(-0.,-0.,1.));
#7649=VECTOR('',#7648,4.35);
#7650=LINE('',#7647,#7649);
#7651=EDGE_CURVE('',#5684,#7646,#7650,.T.);
#7652=ORIENTED_EDGE('',*,*,#7651,.T.);
#7653=CARTESIAN_POINT('',(236.8,2.5,15.55));
#7654=DIRECTION('',(-1.,-0.,0.));
#7655=VECTOR('',#7654,2.);
#7656=LINE('',#7653,#7655);
#7657=EDGE_CURVE('',#7646,#7518,#7656,.T.);
#7658=ORIENTED_EDGE('',*,*,#7657,.T.);
#7659=ORIENTED_EDGE('',*,*,#7523,.F.);
#7660=ORIENTED_EDGE('',*,*,#7439,.F.);
#7661=ORIENTED_EDGE('',*,*,#7249,.T.);
#7662=ORIENTED_EDGE('',*,*,#7208,.F.);
#7663=EDGE_LOOP('',(#7643,#7644,#7652,#7658,#7659,#7660,#7661,#7662));
#7664=FACE_BOUND('',#7663,.T.);
#7665=ADVANCED_FACE('',(#7664),#7642,.F.);
#7666=CARTESIAN_POINT('',(239.849998931,0.999999905,23.1));
#7667=DIRECTION('',(1.,0.,0.));
#7668=DIRECTION('',(0.,0.,1.));
#7669=AXIS2_PLACEMENT_3D('',#7666,#7667,#7668);
#7670=PLANE('',#7669);
#7671=ORIENTED_EDGE('',*,*,#6144,.T.);
#7672=CARTESIAN_POINT('',(239.849998931,-0.300000095,20.3));
#7673=DIRECTION('',(-0.,1.,-0.));
#7674=VECTOR('',#7673,2.300000095);
#7675=LINE('',#7672,#7674);
#7676=EDGE_CURVE('',#6130,#7108,#7675,.T.);
#7677=ORIENTED_EDGE('',*,*,#7676,.T.);
#7678=ORIENTED_EDGE('',*,*,#7113,.F.);
#7679=ORIENTED_EDGE('',*,*,#6739,.F.);
#7680=EDGE_LOOP('',(#7671,#7677,#7678,#7679));
#7681=FACE_BOUND('',#7680,.T.);
#7682=ADVANCED_FACE('',(#7681),#7670,.T.);
#7683=CARTESIAN_POINT('',(246.6,4.,19.8));
#7684=DIRECTION('',(0.,0.,1.));
#7685=DIRECTION('',(-1.,0.,0.));
#7686=AXIS2_PLACEMENT_3D('',#7683,#7684,#7685);
#7687=PLANE('',#7686);
#7688=ORIENTED_EDGE('',*,*,#7130,.T.);
#7689=CARTESIAN_POINT('',(239.349998931,2.,19.8));
#7690=DIRECTION('',(0.,-1.,0.));
#7691=VECTOR('',#7690,2.300000095);
#7692=LINE('',#7689,#7691);
#7693=EDGE_CURVE('',#7116,#6122,#7692,.T.);
#7694=ORIENTED_EDGE('',*,*,#7693,.T.);
#7695=ORIENTED_EDGE('',*,*,#6127,.F.);
#7696=CARTESIAN_POINT('',(222.599998931,-0.300000095,19.8));
#7697=DIRECTION('',(-0.,1.,-0.));
#7698=VECTOR('',#7697,2.300000095);
#7699=LINE('',#7696,#7698);
#7700=EDGE_CURVE('',#6113,#6498,#7699,.T.);
#7701=ORIENTED_EDGE('',*,*,#7700,.T.);
#7702=ORIENTED_EDGE('',*,*,#6503,.T.);
#7703=ORIENTED_EDGE('',*,*,#7593,.F.);
#7704=ORIENTED_EDGE('',*,*,#7571,.F.);
#7705=ORIENTED_EDGE('',*,*,#7546,.F.);
#7706=EDGE_LOOP('',(#7688,#7694,#7695,#7701,#7702,#7703,#7704,#7705));
#7707=FACE_BOUND('',#7706,.T.);
#7708=ADVANCED_FACE('',(#7707),#7687,.F.);
#7709=CARTESIAN_POINT('',(222.099998931,0.999999905,23.1));
#7710=DIRECTION('',(-1.,0.,0.));
#7711=DIRECTION('',(0.,0.,-1.));
#7712=AXIS2_PLACEMENT_3D('',#7709,#7710,#7711);
#7713=PLANE('',#7712);
#7714=ORIENTED_EDGE('',*,*,#6518,.F.);
#7715=CARTESIAN_POINT('',(222.099998931,2.,20.3));
#7716=DIRECTION('',(0.,-1.,0.));
#7717=VECTOR('',#7716,2.300000095);
#7718=LINE('',#7715,#7717);
#7719=EDGE_CURVE('',#6506,#6105,#7718,.T.);
#7720=ORIENTED_EDGE('',*,*,#7719,.T.);
#7721=ORIENTED_EDGE('',*,*,#6110,.F.);
#7722=ORIENTED_EDGE('',*,*,#6084,.F.);
#7723=EDGE_LOOP('',(#7714,#7720,#7721,#7722));
#7724=FACE_BOUND('',#7723,.T.);
#7725=ADVANCED_FACE('',(#7724),#7713,.T.);
#7726=CARTESIAN_POINT('',(246.6,3.,11.85));
#7727=DIRECTION('',(-1.,0.,0.));
#7728=DIRECTION('',(0.,1.,0.));
#7729=AXIS2_PLACEMENT_3D('',#7726,#7727,#7728);
#7730=CYLINDRICAL_SURFACE('',#7729,2.7);
#7731=ORIENTED_EDGE('',*,*,#7031,.F.);
#7732=ORIENTED_EDGE('',*,*,#7093,.F.);
#7733=ORIENTED_EDGE('',*,*,#7070,.T.);
#7734=CARTESIAN_POINT('',(224.3,3.,14.55));
#7735=DIRECTION('',(1.,-0.,-0.));
#7736=VECTOR('',#7735,12.);
#7737=LINE('',#7734,#7736);
#7738=EDGE_CURVE('',#7025,#7056,#7737,.T.);
#7739=ORIENTED_EDGE('',*,*,#7738,.F.);
#7740=EDGE_LOOP('',(#7731,#7732,#7733,#7739));
#7741=FACE_BOUND('',#7740,.T.);
#7742=ADVANCED_FACE('',(#7741),#7730,.F.);
#7743=CARTESIAN_POINT('',(246.6,3.,11.55));
#7744=DIRECTION('',(-1.,0.,0.));
#7745=DIRECTION('',(0.,1.,0.));
#7746=AXIS2_PLACEMENT_3D('',#7743,#7744,#7745);
#7747=CYLINDRICAL_SURFACE('',#7746,4.);
#7748=CARTESIAN_POINT('',(236.8,3.,15.55));
#7749=VERTEX_POINT('',#7748);
#7750=CARTESIAN_POINT('',(236.8,3.,11.55));
#7751=DIRECTION('',(-1.,0.,0.));
#7752=DIRECTION('',(0.,0.,1.));
#7753=AXIS2_PLACEMENT_3D('',#7750,#7751,#7752);
#7754=CIRCLE('',#7753,4.);
#7755=EDGE_CURVE('',#7749,#5889,#7754,.T.);
#7756=ORIENTED_EDGE('',*,*,#7755,.T.);
#7757=ORIENTED_EDGE('',*,*,#5894,.T.);
#7758=ORIENTED_EDGE('',*,*,#7172,.T.);
#7759=CARTESIAN_POINT('',(223.8,3.,15.55));
#7760=DIRECTION('',(1.,-0.,-0.));
#7761=VECTOR('',#7760,13.);
#7762=LINE('',#7759,#7761);
#7763=EDGE_CURVE('',#7160,#7749,#7762,.T.);
#7764=ORIENTED_EDGE('',*,*,#7763,.T.);
#7765=EDGE_LOOP('',(#7756,#7757,#7758,#7764));
#7766=FACE_BOUND('',#7765,.T.);
#7767=ADVANCED_FACE('',(#7766),#7747,.T.);
#7768=CARTESIAN_POINT('',(236.8,12.5,11.2));
#7769=DIRECTION('',(1.,0.,0.));
#7770=DIRECTION('',(0.,-1.,0.));
#7771=AXIS2_PLACEMENT_3D('',#7768,#7769,#7770);
#7772=PLANE('',#7771);
#7773=ORIENTED_EDGE('',*,*,#5689,.F.);
#7774=ORIENTED_EDGE('',*,*,#5900,.F.);
#7775=ORIENTED_EDGE('',*,*,#7755,.F.);
#7776=CARTESIAN_POINT('',(236.8,3.,15.55));
#7777=DIRECTION('',(0.,-1.,0.));
#7778=VECTOR('',#7777,0.5);
#7779=LINE('',#7776,#7778);
#7780=EDGE_CURVE('',#7749,#7646,#7779,.T.);
#7781=ORIENTED_EDGE('',*,*,#7780,.T.);
#7782=ORIENTED_EDGE('',*,*,#7651,.F.);
#7783=EDGE_LOOP('',(#7773,#7774,#7775,#7781,#7782));
#7784=FACE_BOUND('',#7783,.T.);
#7785=ADVANCED_FACE('',(#7784),#7772,.T.);
#7786=CARTESIAN_POINT('',(246.6,1.5,14.55));
#7787=DIRECTION('',(0.,0.,1.));
#7788=DIRECTION('',(-1.,0.,0.));
#7789=AXIS2_PLACEMENT_3D('',#7786,#7787,#7788);
#7790=PLANE('',#7789);
#7791=ORIENTED_EDGE('',*,*,#7037,.F.);
#7792=ORIENTED_EDGE('',*,*,#7738,.T.);
#7793=ORIENTED_EDGE('',*,*,#7061,.F.);
#7794=ORIENTED_EDGE('',*,*,#7144,.T.);
#7795=ORIENTED_EDGE('',*,*,#7537,.T.);
#7796=CARTESIAN_POINT('',(234.8,2.5,14.55));
#7797=DIRECTION('',(-1.,0.,0.));
#7798=VECTOR('',#7797,9.);
#7799=LINE('',#7796,#7798);
#7800=EDGE_CURVE('',#7526,#7597,#7799,.T.);
#7801=ORIENTED_EDGE('',*,*,#7800,.T.);
#7802=ORIENTED_EDGE('',*,*,#7602,.T.);
#7803=ORIENTED_EDGE('',*,*,#6487,.T.);
#7804=EDGE_LOOP('',(#7791,#7792,#7793,#7794,#7795,#7801,#7802,#7803));
#7805=FACE_BOUND('',#7804,.T.);
#7806=ADVANCED_FACE('',(#7805),#7790,.F.);
#7807=CARTESIAN_POINT('',(246.6,1.5,15.55));
#7808=DIRECTION('',(0.,0.,1.));
#7809=DIRECTION('',(-1.,0.,0.));
#7810=AXIS2_PLACEMENT_3D('',#7807,#7808,#7809);
#7811=PLANE('',#7810);
#7812=ORIENTED_EDGE('',*,*,#7657,.F.);
#7813=ORIENTED_EDGE('',*,*,#7780,.F.);
#7814=ORIENTED_EDGE('',*,*,#7763,.F.);
#7815=ORIENTED_EDGE('',*,*,#7165,.F.);
#7816=ORIENTED_EDGE('',*,*,#6018,.F.);
#7817=CARTESIAN_POINT('',(234.8,2.5,15.55));
#7818=DIRECTION('',(-1.,-0.,0.));
#7819=VECTOR('',#7818,9.);
#7820=LINE('',#7817,#7819);
#7821=EDGE_CURVE('',#7518,#6005,#7820,.T.);
#7822=ORIENTED_EDGE('',*,*,#7821,.F.);
#7823=EDGE_LOOP('',(#7812,#7813,#7814,#7815,#7816,#7822));
#7824=FACE_BOUND('',#7823,.T.);
#7825=ADVANCED_FACE('',(#7824),#7811,.T.);
#7826=CARTESIAN_POINT('',(239.775,2.5,10.525));
#7827=DIRECTION('',(0.,-1.,0.));
#7828=DIRECTION('',(0.,0.,-1.));
#7829=AXIS2_PLACEMENT_3D('',#7826,#7827,#7828);
#7830=PLANE('',#7829);
#7831=ORIENTED_EDGE('',*,*,#7531,.F.);
#7832=ORIENTED_EDGE('',*,*,#7821,.T.);
#7833=ORIENTED_EDGE('',*,*,#7608,.F.);
#7834=ORIENTED_EDGE('',*,*,#7800,.F.);
#7835=EDGE_LOOP('',(#7831,#7832,#7833,#7834));
#7836=FACE_BOUND('',#7835,.T.);
#7837=ADVANCED_FACE('',(#7836),#7830,.T.);
#7838=CARTESIAN_POINT('',(222.599998931,4.,20.3));
#7839=DIRECTION('',(0.,-1.,0.));
#7840=DIRECTION('',(0.,0.,-1.));
#7841=AXIS2_PLACEMENT_3D('',#7838,#7839,#7840);
#7842=CYLINDRICAL_SURFACE('',#7841,0.5);
#7843=ORIENTED_EDGE('',*,*,#6512,.F.);
#7844=ORIENTED_EDGE('',*,*,#7700,.F.);
#7845=ORIENTED_EDGE('',*,*,#6119,.F.);
#7846=ORIENTED_EDGE('',*,*,#7719,.F.);
#7847=EDGE_LOOP('',(#7843,#7844,#7845,#7846));
#7848=FACE_BOUND('',#7847,.T.);
#7849=ADVANCED_FACE('',(#7848),#7842,.T.);
#7850=CARTESIAN_POINT('',(239.349998931,0.999999905,20.3));
#7851=DIRECTION('',(0.,-1.,0.));
#7852=DIRECTION('',(0.,0.,-1.));
#7853=AXIS2_PLACEMENT_3D('',#7850,#7851,#7852);
#7854=CYLINDRICAL_SURFACE('',#7853,0.5);
#7855=ORIENTED_EDGE('',*,*,#6136,.F.);
#7856=ORIENTED_EDGE('',*,*,#7693,.F.);
#7857=ORIENTED_EDGE('',*,*,#7122,.F.);
#7858=ORIENTED_EDGE('',*,*,#7676,.F.);
#7859=EDGE_LOOP('',(#7855,#7856,#7857,#7858));
#7860=FACE_BOUND('',#7859,.T.);
#7861=ADVANCED_FACE('',(#7860),#7854,.T.);
#7862=CARTESIAN_POINT('',(245.5,2.199999905,22.1));
#7863=DIRECTION('',(0.,0.,1.));
#7864=DIRECTION('',(1.,0.,-0.));
#7865=AXIS2_PLACEMENT_3D('',#7862,#7863,#7864);
#7866=TOROIDAL_SURFACE('',#7865,2.25,0.25);
#7867=ORIENTED_EDGE('',*,*,#6643,.T.);
#7868=ORIENTED_EDGE('',*,*,#6611,.F.);
#7869=CARTESIAN_POINT('',(245.5,-0.050000095,22.1));
#7870=DIRECTION('',(-1.,-0.,-0.));
#7871=DIRECTION('',(0.,0.,-1.));
#7872=AXIS2_PLACEMENT_3D('',#7869,#7870,#7871);
#7873=CIRCLE('',#7872,0.25);
#7874=EDGE_CURVE('',#6155,#6597,#7873,.T.);
#7875=ORIENTED_EDGE('',*,*,#7874,.F.);
#7876=ORIENTED_EDGE('',*,*,#7505,.F.);
#7877=EDGE_LOOP('',(#7867,#7868,#7875,#7876));
#7878=FACE_BOUND('',#7877,.T.);
#7879=ADVANCED_FACE('',(#7878),#7866,.T.);
#7880=CARTESIAN_POINT('',(246.6,-0.050000095,22.1));
#7881=DIRECTION('',(1.,0.,0.));
#7882=DIRECTION('',(0.,0.,-1.));
#7883=AXIS2_PLACEMENT_3D('',#7880,#7881,#7882);
#7884=CYLINDRICAL_SURFACE('',#7883,0.25);
#7885=ORIENTED_EDGE('',*,*,#7874,.T.);
#7886=ORIENTED_EDGE('',*,*,#6602,.F.);
#7887=ORIENTED_EDGE('',*,*,#7239,.F.);
#7888=ORIENTED_EDGE('',*,*,#6168,.F.);
#7889=EDGE_LOOP('',(#7885,#7886,#7887,#7888));
#7890=FACE_BOUND('',#7889,.T.);
#7891=ADVANCED_FACE('',(#7890),#7884,.T.);
#7892=CARTESIAN_POINT('',(247.175,134.9,13.95));
#7893=DIRECTION('',(0.,0.,-1.));
#7894=DIRECTION('',(-1.,0.,0.));
#7895=AXIS2_PLACEMENT_3D('',#7892,#7893,#7894);
#7896=PLANE('',#7895);
#7897=CARTESIAN_POINT('',(246.6,142.4,13.95));
#7898=VERTEX_POINT('',#7897);
#7899=CARTESIAN_POINT('',(246.15,142.4,13.95));
#7900=VERTEX_POINT('',#7899);
#7901=CARTESIAN_POINT('',(246.6,142.4,13.95));
#7902=DIRECTION('',(-1.,0.,0.));
#7903=VECTOR('',#7902,0.45);
#7904=LINE('',#7901,#7903);
#7905=EDGE_CURVE('',#7898,#7900,#7904,.T.);
#7906=ORIENTED_EDGE('',*,*,#7905,.T.);
#7907=CARTESIAN_POINT('',(246.15,127.4,13.95));
#7908=VERTEX_POINT('',#7907);
#7909=CARTESIAN_POINT('',(246.15,142.4,13.95));
#7910=DIRECTION('',(-0.,-1.,-0.));
#7911=VECTOR('',#7910,15.);
#7912=LINE('',#7909,#7911);
#7913=EDGE_CURVE('',#7900,#7908,#7912,.T.);
#7914=ORIENTED_EDGE('',*,*,#7913,.T.);
#7915=CARTESIAN_POINT('',(246.6,127.4,13.95));
#7916=VERTEX_POINT('',#7915);
#7917=CARTESIAN_POINT('',(246.6,127.4,13.95));
#7918=DIRECTION('',(-1.,-0.,0.));
#7919=VECTOR('',#7918,0.45);
#7920=LINE('',#7917,#7919);
#7921=EDGE_CURVE('',#7916,#7908,#7920,.T.);
#7922=ORIENTED_EDGE('',*,*,#7921,.F.);
#7923=CARTESIAN_POINT('',(246.6,142.4,13.95));
#7924=DIRECTION('',(0.,-1.,0.));
#7925=VECTOR('',#7924,15.);
#7926=LINE('',#7923,#7925);
#7927=EDGE_CURVE('',#7898,#7916,#7926,.T.);
#7928=ORIENTED_EDGE('',*,*,#7927,.F.);
#7929=EDGE_LOOP('',(#7906,#7914,#7922,#7928));
#7930=FACE_BOUND('',#7929,.T.);
#7931=ADVANCED_FACE('',(#7930),#7896,.F.);
#7932=CARTESIAN_POINT('',(246.75,127.4,13.646446609));
#7933=DIRECTION('',(0.,1.,0.));
#7934=DIRECTION('',(0.,0.,1.));
#7935=AXIS2_PLACEMENT_3D('',#7932,#7933,#7934);
#7936=PLANE('',#7935);
#7937=CARTESIAN_POINT('',(246.15,127.4,15.95));
#7938=VERTEX_POINT('',#7937);
#7939=CARTESIAN_POINT('',(246.15,127.4,15.95));
#7940=DIRECTION('',(0.,0.,-1.));
#7941=VECTOR('',#7940,2.);
#7942=LINE('',#7939,#7941);
#7943=EDGE_CURVE('',#7938,#7908,#7942,.T.);
#7944=ORIENTED_EDGE('',*,*,#7943,.F.);
#7945=CARTESIAN_POINT('',(246.6,127.4,15.95));
#7946=VERTEX_POINT('',#7945);
#7947=CARTESIAN_POINT('',(246.6,127.4,15.95));
#7948=DIRECTION('',(-1.,0.,0.));
#7949=VECTOR('',#7948,0.45);
#7950=LINE('',#7947,#7949);
#7951=EDGE_CURVE('',#7946,#7938,#7950,.T.);
#7952=ORIENTED_EDGE('',*,*,#7951,.F.);
#7953=CARTESIAN_POINT('',(246.6,127.4,15.95));
#7954=DIRECTION('',(-0.,-0.,-1.));
#7955=VECTOR('',#7954,2.);
#7956=LINE('',#7953,#7955);
#7957=EDGE_CURVE('',#7946,#7916,#7956,.T.);
#7958=ORIENTED_EDGE('',*,*,#7957,.T.);
#7959=ORIENTED_EDGE('',*,*,#7921,.T.);
#7960=EDGE_LOOP('',(#7944,#7952,#7958,#7959));
#7961=FACE_BOUND('',#7960,.T.);
#7962=ADVANCED_FACE('',(#7961),#7936,.T.);
#7963=CARTESIAN_POINT('',(246.75,142.4,13.646446609));
#7964=DIRECTION('',(0.,1.,0.));
#7965=DIRECTION('',(0.,0.,1.));
#7966=AXIS2_PLACEMENT_3D('',#7963,#7964,#7965);
#7967=PLANE('',#7966);
#7968=CARTESIAN_POINT('',(246.6,142.4,15.95));
#7969=VERTEX_POINT('',#7968);
#7970=CARTESIAN_POINT('',(246.15,142.4,15.95));
#7971=VERTEX_POINT('',#7970);
#7972=CARTESIAN_POINT('',(246.6,142.4,15.95));
#7973=DIRECTION('',(-1.,-0.,0.));
#7974=VECTOR('',#7973,0.45);
#7975=LINE('',#7972,#7974);
#7976=EDGE_CURVE('',#7969,#7971,#7975,.T.);
#7977=ORIENTED_EDGE('',*,*,#7976,.T.);
#7978=CARTESIAN_POINT('',(246.15,142.4,15.95));
#7979=DIRECTION('',(-0.,-0.,-1.));
#7980=VECTOR('',#7979,2.);
#7981=LINE('',#7978,#7980);
#7982=EDGE_CURVE('',#7971,#7900,#7981,.T.);
#7983=ORIENTED_EDGE('',*,*,#7982,.T.);
#7984=ORIENTED_EDGE('',*,*,#7905,.F.);
#7985=CARTESIAN_POINT('',(246.6,142.4,15.95));
#7986=DIRECTION('',(0.,0.,-1.));
#7987=VECTOR('',#7986,2.);
#7988=LINE('',#7985,#7987);
#7989=EDGE_CURVE('',#7969,#7898,#7988,.T.);
#7990=ORIENTED_EDGE('',*,*,#7989,.F.);
#7991=EDGE_LOOP('',(#7977,#7983,#7984,#7990));
#7992=FACE_BOUND('',#7991,.T.);
#7993=ADVANCED_FACE('',(#7992),#7967,.F.);
#7994=CARTESIAN_POINT('',(247.175,134.9,15.95));
#7995=DIRECTION('',(0.,0.,-1.));
#7996=DIRECTION('',(-1.,0.,0.));
#7997=AXIS2_PLACEMENT_3D('',#7994,#7995,#7996);
#7998=PLANE('',#7997);
#7999=CARTESIAN_POINT('',(246.15,142.4,15.95));
#8000=DIRECTION('',(0.,-1.,0.));
#8001=VECTOR('',#8000,15.);
#8002=LINE('',#7999,#8001);
#8003=EDGE_CURVE('',#7971,#7938,#8002,.T.);
#8004=ORIENTED_EDGE('',*,*,#8003,.F.);
#8005=ORIENTED_EDGE('',*,*,#7976,.F.);
#8006=CARTESIAN_POINT('',(246.6,142.4,15.95));
#8007=DIRECTION('',(-0.,-1.,-0.));
#8008=VECTOR('',#8007,15.);
#8009=LINE('',#8006,#8008);
#8010=EDGE_CURVE('',#7969,#7946,#8009,.T.);
#8011=ORIENTED_EDGE('',*,*,#8010,.T.);
#8012=ORIENTED_EDGE('',*,*,#7951,.T.);
#8013=EDGE_LOOP('',(#8004,#8005,#8011,#8012));
#8014=FACE_BOUND('',#8013,.T.);
#8015=ADVANCED_FACE('',(#8014),#7998,.T.);
#8016=CARTESIAN_POINT('',(246.75,44.9,13.646446609));
#8017=DIRECTION('',(0.,1.,0.));
#8018=DIRECTION('',(0.,0.,1.));
#8019=AXIS2_PLACEMENT_3D('',#8016,#8017,#8018);
#8020=PLANE('',#8019);
#8021=CARTESIAN_POINT('',(246.6,44.9,15.95));
#8022=VERTEX_POINT('',#8021);
#8023=CARTESIAN_POINT('',(246.15,44.9,15.95));
#8024=VERTEX_POINT('',#8023);
#8025=CARTESIAN_POINT('',(246.6,44.9,15.95));
#8026=DIRECTION('',(-1.,0.,0.));
#8027=VECTOR('',#8026,0.45);
#8028=LINE('',#8025,#8027);
#8029=EDGE_CURVE('',#8022,#8024,#8028,.T.);
#8030=ORIENTED_EDGE('',*,*,#8029,.F.);
#8031=CARTESIAN_POINT('',(246.6,44.9,13.95));
#8032=VERTEX_POINT('',#8031);
#8033=CARTESIAN_POINT('',(246.6,44.9,15.95));
#8034=DIRECTION('',(-0.,-0.,-1.));
#8035=VECTOR('',#8034,2.);
#8036=LINE('',#8033,#8035);
#8037=EDGE_CURVE('',#8022,#8032,#8036,.T.);
#8038=ORIENTED_EDGE('',*,*,#8037,.T.);
#8039=CARTESIAN_POINT('',(246.15,44.9,13.95));
#8040=VERTEX_POINT('',#8039);
#8041=CARTESIAN_POINT('',(246.6,44.9,13.95));
#8042=DIRECTION('',(-1.,-0.,0.));
#8043=VECTOR('',#8042,0.45);
#8044=LINE('',#8041,#8043);
#8045=EDGE_CURVE('',#8032,#8040,#8044,.T.);
#8046=ORIENTED_EDGE('',*,*,#8045,.T.);
#8047=CARTESIAN_POINT('',(246.15,44.9,15.95));
#8048=DIRECTION('',(0.,0.,-1.));
#8049=VECTOR('',#8048,2.);
#8050=LINE('',#8047,#8049);
#8051=EDGE_CURVE('',#8024,#8040,#8050,.T.);
#8052=ORIENTED_EDGE('',*,*,#8051,.F.);
#8053=EDGE_LOOP('',(#8030,#8038,#8046,#8052));
#8054=FACE_BOUND('',#8053,.T.);
#8055=ADVANCED_FACE('',(#8054),#8020,.T.);
#8056=CARTESIAN_POINT('',(246.15,1.5,11.2));
#8057=DIRECTION('',(-1.,0.,0.));
#8058=DIRECTION('',(0.,0.,-1.));
#8059=AXIS2_PLACEMENT_3D('',#8056,#8057,#8058);
#8060=PLANE('',#8059);
#8061=CARTESIAN_POINT('',(246.15,59.9,15.95));
#8062=VERTEX_POINT('',#8061);
#8063=CARTESIAN_POINT('',(246.15,59.9,13.95));
#8064=VERTEX_POINT('',#8063);
#8065=CARTESIAN_POINT('',(246.15,59.9,15.95));
#8066=DIRECTION('',(-0.,-0.,-1.));
#8067=VECTOR('',#8066,2.);
#8068=LINE('',#8065,#8067);
#8069=EDGE_CURVE('',#8062,#8064,#8068,.T.);
#8070=ORIENTED_EDGE('',*,*,#8069,.F.);
#8071=CARTESIAN_POINT('',(246.15,59.9,15.95));
#8072=DIRECTION('',(0.,-1.,0.));
#8073=VECTOR('',#8072,15.);
#8074=LINE('',#8071,#8073);
#8075=EDGE_CURVE('',#8062,#8024,#8074,.T.);
#8076=ORIENTED_EDGE('',*,*,#8075,.T.);
#8077=ORIENTED_EDGE('',*,*,#8051,.T.);
#8078=CARTESIAN_POINT('',(246.15,59.9,13.95));
#8079=DIRECTION('',(-0.,-1.,-0.));
#8080=VECTOR('',#8079,15.);
#8081=LINE('',#8078,#8080);
#8082=EDGE_CURVE('',#8064,#8040,#8081,.T.);
#8083=ORIENTED_EDGE('',*,*,#8082,.F.);
#8084=EDGE_LOOP('',(#8070,#8076,#8077,#8083));
#8085=FACE_BOUND('',#8084,.T.);
#8086=ADVANCED_FACE('',(#8085),#8060,.F.);
#8087=CARTESIAN_POINT('',(247.175,134.9,13.95));
#8088=DIRECTION('',(0.,0.,-1.));
#8089=DIRECTION('',(-1.,0.,0.));
#8090=AXIS2_PLACEMENT_3D('',#8087,#8088,#8089);
#8091=PLANE('',#8090);
#8092=CARTESIAN_POINT('',(246.6,59.9,13.95));
#8093=VERTEX_POINT('',#8092);
#8094=CARTESIAN_POINT('',(246.6,59.9,13.95));
#8095=DIRECTION('',(-1.,0.,0.));
#8096=VECTOR('',#8095,0.45);
#8097=LINE('',#8094,#8096);
#8098=EDGE_CURVE('',#8093,#8064,#8097,.T.);
#8099=ORIENTED_EDGE('',*,*,#8098,.T.);
#8100=ORIENTED_EDGE('',*,*,#8082,.T.);
#8101=ORIENTED_EDGE('',*,*,#8045,.F.);
#8102=CARTESIAN_POINT('',(246.6,59.9,13.95));
#8103=DIRECTION('',(0.,-1.,0.));
#8104=VECTOR('',#8103,15.);
#8105=LINE('',#8102,#8104);
#8106=EDGE_CURVE('',#8093,#8032,#8105,.T.);
#8107=ORIENTED_EDGE('',*,*,#8106,.F.);
#8108=EDGE_LOOP('',(#8099,#8100,#8101,#8107));
#8109=FACE_BOUND('',#8108,.T.);
#8110=ADVANCED_FACE('',(#8109),#8091,.F.);
#8111=CARTESIAN_POINT('',(246.75,59.9,13.646446609));
#8112=DIRECTION('',(0.,1.,0.));
#8113=DIRECTION('',(0.,0.,1.));
#8114=AXIS2_PLACEMENT_3D('',#8111,#8112,#8113);
#8115=PLANE('',#8114);
#8116=CARTESIAN_POINT('',(246.6,59.9,15.95));
#8117=VERTEX_POINT('',#8116);
#8118=CARTESIAN_POINT('',(246.6,59.9,15.95));
#8119=DIRECTION('',(-1.,-0.,0.));
#8120=VECTOR('',#8119,0.45);
#8121=LINE('',#8118,#8120);
#8122=EDGE_CURVE('',#8117,#8062,#8121,.T.);
#8123=ORIENTED_EDGE('',*,*,#8122,.T.);
#8124=ORIENTED_EDGE('',*,*,#8069,.T.);
#8125=ORIENTED_EDGE('',*,*,#8098,.F.);
#8126=CARTESIAN_POINT('',(246.6,59.9,15.95));
#8127=DIRECTION('',(0.,0.,-1.));
#8128=VECTOR('',#8127,2.);
#8129=LINE('',#8126,#8128);
#8130=EDGE_CURVE('',#8117,#8093,#8129,.T.);
#8131=ORIENTED_EDGE('',*,*,#8130,.F.);
#8132=EDGE_LOOP('',(#8123,#8124,#8125,#8131));
#8133=FACE_BOUND('',#8132,.T.);
#8134=ADVANCED_FACE('',(#8133),#8115,.F.);
#8135=CARTESIAN_POINT('',(247.175,134.9,15.95));
#8136=DIRECTION('',(0.,0.,-1.));
#8137=DIRECTION('',(-1.,0.,0.));
#8138=AXIS2_PLACEMENT_3D('',#8135,#8136,#8137);
#8139=PLANE('',#8138);
#8140=ORIENTED_EDGE('',*,*,#8075,.F.);
#8141=ORIENTED_EDGE('',*,*,#8122,.F.);
#8142=CARTESIAN_POINT('',(246.6,59.9,15.95));
#8143=DIRECTION('',(-0.,-1.,-0.));
#8144=VECTOR('',#8143,15.);
#8145=LINE('',#8142,#8144);
#8146=EDGE_CURVE('',#8117,#8022,#8145,.T.);
#8147=ORIENTED_EDGE('',*,*,#8146,.T.);
#8148=ORIENTED_EDGE('',*,*,#8029,.T.);
#8149=EDGE_LOOP('',(#8140,#8141,#8147,#8148));
#8150=FACE_BOUND('',#8149,.T.);
#8151=ADVANCED_FACE('',(#8150),#8139,.T.);
#8152=CARTESIAN_POINT('',(246.6,178.8,10.7));
#8153=DIRECTION('',(0.,0.,1.));
#8154=DIRECTION('',(-1.,0.,0.));
#8155=AXIS2_PLACEMENT_3D('',#8152,#8153,#8154);
#8156=PLANE('',#8155);
#8157=CARTESIAN_POINT('',(240.55,182.3,10.7));
#8158=VERTEX_POINT('',#8157);
#8159=CARTESIAN_POINT('',(245.05,182.3,10.7));
#8160=VERTEX_POINT('',#8159);
#8161=CARTESIAN_POINT('',(242.8,182.3,10.7));
#8162=DIRECTION('',(-0.,-0.,-1.));
#8163=DIRECTION('',(1.,0.,-0.));
#8164=AXIS2_PLACEMENT_3D('',#8161,#8162,#8163);
#8165=CIRCLE('',#8164,2.25);
#8166=EDGE_CURVE('',#8158,#8160,#8165,.T.);
#8167=ORIENTED_EDGE('',*,*,#8166,.F.);
#8168=CARTESIAN_POINT('',(242.8,182.3,10.7));
#8169=DIRECTION('',(-0.,-0.,-1.));
#8170=DIRECTION('',(1.,0.,-0.));
#8171=AXIS2_PLACEMENT_3D('',#8168,#8169,#8170);
#8172=CIRCLE('',#8171,2.25);
#8173=EDGE_CURVE('',#8160,#8158,#8172,.T.);
#8174=ORIENTED_EDGE('',*,*,#8173,.F.);
#8175=EDGE_LOOP('',(#8167,#8174));
#8176=FACE_BOUND('',#8175,.T.);
#8177=CARTESIAN_POINT('',(244.3,182.3,10.7));
#8178=VERTEX_POINT('',#8177);
#8179=CARTESIAN_POINT('',(241.3,182.3,10.7));
#8180=VERTEX_POINT('',#8179);
#8181=CARTESIAN_POINT('',(242.8,182.3,10.7));
#8182=DIRECTION('',(-0.,-0.,1.));
#8183=DIRECTION('',(-1.,0.,0.));
#8184=AXIS2_PLACEMENT_3D('',#8181,#8182,#8183);
#8185=CIRCLE('',#8184,1.5);
#8186=EDGE_CURVE('',#8178,#8180,#8185,.T.);
#8187=ORIENTED_EDGE('',*,*,#8186,.F.);
#8188=CARTESIAN_POINT('',(242.8,182.3,10.7));
#8189=DIRECTION('',(-0.,-0.,1.));
#8190=DIRECTION('',(-1.,0.,0.));
#8191=AXIS2_PLACEMENT_3D('',#8188,#8189,#8190);
#8192=CIRCLE('',#8191,1.5);
#8193=EDGE_CURVE('',#8180,#8178,#8192,.T.);
#8194=ORIENTED_EDGE('',*,*,#8193,.F.);
#8195=EDGE_LOOP('',(#8187,#8194));
#8196=FACE_BOUND('',#8195,.T.);
#8197=ADVANCED_FACE('',(#8176,#8196),#8156,.T.);
#8198=CARTESIAN_POINT('',(245.75,199.4,14.242893219));
#8199=DIRECTION('',(0.,-1.,0.));
#8200=DIRECTION('',(0.,0.,-1.));
#8201=AXIS2_PLACEMENT_3D('',#8198,#8199,#8200);
#8202=SPHERICAL_SURFACE('',#8201,0.5);
#8203=CARTESIAN_POINT('',(245.75,199.753553391,14.596446609));
#8204=VERTEX_POINT('',#8203);
#8205=CARTESIAN_POINT('',(245.25,199.4,14.242893219));
#8206=VERTEX_POINT('',#8205);
#8207=CARTESIAN_POINT('',(245.75,199.4,14.242893218));
#8208=DIRECTION('',(-0.,-0.707106781,0.707106781));
#8209=DIRECTION('',(0.,0.707106781,0.707106781));
#8210=AXIS2_PLACEMENT_3D('',#8207,#8208,#8209);
#8211=CIRCLE('',#8210,0.5);
#8212=EDGE_CURVE('',#8204,#8206,#8211,.T.);
#8213=ORIENTED_EDGE('',*,*,#8212,.F.);
#8214=CARTESIAN_POINT('',(245.75,199.9,14.242893219));
#8215=VERTEX_POINT('',#8214);
#8216=CARTESIAN_POINT('',(245.75,199.4,14.242893219));
#8217=DIRECTION('',(-1.,-0.,0.));
#8218=DIRECTION('',(-0.,0.,-1.));
#8219=AXIS2_PLACEMENT_3D('',#8216,#8217,#8218);
#8220=CIRCLE('',#8219,0.5);
#8221=EDGE_CURVE('',#8204,#8215,#8220,.T.);
#8222=ORIENTED_EDGE('',*,*,#8221,.T.);
#8223=CARTESIAN_POINT('',(245.75,199.4,14.242893219));
#8224=DIRECTION('',(0.,0.,-1.));
#8225=DIRECTION('',(-1.,0.,0.));
#8226=AXIS2_PLACEMENT_3D('',#8223,#8224,#8225);
#8227=CIRCLE('',#8226,0.5);
#8228=EDGE_CURVE('',#8206,#8215,#8227,.T.);
#8229=ORIENTED_EDGE('',*,*,#8228,.F.);
#8230=EDGE_LOOP('',(#8213,#8222,#8229));
#8231=FACE_BOUND('',#8230,.T.);
#8232=ADVANCED_FACE('',(#8231),#8202,.T.);
#8233=CARTESIAN_POINT('',(242.8,182.3,17.85));
#8234=DIRECTION('',(0.,0.,-1.));
#8235=DIRECTION('',(1.,0.,0.));
#8236=AXIS2_PLACEMENT_3D('',#8233,#8234,#8235);
#8237=CYLINDRICAL_SURFACE('',#8236,1.5);
#8238=CARTESIAN_POINT('',(244.3,182.3,9.9));
#8239=DIRECTION('',(-0.,-0.,1.));
#8240=VECTOR('',#8239,0.8);
#8241=LINE('',#8238,#8240);
#8242=EDGE_CURVE('',#6425,#8178,#8241,.T.);
#8243=ORIENTED_EDGE('',*,*,#8242,.F.);
#8244=ORIENTED_EDGE('',*,*,#6433,.T.);
#8245=ORIENTED_EDGE('',*,*,#6440,.T.);
#8246=ORIENTED_EDGE('',*,*,#8242,.T.);
#8247=ORIENTED_EDGE('',*,*,#8186,.T.);
#8248=ORIENTED_EDGE('',*,*,#8193,.T.);
#8249=EDGE_LOOP('',(#8243,#8244,#8245,#8246,#8247,#8248));
#8250=FACE_BOUND('',#8249,.T.);
#8251=ADVANCED_FACE('',(#8250),#8237,.F.);
#8252=CARTESIAN_POINT('',(242.8,182.3,10.7));
#8253=DIRECTION('',(0.,0.,1.));
#8254=DIRECTION('',(-1.,0.,0.));
#8255=AXIS2_PLACEMENT_3D('',#8252,#8253,#8254);
#8256=CYLINDRICAL_SURFACE('',#8255,2.25);
#8257=CARTESIAN_POINT('',(240.55,182.3,11.2));
#8258=DIRECTION('',(-0.,-0.,-1.));
#8259=VECTOR('',#8258,0.5);
#8260=LINE('',#8257,#8259);
#8261=EDGE_CURVE('',#5820,#8158,#8260,.T.);
#8262=ORIENTED_EDGE('',*,*,#8261,.F.);
#8263=ORIENTED_EDGE('',*,*,#5826,.F.);
#8264=ORIENTED_EDGE('',*,*,#5833,.F.);
#8265=ORIENTED_EDGE('',*,*,#8261,.T.);
#8266=ORIENTED_EDGE('',*,*,#8166,.T.);
#8267=ORIENTED_EDGE('',*,*,#8173,.T.);
#8268=EDGE_LOOP('',(#8262,#8263,#8264,#8265,#8266,#8267));
#8269=FACE_BOUND('',#8268,.T.);
#8270=ADVANCED_FACE('',(#8269),#8256,.F.);
#8271=CARTESIAN_POINT('',(216.6,173.,10.525));
#8272=DIRECTION('',(1.,0.,0.));
#8273=DIRECTION('',(0.,0.,-1.));
#8274=AXIS2_PLACEMENT_3D('',#8271,#8272,#8273);
#8275=PLANE('',#8274);
#8276=ORIENTED_EDGE('',*,*,#4730,.F.);
#8277=ORIENTED_EDGE('',*,*,#5762,.F.);
#8278=CARTESIAN_POINT('',(216.6,185.6,11.2));
#8279=DIRECTION('',(0.,0.,-1.));
#8280=VECTOR('',#8279,1.3);
#8281=LINE('',#8278,#8280);
#8282=EDGE_CURVE('',#5750,#6302,#8281,.T.);
#8283=ORIENTED_EDGE('',*,*,#8282,.T.);
#8284=ORIENTED_EDGE('',*,*,#6307,.T.);
#8285=ORIENTED_EDGE('',*,*,#4675,.T.);
#8286=ORIENTED_EDGE('',*,*,#4704,.F.);
#8287=ORIENTED_EDGE('',*,*,#4753,.T.);
#8288=EDGE_LOOP('',(#8276,#8277,#8283,#8284,#8285,#8286,#8287));
#8289=FACE_BOUND('',#8288,.T.);
#8290=ADVANCED_FACE('',(#8289),#8275,.T.);
#8291=CARTESIAN_POINT('',(217.35,185.6,10.525));
#8292=DIRECTION('',(0.,0.,1.));
#8293=DIRECTION('',(1.,0.,-0.));
#8294=AXIS2_PLACEMENT_3D('',#8291,#8292,#8293);
#8295=CYLINDRICAL_SURFACE('',#8294,0.75);
#8296=ORIENTED_EDGE('',*,*,#5756,.F.);
#8297=CARTESIAN_POINT('',(217.35,184.85,9.9));
#8298=DIRECTION('',(0.,0.,1.));
#8299=VECTOR('',#8298,1.3);
#8300=LINE('',#8297,#8299);
#8301=EDGE_CURVE('',#6310,#5742,#8300,.T.);
#8302=ORIENTED_EDGE('',*,*,#8301,.F.);
#8303=ORIENTED_EDGE('',*,*,#6316,.F.);
#8304=ORIENTED_EDGE('',*,*,#8282,.F.);
#8305=EDGE_LOOP('',(#8296,#8302,#8303,#8304));
#8306=FACE_BOUND('',#8305,.T.);
#8307=ADVANCED_FACE('',(#8306),#8295,.F.);
#8308=CARTESIAN_POINT('',(150.45,184.85,10.525));
#8309=DIRECTION('',(0.,1.,0.));
#8310=DIRECTION('',(-1.,0.,0.));
#8311=AXIS2_PLACEMENT_3D('',#8308,#8309,#8310);
#8312=PLANE('',#8311);
#8313=ORIENTED_EDGE('',*,*,#6324,.T.);
#8314=ORIENTED_EDGE('',*,*,#8301,.T.);
#8315=ORIENTED_EDGE('',*,*,#5747,.F.);
#8316=CARTESIAN_POINT('',(218.35,184.85,11.2));
#8317=DIRECTION('',(-0.,-0.,-1.));
#8318=VECTOR('',#8317,1.3);
#8319=LINE('',#8316,#8318);
#8320=EDGE_CURVE('',#5733,#6319,#8319,.T.);
#8321=ORIENTED_EDGE('',*,*,#8320,.T.);
#8322=EDGE_LOOP('',(#8313,#8314,#8315,#8321));
#8323=FACE_BOUND('',#8322,.T.);
#8324=ADVANCED_FACE('',(#8323),#8312,.T.);
#8325=CARTESIAN_POINT('',(218.35,185.6,10.525));
#8326=DIRECTION('',(0.,0.,-1.));
#8327=DIRECTION('',(-1.,0.,0.));
#8328=AXIS2_PLACEMENT_3D('',#8325,#8326,#8327);
#8329=CYLINDRICAL_SURFACE('',#8328,0.75);
#8330=ORIENTED_EDGE('',*,*,#5739,.F.);
#8331=CARTESIAN_POINT('',(219.1,185.6,9.9));
#8332=DIRECTION('',(-0.,-0.,1.));
#8333=VECTOR('',#8332,1.3);
#8334=LINE('',#8331,#8333);
#8335=EDGE_CURVE('',#6327,#5725,#8334,.T.);
#8336=ORIENTED_EDGE('',*,*,#8335,.F.);
#8337=ORIENTED_EDGE('',*,*,#6333,.F.);
#8338=ORIENTED_EDGE('',*,*,#8320,.F.);
#8339=EDGE_LOOP('',(#8330,#8336,#8337,#8338));
#8340=FACE_BOUND('',#8339,.T.);
#8341=ADVANCED_FACE('',(#8340),#8329,.F.);
#8342=CARTESIAN_POINT('',(219.1,173.,10.525));
#8343=DIRECTION('',(1.,0.,0.));
#8344=DIRECTION('',(0.,0.,-1.));
#8345=AXIS2_PLACEMENT_3D('',#8342,#8343,#8344);
#8346=PLANE('',#8345);
#8347=ORIENTED_EDGE('',*,*,#6341,.F.);
#8348=ORIENTED_EDGE('',*,*,#8335,.T.);
#8349=ORIENTED_EDGE('',*,*,#5730,.T.);
#8350=CARTESIAN_POINT('',(219.1,187.,9.9));
#8351=DIRECTION('',(-0.,-0.,1.));
#8352=VECTOR('',#8351,1.3);
#8353=LINE('',#8350,#8352);
#8354=EDGE_CURVE('',#6336,#5717,#8353,.T.);
#8355=ORIENTED_EDGE('',*,*,#8354,.F.);
#8356=EDGE_LOOP('',(#8347,#8348,#8349,#8355));
#8357=FACE_BOUND('',#8356,.T.);
#8358=ADVANCED_FACE('',(#8357),#8346,.F.);
#8359=CARTESIAN_POINT('',(232.175,147.,10.815));
#8360=DIRECTION('',(0.,1.,0.));
#8361=DIRECTION('',(-1.,0.,0.));
#8362=AXIS2_PLACEMENT_3D('',#8359,#8360,#8361);
#8363=PLANE('',#8362);
#8364=ORIENTED_EDGE('',*,*,#6812,.F.);
#8365=ORIENTED_EDGE('',*,*,#5612,.T.);
#8366=ORIENTED_EDGE('',*,*,#6792,.T.);
#8367=EDGE_LOOP('',(#8364,#8365,#8366));
#8368=FACE_BOUND('',#8367,.T.);
#8369=ADVANCED_FACE('',(#8368),#8363,.T.);
#8370=CARTESIAN_POINT('',(6.5,187.,11.2));
#8371=DIRECTION('',(0.,-1.,0.));
#8372=DIRECTION('',(0.,0.,-1.));
#8373=AXIS2_PLACEMENT_3D('',#8370,#8371,#8372);
#8374=PLANE('',#8373);
#8375=ORIENTED_EDGE('',*,*,#6349,.T.);
#8376=ORIENTED_EDGE('',*,*,#8354,.T.);
#8377=ORIENTED_EDGE('',*,*,#5722,.F.);
#8378=CARTESIAN_POINT('',(245.25,187.,9.9));
#8379=DIRECTION('',(0.,0.,1.));
#8380=VECTOR('',#8379,1.3);
#8381=LINE('',#8378,#8380);
#8382=EDGE_CURVE('',#6344,#5709,#8381,.T.);
#8383=ORIENTED_EDGE('',*,*,#8382,.F.);
#8384=EDGE_LOOP('',(#8375,#8376,#8377,#8383));
#8385=FACE_BOUND('',#8384,.T.);
#8386=ADVANCED_FACE('',(#8385),#8374,.F.);
#8387=CARTESIAN_POINT('',(6.5,198.5,11.2));
#8388=DIRECTION('',(0.,-1.,0.));
#8389=DIRECTION('',(0.,0.,-1.));
#8390=AXIS2_PLACEMENT_3D('',#8387,#8388,#8389);
#8391=PLANE('',#8390);
#8392=ORIENTED_EDGE('',*,*,#6365,.T.);
#8393=CARTESIAN_POINT('',(245.25,198.5,14.45));
#8394=VERTEX_POINT('',#8393);
#8395=CARTESIAN_POINT('',(245.25,198.5,9.9));
#8396=DIRECTION('',(-0.,-0.,1.));
#8397=VECTOR('',#8396,4.55);
#8398=LINE('',#8395,#8397);
#8399=EDGE_CURVE('',#6352,#8394,#8398,.T.);
#8400=ORIENTED_EDGE('',*,*,#8399,.T.);
#8401=CARTESIAN_POINT('',(246.6,198.5,14.45));
#8402=VERTEX_POINT('',#8401);
#8403=CARTESIAN_POINT('',(246.6,198.5,14.45));
#8404=DIRECTION('',(-1.,-0.,0.));
#8405=VECTOR('',#8404,1.35);
#8406=LINE('',#8403,#8405);
#8407=EDGE_CURVE('',#8402,#8394,#8406,.T.);
#8408=ORIENTED_EDGE('',*,*,#8407,.F.);
#8409=CARTESIAN_POINT('',(246.6,198.5,14.45));
#8410=DIRECTION('',(0.,0.,-1.));
#8411=VECTOR('',#8410,3.55);
#8412=LINE('',#8409,#8411);
#8413=EDGE_CURVE('',#8402,#6826,#8412,.T.);
#8414=ORIENTED_EDGE('',*,*,#8413,.T.);
#8415=ORIENTED_EDGE('',*,*,#6832,.T.);
#8416=EDGE_LOOP('',(#8392,#8400,#8408,#8414,#8415));
#8417=FACE_BOUND('',#8416,.T.);
#8418=ADVANCED_FACE('',(#8417),#8391,.F.);
#8419=CARTESIAN_POINT('',(205.,102.3,110.65));
#8420=DIRECTION('',(0.,-0.707106781,-0.707106781));
#8421=DIRECTION('',(0.,0.707106781,-0.707106781));
#8422=AXIS2_PLACEMENT_3D('',#8419,#8420,#8421);
#8423=PLANE('',#8422);
#8424=CARTESIAN_POINT('',(247.75,199.9,13.05));
#8425=VERTEX_POINT('',#8424);
#8426=CARTESIAN_POINT('',(245.75,199.9,13.05));
#8427=VERTEX_POINT('',#8426);
#8428=CARTESIAN_POINT('',(247.75,199.9,13.05));
#8429=DIRECTION('',(-1.,-0.,0.));
#8430=VECTOR('',#8429,2.);
#8431=LINE('',#8428,#8430);
#8432=EDGE_CURVE('',#8425,#8427,#8431,.T.);
#8433=ORIENTED_EDGE('',*,*,#8432,.F.);
#8434=CARTESIAN_POINT('',(247.75,199.65,13.3));
#8435=DIRECTION('',(0.,-0.707106781,-0.707106781));
#8436=DIRECTION('',(0.,0.707106781,-0.707106781));
#8437=AXIS2_PLACEMENT_3D('',#8434,#8435,#8436);
#8438=ELLIPSE('',#8437,0.353553391,0.25);
#8439=EDGE_CURVE('',#8425,#6686,#8438,.T.);
#8440=ORIENTED_EDGE('',*,*,#8439,.T.);
#8441=ORIENTED_EDGE('',*,*,#6691,.F.);
#8442=ORIENTED_EDGE('',*,*,#6770,.T.);
#8443=CARTESIAN_POINT('',(246.6,198.5,14.45));
#8444=DIRECTION('',(0.,-0.707106781,0.707106781));
#8445=VECTOR('',#8444,9.192388155);
#8446=LINE('',#8443,#8445);
#8447=EDGE_CURVE('',#8402,#6759,#8446,.T.);
#8448=ORIENTED_EDGE('',*,*,#8447,.F.);
#8449=ORIENTED_EDGE('',*,*,#8407,.T.);
#8450=CARTESIAN_POINT('',(245.25,199.4,13.55));
#8451=VERTEX_POINT('',#8450);
#8452=CARTESIAN_POINT('',(245.25,199.4,13.55));
#8453=DIRECTION('',(0.,-0.707106781,0.707106781));
#8454=VECTOR('',#8453,1.272792206);
#8455=LINE('',#8452,#8454);
#8456=EDGE_CURVE('',#8451,#8394,#8455,.T.);
#8457=ORIENTED_EDGE('',*,*,#8456,.F.);
#8458=CARTESIAN_POINT('',(245.25,199.4,13.55));
#8459=CARTESIAN_POINT('',(245.25,199.463780572,13.486219428));
#8460=CARTESIAN_POINT('',(245.262686745,199.530084694,13.419915306));
#8461=CARTESIAN_POINT('',(245.288060234,199.591341716,13.358658284));
#8462=CARTESIAN_POINT('',(245.313433723,199.652598738,13.297401262));
#8463=CARTESIAN_POINT('',(245.351346934,199.708453715,13.241546285));
#8464=CARTESIAN_POINT('',(245.396446609,199.753553391,13.196446609));
#8465=CARTESIAN_POINT('',(245.441546284,199.798653066,13.151346934));
#8466=CARTESIAN_POINT('',(245.497401262,199.836566277,13.113433723));
#8467=CARTESIAN_POINT('',(245.558658284,199.861939766,13.088060234));
#8468=CARTESIAN_POINT('',(245.619915305,199.887313255,13.062686745));
#8469=CARTESIAN_POINT('',(245.686219428,199.9,13.05));
#8470=CARTESIAN_POINT('',(245.75,199.9,13.05));
#8471=B_SPLINE_CURVE_WITH_KNOTS('',3,(#8458,#8459,#8460,#8461,#8462,#8463,#8464,#8465,#8466,#8467,#8468,#8469,#8470),.UNSPECIFIED.,.F.,.F.,(4,3,3,3,4),(270.,292.5,315.,337.5,360.),.UNSPECIFIED.);
#8472=EDGE_CURVE('',#8451,#8427,#8471,.T.);
#8473=ORIENTED_EDGE('',*,*,#8472,.T.);
#8474=EDGE_LOOP('',(#8433,#8440,#8441,#8442,#8448,#8449,#8457,#8473));
#8475=FACE_BOUND('',#8474,.T.);
#8476=ADVANCED_FACE('',(#8475),#8423,.T.);
#8477=CARTESIAN_POINT('',(245.75,199.4,4.025));
#8478=DIRECTION('',(0.,0.,-1.));
#8479=DIRECTION('',(-1.,0.,0.));
#8480=AXIS2_PLACEMENT_3D('',#8477,#8478,#8479);
#8481=CYLINDRICAL_SURFACE('',#8480,0.5);
#8482=ORIENTED_EDGE('',*,*,#8228,.T.);
#8483=CARTESIAN_POINT('',(245.75,199.9,13.05));
#8484=DIRECTION('',(-0.,-0.,1.));
#8485=VECTOR('',#8484,1.192893219);
#8486=LINE('',#8483,#8485);
#8487=EDGE_CURVE('',#8427,#8215,#8486,.T.);
#8488=ORIENTED_EDGE('',*,*,#8487,.F.);
#8489=ORIENTED_EDGE('',*,*,#8472,.F.);
#8490=CARTESIAN_POINT('',(245.25,199.4,14.242893219));
#8491=DIRECTION('',(-0.,-0.,-1.));
#8492=VECTOR('',#8491,0.692893219);
#8493=LINE('',#8490,#8492);
#8494=EDGE_CURVE('',#8206,#8451,#8493,.T.);
#8495=ORIENTED_EDGE('',*,*,#8494,.F.);
#8496=EDGE_LOOP('',(#8482,#8488,#8489,#8495));
#8497=FACE_BOUND('',#8496,.T.);
#8498=ADVANCED_FACE('',(#8497),#8481,.T.);
#8499=CARTESIAN_POINT('',(245.75,102.646446609,110.996446609));
#8500=DIRECTION('',(0.,0.707106781,-0.707106781));
#8501=DIRECTION('',(0.,0.707106781,0.707106781));
#8502=AXIS2_PLACEMENT_3D('',#8499,#8500,#8501);
#8503=CYLINDRICAL_SURFACE('',#8502,0.5);
#8504=CARTESIAN_POINT('',(245.75,192.,22.35));
#8505=DIRECTION('',(0.,0.707106781,-0.707106781));
#8506=VECTOR('',#8505,10.965180362);
#8507=LINE('',#8504,#8506);
#8508=EDGE_CURVE('',#6557,#8204,#8507,.T.);
#8509=ORIENTED_EDGE('',*,*,#8508,.T.);
#8510=ORIENTED_EDGE('',*,*,#8212,.T.);
#8511=CARTESIAN_POINT('',(245.25,192.,21.642893219));
#8512=VERTEX_POINT('',#8511);
#8513=CARTESIAN_POINT('',(245.25,199.4,14.242893219));
#8514=DIRECTION('',(-0.,-0.707106781,0.707106781));
#8515=VECTOR('',#8514,10.465180361);
#8516=LINE('',#8513,#8515);
#8517=EDGE_CURVE('',#8206,#8512,#8516,.T.);
#8518=ORIENTED_EDGE('',*,*,#8517,.T.);
#8519=CARTESIAN_POINT('',(245.75,192.,22.35));
#8520=CARTESIAN_POINT('',(245.691074435,192.,22.35));
#8521=CARTESIAN_POINT('',(245.62750112,192.,22.334812238));
#8522=CARTESIAN_POINT('',(245.565952645,192.,22.300352832));
#8523=CARTESIAN_POINT('',(245.50440417,192.,22.265893425));
#8524=CARTESIAN_POINT('',(245.445262146,192.,22.211928813));
#8525=CARTESIAN_POINT('',(245.396446609,192.,22.142893219));
#8526=CARTESIAN_POINT('',(245.347631073,192.,22.073857625));
#8527=CARTESIAN_POINT('',(245.30947233,192.,21.990218173));
#8528=CARTESIAN_POINT('',(245.285105849,192.,21.903175484));
#8529=CARTESIAN_POINT('',(245.260739369,192.,21.816132796));
#8530=CARTESIAN_POINT('',(245.25,192.,21.726226552));
#8531=CARTESIAN_POINT('',(245.25,192.,21.642893219));
#8532=B_SPLINE_CURVE_WITH_KNOTS('',3,(#8519,#8520,#8521,#8522,#8523,#8524,#8525,#8526,#8527,#8528,#8529,#8530,#8531),.UNSPECIFIED.,.F.,.F.,(4,3,3,3,4),(180.,202.5,225.,247.5,270.),.UNSPECIFIED.);
#8533=EDGE_CURVE('',#6557,#8512,#8532,.T.);
#8534=ORIENTED_EDGE('',*,*,#8533,.F.);
#8535=EDGE_LOOP('',(#8509,#8510,#8518,#8534));
#8536=FACE_BOUND('',#8535,.T.);
#8537=ADVANCED_FACE('',(#8536),#8503,.T.);
#8538=CARTESIAN_POINT('',(240.45,199.4,14.242893219));
#8539=DIRECTION('',(-1.,0.,0.));
#8540=DIRECTION('',(0.,0.,1.));
#8541=AXIS2_PLACEMENT_3D('',#8538,#8539,#8540);
#8542=CYLINDRICAL_SURFACE('',#8541,0.5);
#8543=CARTESIAN_POINT('',(247.75,199.753553391,14.596446609));
#8544=VERTEX_POINT('',#8543);
#8545=CARTESIAN_POINT('',(247.75,199.753553391,14.596446609));
#8546=DIRECTION('',(-1.,-0.,0.));
#8547=VECTOR('',#8546,2.);
#8548=LINE('',#8545,#8547);
#8549=EDGE_CURVE('',#8544,#8204,#8548,.T.);
#8550=ORIENTED_EDGE('',*,*,#8549,.F.);
#8551=CARTESIAN_POINT('',(247.75,199.9,14.242893219));
#8552=VERTEX_POINT('',#8551);
#8553=CARTESIAN_POINT('',(247.75,199.4,14.242893219));
#8554=DIRECTION('',(-1.,0.,0.));
#8555=DIRECTION('',(0.,0.,1.));
#8556=AXIS2_PLACEMENT_3D('',#8553,#8554,#8555);
#8557=CIRCLE('',#8556,0.5);
#8558=EDGE_CURVE('',#8544,#8552,#8557,.T.);
#8559=ORIENTED_EDGE('',*,*,#8558,.T.);
#8560=CARTESIAN_POINT('',(245.75,199.9,14.242893219));
#8561=DIRECTION('',(1.,0.,-0.));
#8562=VECTOR('',#8561,2.);
#8563=LINE('',#8560,#8562);
#8564=EDGE_CURVE('',#8215,#8552,#8563,.T.);
#8565=ORIENTED_EDGE('',*,*,#8564,.F.);
#8566=ORIENTED_EDGE('',*,*,#8221,.F.);
#8567=EDGE_LOOP('',(#8550,#8559,#8565,#8566));
#8568=FACE_BOUND('',#8567,.T.);
#8569=ADVANCED_FACE('',(#8568),#8542,.T.);
#8570=CARTESIAN_POINT('',(240.45,199.9,4.7));
#8571=DIRECTION('',(0.,-1.,0.));
#8572=DIRECTION('',(0.,0.,-1.));
#8573=AXIS2_PLACEMENT_3D('',#8570,#8571,#8572);
#8574=PLANE('',#8573);
#8575=ORIENTED_EDGE('',*,*,#8564,.T.);
#8576=CARTESIAN_POINT('',(247.75,199.9,14.242893219));
#8577=DIRECTION('',(0.,0.,-1.));
#8578=VECTOR('',#8577,1.192893219);
#8579=LINE('',#8576,#8578);
#8580=EDGE_CURVE('',#8552,#8425,#8579,.T.);
#8581=ORIENTED_EDGE('',*,*,#8580,.T.);
#8582=ORIENTED_EDGE('',*,*,#8432,.T.);
#8583=ORIENTED_EDGE('',*,*,#8487,.T.);
#8584=EDGE_LOOP('',(#8575,#8581,#8582,#8583));
#8585=FACE_BOUND('',#8584,.T.);
#8586=ADVANCED_FACE('',(#8585),#8574,.F.);
#8587=CARTESIAN_POINT('',(246.047989985,192.,17.229916553));
#8588=DIRECTION('',(0.,1.,0.));
#8589=DIRECTION('',(0.,0.,1.));
#8590=AXIS2_PLACEMENT_3D('',#8587,#8588,#8589);
#8591=PLANE('',#8590);
#8592=ORIENTED_EDGE('',*,*,#6569,.F.);
#8593=ORIENTED_EDGE('',*,*,#8533,.T.);
#8594=CARTESIAN_POINT('',(245.25,192.,21.642893219));
#8595=DIRECTION('',(0.,0.,1.));
#8596=VECTOR('',#8595,0.207106781);
#8597=LINE('',#8594,#8596);
#8598=EDGE_CURVE('',#8512,#6529,#8597,.T.);
#8599=ORIENTED_EDGE('',*,*,#8598,.T.);
#8600=EDGE_LOOP('',(#8592,#8593,#8599));
#8601=FACE_BOUND('',#8600,.T.);
#8602=ADVANCED_FACE('',(#8601),#8591,.T.);
#8603=CARTESIAN_POINT('',(205.,103.,111.35));
#8604=DIRECTION('',(0.,0.707106781,0.707106781));
#8605=DIRECTION('',(0.,-0.707106781,0.707106781));
#8606=AXIS2_PLACEMENT_3D('',#8603,#8604,#8605);
#8607=PLANE('',#8606);
#8608=ORIENTED_EDGE('',*,*,#6625,.F.);
#8609=CARTESIAN_POINT('',(247.75,192.,22.35));
#8610=DIRECTION('',(-0.,0.707106781,-0.707106781));
#8611=VECTOR('',#8610,10.965180362);
#8612=LINE('',#8609,#8611);
#8613=EDGE_CURVE('',#6614,#8544,#8612,.T.);
#8614=ORIENTED_EDGE('',*,*,#8613,.T.);
#8615=ORIENTED_EDGE('',*,*,#8549,.T.);
#8616=ORIENTED_EDGE('',*,*,#8508,.F.);
#8617=EDGE_LOOP('',(#8608,#8614,#8615,#8616));
#8618=FACE_BOUND('',#8617,.T.);
#8619=ADVANCED_FACE('',(#8618),#8607,.T.);
#8620=CARTESIAN_POINT('',(246.15,1.5,11.2));
#8621=DIRECTION('',(-1.,0.,0.));
#8622=DIRECTION('',(0.,0.,-1.));
#8623=AXIS2_PLACEMENT_3D('',#8620,#8621,#8622);
#8624=PLANE('',#8623);
#8625=ORIENTED_EDGE('',*,*,#7982,.F.);
#8626=ORIENTED_EDGE('',*,*,#8003,.T.);
#8627=ORIENTED_EDGE('',*,*,#7943,.T.);
#8628=ORIENTED_EDGE('',*,*,#7913,.F.);
#8629=EDGE_LOOP('',(#8625,#8626,#8627,#8628));
#8630=FACE_BOUND('',#8629,.T.);
#8631=ADVANCED_FACE('',(#8630),#8624,.F.);
#8632=CARTESIAN_POINT('',(247.75,105.398223305,108.598223305));
#8633=DIRECTION('',(0.,0.707106781,-0.707106781));
#8634=DIRECTION('',(0.,0.707106781,0.707106781));
#8635=AXIS2_PLACEMENT_3D('',#8632,#8633,#8634);
#8636=CYLINDRICAL_SURFACE('',#8635,0.25);
#8637=ORIENTED_EDGE('',*,*,#6658,.T.);
#8638=ORIENTED_EDGE('',*,*,#6714,.F.);
#8639=CARTESIAN_POINT('',(247.75,199.576776695,14.419669914));
#8640=DIRECTION('',(0.,0.707106781,-0.707106781));
#8641=DIRECTION('',(0.,0.707106781,0.707106781));
#8642=AXIS2_PLACEMENT_3D('',#8639,#8640,#8641);
#8643=CIRCLE('',#8642,0.25);
#8644=EDGE_CURVE('',#8544,#6702,#8643,.T.);
#8645=ORIENTED_EDGE('',*,*,#8644,.F.);
#8646=ORIENTED_EDGE('',*,*,#8613,.F.);
#8647=EDGE_LOOP('',(#8637,#8638,#8645,#8646));
#8648=FACE_BOUND('',#8647,.T.);
#8649=ADVANCED_FACE('',(#8648),#8636,.T.);
#8650=CARTESIAN_POINT('',(247.75,199.4,14.242893219));
#8651=DIRECTION('',(-1.,0.,0.));
#8652=DIRECTION('',(0.,0.,1.));
#8653=AXIS2_PLACEMENT_3D('',#8650,#8651,#8652);
#8654=DEGENERATE_TOROIDAL_SURFACE('',#8653,0.25,0.25,.T.);
#8655=ORIENTED_EDGE('',*,*,#8644,.T.);
#8656=ORIENTED_EDGE('',*,*,#6708,.F.);
#8657=CARTESIAN_POINT('',(247.75,199.65,14.242893219));
#8658=DIRECTION('',(0.,0.,-1.));
#8659=DIRECTION('',(-1.,0.,0.));
#8660=AXIS2_PLACEMENT_3D('',#8657,#8658,#8659);
#8661=CIRCLE('',#8660,0.25);
#8662=EDGE_CURVE('',#8552,#6694,#8661,.T.);
#8663=ORIENTED_EDGE('',*,*,#8662,.F.);
#8664=ORIENTED_EDGE('',*,*,#8558,.F.);
#8665=EDGE_LOOP('',(#8655,#8656,#8663,#8664));
#8666=FACE_BOUND('',#8665,.T.);
#8667=ADVANCED_FACE('',(#8666),#8654,.T.);
#8668=CARTESIAN_POINT('',(247.75,199.65,4.7));
#8669=DIRECTION('',(0.,0.,-1.));
#8670=DIRECTION('',(-1.,0.,0.));
#8671=AXIS2_PLACEMENT_3D('',#8668,#8669,#8670);
#8672=CYLINDRICAL_SURFACE('',#8671,0.25);
#8673=ORIENTED_EDGE('',*,*,#8662,.T.);
#8674=ORIENTED_EDGE('',*,*,#6699,.F.);
#8675=ORIENTED_EDGE('',*,*,#8439,.F.);
#8676=ORIENTED_EDGE('',*,*,#8580,.F.);
#8677=EDGE_LOOP('',(#8673,#8674,#8675,#8676));
#8678=FACE_BOUND('',#8677,.T.);
#8679=ADVANCED_FACE('',(#8678),#8672,.T.);
#8680=CARTESIAN_POINT('',(245.25,12.5,4.025));
#8681=DIRECTION('',(1.,0.,0.));
#8682=DIRECTION('',(0.,0.,1.));
#8683=AXIS2_PLACEMENT_3D('',#8680,#8681,#8682);
#8684=PLANE('',#8683);
#8685=ORIENTED_EDGE('',*,*,#8382,.T.);
#8686=ORIENTED_EDGE('',*,*,#5714,.F.);
#8687=ORIENTED_EDGE('',*,*,#7625,.F.);
#8688=ORIENTED_EDGE('',*,*,#6536,.F.);
#8689=ORIENTED_EDGE('',*,*,#8598,.F.);
#8690=ORIENTED_EDGE('',*,*,#8517,.F.);
#8691=ORIENTED_EDGE('',*,*,#8494,.T.);
#8692=ORIENTED_EDGE('',*,*,#8456,.T.);
#8693=ORIENTED_EDGE('',*,*,#8399,.F.);
#8694=ORIENTED_EDGE('',*,*,#6357,.F.);
#8695=EDGE_LOOP('',(#8685,#8686,#8687,#8688,#8689,#8690,#8691,#8692,#8693,#8694));
#8696=FACE_BOUND('',#8695,.T.);
#8697=ADVANCED_FACE('',(#8696),#8684,.F.);
#8698=CARTESIAN_POINT('',(246.6,1.5,11.2));
#8699=DIRECTION('',(-1.,0.,0.));
#8700=DIRECTION('',(0.,0.,-1.));
#8701=AXIS2_PLACEMENT_3D('',#8698,#8699,#8700);
#8702=PLANE('',#8701);
#8703=ORIENTED_EDGE('',*,*,#6764,.T.);
#8704=ORIENTED_EDGE('',*,*,#6895,.F.);
#8705=ORIENTED_EDGE('',*,*,#6840,.T.);
#8706=ORIENTED_EDGE('',*,*,#8413,.F.);
#8707=ORIENTED_EDGE('',*,*,#8447,.T.);
#8708=EDGE_LOOP('',(#8703,#8704,#8705,#8706,#8707));
#8709=FACE_BOUND('',#8708,.T.);
#8710=ORIENTED_EDGE('',*,*,#7957,.F.);
#8711=ORIENTED_EDGE('',*,*,#8010,.F.);
#8712=ORIENTED_EDGE('',*,*,#7989,.T.);
#8713=ORIENTED_EDGE('',*,*,#7927,.T.);
#8714=EDGE_LOOP('',(#8710,#8711,#8712,#8713));
#8715=FACE_BOUND('',#8714,.T.);
#8716=ORIENTED_EDGE('',*,*,#8037,.F.);
#8717=ORIENTED_EDGE('',*,*,#8146,.F.);
#8718=ORIENTED_EDGE('',*,*,#8130,.T.);
#8719=ORIENTED_EDGE('',*,*,#8106,.T.);
#8720=EDGE_LOOP('',(#8716,#8717,#8718,#8719));
#8721=FACE_BOUND('',#8720,.T.);
#8722=ADVANCED_FACE('',(#8709,#8715,#8721),#8702,.F.);
#8723=CLOSED_SHELL('',(#94,#134,#174,#216,#251,#282,#306,#330,#347,#378,#402,#426,#443,#481,#506,#653,#678,#725,#758,#800,#840,#921,#954,#993,#1017,#1051,
#1099,#1139,#1184,#1224,#1265,#1297,#1339,#1469,#1486,#1503,#1534,#1583,#1615,#1640,#1665,#1683,#1725,#1756,#1784,#1812,#1843,#1876,#1902,#1927,#1953,
#1977,#2002,#2027,#2052,#2094,#2132,#2179,#2221,#2254,#2279,#2303,#2332,#2349,#2374,#2406,#2434,#2477,#2501,#2551,#2599,#2624,#2655,#2686,#2710,#2734,
#2751,#2815,#2849,#3205,#3229,#3261,#3289,#3314,#3340,#3378,#3410,#3442,#3473,#3504,#3535,#3568,#3599,#3632,#3664,#3688,#3722,#3755,#3786,#3819,#3861,
#3892,#3925,#3956,#3989,#4020,#4053,#4075,#4117,#4148,#4181,#4212,#4245,#4276,#4309,#4331,#4356,#4381,#4543,#4599,#4631,#4655,#4686,#4710,#4741,#4759,
#5634,#5837,#5866,#5933,#5957,#5981,#6034,#6062,#6097,#6213,#6231,#6464,#6522,#6573,#6629,#6662,#6718,#6774,#6801,#6818,#6851,#6877,#6899,#6934,#6964,
#6989,#7008,#7041,#7082,#7099,#7150,#7177,#7219,#7260,#7373,#7401,#7426,#7458,#7493,#7511,#7558,#7582,#7615,#7637,#7665,#7682,#7708,#7725,#7742,#7767,
#7785,#7806,#7825,#7837,#7849,#7861,#7879,#7891,#7931,#7962,#7993,#8015,#8055,#8086,#8110,#8134,#8151,#8197,#8232,#8251,#8270,#8290,#8307,#8324,#8341,
#8358,#8369,#8386,#8418,#8476,#8498,#8537,#8569,#8586,#8602,#8619,#8631,#8649,#8667,#8679,#8697,#8722));
#8724=MANIFOLD_SOLID_BREP('main_panel**',#8723);
#8725=COLOUR_RGB('',0.494117647,0.494117647,0.525490224);
#8726=FILL_AREA_STYLE_COLOUR('',#8725);
#8727=FILL_AREA_STYLE('',(#8726));
#8728=SURFACE_STYLE_FILL_AREA(#8727);
#8729=SURFACE_SIDE_STYLE('',(#8728));
#8730=SURFACE_STYLE_USAGE(.BOTH.,#8729);
#8731=PRESENTATION_STYLE_ASSIGNMENT((#8730));
#54=STYLED_ITEM('',(#8731),#8724);
#35=SHAPE_REPRESENTATION('bezel_c',(#15),#33);
#36=ADVANCED_BREP_SHAPE_REPRESENTATION('bezel_c',(#8724),#33);
#8739=SHAPE_REPRESENTATION_RELATIONSHIP('','',#35,#36);
#8740=CARTESIAN_POINT('',(0.,0.,0.));
#8741=DIRECTION('',(0.,0.,1.));
#8742=DIRECTION('',(1.,0.,0.));
#8743=AXIS2_PLACEMENT_3D('',#8740,#8741,#8742);
#8745=MAPPED_ITEM('',#8744,#8743);
#8744=REPRESENTATION_MAP(#8743,#35);
#8746=APPLICATION_CONTEXT('Managed model based 3d engineering');
#8747=APPLICATION_PROTOCOL_DEFINITION('international standard','ap242_managed_model_based_3d_engineering',2014,#8746);
#8748=PRODUCT_CONTEXT('',#8746,'mechanical');
#8749=PRODUCT_DEFINITION_CONTEXT('part definition',#8746,'design');
#43=PRODUCT('bezel_c','bezel_c','',(#8748));
#8750=PRODUCT_RELATED_PRODUCT_CATEGORY('part','',(#43));
#8751=PRODUCT_DEFINITION_FORMATION_WITH_SPECIFIED_SOURCE('','',#43,.NOT_KNOWN.);
#44=PRODUCT_DEFINITION('design','',#8751,#8749);
#42=PRODUCT_DEFINITION_SHAPE('','',#44);
#8752=SHAPE_DEFINITION_REPRESENTATION(#42,#35);
#34=DRAUGHTING_MODEL('',(#8745),#33);
#16=SHAPE_REPRESENTATION('root',(#15,#48),#10);
#8753=CARTESIAN_POINT('',(0.,0.,0.));
#8754=DIRECTION('',(0.,0.,1.));
#8755=DIRECTION('',(1.,0.,0.));
#8756=AXIS2_PLACEMENT_3D('',#8753,#8754,#8755);
#8758=MAPPED_ITEM('',#8757,#8756);
#8757=REPRESENTATION_MAP(#8756,#16);
#24=PRODUCT('root','root','',(#8748));
#8759=PRODUCT_RELATED_PRODUCT_CATEGORY('part','',(#24));
#8760=PRODUCT_DEFINITION_FORMATION_WITH_SPECIFIED_SOURCE('','',#24,.NOT_KNOWN.);
#25=PRODUCT_DEFINITION('design','',#8760,#8749);
#23=PRODUCT_DEFINITION_SHAPE('','',#25);
#8761=SHAPE_DEFINITION_REPRESENTATION(#23,#16);
#11=DRAUGHTING_MODEL('',(#8758),#10);
#8762=DESCRIPTIVE_REPRESENTATION_ITEM('KEY','/Users/hrushka/Library/Containers/com.shapr3d.shapr/Data/tmp/BF46338D-9628-43A2-9724-8470D77F0F08.tmp');
#8763=PROPERTY_DEFINITION('KEY','',#25);
#8764=REPRESENTATION('',(#8762),#10);
#8765=PROPERTY_DEFINITION_REPRESENTATION(#8763,#8764);
#8766=GENERAL_PROPERTY('','KEY','');
#8767=GENERAL_PROPERTY_ASSOCIATION('','',#8766,#8763);
#1=MECHANICAL_DESIGN_GEOMETRIC_PRESENTATION_REPRESENTATION('',(#54),#10);
ENDSEC;
END-ISO-10303-21;
