ISO-10303-21;
HEADER;

/* File generated by Shapr3D Version 26.143.0.11521 */

FILE_DESCRIPTION(('HOOPS Exchange Step'),'2;1');

FILE_NAME('/Users/hrushka/Library/Containers/com.shapr3d.shapr/Data/tmp/export/temp_export',
'2026-09-26T16:51:57-07:00',
('hrushka'),
('Shapr3D Limited'),
'HOOPS Exchange 2026.3',
'Shapr3D',
'Authorized');

FILE_SCHEMA( ('AP242_MANAGED_MODEL_BASED_3D_ENGINEERING_MIM_LF {1 0 10303 442 1 1 4}') );

ENDSEC;

DATA;
#3=(NAMED_UNIT(*)PLANE_ANGLE_UNIT()SI_UNIT($,.RADIAN.));
#4=PLANE_ANGLE_MEASURE_WITH_UNIT(PLANE_ANGLE_MEASURE(0.0174532925),#3);
#5=(CONVERSION_BASED_UNIT('DEGREE',#4)NAMED_UNIT(#6)PLANE_ANGLE_UNIT());
#6=DIMENSIONAL_EXPONENTS(0.,0.,0.,0.,0.,0.,0.);
#7=(NAMED_UNIT(*)SI_UNIT($,.STERADIAN.)SOLID_ANGLE_UNIT());
#8=(LENGTH_UNIT()NAMED_UNIT(*)SI_UNIT(.MILLI.,.METRE.));
#9=UNCERTAINTY_MEASURE_WITH_UNIT(LENGTH_MEASURE(1.000000E-03),#8,'DISTANCE_ACCURACY_VALUE','Maximum Tolerance applied to model');
#10=(GEOMETRIC_REPRESENTATION_CONTEXT(3)GLOBAL_UNCERTAINTY_ASSIGNED_CONTEXT((#9))GLOBAL_UNIT_ASSIGNED_CONTEXT((#8,#5,#7))REPRESENTATION_CONTEXT('','root'));
#12=CARTESIAN_POINT('',(0.,0.,0.));
#13=DIRECTION('',(0.,0.,1.));
#14=DIRECTION('',(1.,0.,0.));
#15=AXIS2_PLACEMENT_3D('TS3D_PRODUCT_CSYS',#12,#13,#14);
#26=(NAMED_UNIT(*)PLANE_ANGLE_UNIT()SI_UNIT($,.RADIAN.));
#27=PLANE_ANGLE_MEASURE_WITH_UNIT(PLANE_ANGLE_MEASURE(0.0174532925),#26);
#28=(CONVERSION_BASED_UNIT('DEGREE',#27)NAMED_UNIT(#29)PLANE_ANGLE_UNIT());
#29=DIMENSIONAL_EXPONENTS(0.,0.,0.,0.,0.,0.,0.);
#30=(NAMED_UNIT(*)SI_UNIT($,.STERADIAN.)SOLID_ANGLE_UNIT());
#31=(LENGTH_UNIT()NAMED_UNIT(*)SI_UNIT(.MILLI.,.METRE.));
#32=UNCERTAINTY_MEASURE_WITH_UNIT(LENGTH_MEASURE(1.000000E-05),#31,'DISTANCE_ACCURACY_VALUE','Maximum Tolerance applied to model');
#33=(GEOMETRIC_REPRESENTATION_CONTEXT(3)GLOBAL_UNCERTAINTY_ASSIGNED_CONTEXT((#32))GLOBAL_UNIT_ASSIGNED_CONTEXT((#31,#28,#30))REPRESENTATION_CONTEXT('','bezel_cs'));
#45=CARTESIAN_POINT('',(0.,0.,0.));
#46=DIRECTION('',(0.,0.,1.));
#47=DIRECTION('',(1.,0.,-0.));
#48=AXIS2_PLACEMENT_3D('',#45,#46,#47);
#49=ITEM_DEFINED_TRANSFORMATION('','',#48,#15);
#50=(REPRESENTATION_RELATIONSHIP('','',#35,#16)REPRESENTATION_RELATIONSHIP_WITH_TRANSFORMATION(#49)SHAPE_REPRESENTATION_RELATIONSHIP());
#51=NEXT_ASSEMBLY_USAGE_OCCURRENCE('bezel_cs_1','bezel_cs','bezel_cs',#25,#44,$);
#52=PRODUCT_DEFINITION_SHAPE('','',#51);
#53=CONTEXT_DEPENDENT_SHAPE_REPRESENTATION(#50,#52);
#55=CARTESIAN_POINT('',(246.6,178.8,10.7));
#56=DIRECTION('',(0.,0.,1.));
#57=DIRECTION('',(-1.,0.,0.));
#58=AXIS2_PLACEMENT_3D('',#55,#56,#57);
#59=PLANE('',#58);
#60=CARTESIAN_POINT('',(240.55,182.3,10.7));
#61=VERTEX_POINT('',#60);
#62=CARTESIAN_POINT('',(245.05,182.3,10.7));
#63=VERTEX_POINT('',#62);
#64=CARTESIAN_POINT('',(242.8,182.3,10.7));
#65=DIRECTION('',(-0.,-0.,-1.));
#66=DIRECTION('',(1.,0.,-0.));
#67=AXIS2_PLACEMENT_3D('',#64,#65,#66);
#68=CIRCLE('',#67,2.25);
#69=EDGE_CURVE('',#61,#63,#68,.T.);
#70=ORIENTED_EDGE('',*,*,#69,.F.);
#71=CARTESIAN_POINT('',(242.8,182.3,10.7));
#72=DIRECTION('',(-0.,-0.,-1.));
#73=DIRECTION('',(1.,0.,-0.));
#74=AXIS2_PLACEMENT_3D('',#71,#72,#73);
#75=CIRCLE('',#74,2.25);
#76=EDGE_CURVE('',#63,#61,#75,.T.);
#77=ORIENTED_EDGE('',*,*,#76,.F.);
#78=EDGE_LOOP('',(#70,#77));
#79=FACE_BOUND('',#78,.T.);
#80=CARTESIAN_POINT('',(244.3,182.3,10.7));
#81=VERTEX_POINT('',#80);
#82=CARTESIAN_POINT('',(241.3,182.3,10.7));
#83=VERTEX_POINT('',#82);
#84=CARTESIAN_POINT('',(242.8,182.3,10.7));
#85=DIRECTION('',(-0.,-0.,1.));
#86=DIRECTION('',(-1.,0.,0.));
#87=AXIS2_PLACEMENT_3D('',#84,#85,#86);
#88=CIRCLE('',#87,1.5);
#89=EDGE_CURVE('',#81,#83,#88,.T.);
#90=ORIENTED_EDGE('',*,*,#89,.F.);
#91=CARTESIAN_POINT('',(242.8,182.3,10.7));
#92=DIRECTION('',(-0.,-0.,1.));
#93=DIRECTION('',(-1.,0.,0.));
#94=AXIS2_PLACEMENT_3D('',#91,#92,#93);
#95=CIRCLE('',#94,1.5);
#96=EDGE_CURVE('',#83,#81,#95,.T.);
#97=ORIENTED_EDGE('',*,*,#96,.F.);
#98=EDGE_LOOP('',(#90,#97));
#99=FACE_BOUND('',#98,.T.);
#100=ADVANCED_FACE('',(#79,#99),#59,.T.);
#101=CARTESIAN_POINT('',(246.6,1.5,10.7));
#102=DIRECTION('',(0.,0.,1.));
#103=DIRECTION('',(-1.,0.,0.));
#104=AXIS2_PLACEMENT_3D('',#101,#102,#103);
#105=PLANE('',#104);
#106=CARTESIAN_POINT('',(240.55,18.9,10.7));
#107=VERTEX_POINT('',#106);
#108=CARTESIAN_POINT('',(245.05,18.9,10.7));
#109=VERTEX_POINT('',#108);
#110=CARTESIAN_POINT('',(242.8,18.9,10.7));
#111=DIRECTION('',(-0.,-0.,-1.));
#112=DIRECTION('',(1.,0.,-0.));
#113=AXIS2_PLACEMENT_3D('',#110,#111,#112);
#114=CIRCLE('',#113,2.25);
#115=EDGE_CURVE('',#107,#109,#114,.T.);
#116=ORIENTED_EDGE('',*,*,#115,.F.);
#117=CARTESIAN_POINT('',(242.8,18.9,10.7));
#118=DIRECTION('',(-0.,-0.,-1.));
#119=DIRECTION('',(1.,0.,-0.));
#120=AXIS2_PLACEMENT_3D('',#117,#118,#119);
#121=CIRCLE('',#120,2.25);
#122=EDGE_CURVE('',#109,#107,#121,.T.);
#123=ORIENTED_EDGE('',*,*,#122,.F.);
#124=EDGE_LOOP('',(#116,#123));
#125=FACE_BOUND('',#124,.T.);
#126=CARTESIAN_POINT('',(244.3,18.9,10.7));
#127=VERTEX_POINT('',#126);
#128=CARTESIAN_POINT('',(241.3,18.9,10.7));
#129=VERTEX_POINT('',#128);
#130=CARTESIAN_POINT('',(242.8,18.9,10.7));
#131=DIRECTION('',(-0.,-0.,1.));
#132=DIRECTION('',(-1.,0.,0.));
#133=AXIS2_PLACEMENT_3D('',#130,#131,#132);
#134=CIRCLE('',#133,1.5);
#135=EDGE_CURVE('',#127,#129,#134,.T.);
#136=ORIENTED_EDGE('',*,*,#135,.F.);
#137=CARTESIAN_POINT('',(242.8,18.9,10.7));
#138=DIRECTION('',(-0.,-0.,1.));
#139=DIRECTION('',(-1.,0.,0.));
#140=AXIS2_PLACEMENT_3D('',#137,#138,#139);
#141=CIRCLE('',#140,1.5);
#142=EDGE_CURVE('',#129,#127,#141,.T.);
#143=ORIENTED_EDGE('',*,*,#142,.F.);
#144=EDGE_LOOP('',(#136,#143));
#145=FACE_BOUND('',#144,.T.);
#146=ADVANCED_FACE('',(#125,#145),#105,.T.);
#147=CARTESIAN_POINT('',(242.8,18.9,10.7));
#148=DIRECTION('',(0.,0.,1.));
#149=DIRECTION('',(-1.,0.,0.));
#150=AXIS2_PLACEMENT_3D('',#147,#148,#149);
#151=CYLINDRICAL_SURFACE('',#150,2.25);
#152=CARTESIAN_POINT('',(240.55,18.9,11.2));
#153=VERTEX_POINT('',#152);
#154=CARTESIAN_POINT('',(240.55,18.9,11.2));
#155=DIRECTION('',(-0.,-0.,-1.));
#156=VECTOR('',#155,0.5);
#157=LINE('',#154,#156);
#158=EDGE_CURVE('',#153,#107,#157,.T.);
#159=ORIENTED_EDGE('',*,*,#158,.F.);
#160=CARTESIAN_POINT('',(245.05,18.9,11.2));
#161=VERTEX_POINT('',#160);
#162=CARTESIAN_POINT('',(242.8,18.9,11.2));
#163=DIRECTION('',(-0.,-0.,-1.));
#164=DIRECTION('',(1.,0.,-0.));
#165=AXIS2_PLACEMENT_3D('',#162,#163,#164);
#166=CIRCLE('',#165,2.25);
#167=EDGE_CURVE('',#161,#153,#166,.T.);
#168=ORIENTED_EDGE('',*,*,#167,.F.);
#169=CARTESIAN_POINT('',(242.8,18.9,11.2));
#170=DIRECTION('',(-0.,-0.,-1.));
#171=DIRECTION('',(1.,0.,-0.));
#172=AXIS2_PLACEMENT_3D('',#169,#170,#171);
#173=CIRCLE('',#172,2.25);
#174=EDGE_CURVE('',#153,#161,#173,.T.);
#175=ORIENTED_EDGE('',*,*,#174,.F.);
#176=ORIENTED_EDGE('',*,*,#158,.T.);
#177=ORIENTED_EDGE('',*,*,#115,.T.);
#178=ORIENTED_EDGE('',*,*,#122,.T.);
#179=EDGE_LOOP('',(#159,#168,#175,#176,#177,#178));
#180=FACE_BOUND('',#179,.T.);
#181=ADVANCED_FACE('',(#180),#151,.F.);
#182=CARTESIAN_POINT('',(242.8,182.3,10.7));
#183=DIRECTION('',(0.,0.,1.));
#184=DIRECTION('',(-1.,0.,0.));
#185=AXIS2_PLACEMENT_3D('',#182,#183,#184);
#186=CYLINDRICAL_SURFACE('',#185,2.25);
#187=CARTESIAN_POINT('',(240.55,182.3,11.2));
#188=VERTEX_POINT('',#187);
#189=CARTESIAN_POINT('',(240.55,182.3,11.2));
#190=DIRECTION('',(-0.,-0.,-1.));
#191=VECTOR('',#190,0.5);
#192=LINE('',#189,#191);
#193=EDGE_CURVE('',#188,#61,#192,.T.);
#194=ORIENTED_EDGE('',*,*,#193,.F.);
#195=CARTESIAN_POINT('',(245.05,182.3,11.2));
#196=VERTEX_POINT('',#195);
#197=CARTESIAN_POINT('',(242.8,182.3,11.2));
#198=DIRECTION('',(-0.,-0.,-1.));
#199=DIRECTION('',(1.,0.,-0.));
#200=AXIS2_PLACEMENT_3D('',#197,#198,#199);
#201=CIRCLE('',#200,2.25);
#202=EDGE_CURVE('',#196,#188,#201,.T.);
#203=ORIENTED_EDGE('',*,*,#202,.F.);
#204=CARTESIAN_POINT('',(242.8,182.3,11.2));
#205=DIRECTION('',(-0.,-0.,-1.));
#206=DIRECTION('',(1.,0.,-0.));
#207=AXIS2_PLACEMENT_3D('',#204,#205,#206);
#208=CIRCLE('',#207,2.25);
#209=EDGE_CURVE('',#188,#196,#208,.T.);
#210=ORIENTED_EDGE('',*,*,#209,.F.);
#211=ORIENTED_EDGE('',*,*,#193,.T.);
#212=ORIENTED_EDGE('',*,*,#69,.T.);
#213=ORIENTED_EDGE('',*,*,#76,.T.);
#214=EDGE_LOOP('',(#194,#203,#210,#211,#212,#213));
#215=FACE_BOUND('',#214,.T.);
#216=ADVANCED_FACE('',(#215),#186,.F.);
#217=CARTESIAN_POINT('',(246.6,1.5,11.2));
#218=DIRECTION('',(-1.,0.,0.));
#219=DIRECTION('',(0.,0.,-1.));
#220=AXIS2_PLACEMENT_3D('',#217,#218,#219);
#221=PLANE('',#220);
#222=CARTESIAN_POINT('',(246.6,198.5,14.45));
#223=VERTEX_POINT('',#222);
#224=CARTESIAN_POINT('',(246.6,198.5,10.9));
#225=VERTEX_POINT('',#224);
#226=CARTESIAN_POINT('',(246.6,198.5,14.45));
#227=DIRECTION('',(0.,0.,-1.));
#228=VECTOR('',#227,3.55);
#229=LINE('',#226,#228);
#230=EDGE_CURVE('',#223,#225,#229,.T.);
#231=ORIENTED_EDGE('',*,*,#230,.F.);
#232=CARTESIAN_POINT('',(246.6,192.,20.95));
#233=VERTEX_POINT('',#232);
#234=CARTESIAN_POINT('',(246.6,198.5,14.45));
#235=DIRECTION('',(0.,-0.707106781,0.707106781));
#236=VECTOR('',#235,9.192388155);
#237=LINE('',#234,#236);
#238=EDGE_CURVE('',#223,#233,#237,.T.);
#239=ORIENTED_EDGE('',*,*,#238,.T.);
#240=CARTESIAN_POINT('',(246.6,3.5,20.95));
#241=VERTEX_POINT('',#240);
#242=CARTESIAN_POINT('',(246.6,192.,20.95));
#243=DIRECTION('',(0.,-1.,0.));
#244=VECTOR('',#243,188.5);
#245=LINE('',#242,#244);
#246=EDGE_CURVE('',#233,#241,#245,.T.);
#247=ORIENTED_EDGE('',*,*,#246,.T.);
#248=CARTESIAN_POINT('',(246.6,3.5,10.9));
#249=VERTEX_POINT('',#248);
#250=CARTESIAN_POINT('',(246.6,3.5,10.9));
#251=DIRECTION('',(-0.,-0.,1.));
#252=VECTOR('',#251,10.05);
#253=LINE('',#250,#252);
#254=EDGE_CURVE('',#249,#241,#253,.T.);
#255=ORIENTED_EDGE('',*,*,#254,.F.);
#256=CARTESIAN_POINT('',(246.6,3.5,10.9));
#257=DIRECTION('',(-0.,1.,-0.));
#258=VECTOR('',#257,195.);
#259=LINE('',#256,#258);
#260=EDGE_CURVE('',#249,#225,#259,.T.);
#261=ORIENTED_EDGE('',*,*,#260,.T.);
#262=EDGE_LOOP('',(#231,#239,#247,#255,#261));
#263=FACE_BOUND('',#262,.T.);
#264=CARTESIAN_POINT('',(246.6,127.4,15.95));
#265=VERTEX_POINT('',#264);
#266=CARTESIAN_POINT('',(246.6,127.4,13.95));
#267=VERTEX_POINT('',#266);
#268=CARTESIAN_POINT('',(246.6,127.4,15.95));
#269=DIRECTION('',(-0.,-0.,-1.));
#270=VECTOR('',#269,2.);
#271=LINE('',#268,#270);
#272=EDGE_CURVE('',#265,#267,#271,.T.);
#273=ORIENTED_EDGE('',*,*,#272,.F.);
#274=CARTESIAN_POINT('',(246.6,142.4,15.95));
#275=VERTEX_POINT('',#274);
#276=CARTESIAN_POINT('',(246.6,142.4,15.95));
#277=DIRECTION('',(-0.,-1.,-0.));
#278=VECTOR('',#277,15.);
#279=LINE('',#276,#278);
#280=EDGE_CURVE('',#275,#265,#279,.T.);
#281=ORIENTED_EDGE('',*,*,#280,.F.);
#282=CARTESIAN_POINT('',(246.6,142.4,13.95));
#283=VERTEX_POINT('',#282);
#284=CARTESIAN_POINT('',(246.6,142.4,15.95));
#285=DIRECTION('',(0.,0.,-1.));
#286=VECTOR('',#285,2.);
#287=LINE('',#284,#286);
#288=EDGE_CURVE('',#275,#283,#287,.T.);
#289=ORIENTED_EDGE('',*,*,#288,.T.);
#290=CARTESIAN_POINT('',(246.6,142.4,13.95));
#291=DIRECTION('',(0.,-1.,0.));
#292=VECTOR('',#291,15.);
#293=LINE('',#290,#292);
#294=EDGE_CURVE('',#283,#267,#293,.T.);
#295=ORIENTED_EDGE('',*,*,#294,.T.);
#296=EDGE_LOOP('',(#273,#281,#289,#295));
#297=FACE_BOUND('',#296,.T.);
#298=CARTESIAN_POINT('',(246.6,44.9,15.95));
#299=VERTEX_POINT('',#298);
#300=CARTESIAN_POINT('',(246.6,44.9,13.95));
#301=VERTEX_POINT('',#300);
#302=CARTESIAN_POINT('',(246.6,44.9,15.95));
#303=DIRECTION('',(-0.,-0.,-1.));
#304=VECTOR('',#303,2.);
#305=LINE('',#302,#304);
#306=EDGE_CURVE('',#299,#301,#305,.T.);
#307=ORIENTED_EDGE('',*,*,#306,.F.);
#308=CARTESIAN_POINT('',(246.6,59.9,15.95));
#309=VERTEX_POINT('',#308);
#310=CARTESIAN_POINT('',(246.6,59.9,15.95));
#311=DIRECTION('',(-0.,-1.,-0.));
#312=VECTOR('',#311,15.);
#313=LINE('',#310,#312);
#314=EDGE_CURVE('',#309,#299,#313,.T.);
#315=ORIENTED_EDGE('',*,*,#314,.F.);
#316=CARTESIAN_POINT('',(246.6,59.9,13.95));
#317=VERTEX_POINT('',#316);
#318=CARTESIAN_POINT('',(246.6,59.9,15.95));
#319=DIRECTION('',(0.,0.,-1.));
#320=VECTOR('',#319,2.);
#321=LINE('',#318,#320);
#322=EDGE_CURVE('',#309,#317,#321,.T.);
#323=ORIENTED_EDGE('',*,*,#322,.T.);
#324=CARTESIAN_POINT('',(246.6,59.9,13.95));
#325=DIRECTION('',(0.,-1.,0.));
#326=VECTOR('',#325,15.);
#327=LINE('',#324,#326);
#328=EDGE_CURVE('',#317,#301,#327,.T.);
#329=ORIENTED_EDGE('',*,*,#328,.T.);
#330=EDGE_LOOP('',(#307,#315,#323,#329));
#331=FACE_BOUND('',#330,.T.);
#332=ADVANCED_FACE('',(#263,#297,#331),#221,.F.);
#333=CARTESIAN_POINT('',(245.1,3.5,11.2));
#334=DIRECTION('',(0.,0.,-1.));
#335=DIRECTION('',(1.,0.,0.));
#336=AXIS2_PLACEMENT_3D('',#333,#334,#335);
#337=CYLINDRICAL_SURFACE('',#336,1.5);
#338=ORIENTED_EDGE('',*,*,#254,.T.);
#339=CARTESIAN_POINT('',(245.1,2.,20.95));
#340=VERTEX_POINT('',#339);
#341=CARTESIAN_POINT('',(245.1,3.5,20.95));
#342=DIRECTION('',(0.,0.,-1.));
#343=DIRECTION('',(-1.,0.,0.));
#344=AXIS2_PLACEMENT_3D('',#341,#342,#343);
#345=CIRCLE('',#344,1.5);
#346=EDGE_CURVE('',#241,#340,#345,.T.);
#347=ORIENTED_EDGE('',*,*,#346,.T.);
#348=CARTESIAN_POINT('',(245.1,2.,10.9));
#349=VERTEX_POINT('',#348);
#350=CARTESIAN_POINT('',(245.1,2.,20.95));
#351=DIRECTION('',(0.,0.,-1.));
#352=VECTOR('',#351,10.05);
#353=LINE('',#350,#352);
#354=EDGE_CURVE('',#340,#349,#353,.T.);
#355=ORIENTED_EDGE('',*,*,#354,.T.);
#356=CARTESIAN_POINT('',(245.1,3.5,10.9));
#357=DIRECTION('',(-0.,-0.,1.));
#358=DIRECTION('',(-1.,0.,0.));
#359=AXIS2_PLACEMENT_3D('',#356,#357,#358);
#360=CIRCLE('',#359,1.5);
#361=EDGE_CURVE('',#349,#249,#360,.T.);
#362=ORIENTED_EDGE('',*,*,#361,.T.);
#363=EDGE_LOOP('',(#338,#347,#355,#362));
#364=FACE_BOUND('',#363,.T.);
#365=ADVANCED_FACE('',(#364),#337,.T.);
#366=CARTESIAN_POINT('',(246.6,2.,11.2));
#367=DIRECTION('',(0.,1.,0.));
#368=DIRECTION('',(0.,0.,1.));
#369=AXIS2_PLACEMENT_3D('',#366,#367,#368);
#370=PLANE('',#369);
#371=ORIENTED_EDGE('',*,*,#354,.F.);
#372=CARTESIAN_POINT('',(239.849998931,2.,20.95));
#373=VERTEX_POINT('',#372);
#374=CARTESIAN_POINT('',(245.1,2.,20.95));
#375=DIRECTION('',(-1.,0.,0.));
#376=VECTOR('',#375,5.250001069);
#377=LINE('',#374,#376);
#378=EDGE_CURVE('',#340,#373,#377,.T.);
#379=ORIENTED_EDGE('',*,*,#378,.T.);
#380=CARTESIAN_POINT('',(239.849998931,2.,20.3));
#381=VERTEX_POINT('',#380);
#382=CARTESIAN_POINT('',(239.849998931,2.,20.95));
#383=DIRECTION('',(0.,0.,-1.));
#384=VECTOR('',#383,0.65);
#385=LINE('',#382,#384);
#386=EDGE_CURVE('',#373,#381,#385,.T.);
#387=ORIENTED_EDGE('',*,*,#386,.T.);
#388=CARTESIAN_POINT('',(239.349998931,2.,19.8));
#389=VERTEX_POINT('',#388);
#390=CARTESIAN_POINT('',(239.349998931,2.,20.3));
#391=DIRECTION('',(0.,1.,0.));
#392=DIRECTION('',(0.,-0.,1.));
#393=AXIS2_PLACEMENT_3D('',#390,#391,#392);
#394=CIRCLE('',#393,0.5);
#395=EDGE_CURVE('',#381,#389,#394,.T.);
#396=ORIENTED_EDGE('',*,*,#395,.T.);
#397=CARTESIAN_POINT('',(234.8,2.,19.8));
#398=VERTEX_POINT('',#397);
#399=CARTESIAN_POINT('',(234.8,2.,19.8));
#400=DIRECTION('',(1.,0.,-0.));
#401=VECTOR('',#400,4.549998931);
#402=LINE('',#399,#401);
#403=EDGE_CURVE('',#398,#389,#402,.T.);
#404=ORIENTED_EDGE('',*,*,#403,.F.);
#405=CARTESIAN_POINT('',(234.8,2.,14.55));
#406=VERTEX_POINT('',#405);
#407=CARTESIAN_POINT('',(234.8,2.,14.55));
#408=DIRECTION('',(0.,0.,1.));
#409=VECTOR('',#408,5.25);
#410=LINE('',#407,#409);
#411=EDGE_CURVE('',#406,#398,#410,.T.);
#412=ORIENTED_EDGE('',*,*,#411,.F.);
#413=CARTESIAN_POINT('',(236.3,2.,14.55));
#414=VERTEX_POINT('',#413);
#415=CARTESIAN_POINT('',(236.3,2.,14.55));
#416=DIRECTION('',(-1.,0.,0.));
#417=VECTOR('',#416,1.5);
#418=LINE('',#415,#417);
#419=EDGE_CURVE('',#414,#406,#418,.T.);
#420=ORIENTED_EDGE('',*,*,#419,.F.);
#421=CARTESIAN_POINT('',(236.3,2.,10.9));
#422=VERTEX_POINT('',#421);
#423=CARTESIAN_POINT('',(236.3,2.,10.9));
#424=DIRECTION('',(0.,0.,1.));
#425=VECTOR('',#424,3.65);
#426=LINE('',#423,#425);
#427=EDGE_CURVE('',#422,#414,#426,.T.);
#428=ORIENTED_EDGE('',*,*,#427,.F.);
#429=CARTESIAN_POINT('',(236.3,2.,10.9));
#430=DIRECTION('',(1.,0.,-0.));
#431=VECTOR('',#430,8.8);
#432=LINE('',#429,#431);
#433=EDGE_CURVE('',#422,#349,#432,.T.);
#434=ORIENTED_EDGE('',*,*,#433,.T.);
#435=EDGE_LOOP('',(#371,#379,#387,#396,#404,#412,#420,#428,#434));
#436=FACE_BOUND('',#435,.T.);
#437=ADVANCED_FACE('',(#436),#370,.F.);
#438=CARTESIAN_POINT('',(224.3,15.25,10.525));
#439=DIRECTION('',(-1.,0.,0.));
#440=DIRECTION('',(0.,1.,0.));
#441=AXIS2_PLACEMENT_3D('',#438,#439,#440);
#442=PLANE('',#441);
#443=CARTESIAN_POINT('',(224.3,5.7,11.85));
#444=VERTEX_POINT('',#443);
#445=CARTESIAN_POINT('',(224.3,5.7,9.9));
#446=VERTEX_POINT('',#445);
#447=CARTESIAN_POINT('',(224.3,5.7,11.85));
#448=DIRECTION('',(0.,0.,-1.));
#449=VECTOR('',#448,1.95);
#450=LINE('',#447,#449);
#451=EDGE_CURVE('',#444,#446,#450,.T.);
#452=ORIENTED_EDGE('',*,*,#451,.F.);
#453=CARTESIAN_POINT('',(224.3,3.,14.55));
#454=VERTEX_POINT('',#453);
#455=CARTESIAN_POINT('',(224.3,3.,11.85));
#456=DIRECTION('',(1.,-0.,-0.));
#457=DIRECTION('',(0.,0.,1.));
#458=AXIS2_PLACEMENT_3D('',#455,#456,#457);
#459=CIRCLE('',#458,2.7);
#460=EDGE_CURVE('',#444,#454,#459,.T.);
#461=ORIENTED_EDGE('',*,*,#460,.T.);
#462=CARTESIAN_POINT('',(224.3,2.,14.55));
#463=VERTEX_POINT('',#462);
#464=CARTESIAN_POINT('',(224.3,3.,14.55));
#465=DIRECTION('',(-0.,-1.,-0.));
#466=VECTOR('',#465,1.);
#467=LINE('',#464,#466);
#468=EDGE_CURVE('',#454,#463,#467,.T.);
#469=ORIENTED_EDGE('',*,*,#468,.T.);
#470=CARTESIAN_POINT('',(224.3,2.,9.9));
#471=VERTEX_POINT('',#470);
#472=CARTESIAN_POINT('',(224.3,2.,14.55));
#473=DIRECTION('',(0.,0.,-1.));
#474=VECTOR('',#473,4.65);
#475=LINE('',#472,#474);
#476=EDGE_CURVE('',#463,#471,#475,.T.);
#477=ORIENTED_EDGE('',*,*,#476,.T.);
#478=CARTESIAN_POINT('',(224.3,2.,9.9));
#479=DIRECTION('',(0.,1.,0.));
#480=VECTOR('',#479,3.7);
#481=LINE('',#478,#480);
#482=EDGE_CURVE('',#471,#446,#481,.T.);
#483=ORIENTED_EDGE('',*,*,#482,.T.);
#484=EDGE_LOOP('',(#452,#461,#469,#477,#483));
#485=FACE_BOUND('',#484,.T.);
#486=ADVANCED_FACE('',(#485),#442,.F.);
#487=CARTESIAN_POINT('',(224.3,5.7,11.2));
#488=DIRECTION('',(0.,-1.,0.));
#489=DIRECTION('',(-1.,0.,0.));
#490=AXIS2_PLACEMENT_3D('',#487,#488,#489);
#491=PLANE('',#490);
#492=CARTESIAN_POINT('',(236.3,5.7,9.9));
#493=VERTEX_POINT('',#492);
#494=CARTESIAN_POINT('',(236.3,5.7,9.9));
#495=DIRECTION('',(-1.,0.,0.));
#496=VECTOR('',#495,12.);
#497=LINE('',#494,#496);
#498=EDGE_CURVE('',#493,#446,#497,.T.);
#499=ORIENTED_EDGE('',*,*,#498,.F.);
#500=CARTESIAN_POINT('',(236.3,5.7,11.85));
#501=VERTEX_POINT('',#500);
#502=CARTESIAN_POINT('',(236.3,5.7,11.85));
#503=DIRECTION('',(0.,0.,-1.));
#504=VECTOR('',#503,1.95);
#505=LINE('',#502,#504);
#506=EDGE_CURVE('',#501,#493,#505,.T.);
#507=ORIENTED_EDGE('',*,*,#506,.F.);
#508=CARTESIAN_POINT('',(236.3,5.7,11.85));
#509=DIRECTION('',(-1.,0.,0.));
#510=VECTOR('',#509,12.);
#511=LINE('',#508,#510);
#512=EDGE_CURVE('',#501,#444,#511,.T.);
#513=ORIENTED_EDGE('',*,*,#512,.T.);
#514=ORIENTED_EDGE('',*,*,#451,.T.);
#515=EDGE_LOOP('',(#499,#507,#513,#514));
#516=FACE_BOUND('',#515,.T.);
#517=ADVANCED_FACE('',(#516),#491,.T.);
#518=CARTESIAN_POINT('',(236.3,12.5,11.2));
#519=DIRECTION('',(1.,0.,0.));
#520=DIRECTION('',(0.,-1.,0.));
#521=AXIS2_PLACEMENT_3D('',#518,#519,#520);
#522=PLANE('',#521);
#523=ORIENTED_EDGE('',*,*,#427,.T.);
#524=CARTESIAN_POINT('',(236.3,3.,14.55));
#525=VERTEX_POINT('',#524);
#526=CARTESIAN_POINT('',(236.3,2.,14.55));
#527=DIRECTION('',(-0.,1.,-0.));
#528=VECTOR('',#527,1.);
#529=LINE('',#526,#528);
#530=EDGE_CURVE('',#414,#525,#529,.T.);
#531=ORIENTED_EDGE('',*,*,#530,.T.);
#532=CARTESIAN_POINT('',(236.3,3.,11.85));
#533=DIRECTION('',(1.,-0.,-0.));
#534=DIRECTION('',(0.,0.,1.));
#535=AXIS2_PLACEMENT_3D('',#532,#533,#534);
#536=CIRCLE('',#535,2.7);
#537=EDGE_CURVE('',#501,#525,#536,.T.);
#538=ORIENTED_EDGE('',*,*,#537,.F.);
#539=ORIENTED_EDGE('',*,*,#506,.T.);
#540=CARTESIAN_POINT('',(236.3,3.,9.9));
#541=VERTEX_POINT('',#540);
#542=CARTESIAN_POINT('',(236.3,5.7,9.9));
#543=DIRECTION('',(0.,-1.,0.));
#544=VECTOR('',#543,2.7);
#545=LINE('',#542,#544);
#546=EDGE_CURVE('',#493,#541,#545,.T.);
#547=ORIENTED_EDGE('',*,*,#546,.T.);
#548=CARTESIAN_POINT('',(236.3,3.,10.9));
#549=DIRECTION('',(-1.,0.,0.));
#550=DIRECTION('',(0.,0.,1.));
#551=AXIS2_PLACEMENT_3D('',#548,#549,#550);
#552=CIRCLE('',#551,1.);
#553=EDGE_CURVE('',#541,#422,#552,.T.);
#554=ORIENTED_EDGE('',*,*,#553,.T.);
#555=EDGE_LOOP('',(#523,#531,#538,#539,#547,#554));
#556=FACE_BOUND('',#555,.T.);
#557=ADVANCED_FACE('',(#556),#522,.F.);
#558=CARTESIAN_POINT('',(246.6,3.,10.9));
#559=DIRECTION('',(-1.,0.,0.));
#560=DIRECTION('',(0.,0.,1.));
#561=AXIS2_PLACEMENT_3D('',#558,#559,#560);
#562=CYLINDRICAL_SURFACE('',#561,1.);
#563=ORIENTED_EDGE('',*,*,#553,.F.);
#564=CARTESIAN_POINT('',(245.1,3.,9.9));
#565=VERTEX_POINT('',#564);
#566=CARTESIAN_POINT('',(245.1,3.,9.9));
#567=DIRECTION('',(-1.,0.,0.));
#568=VECTOR('',#567,8.8);
#569=LINE('',#566,#568);
#570=EDGE_CURVE('',#565,#541,#569,.T.);
#571=ORIENTED_EDGE('',*,*,#570,.F.);
#572=CARTESIAN_POINT('',(245.1,3.,10.9));
#573=DIRECTION('',(1.,-0.,-0.));
#574=DIRECTION('',(-0.,-1.,0.));
#575=AXIS2_PLACEMENT_3D('',#572,#573,#574);
#576=CIRCLE('',#575,1.);
#577=EDGE_CURVE('',#349,#565,#576,.T.);
#578=ORIENTED_EDGE('',*,*,#577,.F.);
#579=ORIENTED_EDGE('',*,*,#433,.F.);
#580=EDGE_LOOP('',(#563,#571,#578,#579));
#581=FACE_BOUND('',#580,.T.);
#582=ADVANCED_FACE('',(#581),#562,.T.);
#583=CARTESIAN_POINT('',(245.1,3.5,10.9));
#584=DIRECTION('',(0.,0.,1.));
#585=DIRECTION('',(1.,0.,-0.));
#586=AXIS2_PLACEMENT_3D('',#583,#584,#585);
#587=DEGENERATE_TOROIDAL_SURFACE('',#586,0.5,1.,.T.);
#588=CARTESIAN_POINT('',(245.6,3.5,9.9));
#589=VERTEX_POINT('',#588);
#590=CARTESIAN_POINT('',(245.1,3.5,9.9));
#591=DIRECTION('',(-0.,-0.,-1.));
#592=DIRECTION('',(1.,0.,-0.));
#593=AXIS2_PLACEMENT_3D('',#590,#591,#592);
#594=CIRCLE('',#593,0.5);
#595=EDGE_CURVE('',#589,#565,#594,.T.);
#596=ORIENTED_EDGE('',*,*,#595,.F.);
#597=CARTESIAN_POINT('',(245.6,3.5,10.9));
#598=DIRECTION('',(-0.,1.,-0.));
#599=DIRECTION('',(0.,0.,-1.));
#600=AXIS2_PLACEMENT_3D('',#597,#598,#599);
#601=CIRCLE('',#600,1.);
#602=EDGE_CURVE('',#249,#589,#601,.T.);
#603=ORIENTED_EDGE('',*,*,#602,.F.);
#604=ORIENTED_EDGE('',*,*,#361,.F.);
#605=ORIENTED_EDGE('',*,*,#577,.T.);
#606=EDGE_LOOP('',(#596,#603,#604,#605));
#607=FACE_BOUND('',#606,.T.);
#608=ADVANCED_FACE('',(#607),#587,.T.);
#609=CARTESIAN_POINT('',(245.6,1.5,10.9));
#610=DIRECTION('',(0.,-1.,0.));
#611=DIRECTION('',(0.,0.,-1.));
#612=AXIS2_PLACEMENT_3D('',#609,#610,#611);
#613=CYLINDRICAL_SURFACE('',#612,1.);
#614=ORIENTED_EDGE('',*,*,#260,.F.);
#615=ORIENTED_EDGE('',*,*,#602,.T.);
#616=CARTESIAN_POINT('',(245.6,198.5,9.9));
#617=VERTEX_POINT('',#616);
#618=CARTESIAN_POINT('',(245.6,198.5,9.9));
#619=DIRECTION('',(0.,-1.,0.));
#620=VECTOR('',#619,195.);
#621=LINE('',#618,#620);
#622=EDGE_CURVE('',#617,#589,#621,.T.);
#623=ORIENTED_EDGE('',*,*,#622,.F.);
#624=CARTESIAN_POINT('',(245.6,198.5,10.9));
#625=DIRECTION('',(-0.,1.,-0.));
#626=DIRECTION('',(0.,0.,-1.));
#627=AXIS2_PLACEMENT_3D('',#624,#625,#626);
#628=CIRCLE('',#627,1.);
#629=EDGE_CURVE('',#225,#617,#628,.T.);
#630=ORIENTED_EDGE('',*,*,#629,.F.);
#631=EDGE_LOOP('',(#614,#615,#623,#630));
#632=FACE_BOUND('',#631,.T.);
#633=ADVANCED_FACE('',(#632),#613,.T.);
#634=CARTESIAN_POINT('',(6.5,198.5,11.2));
#635=DIRECTION('',(0.,-1.,0.));
#636=DIRECTION('',(0.,0.,-1.));
#637=AXIS2_PLACEMENT_3D('',#634,#635,#636);
#638=PLANE('',#637);
#639=CARTESIAN_POINT('',(245.25,198.5,9.9));
#640=VERTEX_POINT('',#639);
#641=CARTESIAN_POINT('',(245.25,198.5,14.45));
#642=VERTEX_POINT('',#641);
#643=CARTESIAN_POINT('',(245.25,198.5,9.9));
#644=DIRECTION('',(-0.,-0.,1.));
#645=VECTOR('',#644,4.55);
#646=LINE('',#643,#645);
#647=EDGE_CURVE('',#640,#642,#646,.T.);
#648=ORIENTED_EDGE('',*,*,#647,.T.);
#649=CARTESIAN_POINT('',(246.6,198.5,14.45));
#650=DIRECTION('',(-1.,-0.,0.));
#651=VECTOR('',#650,1.35);
#652=LINE('',#649,#651);
#653=EDGE_CURVE('',#223,#642,#652,.T.);
#654=ORIENTED_EDGE('',*,*,#653,.F.);
#655=ORIENTED_EDGE('',*,*,#230,.T.);
#656=ORIENTED_EDGE('',*,*,#629,.T.);
#657=CARTESIAN_POINT('',(245.6,198.5,9.9));
#658=DIRECTION('',(-1.,-0.,0.));
#659=VECTOR('',#658,0.35);
#660=LINE('',#657,#659);
#661=EDGE_CURVE('',#617,#640,#660,.T.);
#662=ORIENTED_EDGE('',*,*,#661,.T.);
#663=EDGE_LOOP('',(#648,#654,#655,#656,#662));
#664=FACE_BOUND('',#663,.T.);
#665=ADVANCED_FACE('',(#664),#638,.F.);
#666=CARTESIAN_POINT('',(245.25,12.5,4.025));
#667=DIRECTION('',(1.,0.,0.));
#668=DIRECTION('',(0.,0.,1.));
#669=AXIS2_PLACEMENT_3D('',#666,#667,#668);
#670=PLANE('',#669);
#671=CARTESIAN_POINT('',(245.25,187.,9.9));
#672=VERTEX_POINT('',#671);
#673=CARTESIAN_POINT('',(245.25,187.,11.2));
#674=VERTEX_POINT('',#673);
#675=CARTESIAN_POINT('',(245.25,187.,9.9));
#676=DIRECTION('',(0.,0.,1.));
#677=VECTOR('',#676,1.3);
#678=LINE('',#675,#677);
#679=EDGE_CURVE('',#672,#674,#678,.T.);
#680=ORIENTED_EDGE('',*,*,#679,.T.);
#681=CARTESIAN_POINT('',(245.25,3.5,11.2));
#682=VERTEX_POINT('',#681);
#683=CARTESIAN_POINT('',(245.25,3.5,11.2));
#684=DIRECTION('',(-0.,1.,-0.));
#685=VECTOR('',#684,183.5);
#686=LINE('',#683,#685);
#687=EDGE_CURVE('',#682,#674,#686,.T.);
#688=ORIENTED_EDGE('',*,*,#687,.F.);
#689=CARTESIAN_POINT('',(245.25,3.5,21.85));
#690=VERTEX_POINT('',#689);
#691=CARTESIAN_POINT('',(245.25,3.5,21.85));
#692=DIRECTION('',(0.,0.,-1.));
#693=VECTOR('',#692,10.65);
#694=LINE('',#691,#693);
#695=EDGE_CURVE('',#690,#682,#694,.T.);
#696=ORIENTED_EDGE('',*,*,#695,.F.);
#697=CARTESIAN_POINT('',(245.25,192.,21.85));
#698=VERTEX_POINT('',#697);
#699=CARTESIAN_POINT('',(245.25,192.,21.85));
#700=DIRECTION('',(-0.,-1.,-0.));
#701=VECTOR('',#700,188.5);
#702=LINE('',#699,#701);
#703=EDGE_CURVE('',#698,#690,#702,.T.);
#704=ORIENTED_EDGE('',*,*,#703,.F.);
#705=CARTESIAN_POINT('',(245.25,192.,21.642893219));
#706=VERTEX_POINT('',#705);
#707=CARTESIAN_POINT('',(245.25,192.,21.642893219));
#708=DIRECTION('',(0.,0.,1.));
#709=VECTOR('',#708,0.207106781);
#710=LINE('',#707,#709);
#711=EDGE_CURVE('',#706,#698,#710,.T.);
#712=ORIENTED_EDGE('',*,*,#711,.F.);
#713=CARTESIAN_POINT('',(245.25,199.4,14.242893219));
#714=VERTEX_POINT('',#713);
#715=CARTESIAN_POINT('',(245.25,199.4,14.242893219));
#716=DIRECTION('',(-0.,-0.707106781,0.707106781));
#717=VECTOR('',#716,10.465180361);
#718=LINE('',#715,#717);
#719=EDGE_CURVE('',#714,#706,#718,.T.);
#720=ORIENTED_EDGE('',*,*,#719,.F.);
#721=CARTESIAN_POINT('',(245.25,199.4,13.55));
#722=VERTEX_POINT('',#721);
#723=CARTESIAN_POINT('',(245.25,199.4,14.242893219));
#724=DIRECTION('',(-0.,-0.,-1.));
#725=VECTOR('',#724,0.692893219);
#726=LINE('',#723,#725);
#727=EDGE_CURVE('',#714,#722,#726,.T.);
#728=ORIENTED_EDGE('',*,*,#727,.T.);
#729=CARTESIAN_POINT('',(245.25,199.4,13.55));
#730=DIRECTION('',(0.,-0.707106781,0.707106781));
#731=VECTOR('',#730,1.272792206);
#732=LINE('',#729,#731);
#733=EDGE_CURVE('',#722,#642,#732,.T.);
#734=ORIENTED_EDGE('',*,*,#733,.T.);
#735=ORIENTED_EDGE('',*,*,#647,.F.);
#736=CARTESIAN_POINT('',(245.25,187.,9.9));
#737=DIRECTION('',(-0.,1.,-0.));
#738=VECTOR('',#737,11.5);
#739=LINE('',#736,#738);
#740=EDGE_CURVE('',#672,#640,#739,.T.);
#741=ORIENTED_EDGE('',*,*,#740,.F.);
#742=EDGE_LOOP('',(#680,#688,#696,#704,#712,#720,#728,#734,#735,#741));
#743=FACE_BOUND('',#742,.T.);
#744=ADVANCED_FACE('',(#743),#670,.F.);
#745=CARTESIAN_POINT('',(6.5,187.,11.2));
#746=DIRECTION('',(0.,-1.,0.));
#747=DIRECTION('',(0.,0.,-1.));
#748=AXIS2_PLACEMENT_3D('',#745,#746,#747);
#749=PLANE('',#748);
#750=CARTESIAN_POINT('',(219.1,187.,9.9));
#751=VERTEX_POINT('',#750);
#752=CARTESIAN_POINT('',(245.25,187.,9.9));
#753=DIRECTION('',(-1.,-0.,0.));
#754=VECTOR('',#753,26.15);
#755=LINE('',#752,#754);
#756=EDGE_CURVE('',#672,#751,#755,.T.);
#757=ORIENTED_EDGE('',*,*,#756,.T.);
#758=CARTESIAN_POINT('',(219.1,187.,11.2));
#759=VERTEX_POINT('',#758);
#760=CARTESIAN_POINT('',(219.1,187.,9.9));
#761=DIRECTION('',(-0.,-0.,1.));
#762=VECTOR('',#761,1.3);
#763=LINE('',#760,#762);
#764=EDGE_CURVE('',#751,#759,#763,.T.);
#765=ORIENTED_EDGE('',*,*,#764,.T.);
#766=CARTESIAN_POINT('',(245.25,187.,11.2));
#767=DIRECTION('',(-1.,0.,0.));
#768=VECTOR('',#767,26.15);
#769=LINE('',#766,#768);
#770=EDGE_CURVE('',#674,#759,#769,.T.);
#771=ORIENTED_EDGE('',*,*,#770,.F.);
#772=ORIENTED_EDGE('',*,*,#679,.F.);
#773=EDGE_LOOP('',(#757,#765,#771,#772));
#774=FACE_BOUND('',#773,.T.);
#775=ADVANCED_FACE('',(#774),#749,.F.);
#776=CARTESIAN_POINT('',(219.1,173.,10.525));
#777=DIRECTION('',(1.,0.,0.));
#778=DIRECTION('',(0.,0.,-1.));
#779=AXIS2_PLACEMENT_3D('',#776,#777,#778);
#780=PLANE('',#779);
#781=CARTESIAN_POINT('',(219.1,185.6,9.9));
#782=VERTEX_POINT('',#781);
#783=CARTESIAN_POINT('',(219.1,185.6,9.9));
#784=DIRECTION('',(-0.,1.,-0.));
#785=VECTOR('',#784,1.4);
#786=LINE('',#783,#785);
#787=EDGE_CURVE('',#782,#751,#786,.T.);
#788=ORIENTED_EDGE('',*,*,#787,.F.);
#789=CARTESIAN_POINT('',(219.1,185.6,11.2));
#790=VERTEX_POINT('',#789);
#791=CARTESIAN_POINT('',(219.1,185.6,9.9));
#792=DIRECTION('',(-0.,-0.,1.));
#793=VECTOR('',#792,1.3);
#794=LINE('',#791,#793);
#795=EDGE_CURVE('',#782,#790,#794,.T.);
#796=ORIENTED_EDGE('',*,*,#795,.T.);
#797=CARTESIAN_POINT('',(219.1,185.6,11.2));
#798=DIRECTION('',(0.,1.,0.));
#799=VECTOR('',#798,1.4);
#800=LINE('',#797,#799);
#801=EDGE_CURVE('',#790,#759,#800,.T.);
#802=ORIENTED_EDGE('',*,*,#801,.T.);
#803=ORIENTED_EDGE('',*,*,#764,.F.);
#804=EDGE_LOOP('',(#788,#796,#802,#803));
#805=FACE_BOUND('',#804,.T.);
#806=ADVANCED_FACE('',(#805),#780,.F.);
#807=CARTESIAN_POINT('',(218.35,185.6,10.525));
#808=DIRECTION('',(0.,0.,-1.));
#809=DIRECTION('',(-1.,0.,0.));
#810=AXIS2_PLACEMENT_3D('',#807,#808,#809);
#811=CYLINDRICAL_SURFACE('',#810,0.75);
#812=CARTESIAN_POINT('',(218.35,184.85,11.2));
#813=VERTEX_POINT('',#812);
#814=CARTESIAN_POINT('',(218.35,185.6,11.2));
#815=DIRECTION('',(0.,0.,-1.));
#816=DIRECTION('',(-1.,0.,0.));
#817=AXIS2_PLACEMENT_3D('',#814,#815,#816);
#818=CIRCLE('',#817,0.75);
#819=EDGE_CURVE('',#790,#813,#818,.T.);
#820=ORIENTED_EDGE('',*,*,#819,.F.);
#821=ORIENTED_EDGE('',*,*,#795,.F.);
#822=CARTESIAN_POINT('',(218.35,184.85,9.9));
#823=VERTEX_POINT('',#822);
#824=CARTESIAN_POINT('',(218.35,185.6,9.9));
#825=DIRECTION('',(-0.,-0.,1.));
#826=DIRECTION('',(-1.,0.,0.));
#827=AXIS2_PLACEMENT_3D('',#824,#825,#826);
#828=CIRCLE('',#827,0.75);
#829=EDGE_CURVE('',#823,#782,#828,.T.);
#830=ORIENTED_EDGE('',*,*,#829,.F.);
#831=CARTESIAN_POINT('',(218.35,184.85,11.2));
#832=DIRECTION('',(-0.,-0.,-1.));
#833=VECTOR('',#832,1.3);
#834=LINE('',#831,#833);
#835=EDGE_CURVE('',#813,#823,#834,.T.);
#836=ORIENTED_EDGE('',*,*,#835,.F.);
#837=EDGE_LOOP('',(#820,#821,#830,#836));
#838=FACE_BOUND('',#837,.T.);
#839=ADVANCED_FACE('',(#838),#811,.F.);
#840=CARTESIAN_POINT('',(150.45,184.85,10.525));
#841=DIRECTION('',(0.,1.,0.));
#842=DIRECTION('',(-1.,0.,0.));
#843=AXIS2_PLACEMENT_3D('',#840,#841,#842);
#844=PLANE('',#843);
#845=CARTESIAN_POINT('',(217.35,184.85,9.9));
#846=VERTEX_POINT('',#845);
#847=CARTESIAN_POINT('',(218.35,184.85,9.9));
#848=DIRECTION('',(-1.,0.,0.));
#849=VECTOR('',#848,1.);
#850=LINE('',#847,#849);
#851=EDGE_CURVE('',#823,#846,#850,.T.);
#852=ORIENTED_EDGE('',*,*,#851,.T.);
#853=CARTESIAN_POINT('',(217.35,184.85,11.2));
#854=VERTEX_POINT('',#853);
#855=CARTESIAN_POINT('',(217.35,184.85,9.9));
#856=DIRECTION('',(0.,0.,1.));
#857=VECTOR('',#856,1.3);
#858=LINE('',#855,#857);
#859=EDGE_CURVE('',#846,#854,#858,.T.);
#860=ORIENTED_EDGE('',*,*,#859,.T.);
#861=CARTESIAN_POINT('',(218.35,184.85,11.2));
#862=DIRECTION('',(-1.,0.,0.));
#863=VECTOR('',#862,1.);
#864=LINE('',#861,#863);
#865=EDGE_CURVE('',#813,#854,#864,.T.);
#866=ORIENTED_EDGE('',*,*,#865,.F.);
#867=ORIENTED_EDGE('',*,*,#835,.T.);
#868=EDGE_LOOP('',(#852,#860,#866,#867));
#869=FACE_BOUND('',#868,.T.);
#870=ADVANCED_FACE('',(#869),#844,.T.);
#871=CARTESIAN_POINT('',(217.35,185.6,10.525));
#872=DIRECTION('',(0.,0.,1.));
#873=DIRECTION('',(1.,0.,-0.));
#874=AXIS2_PLACEMENT_3D('',#871,#872,#873);
#875=CYLINDRICAL_SURFACE('',#874,0.75);
#876=CARTESIAN_POINT('',(216.6,185.6,11.2));
#877=VERTEX_POINT('',#876);
#878=CARTESIAN_POINT('',(217.35,185.6,11.2));
#879=DIRECTION('',(-0.,-0.,-1.));
#880=DIRECTION('',(1.,0.,-0.));
#881=AXIS2_PLACEMENT_3D('',#878,#879,#880);
#882=CIRCLE('',#881,0.75);
#883=EDGE_CURVE('',#854,#877,#882,.T.);
#884=ORIENTED_EDGE('',*,*,#883,.F.);
#885=ORIENTED_EDGE('',*,*,#859,.F.);
#886=CARTESIAN_POINT('',(216.6,185.6,9.9));
#887=VERTEX_POINT('',#886);
#888=CARTESIAN_POINT('',(217.35,185.6,9.9));
#889=DIRECTION('',(0.,0.,1.));
#890=DIRECTION('',(1.,0.,-0.));
#891=AXIS2_PLACEMENT_3D('',#888,#889,#890);
#892=CIRCLE('',#891,0.75);
#893=EDGE_CURVE('',#887,#846,#892,.T.);
#894=ORIENTED_EDGE('',*,*,#893,.F.);
#895=CARTESIAN_POINT('',(216.6,185.6,11.2));
#896=DIRECTION('',(0.,0.,-1.));
#897=VECTOR('',#896,1.3);
#898=LINE('',#895,#897);
#899=EDGE_CURVE('',#877,#887,#898,.T.);
#900=ORIENTED_EDGE('',*,*,#899,.F.);
#901=EDGE_LOOP('',(#884,#885,#894,#900));
#902=FACE_BOUND('',#901,.T.);
#903=ADVANCED_FACE('',(#902),#875,.F.);
#904=CARTESIAN_POINT('',(242.8,182.3,17.85));
#905=DIRECTION('',(0.,0.,-1.));
#906=DIRECTION('',(1.,0.,0.));
#907=AXIS2_PLACEMENT_3D('',#904,#905,#906);
#908=CYLINDRICAL_SURFACE('',#907,1.5);
#909=CARTESIAN_POINT('',(244.3,182.3,9.9));
#910=VERTEX_POINT('',#909);
#911=CARTESIAN_POINT('',(244.3,182.3,9.9));
#912=DIRECTION('',(-0.,-0.,1.));
#913=VECTOR('',#912,0.8);
#914=LINE('',#911,#913);
#915=EDGE_CURVE('',#910,#81,#914,.T.);
#916=ORIENTED_EDGE('',*,*,#915,.F.);
#917=CARTESIAN_POINT('',(241.3,182.3,9.9));
#918=VERTEX_POINT('',#917);
#919=CARTESIAN_POINT('',(242.8,182.3,9.9));
#920=DIRECTION('',(0.,0.,-1.));
#921=DIRECTION('',(-1.,0.,0.));
#922=AXIS2_PLACEMENT_3D('',#919,#920,#921);
#923=CIRCLE('',#922,1.5);
#924=EDGE_CURVE('',#910,#918,#923,.T.);
#925=ORIENTED_EDGE('',*,*,#924,.T.);
#926=CARTESIAN_POINT('',(242.8,182.3,9.9));
#927=DIRECTION('',(0.,0.,-1.));
#928=DIRECTION('',(-1.,0.,0.));
#929=AXIS2_PLACEMENT_3D('',#926,#927,#928);
#930=CIRCLE('',#929,1.5);
#931=EDGE_CURVE('',#918,#910,#930,.T.);
#932=ORIENTED_EDGE('',*,*,#931,.T.);
#933=ORIENTED_EDGE('',*,*,#915,.T.);
#934=ORIENTED_EDGE('',*,*,#89,.T.);
#935=ORIENTED_EDGE('',*,*,#96,.T.);
#936=EDGE_LOOP('',(#916,#925,#932,#933,#934,#935));
#937=FACE_BOUND('',#936,.T.);
#938=ADVANCED_FACE('',(#937),#908,.F.);
#939=CARTESIAN_POINT('',(242.8,18.9,17.85));
#940=DIRECTION('',(0.,0.,-1.));
#941=DIRECTION('',(1.,0.,0.));
#942=AXIS2_PLACEMENT_3D('',#939,#940,#941);
#943=CYLINDRICAL_SURFACE('',#942,1.5);
#944=CARTESIAN_POINT('',(244.3,18.9,9.9));
#945=VERTEX_POINT('',#944);
#946=CARTESIAN_POINT('',(244.3,18.9,9.9));
#947=DIRECTION('',(-0.,-0.,1.));
#948=VECTOR('',#947,0.8);
#949=LINE('',#946,#948);
#950=EDGE_CURVE('',#945,#127,#949,.T.);
#951=ORIENTED_EDGE('',*,*,#950,.F.);
#952=CARTESIAN_POINT('',(241.3,18.9,9.9));
#953=VERTEX_POINT('',#952);
#954=CARTESIAN_POINT('',(242.8,18.9,9.9));
#955=DIRECTION('',(0.,0.,-1.));
#956=DIRECTION('',(-1.,0.,0.));
#957=AXIS2_PLACEMENT_3D('',#954,#955,#956);
#958=CIRCLE('',#957,1.5);
#959=EDGE_CURVE('',#945,#953,#958,.T.);
#960=ORIENTED_EDGE('',*,*,#959,.T.);
#961=CARTESIAN_POINT('',(242.8,18.9,9.9));
#962=DIRECTION('',(0.,0.,-1.));
#963=DIRECTION('',(-1.,0.,0.));
#964=AXIS2_PLACEMENT_3D('',#961,#962,#963);
#965=CIRCLE('',#964,1.5);
#966=EDGE_CURVE('',#953,#945,#965,.T.);
#967=ORIENTED_EDGE('',*,*,#966,.T.);
#968=ORIENTED_EDGE('',*,*,#950,.T.);
#969=ORIENTED_EDGE('',*,*,#135,.T.);
#970=ORIENTED_EDGE('',*,*,#142,.T.);
#971=EDGE_LOOP('',(#951,#960,#967,#968,#969,#970));
#972=FACE_BOUND('',#971,.T.);
#973=ADVANCED_FACE('',(#972),#943,.F.);
#974=CARTESIAN_POINT('',(230.2,96.75,10.55));
#975=DIRECTION('',(-1.,0.,0.));
#976=DIRECTION('',(0.,0.,1.));
#977=AXIS2_PLACEMENT_3D('',#974,#975,#976);
#978=PLANE('',#977);
#979=CARTESIAN_POINT('',(230.2,14.5,11.2));
#980=VERTEX_POINT('',#979);
#981=CARTESIAN_POINT('',(230.2,14.5,9.9));
#982=VERTEX_POINT('',#981);
#983=CARTESIAN_POINT('',(230.2,14.5,11.2));
#984=DIRECTION('',(0.,0.,-1.));
#985=VECTOR('',#984,1.3);
#986=LINE('',#983,#985);
#987=EDGE_CURVE('',#980,#982,#986,.T.);
#988=ORIENTED_EDGE('',*,*,#987,.F.);
#989=CARTESIAN_POINT('',(230.2,179.,11.2));
#990=VERTEX_POINT('',#989);
#991=CARTESIAN_POINT('',(230.2,179.,11.2));
#992=DIRECTION('',(0.,-1.,0.));
#993=VECTOR('',#992,164.5);
#994=LINE('',#991,#993);
#995=EDGE_CURVE('',#990,#980,#994,.T.);
#996=ORIENTED_EDGE('',*,*,#995,.F.);
#997=CARTESIAN_POINT('',(230.2,179.,9.9));
#998=VERTEX_POINT('',#997);
#999=CARTESIAN_POINT('',(230.2,179.,9.9));
#1000=DIRECTION('',(0.,0.,1.));
#1001=VECTOR('',#1000,1.3);
#1002=LINE('',#999,#1001);
#1003=EDGE_CURVE('',#998,#990,#1002,.T.);
#1004=ORIENTED_EDGE('',*,*,#1003,.F.);
#1005=CARTESIAN_POINT('',(230.2,179.,9.9));
#1006=DIRECTION('',(0.,-1.,0.));
#1007=VECTOR('',#1006,164.5);
#1008=LINE('',#1005,#1007);
#1009=EDGE_CURVE('',#998,#982,#1008,.T.);
#1010=ORIENTED_EDGE('',*,*,#1009,.T.);
#1011=EDGE_LOOP('',(#988,#996,#1004,#1010));
#1012=FACE_BOUND('',#1011,.T.);
#1013=ADVANCED_FACE('',(#1012),#978,.T.);
#1014=CARTESIAN_POINT('',(216.6,173.,10.525));
#1015=DIRECTION('',(1.,0.,0.));
#1016=DIRECTION('',(0.,0.,-1.));
#1017=AXIS2_PLACEMENT_3D('',#1014,#1015,#1016);
#1018=PLANE('',#1017);
#1019=CARTESIAN_POINT('',(216.6,188.5,11.2));
#1020=VERTEX_POINT('',#1019);
#1021=CARTESIAN_POINT('',(216.6,188.5,12.45));
#1022=VERTEX_POINT('',#1021);
#1023=CARTESIAN_POINT('',(216.6,188.5,11.2));
#1024=DIRECTION('',(0.,0.,1.));
#1025=VECTOR('',#1024,1.25);
#1026=LINE('',#1023,#1025);
#1027=EDGE_CURVE('',#1020,#1022,#1026,.T.);
#1028=ORIENTED_EDGE('',*,*,#1027,.F.);
#1029=CARTESIAN_POINT('',(216.6,185.6,11.2));
#1030=DIRECTION('',(-0.,1.,-0.));
#1031=VECTOR('',#1030,2.9);
#1032=LINE('',#1029,#1031);
#1033=EDGE_CURVE('',#877,#1020,#1032,.T.);
#1034=ORIENTED_EDGE('',*,*,#1033,.F.);
#1035=ORIENTED_EDGE('',*,*,#899,.T.);
#1036=CARTESIAN_POINT('',(216.6,189.5,9.9));
#1037=VERTEX_POINT('',#1036);
#1038=CARTESIAN_POINT('',(216.6,185.6,9.9));
#1039=DIRECTION('',(0.,1.,0.));
#1040=VECTOR('',#1039,3.9);
#1041=LINE('',#1038,#1040);
#1042=EDGE_CURVE('',#887,#1037,#1041,.T.);
#1043=ORIENTED_EDGE('',*,*,#1042,.T.);
#1044=CARTESIAN_POINT('',(216.6,189.5,12.7));
#1045=VERTEX_POINT('',#1044);
#1046=CARTESIAN_POINT('',(216.6,189.5,9.9));
#1047=DIRECTION('',(-0.,-0.,1.));
#1048=VECTOR('',#1047,2.8);
#1049=LINE('',#1046,#1048);
#1050=EDGE_CURVE('',#1037,#1045,#1049,.T.);
#1051=ORIENTED_EDGE('',*,*,#1050,.T.);
#1052=CARTESIAN_POINT('',(216.6,188.75,12.7));
#1053=VERTEX_POINT('',#1052);
#1054=CARTESIAN_POINT('',(216.6,188.75,12.7));
#1055=DIRECTION('',(0.,1.,0.));
#1056=VECTOR('',#1055,0.75);
#1057=LINE('',#1054,#1056);
#1058=EDGE_CURVE('',#1053,#1045,#1057,.T.);
#1059=ORIENTED_EDGE('',*,*,#1058,.F.);
#1060=CARTESIAN_POINT('',(216.6,188.75,12.45));
#1061=DIRECTION('',(1.,0.,0.));
#1062=DIRECTION('',(0.,0.,-1.));
#1063=AXIS2_PLACEMENT_3D('',#1060,#1061,#1062);
#1064=CIRCLE('',#1063,0.25);
#1065=EDGE_CURVE('',#1053,#1022,#1064,.T.);
#1066=ORIENTED_EDGE('',*,*,#1065,.T.);
#1067=EDGE_LOOP('',(#1028,#1034,#1035,#1043,#1051,#1059,#1066));
#1068=FACE_BOUND('',#1067,.T.);
#1069=ADVANCED_FACE('',(#1068),#1018,.T.);
#1070=CARTESIAN_POINT('',(6.5,189.5,11.2));
#1071=DIRECTION('',(0.,-1.,0.));
#1072=DIRECTION('',(0.,0.,-1.));
#1073=AXIS2_PLACEMENT_3D('',#1070,#1071,#1072);
#1074=PLANE('',#1073);
#1075=CARTESIAN_POINT('',(211.6,189.5,9.9));
#1076=VERTEX_POINT('',#1075);
#1077=CARTESIAN_POINT('',(216.6,189.5,9.9));
#1078=DIRECTION('',(-1.,-0.,0.));
#1079=VECTOR('',#1078,5.);
#1080=LINE('',#1077,#1079);
#1081=EDGE_CURVE('',#1037,#1076,#1080,.T.);
#1082=ORIENTED_EDGE('',*,*,#1081,.T.);
#1083=CARTESIAN_POINT('',(211.6,189.5,12.7));
#1084=VERTEX_POINT('',#1083);
#1085=CARTESIAN_POINT('',(211.6,189.5,9.9));
#1086=DIRECTION('',(-0.,-0.,1.));
#1087=VECTOR('',#1086,2.8);
#1088=LINE('',#1085,#1087);
#1089=EDGE_CURVE('',#1076,#1084,#1088,.T.);
#1090=ORIENTED_EDGE('',*,*,#1089,.T.);
#1091=CARTESIAN_POINT('',(216.6,189.5,12.7));
#1092=DIRECTION('',(-1.,-0.,0.));
#1093=VECTOR('',#1092,5.);
#1094=LINE('',#1091,#1093);
#1095=EDGE_CURVE('',#1045,#1084,#1094,.T.);
#1096=ORIENTED_EDGE('',*,*,#1095,.F.);
#1097=ORIENTED_EDGE('',*,*,#1050,.F.);
#1098=EDGE_LOOP('',(#1082,#1090,#1096,#1097));
#1099=FACE_BOUND('',#1098,.T.);
#1100=ADVANCED_FACE('',(#1099),#1074,.F.);
#1101=CARTESIAN_POINT('',(204.7,1.5,12.7));
#1102=DIRECTION('',(0.,0.,1.));
#1103=DIRECTION('',(1.,0.,0.));
#1104=AXIS2_PLACEMENT_3D('',#1101,#1102,#1103);
#1105=PLANE('',#1104);
#1106=ORIENTED_EDGE('',*,*,#1095,.T.);
#1107=CARTESIAN_POINT('',(211.6,188.75,12.7));
#1108=VERTEX_POINT('',#1107);
#1109=CARTESIAN_POINT('',(211.6,188.75,12.7));
#1110=DIRECTION('',(0.,1.,0.));
#1111=VECTOR('',#1110,0.75);
#1112=LINE('',#1109,#1111);
#1113=EDGE_CURVE('',#1108,#1084,#1112,.T.);
#1114=ORIENTED_EDGE('',*,*,#1113,.F.);
#1115=CARTESIAN_POINT('',(211.6,188.75,12.7));
#1116=DIRECTION('',(1.,0.,-0.));
#1117=VECTOR('',#1116,5.);
#1118=LINE('',#1115,#1117);
#1119=EDGE_CURVE('',#1108,#1053,#1118,.T.);
#1120=ORIENTED_EDGE('',*,*,#1119,.T.);
#1121=ORIENTED_EDGE('',*,*,#1058,.T.);
#1122=EDGE_LOOP('',(#1106,#1114,#1120,#1121));
#1123=FACE_BOUND('',#1122,.T.);
#1124=ADVANCED_FACE('',(#1123),#1105,.T.);
#1125=CARTESIAN_POINT('',(214.1,188.5,10.525));
#1126=DIRECTION('',(0.,1.,0.));
#1127=DIRECTION('',(-1.,0.,0.));
#1128=AXIS2_PLACEMENT_3D('',#1125,#1126,#1127);
#1129=PLANE('',#1128);
#1130=CARTESIAN_POINT('',(211.6,188.5,12.45));
#1131=VERTEX_POINT('',#1130);
#1132=CARTESIAN_POINT('',(216.6,188.5,12.45));
#1133=DIRECTION('',(-1.,0.,0.));
#1134=VECTOR('',#1133,5.);
#1135=LINE('',#1132,#1134);
#1136=EDGE_CURVE('',#1022,#1131,#1135,.T.);
#1137=ORIENTED_EDGE('',*,*,#1136,.T.);
#1138=CARTESIAN_POINT('',(211.6,188.5,11.2));
#1139=VERTEX_POINT('',#1138);
#1140=CARTESIAN_POINT('',(211.6,188.5,11.2));
#1141=DIRECTION('',(-0.,-0.,1.));
#1142=VECTOR('',#1141,1.25);
#1143=LINE('',#1140,#1142);
#1144=EDGE_CURVE('',#1139,#1131,#1143,.T.);
#1145=ORIENTED_EDGE('',*,*,#1144,.F.);
#1146=CARTESIAN_POINT('',(216.6,188.5,11.2));
#1147=DIRECTION('',(-1.,0.,0.));
#1148=VECTOR('',#1147,5.);
#1149=LINE('',#1146,#1148);
#1150=EDGE_CURVE('',#1020,#1139,#1149,.T.);
#1151=ORIENTED_EDGE('',*,*,#1150,.F.);
#1152=ORIENTED_EDGE('',*,*,#1027,.T.);
#1153=EDGE_LOOP('',(#1137,#1145,#1151,#1152));
#1154=FACE_BOUND('',#1153,.T.);
#1155=ADVANCED_FACE('',(#1154),#1129,.F.);
#1156=CARTESIAN_POINT('',(214.1,188.75,12.45));
#1157=DIRECTION('',(1.,0.,0.));
#1158=DIRECTION('',(0.,0.,-1.));
#1159=AXIS2_PLACEMENT_3D('',#1156,#1157,#1158);
#1160=CYLINDRICAL_SURFACE('',#1159,0.25);
#1161=ORIENTED_EDGE('',*,*,#1119,.F.);
#1162=CARTESIAN_POINT('',(211.6,188.75,12.45));
#1163=DIRECTION('',(-1.,-0.,-0.));
#1164=DIRECTION('',(0.,0.,-1.));
#1165=AXIS2_PLACEMENT_3D('',#1162,#1163,#1164);
#1166=CIRCLE('',#1165,0.25);
#1167=EDGE_CURVE('',#1131,#1108,#1166,.T.);
#1168=ORIENTED_EDGE('',*,*,#1167,.F.);
#1169=ORIENTED_EDGE('',*,*,#1136,.F.);
#1170=ORIENTED_EDGE('',*,*,#1065,.F.);
#1171=EDGE_LOOP('',(#1161,#1168,#1169,#1170));
#1172=FACE_BOUND('',#1171,.T.);
#1173=ADVANCED_FACE('',(#1172),#1160,.T.);
#1174=CARTESIAN_POINT('',(120.7,179.,10.55));
#1175=DIRECTION('',(0.,-1.,0.));
#1176=DIRECTION('',(0.,0.,-1.));
#1177=AXIS2_PLACEMENT_3D('',#1174,#1175,#1176);
#1178=PLANE('',#1177);
#1179=CARTESIAN_POINT('',(11.2,179.,11.2));
#1180=VERTEX_POINT('',#1179);
#1181=CARTESIAN_POINT('',(11.2,179.,11.2));
#1182=DIRECTION('',(1.,0.,-0.));
#1183=VECTOR('',#1182,219.);
#1184=LINE('',#1181,#1183);
#1185=EDGE_CURVE('',#1180,#990,#1184,.T.);
#1186=ORIENTED_EDGE('',*,*,#1185,.F.);
#1187=CARTESIAN_POINT('',(11.2,179.,9.9));
#1188=VERTEX_POINT('',#1187);
#1189=CARTESIAN_POINT('',(11.2,179.,11.2));
#1190=DIRECTION('',(0.,0.,-1.));
#1191=VECTOR('',#1190,1.3);
#1192=LINE('',#1189,#1191);
#1193=EDGE_CURVE('',#1180,#1188,#1192,.T.);
#1194=ORIENTED_EDGE('',*,*,#1193,.T.);
#1195=CARTESIAN_POINT('',(11.2,179.,9.9));
#1196=DIRECTION('',(1.,0.,-0.));
#1197=VECTOR('',#1196,219.);
#1198=LINE('',#1195,#1197);
#1199=EDGE_CURVE('',#1188,#998,#1198,.T.);
#1200=ORIENTED_EDGE('',*,*,#1199,.T.);
#1201=ORIENTED_EDGE('',*,*,#1003,.T.);
#1202=EDGE_LOOP('',(#1186,#1194,#1200,#1201));
#1203=FACE_BOUND('',#1202,.T.);
#1204=ADVANCED_FACE('',(#1203),#1178,.T.);
#1205=CARTESIAN_POINT('',(246.6,1.5,9.9));
#1206=DIRECTION('',(0.,0.,1.));
#1207=DIRECTION('',(-1.,0.,0.));
#1208=AXIS2_PLACEMENT_3D('',#1205,#1206,#1207);
#1209=PLANE('',#1208);
#1210=ORIENTED_EDGE('',*,*,#1199,.F.);
#1211=CARTESIAN_POINT('',(11.2,14.5,9.9));
#1212=VERTEX_POINT('',#1211);
#1213=CARTESIAN_POINT('',(11.2,14.5,9.9));
#1214=DIRECTION('',(0.,1.,0.));
#1215=VECTOR('',#1214,164.5);
#1216=LINE('',#1213,#1215);
#1217=EDGE_CURVE('',#1212,#1188,#1216,.T.);
#1218=ORIENTED_EDGE('',*,*,#1217,.F.);
#1219=CARTESIAN_POINT('',(230.2,14.5,9.9));
#1220=DIRECTION('',(-1.,0.,0.));
#1221=VECTOR('',#1220,219.);
#1222=LINE('',#1219,#1221);
#1223=EDGE_CURVE('',#982,#1212,#1222,.T.);
#1224=ORIENTED_EDGE('',*,*,#1223,.F.);
#1225=ORIENTED_EDGE('',*,*,#1009,.F.);
#1226=EDGE_LOOP('',(#1210,#1218,#1224,#1225));
#1227=FACE_BOUND('',#1226,.T.);
#1228=ORIENTED_EDGE('',*,*,#959,.F.);
#1229=ORIENTED_EDGE('',*,*,#966,.F.);
#1230=EDGE_LOOP('',(#1228,#1229));
#1231=FACE_BOUND('',#1230,.T.);
#1232=ORIENTED_EDGE('',*,*,#924,.F.);
#1233=ORIENTED_EDGE('',*,*,#931,.F.);
#1234=EDGE_LOOP('',(#1232,#1233));
#1235=FACE_BOUND('',#1234,.T.);
#1236=CARTESIAN_POINT('',(214.8,2.,9.9));
#1237=VERTEX_POINT('',#1236);
#1238=CARTESIAN_POINT('',(224.3,2.,9.9));
#1239=DIRECTION('',(-1.,0.,0.));
#1240=VECTOR('',#1239,9.5);
#1241=LINE('',#1238,#1240);
#1242=EDGE_CURVE('',#471,#1237,#1241,.T.);
#1243=ORIENTED_EDGE('',*,*,#1242,.T.);
#1244=CARTESIAN_POINT('',(214.8,1.5,9.9));
#1245=VERTEX_POINT('',#1244);
#1246=CARTESIAN_POINT('',(214.8,1.5,9.9));
#1247=DIRECTION('',(0.,1.,0.));
#1248=VECTOR('',#1247,0.5);
#1249=LINE('',#1246,#1248);
#1250=EDGE_CURVE('',#1245,#1237,#1249,.T.);
#1251=ORIENTED_EDGE('',*,*,#1250,.F.);
#1252=CARTESIAN_POINT('',(33.2,1.5,9.9));
#1253=VERTEX_POINT('',#1252);
#1254=CARTESIAN_POINT('',(214.8,1.5,9.9));
#1255=DIRECTION('',(-1.,0.,0.));
#1256=VECTOR('',#1255,181.6);
#1257=LINE('',#1254,#1256);
#1258=EDGE_CURVE('',#1245,#1253,#1257,.T.);
#1259=ORIENTED_EDGE('',*,*,#1258,.T.);
#1260=CARTESIAN_POINT('',(33.2,2.,9.9));
#1261=VERTEX_POINT('',#1260);
#1262=CARTESIAN_POINT('',(33.2,2.,9.9));
#1263=DIRECTION('',(0.,-1.,0.));
#1264=VECTOR('',#1263,0.5);
#1265=LINE('',#1262,#1264);
#1266=EDGE_CURVE('',#1261,#1253,#1265,.T.);
#1267=ORIENTED_EDGE('',*,*,#1266,.F.);
#1268=CARTESIAN_POINT('',(23.7,2.,9.9));
#1269=VERTEX_POINT('',#1268);
#1270=CARTESIAN_POINT('',(33.2,2.,9.9));
#1271=DIRECTION('',(-1.,0.,0.));
#1272=VECTOR('',#1271,9.5);
#1273=LINE('',#1270,#1272);
#1274=EDGE_CURVE('',#1261,#1269,#1273,.T.);
#1275=ORIENTED_EDGE('',*,*,#1274,.T.);
#1276=CARTESIAN_POINT('',(23.7,5.7,9.9));
#1277=VERTEX_POINT('',#1276);
#1278=CARTESIAN_POINT('',(23.7,2.,9.9));
#1279=DIRECTION('',(-0.,1.,-0.));
#1280=VECTOR('',#1279,3.7);
#1281=LINE('',#1278,#1280);
#1282=EDGE_CURVE('',#1269,#1277,#1281,.T.);
#1283=ORIENTED_EDGE('',*,*,#1282,.T.);
#1284=CARTESIAN_POINT('',(11.7,5.7,9.9));
#1285=VERTEX_POINT('',#1284);
#1286=CARTESIAN_POINT('',(11.7,5.7,9.9));
#1287=DIRECTION('',(1.,0.,-0.));
#1288=VECTOR('',#1287,12.);
#1289=LINE('',#1286,#1288);
#1290=EDGE_CURVE('',#1285,#1277,#1289,.T.);
#1291=ORIENTED_EDGE('',*,*,#1290,.F.);
#1292=CARTESIAN_POINT('',(11.7,3.,9.9));
#1293=VERTEX_POINT('',#1292);
#1294=CARTESIAN_POINT('',(11.7,5.7,9.9));
#1295=DIRECTION('',(0.,-1.,0.));
#1296=VECTOR('',#1295,2.7);
#1297=LINE('',#1294,#1296);
#1298=EDGE_CURVE('',#1285,#1293,#1297,.T.);
#1299=ORIENTED_EDGE('',*,*,#1298,.T.);
#1300=CARTESIAN_POINT('',(2.9,3.,9.9));
#1301=VERTEX_POINT('',#1300);
#1302=CARTESIAN_POINT('',(11.7,3.,9.9));
#1303=DIRECTION('',(-1.,0.,0.));
#1304=VECTOR('',#1303,8.8);
#1305=LINE('',#1302,#1304);
#1306=EDGE_CURVE('',#1293,#1301,#1305,.T.);
#1307=ORIENTED_EDGE('',*,*,#1306,.T.);
#1308=CARTESIAN_POINT('',(2.4,3.5,9.9));
#1309=VERTEX_POINT('',#1308);
#1310=CARTESIAN_POINT('',(2.9,3.5,9.9));
#1311=DIRECTION('',(-0.,-0.,-1.));
#1312=DIRECTION('',(1.,0.,-0.));
#1313=AXIS2_PLACEMENT_3D('',#1310,#1311,#1312);
#1314=CIRCLE('',#1313,0.5);
#1315=EDGE_CURVE('',#1301,#1309,#1314,.T.);
#1316=ORIENTED_EDGE('',*,*,#1315,.T.);
#1317=CARTESIAN_POINT('',(2.4,187.,9.9));
#1318=VERTEX_POINT('',#1317);
#1319=CARTESIAN_POINT('',(2.4,3.5,9.9));
#1320=DIRECTION('',(-0.,1.,-0.));
#1321=VECTOR('',#1320,183.5);
#1322=LINE('',#1319,#1321);
#1323=EDGE_CURVE('',#1309,#1318,#1322,.T.);
#1324=ORIENTED_EDGE('',*,*,#1323,.T.);
#1325=CARTESIAN_POINT('',(27.8,187.,9.9));
#1326=VERTEX_POINT('',#1325);
#1327=CARTESIAN_POINT('',(27.8,187.,9.9));
#1328=DIRECTION('',(-1.,-0.,0.));
#1329=VECTOR('',#1328,25.4);
#1330=LINE('',#1327,#1329);
#1331=EDGE_CURVE('',#1326,#1318,#1330,.T.);
#1332=ORIENTED_EDGE('',*,*,#1331,.F.);
#1333=CARTESIAN_POINT('',(27.8,200.203939201,9.9));
#1334=VERTEX_POINT('',#1333);
#1335=CARTESIAN_POINT('',(27.8,200.203939201,9.9));
#1336=DIRECTION('',(0.,-1.,0.));
#1337=VECTOR('',#1336,13.203939201);
#1338=LINE('',#1335,#1337);
#1339=EDGE_CURVE('',#1334,#1326,#1338,.T.);
#1340=ORIENTED_EDGE('',*,*,#1339,.F.);
#1341=CARTESIAN_POINT('',(52.8,200.203939201,9.9));
#1342=VERTEX_POINT('',#1341);
#1343=CARTESIAN_POINT('',(52.8,200.203939201,9.9));
#1344=DIRECTION('',(-1.,-0.,0.));
#1345=VECTOR('',#1344,25.);
#1346=LINE('',#1343,#1345);
#1347=EDGE_CURVE('',#1342,#1334,#1346,.T.);
#1348=ORIENTED_EDGE('',*,*,#1347,.F.);
#1349=CARTESIAN_POINT('',(52.8,187.,9.9));
#1350=VERTEX_POINT('',#1349);
#1351=CARTESIAN_POINT('',(52.8,200.203939201,9.9));
#1352=DIRECTION('',(0.,-1.,0.));
#1353=VECTOR('',#1352,13.203939201);
#1354=LINE('',#1351,#1353);
#1355=EDGE_CURVE('',#1342,#1350,#1354,.T.);
#1356=ORIENTED_EDGE('',*,*,#1355,.T.);
#1357=CARTESIAN_POINT('',(200.95,187.,9.9));
#1358=VERTEX_POINT('',#1357);
#1359=CARTESIAN_POINT('',(200.95,187.,9.9));
#1360=DIRECTION('',(-1.,-0.,0.));
#1361=VECTOR('',#1360,148.15);
#1362=LINE('',#1359,#1361);
#1363=EDGE_CURVE('',#1358,#1350,#1362,.T.);
#1364=ORIENTED_EDGE('',*,*,#1363,.F.);
#1365=CARTESIAN_POINT('',(200.95,185.6,9.9));
#1366=VERTEX_POINT('',#1365);
#1367=CARTESIAN_POINT('',(200.95,185.6,9.9));
#1368=DIRECTION('',(0.,1.,0.));
#1369=VECTOR('',#1368,1.4);
#1370=LINE('',#1367,#1369);
#1371=EDGE_CURVE('',#1366,#1358,#1370,.T.);
#1372=ORIENTED_EDGE('',*,*,#1371,.F.);
#1373=CARTESIAN_POINT('',(201.7,184.85,9.9));
#1374=VERTEX_POINT('',#1373);
#1375=CARTESIAN_POINT('',(201.7,185.6,9.9));
#1376=DIRECTION('',(0.,0.,1.));
#1377=DIRECTION('',(1.,0.,-0.));
#1378=AXIS2_PLACEMENT_3D('',#1375,#1376,#1377);
#1379=CIRCLE('',#1378,0.75);
#1380=EDGE_CURVE('',#1366,#1374,#1379,.T.);
#1381=ORIENTED_EDGE('',*,*,#1380,.T.);
#1382=CARTESIAN_POINT('',(202.7,184.85,9.9));
#1383=VERTEX_POINT('',#1382);
#1384=CARTESIAN_POINT('',(202.7,184.85,9.9));
#1385=DIRECTION('',(-1.,0.,0.));
#1386=VECTOR('',#1385,1.);
#1387=LINE('',#1384,#1386);
#1388=EDGE_CURVE('',#1383,#1374,#1387,.T.);
#1389=ORIENTED_EDGE('',*,*,#1388,.F.);
#1390=CARTESIAN_POINT('',(203.45,185.6,9.9));
#1391=VERTEX_POINT('',#1390);
#1392=CARTESIAN_POINT('',(202.7,185.6,9.9));
#1393=DIRECTION('',(-0.,-0.,1.));
#1394=DIRECTION('',(-1.,0.,0.));
#1395=AXIS2_PLACEMENT_3D('',#1392,#1393,#1394);
#1396=CIRCLE('',#1395,0.75);
#1397=EDGE_CURVE('',#1383,#1391,#1396,.T.);
#1398=ORIENTED_EDGE('',*,*,#1397,.T.);
#1399=CARTESIAN_POINT('',(203.45,189.5,9.9));
#1400=VERTEX_POINT('',#1399);
#1401=CARTESIAN_POINT('',(203.45,185.6,9.9));
#1402=DIRECTION('',(-0.,1.,-0.));
#1403=VECTOR('',#1402,3.9);
#1404=LINE('',#1401,#1403);
#1405=EDGE_CURVE('',#1391,#1400,#1404,.T.);
#1406=ORIENTED_EDGE('',*,*,#1405,.T.);
#1407=CARTESIAN_POINT('',(208.45,189.5,9.9));
#1408=VERTEX_POINT('',#1407);
#1409=CARTESIAN_POINT('',(208.45,189.5,9.9));
#1410=DIRECTION('',(-1.,-0.,0.));
#1411=VECTOR('',#1410,5.);
#1412=LINE('',#1409,#1411);
#1413=EDGE_CURVE('',#1408,#1400,#1412,.T.);
#1414=ORIENTED_EDGE('',*,*,#1413,.F.);
#1415=CARTESIAN_POINT('',(208.45,185.6,9.9));
#1416=VERTEX_POINT('',#1415);
#1417=CARTESIAN_POINT('',(208.45,185.6,9.9));
#1418=DIRECTION('',(0.,1.,0.));
#1419=VECTOR('',#1418,3.9);
#1420=LINE('',#1417,#1419);
#1421=EDGE_CURVE('',#1416,#1408,#1420,.T.);
#1422=ORIENTED_EDGE('',*,*,#1421,.F.);
#1423=CARTESIAN_POINT('',(209.2,184.85,9.9));
#1424=VERTEX_POINT('',#1423);
#1425=CARTESIAN_POINT('',(209.2,185.6,9.9));
#1426=DIRECTION('',(0.,0.,1.));
#1427=DIRECTION('',(1.,0.,-0.));
#1428=AXIS2_PLACEMENT_3D('',#1425,#1426,#1427);
#1429=CIRCLE('',#1428,0.75);
#1430=EDGE_CURVE('',#1416,#1424,#1429,.T.);
#1431=ORIENTED_EDGE('',*,*,#1430,.T.);
#1432=CARTESIAN_POINT('',(210.85,184.85,9.9));
#1433=VERTEX_POINT('',#1432);
#1434=CARTESIAN_POINT('',(210.85,184.85,9.9));
#1435=DIRECTION('',(-1.,0.,0.));
#1436=VECTOR('',#1435,1.65);
#1437=LINE('',#1434,#1436);
#1438=EDGE_CURVE('',#1433,#1424,#1437,.T.);
#1439=ORIENTED_EDGE('',*,*,#1438,.F.);
#1440=CARTESIAN_POINT('',(211.6,185.6,9.9));
#1441=VERTEX_POINT('',#1440);
#1442=CARTESIAN_POINT('',(210.85,185.6,9.9));
#1443=DIRECTION('',(-0.,-0.,1.));
#1444=DIRECTION('',(-1.,0.,0.));
#1445=AXIS2_PLACEMENT_3D('',#1442,#1443,#1444);
#1446=CIRCLE('',#1445,0.75);
#1447=EDGE_CURVE('',#1433,#1441,#1446,.T.);
#1448=ORIENTED_EDGE('',*,*,#1447,.T.);
#1449=CARTESIAN_POINT('',(211.6,185.6,9.9));
#1450=DIRECTION('',(-0.,1.,-0.));
#1451=VECTOR('',#1450,3.9);
#1452=LINE('',#1449,#1451);
#1453=EDGE_CURVE('',#1441,#1076,#1452,.T.);
#1454=ORIENTED_EDGE('',*,*,#1453,.T.);
#1455=ORIENTED_EDGE('',*,*,#1081,.F.);
#1456=ORIENTED_EDGE('',*,*,#1042,.F.);
#1457=ORIENTED_EDGE('',*,*,#893,.T.);
#1458=ORIENTED_EDGE('',*,*,#851,.F.);
#1459=ORIENTED_EDGE('',*,*,#829,.T.);
#1460=ORIENTED_EDGE('',*,*,#787,.T.);
#1461=ORIENTED_EDGE('',*,*,#756,.F.);
#1462=ORIENTED_EDGE('',*,*,#740,.T.);
#1463=ORIENTED_EDGE('',*,*,#661,.F.);
#1464=ORIENTED_EDGE('',*,*,#622,.T.);
#1465=ORIENTED_EDGE('',*,*,#595,.T.);
#1466=ORIENTED_EDGE('',*,*,#570,.T.);
#1467=ORIENTED_EDGE('',*,*,#546,.F.);
#1468=ORIENTED_EDGE('',*,*,#498,.T.);
#1469=ORIENTED_EDGE('',*,*,#482,.F.);
#1470=EDGE_LOOP('',(#1243,#1251,#1259,#1267,#1275,#1283,#1291,#1299,#1307,#1316,#1324,#1332,#1340,#1348,#1356,#1364,#1372,#1381,#1389,#1398,#1406,#1414,#1422,#1431,#1439,#1448,
#1454,#1455,#1456,#1457,#1458,#1459,#1460,#1461,#1462,#1463,#1464,#1465,#1466,#1467,#1468,#1469));
#1471=FACE_BOUND('',#1470,.T.);
#1472=CARTESIAN_POINT('',(4.7,5.,9.9));
#1473=VERTEX_POINT('',#1472);
#1474=CARTESIAN_POINT('',(6.2,5.,9.9));
#1475=DIRECTION('',(-0.,-0.,1.));
#1476=DIRECTION('',(-1.,0.,0.));
#1477=AXIS2_PLACEMENT_3D('',#1474,#1475,#1476);
#1478=CIRCLE('',#1477,1.5);
#1479=EDGE_CURVE('',#1473,#1473,#1478,.T.);
#1480=ORIENTED_EDGE('',*,*,#1479,.T.);
#1481=EDGE_LOOP('',(#1480));
#1482=FACE_BOUND('',#1481,.T.);
#1483=CARTESIAN_POINT('',(4.7,182.3,9.9));
#1484=VERTEX_POINT('',#1483);
#1485=CARTESIAN_POINT('',(6.2,182.3,9.9));
#1486=DIRECTION('',(-0.,-0.,1.));
#1487=DIRECTION('',(-1.,0.,0.));
#1488=AXIS2_PLACEMENT_3D('',#1485,#1486,#1487);
#1489=CIRCLE('',#1488,1.5);
#1490=EDGE_CURVE('',#1484,#1484,#1489,.T.);
#1491=ORIENTED_EDGE('',*,*,#1490,.T.);
#1492=EDGE_LOOP('',(#1491));
#1493=FACE_BOUND('',#1492,.T.);
#1494=CARTESIAN_POINT('',(38.75,187.75,9.9));
#1495=VERTEX_POINT('',#1494);
#1496=CARTESIAN_POINT('',(38.25,187.75,9.9));
#1497=VERTEX_POINT('',#1496);
#1498=CARTESIAN_POINT('',(38.75,187.75,9.9));
#1499=DIRECTION('',(-1.,0.,0.));
#1500=VECTOR('',#1499,0.5);
#1501=LINE('',#1498,#1500);
#1502=EDGE_CURVE('',#1495,#1497,#1501,.T.);
#1503=ORIENTED_EDGE('',*,*,#1502,.F.);
#1504=CARTESIAN_POINT('',(39.,188.,9.9));
#1505=VERTEX_POINT('',#1504);
#1506=CARTESIAN_POINT('',(38.75,188.,9.9));
#1507=DIRECTION('',(0.,0.,1.));
#1508=DIRECTION('',(1.,0.,-0.));
#1509=AXIS2_PLACEMENT_3D('',#1506,#1507,#1508);
#1510=CIRCLE('',#1509,0.25);
#1511=EDGE_CURVE('',#1495,#1505,#1510,.T.);
#1512=ORIENTED_EDGE('',*,*,#1511,.T.);
#1513=CARTESIAN_POINT('',(39.,191.25,9.9));
#1514=VERTEX_POINT('',#1513);
#1515=CARTESIAN_POINT('',(39.,191.25,9.9));
#1516=DIRECTION('',(-0.,-1.,-0.));
#1517=VECTOR('',#1516,3.25);
#1518=LINE('',#1515,#1517);
#1519=EDGE_CURVE('',#1514,#1505,#1518,.T.);
#1520=ORIENTED_EDGE('',*,*,#1519,.F.);
#1521=CARTESIAN_POINT('',(38.75,191.5,9.9));
#1522=VERTEX_POINT('',#1521);
#1523=CARTESIAN_POINT('',(38.75,191.25,9.9));
#1524=DIRECTION('',(-0.,-0.,1.));
#1525=DIRECTION('',(-1.,0.,0.));
#1526=AXIS2_PLACEMENT_3D('',#1523,#1524,#1525);
#1527=CIRCLE('',#1526,0.25);
#1528=EDGE_CURVE('',#1514,#1522,#1527,.T.);
#1529=ORIENTED_EDGE('',*,*,#1528,.T.);
#1530=CARTESIAN_POINT('',(38.25,191.5,9.9));
#1531=VERTEX_POINT('',#1530);
#1532=CARTESIAN_POINT('',(38.75,191.5,9.9));
#1533=DIRECTION('',(-1.,0.,0.));
#1534=VECTOR('',#1533,0.5);
#1535=LINE('',#1532,#1534);
#1536=EDGE_CURVE('',#1522,#1531,#1535,.T.);
#1537=ORIENTED_EDGE('',*,*,#1536,.T.);
#1538=CARTESIAN_POINT('',(38.,191.25,9.9));
#1539=VERTEX_POINT('',#1538);
#1540=CARTESIAN_POINT('',(38.25,191.25,9.9));
#1541=DIRECTION('',(0.,0.,1.));
#1542=DIRECTION('',(1.,0.,-0.));
#1543=AXIS2_PLACEMENT_3D('',#1540,#1541,#1542);
#1544=CIRCLE('',#1543,0.25);
#1545=EDGE_CURVE('',#1531,#1539,#1544,.T.);
#1546=ORIENTED_EDGE('',*,*,#1545,.T.);
#1547=CARTESIAN_POINT('',(38.,188.,9.9));
#1548=VERTEX_POINT('',#1547);
#1549=CARTESIAN_POINT('',(38.,191.25,9.9));
#1550=DIRECTION('',(0.,-1.,0.));
#1551=VECTOR('',#1550,3.25);
#1552=LINE('',#1549,#1551);
#1553=EDGE_CURVE('',#1539,#1548,#1552,.T.);
#1554=ORIENTED_EDGE('',*,*,#1553,.T.);
#1555=CARTESIAN_POINT('',(38.25,188.,9.9));
#1556=DIRECTION('',(-0.,-0.,1.));
#1557=DIRECTION('',(-1.,0.,0.));
#1558=AXIS2_PLACEMENT_3D('',#1555,#1556,#1557);
#1559=CIRCLE('',#1558,0.25);
#1560=EDGE_CURVE('',#1548,#1497,#1559,.T.);
#1561=ORIENTED_EDGE('',*,*,#1560,.T.);
#1562=EDGE_LOOP('',(#1503,#1512,#1520,#1529,#1537,#1546,#1554,#1561));
#1563=FACE_BOUND('',#1562,.T.);
#1564=CARTESIAN_POINT('',(36.8,191.25,9.9));
#1565=VERTEX_POINT('',#1564);
#1566=CARTESIAN_POINT('',(36.8,188.,9.9));
#1567=VERTEX_POINT('',#1566);
#1568=CARTESIAN_POINT('',(36.8,191.25,9.9));
#1569=DIRECTION('',(-0.,-1.,-0.));
#1570=VECTOR('',#1569,3.25);
#1571=LINE('',#1568,#1570);
#1572=EDGE_CURVE('',#1565,#1567,#1571,.T.);
#1573=ORIENTED_EDGE('',*,*,#1572,.F.);
#1574=CARTESIAN_POINT('',(36.55,191.5,9.9));
#1575=VERTEX_POINT('',#1574);
#1576=CARTESIAN_POINT('',(36.55,191.25,9.9));
#1577=DIRECTION('',(-0.,-0.,1.));
#1578=DIRECTION('',(-1.,0.,0.));
#1579=AXIS2_PLACEMENT_3D('',#1576,#1577,#1578);
#1580=CIRCLE('',#1579,0.25);
#1581=EDGE_CURVE('',#1565,#1575,#1580,.T.);
#1582=ORIENTED_EDGE('',*,*,#1581,.T.);
#1583=CARTESIAN_POINT('',(36.05,191.5,9.9));
#1584=VERTEX_POINT('',#1583);
#1585=CARTESIAN_POINT('',(36.55,191.5,9.9));
#1586=DIRECTION('',(-1.,0.,0.));
#1587=VECTOR('',#1586,0.5);
#1588=LINE('',#1585,#1587);
#1589=EDGE_CURVE('',#1575,#1584,#1588,.T.);
#1590=ORIENTED_EDGE('',*,*,#1589,.T.);
#1591=CARTESIAN_POINT('',(35.8,191.25,9.9));
#1592=VERTEX_POINT('',#1591);
#1593=CARTESIAN_POINT('',(36.05,191.25,9.9));
#1594=DIRECTION('',(0.,0.,1.));
#1595=DIRECTION('',(1.,0.,-0.));
#1596=AXIS2_PLACEMENT_3D('',#1593,#1594,#1595);
#1597=CIRCLE('',#1596,0.25);
#1598=EDGE_CURVE('',#1584,#1592,#1597,.T.);
#1599=ORIENTED_EDGE('',*,*,#1598,.T.);
#1600=CARTESIAN_POINT('',(35.8,188.,9.9));
#1601=VERTEX_POINT('',#1600);
#1602=CARTESIAN_POINT('',(35.8,191.25,9.9));
#1603=DIRECTION('',(0.,-1.,0.));
#1604=VECTOR('',#1603,3.25);
#1605=LINE('',#1602,#1604);
#1606=EDGE_CURVE('',#1592,#1601,#1605,.T.);
#1607=ORIENTED_EDGE('',*,*,#1606,.T.);
#1608=CARTESIAN_POINT('',(36.05,187.75,9.9));
#1609=VERTEX_POINT('',#1608);
#1610=CARTESIAN_POINT('',(36.05,188.,9.9));
#1611=DIRECTION('',(-0.,-0.,1.));
#1612=DIRECTION('',(-1.,0.,0.));
#1613=AXIS2_PLACEMENT_3D('',#1610,#1611,#1612);
#1614=CIRCLE('',#1613,0.25);
#1615=EDGE_CURVE('',#1601,#1609,#1614,.T.);
#1616=ORIENTED_EDGE('',*,*,#1615,.T.);
#1617=CARTESIAN_POINT('',(36.55,187.75,9.9));
#1618=VERTEX_POINT('',#1617);
#1619=CARTESIAN_POINT('',(36.55,187.75,9.9));
#1620=DIRECTION('',(-1.,0.,0.));
#1621=VECTOR('',#1620,0.5);
#1622=LINE('',#1619,#1621);
#1623=EDGE_CURVE('',#1618,#1609,#1622,.T.);
#1624=ORIENTED_EDGE('',*,*,#1623,.F.);
#1625=CARTESIAN_POINT('',(36.55,188.,9.9));
#1626=DIRECTION('',(0.,0.,1.));
#1627=DIRECTION('',(1.,0.,-0.));
#1628=AXIS2_PLACEMENT_3D('',#1625,#1626,#1627);
#1629=CIRCLE('',#1628,0.25);
#1630=EDGE_CURVE('',#1618,#1567,#1629,.T.);
#1631=ORIENTED_EDGE('',*,*,#1630,.T.);
#1632=EDGE_LOOP('',(#1573,#1582,#1590,#1599,#1607,#1616,#1624,#1631));
#1633=FACE_BOUND('',#1632,.T.);
#1634=ADVANCED_FACE('',(#1227,#1231,#1235,#1471,#1482,#1493,#1563,#1633),#1209,.F.);
#1635=CARTESIAN_POINT('',(245.1,1.5,11.2));
#1636=DIRECTION('',(0.,0.,1.));
#1637=DIRECTION('',(-1.,0.,0.));
#1638=AXIS2_PLACEMENT_3D('',#1635,#1636,#1637);
#1639=PLANE('',#1638);
#1640=ORIENTED_EDGE('',*,*,#1150,.T.);
#1641=CARTESIAN_POINT('',(211.6,185.6,11.2));
#1642=VERTEX_POINT('',#1641);
#1643=CARTESIAN_POINT('',(211.6,185.6,11.2));
#1644=DIRECTION('',(0.,1.,0.));
#1645=VECTOR('',#1644,2.9);
#1646=LINE('',#1643,#1645);
#1647=EDGE_CURVE('',#1642,#1139,#1646,.T.);
#1648=ORIENTED_EDGE('',*,*,#1647,.F.);
#1649=CARTESIAN_POINT('',(210.85,184.85,11.2));
#1650=VERTEX_POINT('',#1649);
#1651=CARTESIAN_POINT('',(210.85,185.6,11.2));
#1652=DIRECTION('',(0.,0.,-1.));
#1653=DIRECTION('',(-1.,0.,0.));
#1654=AXIS2_PLACEMENT_3D('',#1651,#1652,#1653);
#1655=CIRCLE('',#1654,0.75);
#1656=EDGE_CURVE('',#1642,#1650,#1655,.T.);
#1657=ORIENTED_EDGE('',*,*,#1656,.T.);
#1658=CARTESIAN_POINT('',(209.2,184.85,11.2));
#1659=VERTEX_POINT('',#1658);
#1660=CARTESIAN_POINT('',(210.85,184.85,11.2));
#1661=DIRECTION('',(-1.,0.,0.));
#1662=VECTOR('',#1661,1.65);
#1663=LINE('',#1660,#1662);
#1664=EDGE_CURVE('',#1650,#1659,#1663,.T.);
#1665=ORIENTED_EDGE('',*,*,#1664,.T.);
#1666=CARTESIAN_POINT('',(208.45,185.6,11.2));
#1667=VERTEX_POINT('',#1666);
#1668=CARTESIAN_POINT('',(209.2,185.6,11.2));
#1669=DIRECTION('',(-0.,-0.,-1.));
#1670=DIRECTION('',(1.,0.,-0.));
#1671=AXIS2_PLACEMENT_3D('',#1668,#1669,#1670);
#1672=CIRCLE('',#1671,0.75);
#1673=EDGE_CURVE('',#1659,#1667,#1672,.T.);
#1674=ORIENTED_EDGE('',*,*,#1673,.T.);
#1675=CARTESIAN_POINT('',(208.45,188.5,11.2));
#1676=VERTEX_POINT('',#1675);
#1677=CARTESIAN_POINT('',(208.45,185.6,11.2));
#1678=DIRECTION('',(-0.,1.,-0.));
#1679=VECTOR('',#1678,2.9);
#1680=LINE('',#1677,#1679);
#1681=EDGE_CURVE('',#1667,#1676,#1680,.T.);
#1682=ORIENTED_EDGE('',*,*,#1681,.T.);
#1683=CARTESIAN_POINT('',(203.45,188.5,11.2));
#1684=VERTEX_POINT('',#1683);
#1685=CARTESIAN_POINT('',(208.45,188.5,11.2));
#1686=DIRECTION('',(-1.,0.,0.));
#1687=VECTOR('',#1686,5.);
#1688=LINE('',#1685,#1687);
#1689=EDGE_CURVE('',#1676,#1684,#1688,.T.);
#1690=ORIENTED_EDGE('',*,*,#1689,.T.);
#1691=CARTESIAN_POINT('',(203.45,185.6,11.2));
#1692=VERTEX_POINT('',#1691);
#1693=CARTESIAN_POINT('',(203.45,185.6,11.2));
#1694=DIRECTION('',(0.,1.,0.));
#1695=VECTOR('',#1694,2.9);
#1696=LINE('',#1693,#1695);
#1697=EDGE_CURVE('',#1692,#1684,#1696,.T.);
#1698=ORIENTED_EDGE('',*,*,#1697,.F.);
#1699=CARTESIAN_POINT('',(202.7,184.85,11.2));
#1700=VERTEX_POINT('',#1699);
#1701=CARTESIAN_POINT('',(202.7,185.6,11.2));
#1702=DIRECTION('',(0.,0.,-1.));
#1703=DIRECTION('',(-1.,0.,0.));
#1704=AXIS2_PLACEMENT_3D('',#1701,#1702,#1703);
#1705=CIRCLE('',#1704,0.75);
#1706=EDGE_CURVE('',#1692,#1700,#1705,.T.);
#1707=ORIENTED_EDGE('',*,*,#1706,.T.);
#1708=CARTESIAN_POINT('',(201.7,184.85,11.2));
#1709=VERTEX_POINT('',#1708);
#1710=CARTESIAN_POINT('',(202.7,184.85,11.2));
#1711=DIRECTION('',(-1.,0.,0.));
#1712=VECTOR('',#1711,1.);
#1713=LINE('',#1710,#1712);
#1714=EDGE_CURVE('',#1700,#1709,#1713,.T.);
#1715=ORIENTED_EDGE('',*,*,#1714,.T.);
#1716=CARTESIAN_POINT('',(200.95,185.6,11.2));
#1717=VERTEX_POINT('',#1716);
#1718=CARTESIAN_POINT('',(201.7,185.6,11.2));
#1719=DIRECTION('',(-0.,-0.,-1.));
#1720=DIRECTION('',(1.,0.,-0.));
#1721=AXIS2_PLACEMENT_3D('',#1718,#1719,#1720);
#1722=CIRCLE('',#1721,0.75);
#1723=EDGE_CURVE('',#1709,#1717,#1722,.T.);
#1724=ORIENTED_EDGE('',*,*,#1723,.T.);
#1725=CARTESIAN_POINT('',(200.95,187.,11.2));
#1726=VERTEX_POINT('',#1725);
#1727=CARTESIAN_POINT('',(200.95,185.6,11.2));
#1728=DIRECTION('',(-0.,1.,-0.));
#1729=VECTOR('',#1728,1.4);
#1730=LINE('',#1727,#1729);
#1731=EDGE_CURVE('',#1717,#1726,#1730,.T.);
#1732=ORIENTED_EDGE('',*,*,#1731,.T.);
#1733=CARTESIAN_POINT('',(52.8,187.,11.2));
#1734=VERTEX_POINT('',#1733);
#1735=CARTESIAN_POINT('',(200.95,187.,11.2));
#1736=DIRECTION('',(-1.,0.,0.));
#1737=VECTOR('',#1736,148.15);
#1738=LINE('',#1735,#1737);
#1739=EDGE_CURVE('',#1726,#1734,#1738,.T.);
#1740=ORIENTED_EDGE('',*,*,#1739,.T.);
#1741=CARTESIAN_POINT('',(52.8,199.25,11.2));
#1742=VERTEX_POINT('',#1741);
#1743=CARTESIAN_POINT('',(52.8,199.25,11.2));
#1744=DIRECTION('',(-0.,-1.,-0.));
#1745=VECTOR('',#1744,12.25);
#1746=LINE('',#1743,#1745);
#1747=EDGE_CURVE('',#1742,#1734,#1746,.T.);
#1748=ORIENTED_EDGE('',*,*,#1747,.F.);
#1749=CARTESIAN_POINT('',(27.8,199.25,11.2));
#1750=VERTEX_POINT('',#1749);
#1751=CARTESIAN_POINT('',(52.8,199.25,11.2));
#1752=DIRECTION('',(-1.,0.,0.));
#1753=VECTOR('',#1752,25.);
#1754=LINE('',#1751,#1753);
#1755=EDGE_CURVE('',#1742,#1750,#1754,.T.);
#1756=ORIENTED_EDGE('',*,*,#1755,.T.);
#1757=CARTESIAN_POINT('',(27.8,187.,11.2));
#1758=VERTEX_POINT('',#1757);
#1759=CARTESIAN_POINT('',(27.8,199.25,11.2));
#1760=DIRECTION('',(0.,-1.,0.));
#1761=VECTOR('',#1760,12.25);
#1762=LINE('',#1759,#1761);
#1763=EDGE_CURVE('',#1750,#1758,#1762,.T.);
#1764=ORIENTED_EDGE('',*,*,#1763,.T.);
#1765=CARTESIAN_POINT('',(2.75,187.,11.2));
#1766=VERTEX_POINT('',#1765);
#1767=CARTESIAN_POINT('',(27.8,187.,11.2));
#1768=DIRECTION('',(-1.,0.,0.));
#1769=VECTOR('',#1768,25.05);
#1770=LINE('',#1767,#1769);
#1771=EDGE_CURVE('',#1758,#1766,#1770,.T.);
#1772=ORIENTED_EDGE('',*,*,#1771,.T.);
#1773=CARTESIAN_POINT('',(2.75,3.5,11.2));
#1774=VERTEX_POINT('',#1773);
#1775=CARTESIAN_POINT('',(2.75,187.,11.2));
#1776=DIRECTION('',(0.,-1.,0.));
#1777=VECTOR('',#1776,183.5);
#1778=LINE('',#1775,#1777);
#1779=EDGE_CURVE('',#1766,#1774,#1778,.T.);
#1780=ORIENTED_EDGE('',*,*,#1779,.T.);
#1781=CARTESIAN_POINT('',(3.75,2.5,11.2));
#1782=VERTEX_POINT('',#1781);
#1783=CARTESIAN_POINT('',(3.75,3.5,11.2));
#1784=DIRECTION('',(-0.,-0.,1.));
#1785=DIRECTION('',(-1.,0.,0.));
#1786=AXIS2_PLACEMENT_3D('',#1783,#1784,#1785);
#1787=CIRCLE('',#1786,1.);
#1788=EDGE_CURVE('',#1774,#1782,#1787,.T.);
#1789=ORIENTED_EDGE('',*,*,#1788,.T.);
#1790=CARTESIAN_POINT('',(11.2,2.5,11.2));
#1791=VERTEX_POINT('',#1790);
#1792=CARTESIAN_POINT('',(3.75,2.5,11.2));
#1793=DIRECTION('',(1.,-0.,-0.));
#1794=VECTOR('',#1793,7.45);
#1795=LINE('',#1792,#1794);
#1796=EDGE_CURVE('',#1782,#1791,#1795,.T.);
#1797=ORIENTED_EDGE('',*,*,#1796,.T.);
#1798=CARTESIAN_POINT('',(11.2,7.,11.2));
#1799=VERTEX_POINT('',#1798);
#1800=CARTESIAN_POINT('',(11.2,7.,11.2));
#1801=DIRECTION('',(0.,-1.,0.));
#1802=VECTOR('',#1801,4.5);
#1803=LINE('',#1800,#1802);
#1804=EDGE_CURVE('',#1799,#1791,#1803,.T.);
#1805=ORIENTED_EDGE('',*,*,#1804,.F.);
#1806=CARTESIAN_POINT('',(24.2,7.,11.2));
#1807=VERTEX_POINT('',#1806);
#1808=CARTESIAN_POINT('',(24.2,7.,11.2));
#1809=DIRECTION('',(-1.,0.,0.));
#1810=VECTOR('',#1809,13.);
#1811=LINE('',#1808,#1810);
#1812=EDGE_CURVE('',#1807,#1799,#1811,.T.);
#1813=ORIENTED_EDGE('',*,*,#1812,.F.);
#1814=CARTESIAN_POINT('',(24.2,2.5,11.2));
#1815=VERTEX_POINT('',#1814);
#1816=CARTESIAN_POINT('',(24.2,7.,11.2));
#1817=DIRECTION('',(0.,-1.,0.));
#1818=VECTOR('',#1817,4.5);
#1819=LINE('',#1816,#1818);
#1820=EDGE_CURVE('',#1807,#1815,#1819,.T.);
#1821=ORIENTED_EDGE('',*,*,#1820,.T.);
#1822=CARTESIAN_POINT('',(223.8,2.5,11.2));
#1823=VERTEX_POINT('',#1822);
#1824=CARTESIAN_POINT('',(223.8,2.5,11.2));
#1825=DIRECTION('',(-1.,-0.,0.));
#1826=VECTOR('',#1825,199.6);
#1827=LINE('',#1824,#1826);
#1828=EDGE_CURVE('',#1823,#1815,#1827,.T.);
#1829=ORIENTED_EDGE('',*,*,#1828,.F.);
#1830=CARTESIAN_POINT('',(223.8,7.,11.2));
#1831=VERTEX_POINT('',#1830);
#1832=CARTESIAN_POINT('',(223.8,2.5,11.2));
#1833=DIRECTION('',(-0.,1.,-0.));
#1834=VECTOR('',#1833,4.5);
#1835=LINE('',#1832,#1834);
#1836=EDGE_CURVE('',#1823,#1831,#1835,.T.);
#1837=ORIENTED_EDGE('',*,*,#1836,.T.);
#1838=CARTESIAN_POINT('',(236.8,7.,11.2));
#1839=VERTEX_POINT('',#1838);
#1840=CARTESIAN_POINT('',(223.8,7.,11.2));
#1841=DIRECTION('',(1.,-0.,-0.));
#1842=VECTOR('',#1841,13.);
#1843=LINE('',#1840,#1842);
#1844=EDGE_CURVE('',#1831,#1839,#1843,.T.);
#1845=ORIENTED_EDGE('',*,*,#1844,.T.);
#1846=CARTESIAN_POINT('',(236.8,2.5,11.2));
#1847=VERTEX_POINT('',#1846);
#1848=CARTESIAN_POINT('',(236.8,7.,11.2));
#1849=DIRECTION('',(0.,-1.,0.));
#1850=VECTOR('',#1849,4.5);
#1851=LINE('',#1848,#1850);
#1852=EDGE_CURVE('',#1839,#1847,#1851,.T.);
#1853=ORIENTED_EDGE('',*,*,#1852,.T.);
#1854=CARTESIAN_POINT('',(244.25,2.5,11.2));
#1855=VERTEX_POINT('',#1854);
#1856=CARTESIAN_POINT('',(244.25,2.5,11.2));
#1857=DIRECTION('',(-1.,-0.,0.));
#1858=VECTOR('',#1857,7.45);
#1859=LINE('',#1856,#1858);
#1860=EDGE_CURVE('',#1855,#1847,#1859,.T.);
#1861=ORIENTED_EDGE('',*,*,#1860,.F.);
#1862=CARTESIAN_POINT('',(244.25,3.5,11.2));
#1863=DIRECTION('',(0.,0.,-1.));
#1864=DIRECTION('',(-1.,0.,0.));
#1865=AXIS2_PLACEMENT_3D('',#1862,#1863,#1864);
#1866=CIRCLE('',#1865,1.);
#1867=EDGE_CURVE('',#682,#1855,#1866,.T.);
#1868=ORIENTED_EDGE('',*,*,#1867,.F.);
#1869=ORIENTED_EDGE('',*,*,#687,.T.);
#1870=ORIENTED_EDGE('',*,*,#770,.T.);
#1871=ORIENTED_EDGE('',*,*,#801,.F.);
#1872=ORIENTED_EDGE('',*,*,#819,.T.);
#1873=ORIENTED_EDGE('',*,*,#865,.T.);
#1874=ORIENTED_EDGE('',*,*,#883,.T.);
#1875=ORIENTED_EDGE('',*,*,#1033,.T.);
#1876=EDGE_LOOP('',(#1640,#1648,#1657,#1665,#1674,#1682,#1690,#1698,#1707,#1715,#1724,#1732,#1740,#1748,#1756,#1764,#1772,#1780,#1789,#1797,#1805,#1813,#1821,#1829,#1837,#1845,
#1853,#1861,#1868,#1869,#1870,#1871,#1872,#1873,#1874,#1875));
#1877=FACE_BOUND('',#1876,.T.);
#1878=CARTESIAN_POINT('',(11.2,14.5,11.2));
#1879=VERTEX_POINT('',#1878);
#1880=CARTESIAN_POINT('',(11.2,14.5,11.2));
#1881=DIRECTION('',(0.,1.,0.));
#1882=VECTOR('',#1881,164.5);
#1883=LINE('',#1880,#1882);
#1884=EDGE_CURVE('',#1879,#1180,#1883,.T.);
#1885=ORIENTED_EDGE('',*,*,#1884,.T.);
#1886=ORIENTED_EDGE('',*,*,#1185,.T.);
#1887=ORIENTED_EDGE('',*,*,#995,.T.);
#1888=CARTESIAN_POINT('',(230.2,14.5,11.2));
#1889=DIRECTION('',(-1.,0.,0.));
#1890=VECTOR('',#1889,219.);
#1891=LINE('',#1888,#1890);
#1892=EDGE_CURVE('',#980,#1879,#1891,.T.);
#1893=ORIENTED_EDGE('',*,*,#1892,.T.);
#1894=EDGE_LOOP('',(#1885,#1886,#1887,#1893));
#1895=FACE_BOUND('',#1894,.T.);
#1896=ORIENTED_EDGE('',*,*,#202,.T.);
#1897=ORIENTED_EDGE('',*,*,#209,.T.);
#1898=EDGE_LOOP('',(#1896,#1897));
#1899=FACE_BOUND('',#1898,.T.);
#1900=ORIENTED_EDGE('',*,*,#167,.T.);
#1901=ORIENTED_EDGE('',*,*,#174,.T.);
#1902=EDGE_LOOP('',(#1900,#1901));
#1903=FACE_BOUND('',#1902,.T.);
#1904=CARTESIAN_POINT('',(8.45,5.,11.2));
#1905=VERTEX_POINT('',#1904);
#1906=CARTESIAN_POINT('',(6.2,5.,11.2));
#1907=DIRECTION('',(0.,0.,1.));
#1908=DIRECTION('',(1.,0.,-0.));
#1909=AXIS2_PLACEMENT_3D('',#1906,#1907,#1908);
#1910=CIRCLE('',#1909,2.25);
#1911=EDGE_CURVE('',#1905,#1905,#1910,.T.);
#1912=ORIENTED_EDGE('',*,*,#1911,.F.);
#1913=EDGE_LOOP('',(#1912));
#1914=FACE_BOUND('',#1913,.T.);
#1915=CARTESIAN_POINT('',(8.45,182.3,11.2));
#1916=VERTEX_POINT('',#1915);
#1917=CARTESIAN_POINT('',(6.2,182.3,11.2));
#1918=DIRECTION('',(0.,0.,1.));
#1919=DIRECTION('',(1.,0.,-0.));
#1920=AXIS2_PLACEMENT_3D('',#1917,#1918,#1919);
#1921=CIRCLE('',#1920,2.25);
#1922=EDGE_CURVE('',#1916,#1916,#1921,.T.);
#1923=ORIENTED_EDGE('',*,*,#1922,.F.);
#1924=EDGE_LOOP('',(#1923));
#1925=FACE_BOUND('',#1924,.T.);
#1926=CARTESIAN_POINT('',(39.,191.25,11.2));
#1927=VERTEX_POINT('',#1926);
#1928=CARTESIAN_POINT('',(39.,188.,11.2));
#1929=VERTEX_POINT('',#1928);
#1930=CARTESIAN_POINT('',(39.,191.25,11.2));
#1931=DIRECTION('',(0.,-1.,0.));
#1932=VECTOR('',#1931,3.25);
#1933=LINE('',#1930,#1932);
#1934=EDGE_CURVE('',#1927,#1929,#1933,.T.);
#1935=ORIENTED_EDGE('',*,*,#1934,.T.);
#1936=CARTESIAN_POINT('',(38.75,187.75,11.2));
#1937=VERTEX_POINT('',#1936);
#1938=CARTESIAN_POINT('',(38.75,188.,11.2));
#1939=DIRECTION('',(-0.,-0.,-1.));
#1940=DIRECTION('',(1.,0.,-0.));
#1941=AXIS2_PLACEMENT_3D('',#1938,#1939,#1940);
#1942=CIRCLE('',#1941,0.25);
#1943=EDGE_CURVE('',#1929,#1937,#1942,.T.);
#1944=ORIENTED_EDGE('',*,*,#1943,.T.);
#1945=CARTESIAN_POINT('',(38.25,187.75,11.2));
#1946=VERTEX_POINT('',#1945);
#1947=CARTESIAN_POINT('',(38.75,187.75,11.2));
#1948=DIRECTION('',(-1.,0.,0.));
#1949=VECTOR('',#1948,0.5);
#1950=LINE('',#1947,#1949);
#1951=EDGE_CURVE('',#1937,#1946,#1950,.T.);
#1952=ORIENTED_EDGE('',*,*,#1951,.T.);
#1953=CARTESIAN_POINT('',(38.,188.,11.2));
#1954=VERTEX_POINT('',#1953);
#1955=CARTESIAN_POINT('',(38.25,188.,11.2));
#1956=DIRECTION('',(0.,0.,-1.));
#1957=DIRECTION('',(-1.,0.,0.));
#1958=AXIS2_PLACEMENT_3D('',#1955,#1956,#1957);
#1959=CIRCLE('',#1958,0.25);
#1960=EDGE_CURVE('',#1946,#1954,#1959,.T.);
#1961=ORIENTED_EDGE('',*,*,#1960,.T.);
#1962=CARTESIAN_POINT('',(38.,191.25,11.2));
#1963=VERTEX_POINT('',#1962);
#1964=CARTESIAN_POINT('',(38.,191.25,11.2));
#1965=DIRECTION('',(-0.,-1.,-0.));
#1966=VECTOR('',#1965,3.25);
#1967=LINE('',#1964,#1966);
#1968=EDGE_CURVE('',#1963,#1954,#1967,.T.);
#1969=ORIENTED_EDGE('',*,*,#1968,.F.);
#1970=CARTESIAN_POINT('',(38.25,191.5,11.2));
#1971=VERTEX_POINT('',#1970);
#1972=CARTESIAN_POINT('',(38.25,191.25,11.2));
#1973=DIRECTION('',(-0.,-0.,-1.));
#1974=DIRECTION('',(1.,0.,-0.));
#1975=AXIS2_PLACEMENT_3D('',#1972,#1973,#1974);
#1976=CIRCLE('',#1975,0.25);
#1977=EDGE_CURVE('',#1963,#1971,#1976,.T.);
#1978=ORIENTED_EDGE('',*,*,#1977,.T.);
#1979=CARTESIAN_POINT('',(38.75,191.5,11.2));
#1980=VERTEX_POINT('',#1979);
#1981=CARTESIAN_POINT('',(38.75,191.5,11.2));
#1982=DIRECTION('',(-1.,0.,0.));
#1983=VECTOR('',#1982,0.5);
#1984=LINE('',#1981,#1983);
#1985=EDGE_CURVE('',#1980,#1971,#1984,.T.);
#1986=ORIENTED_EDGE('',*,*,#1985,.F.);
#1987=CARTESIAN_POINT('',(38.75,191.25,11.2));
#1988=DIRECTION('',(0.,0.,-1.));
#1989=DIRECTION('',(-1.,0.,0.));
#1990=AXIS2_PLACEMENT_3D('',#1987,#1988,#1989);
#1991=CIRCLE('',#1990,0.25);
#1992=EDGE_CURVE('',#1980,#1927,#1991,.T.);
#1993=ORIENTED_EDGE('',*,*,#1992,.T.);
#1994=EDGE_LOOP('',(#1935,#1944,#1952,#1961,#1969,#1978,#1986,#1993));
#1995=FACE_BOUND('',#1994,.T.);
#1996=CARTESIAN_POINT('',(36.55,191.5,11.2));
#1997=VERTEX_POINT('',#1996);
#1998=CARTESIAN_POINT('',(36.05,191.5,11.2));
#1999=VERTEX_POINT('',#1998);
#2000=CARTESIAN_POINT('',(36.55,191.5,11.2));
#2001=DIRECTION('',(-1.,0.,0.));
#2002=VECTOR('',#2001,0.5);
#2003=LINE('',#2000,#2002);
#2004=EDGE_CURVE('',#1997,#1999,#2003,.T.);
#2005=ORIENTED_EDGE('',*,*,#2004,.F.);
#2006=CARTESIAN_POINT('',(36.8,191.25,11.2));
#2007=VERTEX_POINT('',#2006);
#2008=CARTESIAN_POINT('',(36.55,191.25,11.2));
#2009=DIRECTION('',(0.,0.,-1.));
#2010=DIRECTION('',(-1.,0.,0.));
#2011=AXIS2_PLACEMENT_3D('',#2008,#2009,#2010);
#2012=CIRCLE('',#2011,0.25);
#2013=EDGE_CURVE('',#1997,#2007,#2012,.T.);
#2014=ORIENTED_EDGE('',*,*,#2013,.T.);
#2015=CARTESIAN_POINT('',(36.8,188.,11.2));
#2016=VERTEX_POINT('',#2015);
#2017=CARTESIAN_POINT('',(36.8,191.25,11.2));
#2018=DIRECTION('',(0.,-1.,0.));
#2019=VECTOR('',#2018,3.25);
#2020=LINE('',#2017,#2019);
#2021=EDGE_CURVE('',#2007,#2016,#2020,.T.);
#2022=ORIENTED_EDGE('',*,*,#2021,.T.);
#2023=CARTESIAN_POINT('',(36.55,187.75,11.2));
#2024=VERTEX_POINT('',#2023);
#2025=CARTESIAN_POINT('',(36.55,188.,11.2));
#2026=DIRECTION('',(-0.,-0.,-1.));
#2027=DIRECTION('',(1.,0.,-0.));
#2028=AXIS2_PLACEMENT_3D('',#2025,#2026,#2027);
#2029=CIRCLE('',#2028,0.25);
#2030=EDGE_CURVE('',#2016,#2024,#2029,.T.);
#2031=ORIENTED_EDGE('',*,*,#2030,.T.);
#2032=CARTESIAN_POINT('',(36.05,187.75,11.2));
#2033=VERTEX_POINT('',#2032);
#2034=CARTESIAN_POINT('',(36.55,187.75,11.2));
#2035=DIRECTION('',(-1.,0.,0.));
#2036=VECTOR('',#2035,0.5);
#2037=LINE('',#2034,#2036);
#2038=EDGE_CURVE('',#2024,#2033,#2037,.T.);
#2039=ORIENTED_EDGE('',*,*,#2038,.T.);
#2040=CARTESIAN_POINT('',(35.8,188.,11.2));
#2041=VERTEX_POINT('',#2040);
#2042=CARTESIAN_POINT('',(36.05,188.,11.2));
#2043=DIRECTION('',(0.,0.,-1.));
#2044=DIRECTION('',(-1.,0.,0.));
#2045=AXIS2_PLACEMENT_3D('',#2042,#2043,#2044);
#2046=CIRCLE('',#2045,0.25);
#2047=EDGE_CURVE('',#2033,#2041,#2046,.T.);
#2048=ORIENTED_EDGE('',*,*,#2047,.T.);
#2049=CARTESIAN_POINT('',(35.8,191.25,11.2));
#2050=VERTEX_POINT('',#2049);
#2051=CARTESIAN_POINT('',(35.8,191.25,11.2));
#2052=DIRECTION('',(-0.,-1.,-0.));
#2053=VECTOR('',#2052,3.25);
#2054=LINE('',#2051,#2053);
#2055=EDGE_CURVE('',#2050,#2041,#2054,.T.);
#2056=ORIENTED_EDGE('',*,*,#2055,.F.);
#2057=CARTESIAN_POINT('',(36.05,191.25,11.2));
#2058=DIRECTION('',(-0.,-0.,-1.));
#2059=DIRECTION('',(1.,0.,-0.));
#2060=AXIS2_PLACEMENT_3D('',#2057,#2058,#2059);
#2061=CIRCLE('',#2060,0.25);
#2062=EDGE_CURVE('',#2050,#1999,#2061,.T.);
#2063=ORIENTED_EDGE('',*,*,#2062,.T.);
#2064=EDGE_LOOP('',(#2005,#2014,#2022,#2031,#2039,#2048,#2056,#2063));
#2065=FACE_BOUND('',#2064,.T.);
#2066=ADVANCED_FACE('',(#1877,#1895,#1899,#1903,#1914,#1925,#1995,#2065),#1639,.T.);
#2067=CARTESIAN_POINT('',(246.6,2.,11.2));
#2068=DIRECTION('',(0.,1.,0.));
#2069=DIRECTION('',(0.,0.,1.));
#2070=AXIS2_PLACEMENT_3D('',#2067,#2068,#2069);
#2071=PLANE('',#2070);
#2072=ORIENTED_EDGE('',*,*,#476,.F.);
#2073=CARTESIAN_POINT('',(225.8,2.,14.55));
#2074=VERTEX_POINT('',#2073);
#2075=CARTESIAN_POINT('',(225.8,2.,14.55));
#2076=DIRECTION('',(-1.,0.,0.));
#2077=VECTOR('',#2076,1.5);
#2078=LINE('',#2075,#2077);
#2079=EDGE_CURVE('',#2074,#463,#2078,.T.);
#2080=ORIENTED_EDGE('',*,*,#2079,.F.);
#2081=CARTESIAN_POINT('',(225.8,2.,19.8));
#2082=VERTEX_POINT('',#2081);
#2083=CARTESIAN_POINT('',(225.8,2.,19.8));
#2084=DIRECTION('',(0.,0.,-1.));
#2085=VECTOR('',#2084,5.25);
#2086=LINE('',#2083,#2085);
#2087=EDGE_CURVE('',#2082,#2074,#2086,.T.);
#2088=ORIENTED_EDGE('',*,*,#2087,.F.);
#2089=CARTESIAN_POINT('',(222.599998931,2.,19.8));
#2090=VERTEX_POINT('',#2089);
#2091=CARTESIAN_POINT('',(222.599998931,2.,19.8));
#2092=DIRECTION('',(1.,0.,-0.));
#2093=VECTOR('',#2092,3.200001069);
#2094=LINE('',#2091,#2093);
#2095=EDGE_CURVE('',#2090,#2082,#2094,.T.);
#2096=ORIENTED_EDGE('',*,*,#2095,.F.);
#2097=CARTESIAN_POINT('',(222.099998931,2.,20.3));
#2098=VERTEX_POINT('',#2097);
#2099=CARTESIAN_POINT('',(222.599998931,2.,20.3));
#2100=DIRECTION('',(0.,1.,0.));
#2101=DIRECTION('',(0.,-0.,1.));
#2102=AXIS2_PLACEMENT_3D('',#2099,#2100,#2101);
#2103=CIRCLE('',#2102,0.5);
#2104=EDGE_CURVE('',#2090,#2098,#2103,.T.);
#2105=ORIENTED_EDGE('',*,*,#2104,.T.);
#2106=CARTESIAN_POINT('',(222.099998931,2.,20.95));
#2107=VERTEX_POINT('',#2106);
#2108=CARTESIAN_POINT('',(222.099998931,2.,20.3));
#2109=DIRECTION('',(0.,0.,1.));
#2110=VECTOR('',#2109,0.65);
#2111=LINE('',#2108,#2110);
#2112=EDGE_CURVE('',#2098,#2107,#2111,.T.);
#2113=ORIENTED_EDGE('',*,*,#2112,.T.);
#2114=CARTESIAN_POINT('',(214.8,2.,20.95));
#2115=VERTEX_POINT('',#2114);
#2116=CARTESIAN_POINT('',(222.099998931,2.,20.95));
#2117=DIRECTION('',(-1.,0.,0.));
#2118=VECTOR('',#2117,7.299998931);
#2119=LINE('',#2116,#2118);
#2120=EDGE_CURVE('',#2107,#2115,#2119,.T.);
#2121=ORIENTED_EDGE('',*,*,#2120,.T.);
#2122=CARTESIAN_POINT('',(214.8,2.,20.95));
#2123=DIRECTION('',(0.,0.,-1.));
#2124=VECTOR('',#2123,11.05);
#2125=LINE('',#2122,#2124);
#2126=EDGE_CURVE('',#2115,#1237,#2125,.T.);
#2127=ORIENTED_EDGE('',*,*,#2126,.T.);
#2128=ORIENTED_EDGE('',*,*,#1242,.F.);
#2129=EDGE_LOOP('',(#2072,#2080,#2088,#2096,#2105,#2113,#2121,#2127,#2128));
#2130=FACE_BOUND('',#2129,.T.);
#2131=ADVANCED_FACE('',(#2130),#2071,.F.);
#2132=CARTESIAN_POINT('',(120.7,14.5,10.55));
#2133=DIRECTION('',(0.,1.,0.));
#2134=DIRECTION('',(0.,0.,1.));
#2135=AXIS2_PLACEMENT_3D('',#2132,#2133,#2134);
#2136=PLANE('',#2135);
#2137=ORIENTED_EDGE('',*,*,#1223,.T.);
#2138=CARTESIAN_POINT('',(11.2,14.5,11.2));
#2139=DIRECTION('',(0.,0.,-1.));
#2140=VECTOR('',#2139,1.3);
#2141=LINE('',#2138,#2140);
#2142=EDGE_CURVE('',#1879,#1212,#2141,.T.);
#2143=ORIENTED_EDGE('',*,*,#2142,.F.);
#2144=ORIENTED_EDGE('',*,*,#1892,.F.);
#2145=ORIENTED_EDGE('',*,*,#987,.T.);
#2146=EDGE_LOOP('',(#2137,#2143,#2144,#2145));
#2147=FACE_BOUND('',#2146,.T.);
#2148=ADVANCED_FACE('',(#2147),#2136,.T.);
#2149=CARTESIAN_POINT('',(214.8,1.875981629,19.229863495));
#2150=DIRECTION('',(1.,0.,0.));
#2151=DIRECTION('',(0.,0.,-1.));
#2152=AXIS2_PLACEMENT_3D('',#2149,#2150,#2151);
#2153=PLANE('',#2152);
#2154=ORIENTED_EDGE('',*,*,#2126,.F.);
#2155=CARTESIAN_POINT('',(214.8,1.5,20.95));
#2156=VERTEX_POINT('',#2155);
#2157=CARTESIAN_POINT('',(214.8,1.5,20.95));
#2158=DIRECTION('',(0.,1.,0.));
#2159=VECTOR('',#2158,0.5);
#2160=LINE('',#2157,#2159);
#2161=EDGE_CURVE('',#2156,#2115,#2160,.T.);
#2162=ORIENTED_EDGE('',*,*,#2161,.F.);
#2163=CARTESIAN_POINT('',(214.8,1.5,20.95));
#2164=DIRECTION('',(0.,0.,-1.));
#2165=VECTOR('',#2164,11.05);
#2166=LINE('',#2163,#2165);
#2167=EDGE_CURVE('',#2156,#1245,#2166,.T.);
#2168=ORIENTED_EDGE('',*,*,#2167,.T.);
#2169=ORIENTED_EDGE('',*,*,#1250,.T.);
#2170=EDGE_LOOP('',(#2154,#2162,#2168,#2169));
#2171=FACE_BOUND('',#2170,.T.);
#2172=ADVANCED_FACE('',(#2171),#2153,.T.);
#2173=CARTESIAN_POINT('',(33.2,1.87598164,19.229863512));
#2174=DIRECTION('',(-1.,0.,0.));
#2175=DIRECTION('',(0.,0.,1.));
#2176=AXIS2_PLACEMENT_3D('',#2173,#2174,#2175);
#2177=PLANE('',#2176);
#2178=CARTESIAN_POINT('',(33.2,2.,20.95));
#2179=VERTEX_POINT('',#2178);
#2180=CARTESIAN_POINT('',(33.2,2.,9.9));
#2181=DIRECTION('',(0.,0.,1.));
#2182=VECTOR('',#2181,11.05);
#2183=LINE('',#2180,#2182);
#2184=EDGE_CURVE('',#1261,#2179,#2183,.T.);
#2185=ORIENTED_EDGE('',*,*,#2184,.F.);
#2186=ORIENTED_EDGE('',*,*,#1266,.T.);
#2187=CARTESIAN_POINT('',(33.2,1.5,20.95));
#2188=VERTEX_POINT('',#2187);
#2189=CARTESIAN_POINT('',(33.2,1.5,9.9));
#2190=DIRECTION('',(0.,0.,1.));
#2191=VECTOR('',#2190,11.05);
#2192=LINE('',#2189,#2191);
#2193=EDGE_CURVE('',#1253,#2188,#2192,.T.);
#2194=ORIENTED_EDGE('',*,*,#2193,.T.);
#2195=CARTESIAN_POINT('',(33.2,2.,20.95));
#2196=DIRECTION('',(0.,-1.,0.));
#2197=VECTOR('',#2196,0.5);
#2198=LINE('',#2195,#2197);
#2199=EDGE_CURVE('',#2179,#2188,#2198,.T.);
#2200=ORIENTED_EDGE('',*,*,#2199,.F.);
#2201=EDGE_LOOP('',(#2185,#2186,#2194,#2200));
#2202=FACE_BOUND('',#2201,.T.);
#2203=ADVANCED_FACE('',(#2202),#2177,.T.);
#2204=CARTESIAN_POINT('',(246.6,1.5,11.2));
#2205=DIRECTION('',(0.,1.,0.));
#2206=DIRECTION('',(0.,0.,1.));
#2207=AXIS2_PLACEMENT_3D('',#2204,#2205,#2206);
#2208=PLANE('',#2207);
#2209=ORIENTED_EDGE('',*,*,#2167,.F.);
#2210=CARTESIAN_POINT('',(214.8,1.5,20.95));
#2211=DIRECTION('',(-1.,-0.,0.));
#2212=VECTOR('',#2211,181.6);
#2213=LINE('',#2210,#2212);
#2214=EDGE_CURVE('',#2156,#2188,#2213,.T.);
#2215=ORIENTED_EDGE('',*,*,#2214,.T.);
#2216=ORIENTED_EDGE('',*,*,#2193,.F.);
#2217=ORIENTED_EDGE('',*,*,#1258,.F.);
#2218=EDGE_LOOP('',(#2209,#2215,#2216,#2217));
#2219=FACE_BOUND('',#2218,.T.);
#2220=CARTESIAN_POINT('',(131.75,1.5,15.95));
#2221=VERTEX_POINT('',#2220);
#2222=CARTESIAN_POINT('',(118.75,1.5,15.95));
#2223=VERTEX_POINT('',#2222);
#2224=CARTESIAN_POINT('',(131.75,1.5,15.95));
#2225=DIRECTION('',(-1.,0.,0.));
#2226=VECTOR('',#2225,13.);
#2227=LINE('',#2224,#2226);
#2228=EDGE_CURVE('',#2221,#2223,#2227,.T.);
#2229=ORIENTED_EDGE('',*,*,#2228,.F.);
#2230=CARTESIAN_POINT('',(131.75,1.5,13.95));
#2231=VERTEX_POINT('',#2230);
#2232=CARTESIAN_POINT('',(131.75,1.5,15.95));
#2233=DIRECTION('',(-0.,-0.,-1.));
#2234=VECTOR('',#2233,2.);
#2235=LINE('',#2232,#2234);
#2236=EDGE_CURVE('',#2221,#2231,#2235,.T.);
#2237=ORIENTED_EDGE('',*,*,#2236,.T.);
#2238=CARTESIAN_POINT('',(118.75,1.5,13.95));
#2239=VERTEX_POINT('',#2238);
#2240=CARTESIAN_POINT('',(118.75,1.5,13.95));
#2241=DIRECTION('',(1.,0.,-0.));
#2242=VECTOR('',#2241,13.);
#2243=LINE('',#2240,#2242);
#2244=EDGE_CURVE('',#2239,#2231,#2243,.T.);
#2245=ORIENTED_EDGE('',*,*,#2244,.F.);
#2246=CARTESIAN_POINT('',(118.75,1.5,15.95));
#2247=DIRECTION('',(0.,0.,-1.));
#2248=VECTOR('',#2247,2.);
#2249=LINE('',#2246,#2248);
#2250=EDGE_CURVE('',#2223,#2239,#2249,.T.);
#2251=ORIENTED_EDGE('',*,*,#2250,.F.);
#2252=EDGE_LOOP('',(#2229,#2237,#2245,#2251));
#2253=FACE_BOUND('',#2252,.T.);
#2254=ADVANCED_FACE('',(#2219,#2253),#2208,.F.);
#2255=CARTESIAN_POINT('',(1.4,178.8,10.7));
#2256=DIRECTION('',(0.,0.,1.));
#2257=DIRECTION('',(1.,0.,0.));
#2258=AXIS2_PLACEMENT_3D('',#2255,#2256,#2257);
#2259=PLANE('',#2258);
#2260=CARTESIAN_POINT('',(4.7,182.3,10.7));
#2261=VERTEX_POINT('',#2260);
#2262=CARTESIAN_POINT('',(6.2,182.3,10.7));
#2263=DIRECTION('',(0.,0.,-1.));
#2264=DIRECTION('',(-1.,0.,0.));
#2265=AXIS2_PLACEMENT_3D('',#2262,#2263,#2264);
#2266=CIRCLE('',#2265,1.5);
#2267=EDGE_CURVE('',#2261,#2261,#2266,.T.);
#2268=ORIENTED_EDGE('',*,*,#2267,.T.);
#2269=EDGE_LOOP('',(#2268));
#2270=FACE_BOUND('',#2269,.T.);
#2271=CARTESIAN_POINT('',(8.45,182.3,10.7));
#2272=VERTEX_POINT('',#2271);
#2273=CARTESIAN_POINT('',(6.2,182.3,10.7));
#2274=DIRECTION('',(0.,0.,1.));
#2275=DIRECTION('',(1.,0.,-0.));
#2276=AXIS2_PLACEMENT_3D('',#2273,#2274,#2275);
#2277=CIRCLE('',#2276,2.25);
#2278=EDGE_CURVE('',#2272,#2272,#2277,.T.);
#2279=ORIENTED_EDGE('',*,*,#2278,.T.);
#2280=EDGE_LOOP('',(#2279));
#2281=FACE_BOUND('',#2280,.T.);
#2282=ADVANCED_FACE('',(#2270,#2281),#2259,.T.);
#2283=CARTESIAN_POINT('',(1.4,1.5,10.7));
#2284=DIRECTION('',(0.,0.,1.));
#2285=DIRECTION('',(1.,0.,0.));
#2286=AXIS2_PLACEMENT_3D('',#2283,#2284,#2285);
#2287=PLANE('',#2286);
#2288=CARTESIAN_POINT('',(4.7,5.,10.7));
#2289=VERTEX_POINT('',#2288);
#2290=CARTESIAN_POINT('',(6.2,5.,10.7));
#2291=DIRECTION('',(0.,0.,-1.));
#2292=DIRECTION('',(-1.,0.,0.));
#2293=AXIS2_PLACEMENT_3D('',#2290,#2291,#2292);
#2294=CIRCLE('',#2293,1.5);
#2295=EDGE_CURVE('',#2289,#2289,#2294,.T.);
#2296=ORIENTED_EDGE('',*,*,#2295,.T.);
#2297=EDGE_LOOP('',(#2296));
#2298=FACE_BOUND('',#2297,.T.);
#2299=CARTESIAN_POINT('',(8.45,5.,10.7));
#2300=VERTEX_POINT('',#2299);
#2301=CARTESIAN_POINT('',(6.2,5.,10.7));
#2302=DIRECTION('',(0.,0.,1.));
#2303=DIRECTION('',(1.,0.,-0.));
#2304=AXIS2_PLACEMENT_3D('',#2301,#2302,#2303);
#2305=CIRCLE('',#2304,2.25);
#2306=EDGE_CURVE('',#2300,#2300,#2305,.T.);
#2307=ORIENTED_EDGE('',*,*,#2306,.T.);
#2308=EDGE_LOOP('',(#2307));
#2309=FACE_BOUND('',#2308,.T.);
#2310=ADVANCED_FACE('',(#2298,#2309),#2287,.T.);
#2311=CARTESIAN_POINT('',(6.2,182.3,10.7));
#2312=DIRECTION('',(0.,0.,1.));
#2313=DIRECTION('',(1.,0.,-0.));
#2314=AXIS2_PLACEMENT_3D('',#2311,#2312,#2313);
#2315=CYLINDRICAL_SURFACE('',#2314,2.25);
#2316=CARTESIAN_POINT('',(8.45,182.3,11.2));
#2317=DIRECTION('',(-0.,-0.,-1.));
#2318=VECTOR('',#2317,0.5);
#2319=LINE('',#2316,#2318);
#2320=EDGE_CURVE('',#1916,#2272,#2319,.T.);
#2321=ORIENTED_EDGE('',*,*,#2320,.F.);
#2322=ORIENTED_EDGE('',*,*,#1922,.T.);
#2323=ORIENTED_EDGE('',*,*,#2320,.T.);
#2324=ORIENTED_EDGE('',*,*,#2278,.F.);
#2325=EDGE_LOOP('',(#2321,#2322,#2323,#2324));
#2326=FACE_BOUND('',#2325,.T.);
#2327=ADVANCED_FACE('',(#2326),#2315,.F.);
#2328=CARTESIAN_POINT('',(6.2,5.,10.7));
#2329=DIRECTION('',(0.,0.,1.));
#2330=DIRECTION('',(1.,0.,-0.));
#2331=AXIS2_PLACEMENT_3D('',#2328,#2329,#2330);
#2332=CYLINDRICAL_SURFACE('',#2331,2.25);
#2333=CARTESIAN_POINT('',(8.45,5.,11.2));
#2334=DIRECTION('',(-0.,-0.,-1.));
#2335=VECTOR('',#2334,0.5);
#2336=LINE('',#2333,#2335);
#2337=EDGE_CURVE('',#1905,#2300,#2336,.T.);
#2338=ORIENTED_EDGE('',*,*,#2337,.F.);
#2339=ORIENTED_EDGE('',*,*,#1911,.T.);
#2340=ORIENTED_EDGE('',*,*,#2337,.T.);
#2341=ORIENTED_EDGE('',*,*,#2306,.F.);
#2342=EDGE_LOOP('',(#2338,#2339,#2340,#2341));
#2343=FACE_BOUND('',#2342,.T.);
#2344=ADVANCED_FACE('',(#2343),#2332,.F.);
#2345=CARTESIAN_POINT('',(1.4,2.,11.2));
#2346=DIRECTION('',(0.,1.,0.));
#2347=DIRECTION('',(0.,0.,1.));
#2348=AXIS2_PLACEMENT_3D('',#2345,#2346,#2347);
#2349=PLANE('',#2348);
#2350=CARTESIAN_POINT('',(11.7,2.,10.9));
#2351=VERTEX_POINT('',#2350);
#2352=CARTESIAN_POINT('',(11.7,2.,14.55));
#2353=VERTEX_POINT('',#2352);
#2354=CARTESIAN_POINT('',(11.7,2.,10.9));
#2355=DIRECTION('',(0.,0.,1.));
#2356=VECTOR('',#2355,3.65);
#2357=LINE('',#2354,#2356);
#2358=EDGE_CURVE('',#2351,#2353,#2357,.T.);
#2359=ORIENTED_EDGE('',*,*,#2358,.T.);
#2360=CARTESIAN_POINT('',(13.2,2.,14.55));
#2361=VERTEX_POINT('',#2360);
#2362=CARTESIAN_POINT('',(11.7,2.,14.55));
#2363=DIRECTION('',(1.,0.,-0.));
#2364=VECTOR('',#2363,1.5);
#2365=LINE('',#2362,#2364);
#2366=EDGE_CURVE('',#2353,#2361,#2365,.T.);
#2367=ORIENTED_EDGE('',*,*,#2366,.T.);
#2368=CARTESIAN_POINT('',(13.2,2.,19.8));
#2369=VERTEX_POINT('',#2368);
#2370=CARTESIAN_POINT('',(13.2,2.,14.55));
#2371=DIRECTION('',(0.,0.,1.));
#2372=VECTOR('',#2371,5.25);
#2373=LINE('',#2370,#2372);
#2374=EDGE_CURVE('',#2361,#2369,#2373,.T.);
#2375=ORIENTED_EDGE('',*,*,#2374,.T.);
#2376=CARTESIAN_POINT('',(8.400001069,2.,19.8));
#2377=VERTEX_POINT('',#2376);
#2378=CARTESIAN_POINT('',(13.2,2.,19.8));
#2379=DIRECTION('',(-1.,0.,0.));
#2380=VECTOR('',#2379,4.799998931);
#2381=LINE('',#2378,#2380);
#2382=EDGE_CURVE('',#2369,#2377,#2381,.T.);
#2383=ORIENTED_EDGE('',*,*,#2382,.T.);
#2384=CARTESIAN_POINT('',(7.900001069,2.,20.3));
#2385=VERTEX_POINT('',#2384);
#2386=CARTESIAN_POINT('',(8.400001069,2.,20.3));
#2387=DIRECTION('',(0.,1.,0.));
#2388=DIRECTION('',(0.,-0.,1.));
#2389=AXIS2_PLACEMENT_3D('',#2386,#2387,#2388);
#2390=CIRCLE('',#2389,0.5);
#2391=EDGE_CURVE('',#2377,#2385,#2390,.T.);
#2392=ORIENTED_EDGE('',*,*,#2391,.T.);
#2393=CARTESIAN_POINT('',(7.900001069,2.,20.95));
#2394=VERTEX_POINT('',#2393);
#2395=CARTESIAN_POINT('',(7.900001069,2.,20.95));
#2396=DIRECTION('',(0.,0.,-1.));
#2397=VECTOR('',#2396,0.65);
#2398=LINE('',#2395,#2397);
#2399=EDGE_CURVE('',#2394,#2385,#2398,.T.);
#2400=ORIENTED_EDGE('',*,*,#2399,.F.);
#2401=CARTESIAN_POINT('',(2.9,2.,20.95));
#2402=VERTEX_POINT('',#2401);
#2403=CARTESIAN_POINT('',(2.9,2.,20.95));
#2404=DIRECTION('',(1.,0.,-0.));
#2405=VECTOR('',#2404,5.000001069);
#2406=LINE('',#2403,#2405);
#2407=EDGE_CURVE('',#2402,#2394,#2406,.T.);
#2408=ORIENTED_EDGE('',*,*,#2407,.F.);
#2409=CARTESIAN_POINT('',(2.9,2.,10.9));
#2410=VERTEX_POINT('',#2409);
#2411=CARTESIAN_POINT('',(2.9,2.,20.95));
#2412=DIRECTION('',(-0.,-0.,-1.));
#2413=VECTOR('',#2412,10.05);
#2414=LINE('',#2411,#2413);
#2415=EDGE_CURVE('',#2402,#2410,#2414,.T.);
#2416=ORIENTED_EDGE('',*,*,#2415,.T.);
#2417=CARTESIAN_POINT('',(2.9,2.,10.9));
#2418=DIRECTION('',(1.,0.,-0.));
#2419=VECTOR('',#2418,8.8);
#2420=LINE('',#2417,#2419);
#2421=EDGE_CURVE('',#2410,#2351,#2420,.T.);
#2422=ORIENTED_EDGE('',*,*,#2421,.T.);
#2423=EDGE_LOOP('',(#2359,#2367,#2375,#2383,#2392,#2400,#2408,#2416,#2422));
#2424=FACE_BOUND('',#2423,.T.);
#2425=ADVANCED_FACE('',(#2424),#2349,.F.);
#2426=CARTESIAN_POINT('',(2.9,3.5,11.2));
#2427=DIRECTION('',(0.,0.,-1.));
#2428=DIRECTION('',(-1.,0.,0.));
#2429=AXIS2_PLACEMENT_3D('',#2426,#2427,#2428);
#2430=CYLINDRICAL_SURFACE('',#2429,1.5);
#2431=ORIENTED_EDGE('',*,*,#2415,.F.);
#2432=CARTESIAN_POINT('',(1.4,3.5,20.95));
#2433=VERTEX_POINT('',#2432);
#2434=CARTESIAN_POINT('',(2.9,3.5,20.95));
#2435=DIRECTION('',(-0.,-0.,1.));
#2436=DIRECTION('',(-1.,0.,0.));
#2437=AXIS2_PLACEMENT_3D('',#2434,#2435,#2436);
#2438=CIRCLE('',#2437,1.5);
#2439=EDGE_CURVE('',#2433,#2402,#2438,.T.);
#2440=ORIENTED_EDGE('',*,*,#2439,.F.);
#2441=CARTESIAN_POINT('',(1.4,3.5,10.9));
#2442=VERTEX_POINT('',#2441);
#2443=CARTESIAN_POINT('',(1.4,3.5,10.9));
#2444=DIRECTION('',(-0.,-0.,1.));
#2445=VECTOR('',#2444,10.05);
#2446=LINE('',#2443,#2445);
#2447=EDGE_CURVE('',#2442,#2433,#2446,.T.);
#2448=ORIENTED_EDGE('',*,*,#2447,.F.);
#2449=CARTESIAN_POINT('',(2.9,3.5,10.9));
#2450=DIRECTION('',(-0.,-0.,1.));
#2451=DIRECTION('',(-1.,0.,0.));
#2452=AXIS2_PLACEMENT_3D('',#2449,#2450,#2451);
#2453=CIRCLE('',#2452,1.5);
#2454=EDGE_CURVE('',#2442,#2410,#2453,.T.);
#2455=ORIENTED_EDGE('',*,*,#2454,.T.);
#2456=EDGE_LOOP('',(#2431,#2440,#2448,#2455));
#2457=FACE_BOUND('',#2456,.T.);
#2458=ADVANCED_FACE('',(#2457),#2430,.T.);
#2459=CARTESIAN_POINT('',(1.4,1.5,11.2));
#2460=DIRECTION('',(1.,0.,0.));
#2461=DIRECTION('',(0.,0.,-1.));
#2462=AXIS2_PLACEMENT_3D('',#2459,#2460,#2461);
#2463=PLANE('',#2462);
#2464=ORIENTED_EDGE('',*,*,#2447,.T.);
#2465=CARTESIAN_POINT('',(1.4,153.6,20.95));
#2466=VERTEX_POINT('',#2465);
#2467=CARTESIAN_POINT('',(1.4,153.6,20.95));
#2468=DIRECTION('',(-0.,-1.,-0.));
#2469=VECTOR('',#2468,150.1);
#2470=LINE('',#2467,#2469);
#2471=EDGE_CURVE('',#2466,#2433,#2470,.T.);
#2472=ORIENTED_EDGE('',*,*,#2471,.F.);
#2473=CARTESIAN_POINT('',(1.4,153.6,22.35));
#2474=VERTEX_POINT('',#2473);
#2475=CARTESIAN_POINT('',(1.4,153.6,20.95));
#2476=DIRECTION('',(-0.,-0.,1.));
#2477=VECTOR('',#2476,1.4);
#2478=LINE('',#2475,#2477);
#2479=EDGE_CURVE('',#2466,#2474,#2478,.T.);
#2480=ORIENTED_EDGE('',*,*,#2479,.T.);
#2481=CARTESIAN_POINT('',(1.4,154.5,22.35));
#2482=VERTEX_POINT('',#2481);
#2483=CARTESIAN_POINT('',(1.4,154.5,22.35));
#2484=DIRECTION('',(-0.,-1.,-0.));
#2485=VECTOR('',#2484,0.9);
#2486=LINE('',#2483,#2485);
#2487=EDGE_CURVE('',#2482,#2474,#2486,.T.);
#2488=ORIENTED_EDGE('',*,*,#2487,.F.);
#2489=CARTESIAN_POINT('',(1.4,155.,21.85));
#2490=VERTEX_POINT('',#2489);
#2491=CARTESIAN_POINT('',(1.4,154.5,21.85));
#2492=DIRECTION('',(1.,-0.,-0.));
#2493=DIRECTION('',(0.,0.,1.));
#2494=AXIS2_PLACEMENT_3D('',#2491,#2492,#2493);
#2495=CIRCLE('',#2494,0.5);
#2496=EDGE_CURVE('',#2490,#2482,#2495,.T.);
#2497=ORIENTED_EDGE('',*,*,#2496,.F.);
#2498=CARTESIAN_POINT('',(1.4,155.,13.35));
#2499=VERTEX_POINT('',#2498);
#2500=CARTESIAN_POINT('',(1.4,155.,13.35));
#2501=DIRECTION('',(0.,0.,1.));
#2502=VECTOR('',#2501,8.5);
#2503=LINE('',#2500,#2502);
#2504=EDGE_CURVE('',#2499,#2490,#2503,.T.);
#2505=ORIENTED_EDGE('',*,*,#2504,.F.);
#2506=CARTESIAN_POINT('',(1.4,155.5,12.85));
#2507=VERTEX_POINT('',#2506);
#2508=CARTESIAN_POINT('',(1.4,155.5,13.35));
#2509=DIRECTION('',(1.,0.,0.));
#2510=DIRECTION('',(0.,0.,-1.));
#2511=AXIS2_PLACEMENT_3D('',#2508,#2509,#2510);
#2512=CIRCLE('',#2511,0.5);
#2513=EDGE_CURVE('',#2499,#2507,#2512,.T.);
#2514=ORIENTED_EDGE('',*,*,#2513,.T.);
#2515=CARTESIAN_POINT('',(1.4,155.5,12.25));
#2516=VERTEX_POINT('',#2515);
#2517=CARTESIAN_POINT('',(1.4,155.5,12.85));
#2518=DIRECTION('',(0.,0.,-1.));
#2519=VECTOR('',#2518,0.6);
#2520=LINE('',#2517,#2519);
#2521=EDGE_CURVE('',#2507,#2516,#2520,.T.);
#2522=ORIENTED_EDGE('',*,*,#2521,.T.);
#2523=CARTESIAN_POINT('',(1.4,156.3,11.45));
#2524=VERTEX_POINT('',#2523);
#2525=CARTESIAN_POINT('',(1.4,156.3,12.25));
#2526=DIRECTION('',(1.,0.,0.));
#2527=DIRECTION('',(0.,0.,-1.));
#2528=AXIS2_PLACEMENT_3D('',#2525,#2526,#2527);
#2529=CIRCLE('',#2528,0.8);
#2530=EDGE_CURVE('',#2516,#2524,#2529,.T.);
#2531=ORIENTED_EDGE('',*,*,#2530,.T.);
#2532=CARTESIAN_POINT('',(1.4,187.,11.45));
#2533=VERTEX_POINT('',#2532);
#2534=CARTESIAN_POINT('',(1.4,187.,11.45));
#2535=DIRECTION('',(-0.,-1.,-0.));
#2536=VECTOR('',#2535,30.7);
#2537=LINE('',#2534,#2536);
#2538=EDGE_CURVE('',#2533,#2524,#2537,.T.);
#2539=ORIENTED_EDGE('',*,*,#2538,.F.);
#2540=CARTESIAN_POINT('',(1.4,187.,10.9));
#2541=VERTEX_POINT('',#2540);
#2542=CARTESIAN_POINT('',(1.4,187.,11.45));
#2543=DIRECTION('',(0.,0.,-1.));
#2544=VECTOR('',#2543,0.55);
#2545=LINE('',#2542,#2544);
#2546=EDGE_CURVE('',#2533,#2541,#2545,.T.);
#2547=ORIENTED_EDGE('',*,*,#2546,.T.);
#2548=CARTESIAN_POINT('',(1.4,187.,10.9));
#2549=DIRECTION('',(-0.,-1.,-0.));
#2550=VECTOR('',#2549,183.5);
#2551=LINE('',#2548,#2550);
#2552=EDGE_CURVE('',#2541,#2442,#2551,.T.);
#2553=ORIENTED_EDGE('',*,*,#2552,.T.);
#2554=EDGE_LOOP('',(#2464,#2472,#2480,#2488,#2497,#2505,#2514,#2522,#2531,#2539,#2547,#2553));
#2555=FACE_BOUND('',#2554,.T.);
#2556=CARTESIAN_POINT('',(1.4,142.4,15.95));
#2557=VERTEX_POINT('',#2556);
#2558=CARTESIAN_POINT('',(1.4,142.4,13.95));
#2559=VERTEX_POINT('',#2558);
#2560=CARTESIAN_POINT('',(1.4,142.4,15.95));
#2561=DIRECTION('',(0.,0.,-1.));
#2562=VECTOR('',#2561,2.);
#2563=LINE('',#2560,#2562);
#2564=EDGE_CURVE('',#2557,#2559,#2563,.T.);
#2565=ORIENTED_EDGE('',*,*,#2564,.F.);
#2566=CARTESIAN_POINT('',(1.4,127.4,15.95));
#2567=VERTEX_POINT('',#2566);
#2568=CARTESIAN_POINT('',(1.4,127.4,15.95));
#2569=DIRECTION('',(0.,1.,0.));
#2570=VECTOR('',#2569,15.);
#2571=LINE('',#2568,#2570);
#2572=EDGE_CURVE('',#2567,#2557,#2571,.T.);
#2573=ORIENTED_EDGE('',*,*,#2572,.F.);
#2574=CARTESIAN_POINT('',(1.4,127.4,13.95));
#2575=VERTEX_POINT('',#2574);
#2576=CARTESIAN_POINT('',(1.4,127.4,13.95));
#2577=DIRECTION('',(0.,0.,1.));
#2578=VECTOR('',#2577,2.);
#2579=LINE('',#2576,#2578);
#2580=EDGE_CURVE('',#2575,#2567,#2579,.T.);
#2581=ORIENTED_EDGE('',*,*,#2580,.F.);
#2582=CARTESIAN_POINT('',(1.4,142.4,13.95));
#2583=DIRECTION('',(-0.,-1.,-0.));
#2584=VECTOR('',#2583,15.);
#2585=LINE('',#2582,#2584);
#2586=EDGE_CURVE('',#2559,#2575,#2585,.T.);
#2587=ORIENTED_EDGE('',*,*,#2586,.F.);
#2588=EDGE_LOOP('',(#2565,#2573,#2581,#2587));
#2589=FACE_BOUND('',#2588,.T.);
#2590=CARTESIAN_POINT('',(1.4,59.9,13.95));
#2591=VERTEX_POINT('',#2590);
#2592=CARTESIAN_POINT('',(1.4,44.9,13.95));
#2593=VERTEX_POINT('',#2592);
#2594=CARTESIAN_POINT('',(1.4,59.9,13.95));
#2595=DIRECTION('',(-0.,-1.,-0.));
#2596=VECTOR('',#2595,15.);
#2597=LINE('',#2594,#2596);
#2598=EDGE_CURVE('',#2591,#2593,#2597,.T.);
#2599=ORIENTED_EDGE('',*,*,#2598,.F.);
#2600=CARTESIAN_POINT('',(1.4,59.9,15.95));
#2601=VERTEX_POINT('',#2600);
#2602=CARTESIAN_POINT('',(1.4,59.9,15.95));
#2603=DIRECTION('',(0.,0.,-1.));
#2604=VECTOR('',#2603,2.);
#2605=LINE('',#2602,#2604);
#2606=EDGE_CURVE('',#2601,#2591,#2605,.T.);
#2607=ORIENTED_EDGE('',*,*,#2606,.F.);
#2608=CARTESIAN_POINT('',(1.4,44.9,15.95));
#2609=VERTEX_POINT('',#2608);
#2610=CARTESIAN_POINT('',(1.4,44.9,15.95));
#2611=DIRECTION('',(0.,1.,0.));
#2612=VECTOR('',#2611,15.);
#2613=LINE('',#2610,#2612);
#2614=EDGE_CURVE('',#2609,#2601,#2613,.T.);
#2615=ORIENTED_EDGE('',*,*,#2614,.F.);
#2616=CARTESIAN_POINT('',(1.4,44.9,13.95));
#2617=DIRECTION('',(0.,0.,1.));
#2618=VECTOR('',#2617,2.);
#2619=LINE('',#2616,#2618);
#2620=EDGE_CURVE('',#2593,#2609,#2619,.T.);
#2621=ORIENTED_EDGE('',*,*,#2620,.F.);
#2622=EDGE_LOOP('',(#2599,#2607,#2615,#2621));
#2623=FACE_BOUND('',#2622,.T.);
#2624=ADVANCED_FACE('',(#2555,#2589,#2623),#2463,.F.);
#2625=CARTESIAN_POINT('',(6.2,182.3,17.85));
#2626=DIRECTION('',(0.,0.,-1.));
#2627=DIRECTION('',(-1.,0.,0.));
#2628=AXIS2_PLACEMENT_3D('',#2625,#2626,#2627);
#2629=CYLINDRICAL_SURFACE('',#2628,1.5);
#2630=CARTESIAN_POINT('',(4.7,182.3,9.9));
#2631=DIRECTION('',(-0.,-0.,1.));
#2632=VECTOR('',#2631,0.8);
#2633=LINE('',#2630,#2632);
#2634=EDGE_CURVE('',#1484,#2261,#2633,.T.);
#2635=ORIENTED_EDGE('',*,*,#2634,.F.);
#2636=ORIENTED_EDGE('',*,*,#1490,.F.);
#2637=ORIENTED_EDGE('',*,*,#2634,.T.);
#2638=ORIENTED_EDGE('',*,*,#2267,.F.);
#2639=EDGE_LOOP('',(#2635,#2636,#2637,#2638));
#2640=FACE_BOUND('',#2639,.T.);
#2641=ADVANCED_FACE('',(#2640),#2629,.F.);
#2642=CARTESIAN_POINT('',(7.55,187.,1.7));
#2643=DIRECTION('',(0.,-1.,0.));
#2644=DIRECTION('',(0.,0.,-1.));
#2645=AXIS2_PLACEMENT_3D('',#2642,#2643,#2644);
#2646=PLANE('',#2645);
#2647=ORIENTED_EDGE('',*,*,#1771,.F.);
#2648=CARTESIAN_POINT('',(27.8,187.,11.2));
#2649=DIRECTION('',(0.,0.,-1.));
#2650=VECTOR('',#2649,1.3);
#2651=LINE('',#2648,#2650);
#2652=EDGE_CURVE('',#1758,#1326,#2651,.T.);
#2653=ORIENTED_EDGE('',*,*,#2652,.T.);
#2654=ORIENTED_EDGE('',*,*,#1331,.T.);
#2655=CARTESIAN_POINT('',(2.4,187.,10.9));
#2656=DIRECTION('',(-0.,1.,-0.));
#2657=DIRECTION('',(0.,0.,-1.));
#2658=AXIS2_PLACEMENT_3D('',#2655,#2656,#2657);
#2659=CIRCLE('',#2658,1.);
#2660=EDGE_CURVE('',#1318,#2541,#2659,.T.);
#2661=ORIENTED_EDGE('',*,*,#2660,.T.);
#2662=ORIENTED_EDGE('',*,*,#2546,.F.);
#2663=CARTESIAN_POINT('',(0.25,187.,11.45));
#2664=VERTEX_POINT('',#2663);
#2665=CARTESIAN_POINT('',(1.4,187.,11.45));
#2666=DIRECTION('',(-1.,-0.,0.));
#2667=VECTOR('',#2666,1.15);
#2668=LINE('',#2665,#2667);
#2669=EDGE_CURVE('',#2533,#2664,#2668,.T.);
#2670=ORIENTED_EDGE('',*,*,#2669,.T.);
#2671=CARTESIAN_POINT('',(0.25,187.,12.6));
#2672=VERTEX_POINT('',#2671);
#2673=CARTESIAN_POINT('',(0.25,187.,12.6));
#2674=DIRECTION('',(0.,0.,-1.));
#2675=VECTOR('',#2674,1.15);
#2676=LINE('',#2673,#2675);
#2677=EDGE_CURVE('',#2672,#2664,#2676,.T.);
#2678=ORIENTED_EDGE('',*,*,#2677,.F.);
#2679=CARTESIAN_POINT('',(0.5,187.,12.85));
#2680=VERTEX_POINT('',#2679);
#2681=CARTESIAN_POINT('',(0.5,187.,12.6));
#2682=DIRECTION('',(-0.,1.,-0.));
#2683=DIRECTION('',(0.,0.,-1.));
#2684=AXIS2_PLACEMENT_3D('',#2681,#2682,#2683);
#2685=CIRCLE('',#2684,0.25);
#2686=EDGE_CURVE('',#2672,#2680,#2685,.T.);
#2687=ORIENTED_EDGE('',*,*,#2686,.T.);
#2688=CARTESIAN_POINT('',(2.25,187.,12.85));
#2689=VERTEX_POINT('',#2688);
#2690=CARTESIAN_POINT('',(2.25,187.,12.85));
#2691=DIRECTION('',(-1.,-0.,0.));
#2692=VECTOR('',#2691,1.75);
#2693=LINE('',#2690,#2692);
#2694=EDGE_CURVE('',#2689,#2680,#2693,.T.);
#2695=ORIENTED_EDGE('',*,*,#2694,.F.);
#2696=CARTESIAN_POINT('',(2.75,187.,12.35));
#2697=VERTEX_POINT('',#2696);
#2698=CARTESIAN_POINT('',(2.25,187.,12.35));
#2699=DIRECTION('',(0.,1.,0.));
#2700=DIRECTION('',(0.,-0.,1.));
#2701=AXIS2_PLACEMENT_3D('',#2698,#2699,#2700);
#2702=CIRCLE('',#2701,0.5);
#2703=EDGE_CURVE('',#2689,#2697,#2702,.T.);
#2704=ORIENTED_EDGE('',*,*,#2703,.T.);
#2705=CARTESIAN_POINT('',(2.75,187.,12.35));
#2706=DIRECTION('',(0.,0.,-1.));
#2707=VECTOR('',#2706,1.15);
#2708=LINE('',#2705,#2707);
#2709=EDGE_CURVE('',#2697,#1766,#2708,.T.);
#2710=ORIENTED_EDGE('',*,*,#2709,.T.);
#2711=EDGE_LOOP('',(#2647,#2653,#2654,#2661,#2662,#2670,#2678,#2687,#2695,#2704,#2710));
#2712=FACE_BOUND('',#2711,.T.);
#2713=ADVANCED_FACE('',(#2712),#2646,.F.);
#2714=CARTESIAN_POINT('',(2.4,1.5,10.9));
#2715=DIRECTION('',(0.,-1.,0.));
#2716=DIRECTION('',(0.,0.,-1.));
#2717=AXIS2_PLACEMENT_3D('',#2714,#2715,#2716);
#2718=CYLINDRICAL_SURFACE('',#2717,1.);
#2719=ORIENTED_EDGE('',*,*,#2552,.F.);
#2720=ORIENTED_EDGE('',*,*,#2660,.F.);
#2721=ORIENTED_EDGE('',*,*,#1323,.F.);
#2722=CARTESIAN_POINT('',(2.4,3.5,10.9));
#2723=DIRECTION('',(-0.,1.,-0.));
#2724=DIRECTION('',(0.,0.,-1.));
#2725=AXIS2_PLACEMENT_3D('',#2722,#2723,#2724);
#2726=CIRCLE('',#2725,1.);
#2727=EDGE_CURVE('',#1309,#2442,#2726,.T.);
#2728=ORIENTED_EDGE('',*,*,#2727,.T.);
#2729=EDGE_LOOP('',(#2719,#2720,#2721,#2728));
#2730=FACE_BOUND('',#2729,.T.);
#2731=ADVANCED_FACE('',(#2730),#2718,.T.);
#2732=CARTESIAN_POINT('',(2.9,3.5,10.9));
#2733=DIRECTION('',(0.,0.,1.));
#2734=DIRECTION('',(1.,0.,-0.));
#2735=AXIS2_PLACEMENT_3D('',#2732,#2733,#2734);
#2736=DEGENERATE_TOROIDAL_SURFACE('',#2735,0.5,1.,.T.);
#2737=CARTESIAN_POINT('',(2.9,3.,10.9));
#2738=DIRECTION('',(-1.,0.,0.));
#2739=DIRECTION('',(-0.,-1.,0.));
#2740=AXIS2_PLACEMENT_3D('',#2737,#2738,#2739);
#2741=CIRCLE('',#2740,1.);
#2742=EDGE_CURVE('',#1301,#2410,#2741,.T.);
#2743=ORIENTED_EDGE('',*,*,#2742,.T.);
#2744=ORIENTED_EDGE('',*,*,#2454,.F.);
#2745=ORIENTED_EDGE('',*,*,#2727,.F.);
#2746=ORIENTED_EDGE('',*,*,#1315,.F.);
#2747=EDGE_LOOP('',(#2743,#2744,#2745,#2746));
#2748=FACE_BOUND('',#2747,.T.);
#2749=ADVANCED_FACE('',(#2748),#2736,.T.);
#2750=CARTESIAN_POINT('',(1.4,3.,10.9));
#2751=DIRECTION('',(1.,0.,0.));
#2752=DIRECTION('',(0.,0.,-1.));
#2753=AXIS2_PLACEMENT_3D('',#2750,#2751,#2752);
#2754=CYLINDRICAL_SURFACE('',#2753,1.);
#2755=CARTESIAN_POINT('',(11.7,3.,10.9));
#2756=DIRECTION('',(1.,0.,0.));
#2757=DIRECTION('',(0.,0.,-1.));
#2758=AXIS2_PLACEMENT_3D('',#2755,#2756,#2757);
#2759=CIRCLE('',#2758,1.);
#2760=EDGE_CURVE('',#2351,#1293,#2759,.T.);
#2761=ORIENTED_EDGE('',*,*,#2760,.F.);
#2762=ORIENTED_EDGE('',*,*,#2421,.F.);
#2763=ORIENTED_EDGE('',*,*,#2742,.F.);
#2764=ORIENTED_EDGE('',*,*,#1306,.F.);
#2765=EDGE_LOOP('',(#2761,#2762,#2763,#2764));
#2766=FACE_BOUND('',#2765,.T.);
#2767=ADVANCED_FACE('',(#2766),#2754,.T.);
#2768=CARTESIAN_POINT('',(11.7,12.5,11.2));
#2769=DIRECTION('',(-1.,0.,0.));
#2770=DIRECTION('',(0.,-1.,0.));
#2771=AXIS2_PLACEMENT_3D('',#2768,#2769,#2770);
#2772=PLANE('',#2771);
#2773=CARTESIAN_POINT('',(11.7,5.7,11.85));
#2774=VERTEX_POINT('',#2773);
#2775=CARTESIAN_POINT('',(11.7,5.7,11.85));
#2776=DIRECTION('',(-0.,-0.,-1.));
#2777=VECTOR('',#2776,1.95);
#2778=LINE('',#2775,#2777);
#2779=EDGE_CURVE('',#2774,#1285,#2778,.T.);
#2780=ORIENTED_EDGE('',*,*,#2779,.F.);
#2781=CARTESIAN_POINT('',(11.7,3.,14.55));
#2782=VERTEX_POINT('',#2781);
#2783=CARTESIAN_POINT('',(11.7,3.,11.85));
#2784=DIRECTION('',(1.,0.,0.));
#2785=DIRECTION('',(0.,0.,-1.));
#2786=AXIS2_PLACEMENT_3D('',#2783,#2784,#2785);
#2787=CIRCLE('',#2786,2.7);
#2788=EDGE_CURVE('',#2774,#2782,#2787,.T.);
#2789=ORIENTED_EDGE('',*,*,#2788,.T.);
#2790=CARTESIAN_POINT('',(11.7,2.,14.55));
#2791=DIRECTION('',(0.,1.,0.));
#2792=VECTOR('',#2791,1.);
#2793=LINE('',#2790,#2792);
#2794=EDGE_CURVE('',#2353,#2782,#2793,.T.);
#2795=ORIENTED_EDGE('',*,*,#2794,.F.);
#2796=ORIENTED_EDGE('',*,*,#2358,.F.);
#2797=ORIENTED_EDGE('',*,*,#2760,.T.);
#2798=ORIENTED_EDGE('',*,*,#1298,.F.);
#2799=EDGE_LOOP('',(#2780,#2789,#2795,#2796,#2797,#2798));
#2800=FACE_BOUND('',#2799,.T.);
#2801=ADVANCED_FACE('',(#2800),#2772,.F.);
#2802=CARTESIAN_POINT('',(23.7,5.7,11.2));
#2803=DIRECTION('',(0.,-1.,0.));
#2804=DIRECTION('',(1.,0.,0.));
#2805=AXIS2_PLACEMENT_3D('',#2802,#2803,#2804);
#2806=PLANE('',#2805);
#2807=CARTESIAN_POINT('',(23.7,5.7,11.85));
#2808=VERTEX_POINT('',#2807);
#2809=CARTESIAN_POINT('',(23.7,5.7,11.85));
#2810=DIRECTION('',(-0.,-0.,-1.));
#2811=VECTOR('',#2810,1.95);
#2812=LINE('',#2809,#2811);
#2813=EDGE_CURVE('',#2808,#1277,#2812,.T.);
#2814=ORIENTED_EDGE('',*,*,#2813,.F.);
#2815=CARTESIAN_POINT('',(11.7,5.7,11.85));
#2816=DIRECTION('',(1.,0.,-0.));
#2817=VECTOR('',#2816,12.);
#2818=LINE('',#2815,#2817);
#2819=EDGE_CURVE('',#2774,#2808,#2818,.T.);
#2820=ORIENTED_EDGE('',*,*,#2819,.F.);
#2821=ORIENTED_EDGE('',*,*,#2779,.T.);
#2822=ORIENTED_EDGE('',*,*,#1290,.T.);
#2823=EDGE_LOOP('',(#2814,#2820,#2821,#2822));
#2824=FACE_BOUND('',#2823,.T.);
#2825=ADVANCED_FACE('',(#2824),#2806,.T.);
#2826=CARTESIAN_POINT('',(23.7,15.25,10.525));
#2827=DIRECTION('',(1.,0.,0.));
#2828=DIRECTION('',(0.,1.,0.));
#2829=AXIS2_PLACEMENT_3D('',#2826,#2827,#2828);
#2830=PLANE('',#2829);
#2831=CARTESIAN_POINT('',(23.7,2.,14.55));
#2832=VERTEX_POINT('',#2831);
#2833=CARTESIAN_POINT('',(23.7,2.,14.55));
#2834=DIRECTION('',(0.,0.,-1.));
#2835=VECTOR('',#2834,4.65);
#2836=LINE('',#2833,#2835);
#2837=EDGE_CURVE('',#2832,#1269,#2836,.T.);
#2838=ORIENTED_EDGE('',*,*,#2837,.F.);
#2839=CARTESIAN_POINT('',(23.7,3.,14.55));
#2840=VERTEX_POINT('',#2839);
#2841=CARTESIAN_POINT('',(23.7,3.,14.55));
#2842=DIRECTION('',(-0.,-1.,-0.));
#2843=VECTOR('',#2842,1.);
#2844=LINE('',#2841,#2843);
#2845=EDGE_CURVE('',#2840,#2832,#2844,.T.);
#2846=ORIENTED_EDGE('',*,*,#2845,.F.);
#2847=CARTESIAN_POINT('',(23.7,3.,11.85));
#2848=DIRECTION('',(1.,0.,0.));
#2849=DIRECTION('',(0.,0.,-1.));
#2850=AXIS2_PLACEMENT_3D('',#2847,#2848,#2849);
#2851=CIRCLE('',#2850,2.7);
#2852=EDGE_CURVE('',#2808,#2840,#2851,.T.);
#2853=ORIENTED_EDGE('',*,*,#2852,.F.);
#2854=ORIENTED_EDGE('',*,*,#2813,.T.);
#2855=ORIENTED_EDGE('',*,*,#1282,.F.);
#2856=EDGE_LOOP('',(#2838,#2846,#2853,#2854,#2855));
#2857=FACE_BOUND('',#2856,.T.);
#2858=ADVANCED_FACE('',(#2857),#2830,.F.);
#2859=CARTESIAN_POINT('',(6.2,5.,17.85));
#2860=DIRECTION('',(0.,0.,-1.));
#2861=DIRECTION('',(-1.,0.,0.));
#2862=AXIS2_PLACEMENT_3D('',#2859,#2860,#2861);
#2863=CYLINDRICAL_SURFACE('',#2862,1.5);
#2864=CARTESIAN_POINT('',(4.7,5.,9.9));
#2865=DIRECTION('',(-0.,-0.,1.));
#2866=VECTOR('',#2865,0.8);
#2867=LINE('',#2864,#2866);
#2868=EDGE_CURVE('',#1473,#2289,#2867,.T.);
#2869=ORIENTED_EDGE('',*,*,#2868,.F.);
#2870=ORIENTED_EDGE('',*,*,#1479,.F.);
#2871=ORIENTED_EDGE('',*,*,#2868,.T.);
#2872=ORIENTED_EDGE('',*,*,#2295,.F.);
#2873=EDGE_LOOP('',(#2869,#2870,#2871,#2872));
#2874=FACE_BOUND('',#2873,.T.);
#2875=ADVANCED_FACE('',(#2874),#2863,.F.);
#2876=CARTESIAN_POINT('',(27.8,173.,10.525));
#2877=DIRECTION('',(-1.,0.,0.));
#2878=DIRECTION('',(0.,0.,1.));
#2879=AXIS2_PLACEMENT_3D('',#2876,#2877,#2878);
#2880=PLANE('',#2879);
#2881=ORIENTED_EDGE('',*,*,#1763,.F.);
#2882=CARTESIAN_POINT('',(27.8,199.25,10.2));
#2883=DIRECTION('',(-1.,0.,0.));
#2884=DIRECTION('',(0.,0.,1.));
#2885=AXIS2_PLACEMENT_3D('',#2882,#2883,#2884);
#2886=CIRCLE('',#2885,1.);
#2887=EDGE_CURVE('',#1750,#1334,#2886,.T.);
#2888=ORIENTED_EDGE('',*,*,#2887,.T.);
#2889=ORIENTED_EDGE('',*,*,#1339,.T.);
#2890=ORIENTED_EDGE('',*,*,#2652,.F.);
#2891=EDGE_LOOP('',(#2881,#2888,#2889,#2890));
#2892=FACE_BOUND('',#2891,.T.);
#2893=ADVANCED_FACE('',(#2892),#2880,.T.);
#2894=CARTESIAN_POINT('',(11.2,96.75,10.55));
#2895=DIRECTION('',(1.,0.,0.));
#2896=DIRECTION('',(0.,0.,-1.));
#2897=AXIS2_PLACEMENT_3D('',#2894,#2895,#2896);
#2898=PLANE('',#2897);
#2899=ORIENTED_EDGE('',*,*,#1193,.F.);
#2900=ORIENTED_EDGE('',*,*,#1884,.F.);
#2901=ORIENTED_EDGE('',*,*,#2142,.T.);
#2902=ORIENTED_EDGE('',*,*,#1217,.T.);
#2903=EDGE_LOOP('',(#2899,#2900,#2901,#2902));
#2904=FACE_BOUND('',#2903,.T.);
#2905=ADVANCED_FACE('',(#2904),#2898,.T.);
#2906=CARTESIAN_POINT('',(203.2,199.25,10.2));
#2907=DIRECTION('',(1.,0.,0.));
#2908=DIRECTION('',(0.,0.,-1.));
#2909=AXIS2_PLACEMENT_3D('',#2906,#2907,#2908);
#2910=CYLINDRICAL_SURFACE('',#2909,1.);
#2911=ORIENTED_EDGE('',*,*,#1755,.F.);
#2912=CARTESIAN_POINT('',(52.8,199.25,10.2));
#2913=DIRECTION('',(1.,0.,0.));
#2914=DIRECTION('',(0.,0.,-1.));
#2915=AXIS2_PLACEMENT_3D('',#2912,#2913,#2914);
#2916=CIRCLE('',#2915,1.);
#2917=EDGE_CURVE('',#1342,#1742,#2916,.T.);
#2918=ORIENTED_EDGE('',*,*,#2917,.F.);
#2919=ORIENTED_EDGE('',*,*,#1347,.T.);
#2920=ORIENTED_EDGE('',*,*,#2887,.F.);
#2921=EDGE_LOOP('',(#2911,#2918,#2919,#2920));
#2922=FACE_BOUND('',#2921,.T.);
#2923=ADVANCED_FACE('',(#2922),#2910,.T.);
#2924=CARTESIAN_POINT('',(246.6,2.,11.2));
#2925=DIRECTION('',(0.,1.,0.));
#2926=DIRECTION('',(0.,0.,1.));
#2927=AXIS2_PLACEMENT_3D('',#2924,#2925,#2926);
#2928=PLANE('',#2927);
#2929=ORIENTED_EDGE('',*,*,#1274,.F.);
#2930=ORIENTED_EDGE('',*,*,#2184,.T.);
#2931=CARTESIAN_POINT('',(25.9,2.,20.95));
#2932=VERTEX_POINT('',#2931);
#2933=CARTESIAN_POINT('',(33.2,2.,20.95));
#2934=DIRECTION('',(-1.,0.,0.));
#2935=VECTOR('',#2934,7.3);
#2936=LINE('',#2933,#2935);
#2937=EDGE_CURVE('',#2179,#2932,#2936,.T.);
#2938=ORIENTED_EDGE('',*,*,#2937,.T.);
#2939=CARTESIAN_POINT('',(25.9,2.,20.3));
#2940=VERTEX_POINT('',#2939);
#2941=CARTESIAN_POINT('',(25.9,2.,20.3));
#2942=DIRECTION('',(0.,0.,1.));
#2943=VECTOR('',#2942,0.65);
#2944=LINE('',#2941,#2943);
#2945=EDGE_CURVE('',#2940,#2932,#2944,.T.);
#2946=ORIENTED_EDGE('',*,*,#2945,.F.);
#2947=CARTESIAN_POINT('',(25.4,2.,19.8));
#2948=VERTEX_POINT('',#2947);
#2949=CARTESIAN_POINT('',(25.4,2.,20.3));
#2950=DIRECTION('',(0.,1.,0.));
#2951=DIRECTION('',(0.,-0.,1.));
#2952=AXIS2_PLACEMENT_3D('',#2949,#2950,#2951);
#2953=CIRCLE('',#2952,0.5);
#2954=EDGE_CURVE('',#2940,#2948,#2953,.T.);
#2955=ORIENTED_EDGE('',*,*,#2954,.T.);
#2956=CARTESIAN_POINT('',(22.2,2.,19.8));
#2957=VERTEX_POINT('',#2956);
#2958=CARTESIAN_POINT('',(25.4,2.,19.8));
#2959=DIRECTION('',(-1.,0.,0.));
#2960=VECTOR('',#2959,3.2);
#2961=LINE('',#2958,#2960);
#2962=EDGE_CURVE('',#2948,#2957,#2961,.T.);
#2963=ORIENTED_EDGE('',*,*,#2962,.T.);
#2964=CARTESIAN_POINT('',(22.2,2.,14.55));
#2965=VERTEX_POINT('',#2964);
#2966=CARTESIAN_POINT('',(22.2,2.,19.8));
#2967=DIRECTION('',(0.,0.,-1.));
#2968=VECTOR('',#2967,5.25);
#2969=LINE('',#2966,#2968);
#2970=EDGE_CURVE('',#2957,#2965,#2969,.T.);
#2971=ORIENTED_EDGE('',*,*,#2970,.T.);
#2972=CARTESIAN_POINT('',(22.2,2.,14.55));
#2973=DIRECTION('',(1.,0.,-0.));
#2974=VECTOR('',#2973,1.5);
#2975=LINE('',#2972,#2974);
#2976=EDGE_CURVE('',#2965,#2832,#2975,.T.);
#2977=ORIENTED_EDGE('',*,*,#2976,.T.);
#2978=ORIENTED_EDGE('',*,*,#2837,.T.);
#2979=EDGE_LOOP('',(#2929,#2930,#2938,#2946,#2955,#2963,#2971,#2977,#2978));
#2980=FACE_BOUND('',#2979,.T.);
#2981=ADVANCED_FACE('',(#2980),#2928,.F.);
#2982=CARTESIAN_POINT('',(246.6,-0.05,22.1));
#2983=DIRECTION('',(1.,0.,0.));
#2984=DIRECTION('',(0.,0.,-1.));
#2985=AXIS2_PLACEMENT_3D('',#2982,#2983,#2984);
#2986=CYLINDRICAL_SURFACE('',#2985,0.25);
#2987=CARTESIAN_POINT('',(23.900001069,-0.05,22.35));
#2988=VERTEX_POINT('',#2987);
#2989=CARTESIAN_POINT('',(224.099998931,-0.05,22.35));
#2990=VERTEX_POINT('',#2989);
#2991=CARTESIAN_POINT('',(23.900001069,-0.05,22.35));
#2992=DIRECTION('',(1.,-0.,-0.));
#2993=VECTOR('',#2992,200.199997862);
#2994=LINE('',#2991,#2993);
#2995=EDGE_CURVE('',#2988,#2990,#2994,.T.);
#2996=ORIENTED_EDGE('',*,*,#2995,.F.);
#2997=CARTESIAN_POINT('',(23.900001069,-0.300000047,22.1));
#2998=VERTEX_POINT('',#2997);
#2999=CARTESIAN_POINT('',(23.900001069,-0.05,22.1));
#3000=DIRECTION('',(-1.,-0.,-0.));
#3001=DIRECTION('',(0.,0.,-1.));
#3002=AXIS2_PLACEMENT_3D('',#2999,#3000,#3001);
#3003=CIRCLE('',#3002,0.25);
#3004=EDGE_CURVE('',#2998,#2988,#3003,.T.);
#3005=ORIENTED_EDGE('',*,*,#3004,.F.);
#3006=CARTESIAN_POINT('',(224.099998931,-0.3,22.1));
#3007=VERTEX_POINT('',#3006);
#3008=CARTESIAN_POINT('',(224.099998931,-0.3,22.1));
#3009=DIRECTION('',(-1.,-0.,0.));
#3010=VECTOR('',#3009,200.199997862);
#3011=LINE('',#3008,#3010);
#3012=EDGE_CURVE('',#3007,#2998,#3011,.T.);
#3013=ORIENTED_EDGE('',*,*,#3012,.F.);
#3014=CARTESIAN_POINT('',(224.099998931,-0.05,22.1));
#3015=DIRECTION('',(1.,0.,0.));
#3016=DIRECTION('',(0.,0.,-1.));
#3017=AXIS2_PLACEMENT_3D('',#3014,#3015,#3016);
#3018=CIRCLE('',#3017,0.25);
#3019=EDGE_CURVE('',#2990,#3007,#3018,.T.);
#3020=ORIENTED_EDGE('',*,*,#3019,.F.);
#3021=EDGE_LOOP('',(#2996,#3005,#3013,#3020));
#3022=FACE_BOUND('',#3021,.T.);
#3023=ADVANCED_FACE('',(#3022),#2986,.T.);
#3024=CARTESIAN_POINT('',(239.775,2.5,10.525));
#3025=DIRECTION('',(0.,-1.,0.));
#3026=DIRECTION('',(0.,0.,-1.));
#3027=AXIS2_PLACEMENT_3D('',#3024,#3025,#3026);
#3028=PLANE('',#3027);
#3029=ORIENTED_EDGE('',*,*,#1828,.T.);
#3030=CARTESIAN_POINT('',(24.2,2.5,15.55));
#3031=VERTEX_POINT('',#3030);
#3032=CARTESIAN_POINT('',(24.2,2.5,15.55));
#3033=DIRECTION('',(-0.,-0.,-1.));
#3034=VECTOR('',#3033,4.35);
#3035=LINE('',#3032,#3034);
#3036=EDGE_CURVE('',#3031,#1815,#3035,.T.);
#3037=ORIENTED_EDGE('',*,*,#3036,.F.);
#3038=CARTESIAN_POINT('',(22.2,2.5,15.55));
#3039=VERTEX_POINT('',#3038);
#3040=CARTESIAN_POINT('',(22.2,2.5,15.55));
#3041=DIRECTION('',(1.,0.,-0.));
#3042=VECTOR('',#3041,2.);
#3043=LINE('',#3040,#3042);
#3044=EDGE_CURVE('',#3039,#3031,#3043,.T.);
#3045=ORIENTED_EDGE('',*,*,#3044,.F.);
#3046=CARTESIAN_POINT('',(22.2,2.5,22.6));
#3047=VERTEX_POINT('',#3046);
#3048=CARTESIAN_POINT('',(22.2,2.5,15.55));
#3049=DIRECTION('',(-0.,-0.,1.));
#3050=VECTOR('',#3049,7.05);
#3051=LINE('',#3048,#3050);
#3052=EDGE_CURVE('',#3039,#3047,#3051,.T.);
#3053=ORIENTED_EDGE('',*,*,#3052,.T.);
#3054=CARTESIAN_POINT('',(23.900001069,2.5,22.6));
#3055=VERTEX_POINT('',#3054);
#3056=CARTESIAN_POINT('',(22.2,2.5,22.6));
#3057=DIRECTION('',(1.,0.,-0.));
#3058=VECTOR('',#3057,1.700001069);
#3059=LINE('',#3056,#3058);
#3060=EDGE_CURVE('',#3047,#3055,#3059,.T.);
#3061=ORIENTED_EDGE('',*,*,#3060,.T.);
#3062=CARTESIAN_POINT('',(23.900001069,2.5,21.85));
#3063=VERTEX_POINT('',#3062);
#3064=CARTESIAN_POINT('',(23.900001069,2.5,22.6));
#3065=DIRECTION('',(0.,0.,-1.));
#3066=VECTOR('',#3065,0.75);
#3067=LINE('',#3064,#3066);
#3068=EDGE_CURVE('',#3055,#3063,#3067,.T.);
#3069=ORIENTED_EDGE('',*,*,#3068,.T.);
#3070=CARTESIAN_POINT('',(224.099998931,2.499999905,21.85));
#3071=VERTEX_POINT('',#3070);
#3072=CARTESIAN_POINT('',(224.099998931,2.5,21.85));
#3073=DIRECTION('',(-1.,-0.,0.));
#3074=VECTOR('',#3073,200.199997862);
#3075=LINE('',#3072,#3074);
#3076=EDGE_CURVE('',#3071,#3063,#3075,.T.);
#3077=ORIENTED_EDGE('',*,*,#3076,.F.);
#3078=CARTESIAN_POINT('',(224.099998931,2.499999905,22.6));
#3079=VERTEX_POINT('',#3078);
#3080=CARTESIAN_POINT('',(224.099998931,2.499999905,22.6));
#3081=DIRECTION('',(0.,0.,-1.));
#3082=VECTOR('',#3081,0.75);
#3083=LINE('',#3080,#3082);
#3084=EDGE_CURVE('',#3079,#3071,#3083,.T.);
#3085=ORIENTED_EDGE('',*,*,#3084,.F.);
#3086=CARTESIAN_POINT('',(225.8,2.499999953,22.6));
#3087=VERTEX_POINT('',#3086);
#3088=CARTESIAN_POINT('',(225.8,2.499999905,22.6));
#3089=DIRECTION('',(-1.,0.,0.));
#3090=VECTOR('',#3089,1.700001069);
#3091=LINE('',#3088,#3090);
#3092=EDGE_CURVE('',#3087,#3079,#3091,.T.);
#3093=ORIENTED_EDGE('',*,*,#3092,.F.);
#3094=CARTESIAN_POINT('',(225.8,2.5,15.55));
#3095=VERTEX_POINT('',#3094);
#3096=CARTESIAN_POINT('',(225.8,2.5,15.55));
#3097=DIRECTION('',(-0.,-0.,1.));
#3098=VECTOR('',#3097,7.05);
#3099=LINE('',#3096,#3098);
#3100=EDGE_CURVE('',#3095,#3087,#3099,.T.);
#3101=ORIENTED_EDGE('',*,*,#3100,.F.);
#3102=CARTESIAN_POINT('',(223.8,2.5,15.55));
#3103=VERTEX_POINT('',#3102);
#3104=CARTESIAN_POINT('',(225.8,2.5,15.55));
#3105=DIRECTION('',(-1.,-0.,0.));
#3106=VECTOR('',#3105,2.);
#3107=LINE('',#3104,#3106);
#3108=EDGE_CURVE('',#3095,#3103,#3107,.T.);
#3109=ORIENTED_EDGE('',*,*,#3108,.T.);
#3110=CARTESIAN_POINT('',(223.8,2.5,15.55));
#3111=DIRECTION('',(0.,0.,-1.));
#3112=VECTOR('',#3111,4.35);
#3113=LINE('',#3110,#3112);
#3114=EDGE_CURVE('',#3103,#1823,#3113,.T.);
#3115=ORIENTED_EDGE('',*,*,#3114,.T.);
#3116=EDGE_LOOP('',(#3029,#3037,#3045,#3053,#3061,#3069,#3077,#3085,#3093,#3101,#3109,#3115));
#3117=FACE_BOUND('',#3116,.T.);
#3118=ADVANCED_FACE('',(#3117),#3028,.F.);
#3119=CARTESIAN_POINT('',(246.6,-0.3,11.2));
#3120=DIRECTION('',(0.,1.,0.));
#3121=DIRECTION('',(0.,0.,1.));
#3122=AXIS2_PLACEMENT_3D('',#3119,#3120,#3121);
#3123=PLANE('',#3122);
#3124=ORIENTED_EDGE('',*,*,#3012,.T.);
#3125=CARTESIAN_POINT('',(23.900001069,-0.3,23.1));
#3126=VERTEX_POINT('',#3125);
#3127=CARTESIAN_POINT('',(23.900001069,-0.3,23.1));
#3128=DIRECTION('',(0.,0.,-1.));
#3129=VECTOR('',#3128,1.);
#3130=LINE('',#3127,#3129);
#3131=EDGE_CURVE('',#3126,#2998,#3130,.T.);
#3132=ORIENTED_EDGE('',*,*,#3131,.F.);
#3133=CARTESIAN_POINT('',(11.9,-0.3,23.1));
#3134=VERTEX_POINT('',#3133);
#3135=CARTESIAN_POINT('',(23.900001069,-0.3,23.1));
#3136=DIRECTION('',(-1.,0.,0.));
#3137=VECTOR('',#3136,12.000001069);
#3138=LINE('',#3135,#3137);
#3139=EDGE_CURVE('',#3126,#3134,#3138,.T.);
#3140=ORIENTED_EDGE('',*,*,#3139,.T.);
#3141=CARTESIAN_POINT('',(11.9,-0.3,22.1));
#3142=VERTEX_POINT('',#3141);
#3143=CARTESIAN_POINT('',(11.9,-0.3,23.1));
#3144=DIRECTION('',(0.,0.,-1.));
#3145=VECTOR('',#3144,1.);
#3146=LINE('',#3143,#3145);
#3147=EDGE_CURVE('',#3134,#3142,#3146,.T.);
#3148=ORIENTED_EDGE('',*,*,#3147,.T.);
#3149=CARTESIAN_POINT('',(2.5,-0.3,22.1));
#3150=VERTEX_POINT('',#3149);
#3151=CARTESIAN_POINT('',(11.9,-0.3,22.1));
#3152=DIRECTION('',(-1.,-0.,0.));
#3153=VECTOR('',#3152,9.4);
#3154=LINE('',#3151,#3153);
#3155=EDGE_CURVE('',#3142,#3150,#3154,.T.);
#3156=ORIENTED_EDGE('',*,*,#3155,.T.);
#3157=CARTESIAN_POINT('',(2.5,-0.3,20.95));
#3158=VERTEX_POINT('',#3157);
#3159=CARTESIAN_POINT('',(2.5,-0.3,22.1));
#3160=DIRECTION('',(0.,0.,-1.));
#3161=VECTOR('',#3160,1.15);
#3162=LINE('',#3159,#3161);
#3163=EDGE_CURVE('',#3150,#3158,#3162,.T.);
#3164=ORIENTED_EDGE('',*,*,#3163,.T.);
#3165=CARTESIAN_POINT('',(7.900001069,-0.3,20.95));
#3166=VERTEX_POINT('',#3165);
#3167=CARTESIAN_POINT('',(2.5,-0.3,20.95));
#3168=DIRECTION('',(1.,0.,-0.));
#3169=VECTOR('',#3168,5.400001069);
#3170=LINE('',#3167,#3169);
#3171=EDGE_CURVE('',#3158,#3166,#3170,.T.);
#3172=ORIENTED_EDGE('',*,*,#3171,.T.);
#3173=CARTESIAN_POINT('',(7.900001069,-0.3,20.3));
#3174=VERTEX_POINT('',#3173);
#3175=CARTESIAN_POINT('',(7.900001069,-0.3,20.95));
#3176=DIRECTION('',(0.,0.,-1.));
#3177=VECTOR('',#3176,0.65);
#3178=LINE('',#3175,#3177);
#3179=EDGE_CURVE('',#3166,#3174,#3178,.T.);
#3180=ORIENTED_EDGE('',*,*,#3179,.T.);
#3181=CARTESIAN_POINT('',(8.400001069,-0.3,19.8));
#3182=VERTEX_POINT('',#3181);
#3183=CARTESIAN_POINT('',(8.400001069,-0.3,20.3));
#3184=DIRECTION('',(-0.,-1.,-0.));
#3185=DIRECTION('',(0.,-0.,1.));
#3186=AXIS2_PLACEMENT_3D('',#3183,#3184,#3185);
#3187=CIRCLE('',#3186,0.5);
#3188=EDGE_CURVE('',#3174,#3182,#3187,.T.);
#3189=ORIENTED_EDGE('',*,*,#3188,.T.);
#3190=CARTESIAN_POINT('',(25.4,-0.3,19.8));
#3191=VERTEX_POINT('',#3190);
#3192=CARTESIAN_POINT('',(25.4,-0.3,19.8));
#3193=DIRECTION('',(-1.,0.,0.));
#3194=VECTOR('',#3193,16.999998931);
#3195=LINE('',#3192,#3194);
#3196=EDGE_CURVE('',#3191,#3182,#3195,.T.);
#3197=ORIENTED_EDGE('',*,*,#3196,.F.);
#3198=CARTESIAN_POINT('',(25.9,-0.3,20.3));
#3199=VERTEX_POINT('',#3198);
#3200=CARTESIAN_POINT('',(25.4,-0.3,20.3));
#3201=DIRECTION('',(-0.,-1.,-0.));
#3202=DIRECTION('',(0.,-0.,1.));
#3203=AXIS2_PLACEMENT_3D('',#3200,#3201,#3202);
#3204=CIRCLE('',#3203,0.5);
#3205=EDGE_CURVE('',#3191,#3199,#3204,.T.);
#3206=ORIENTED_EDGE('',*,*,#3205,.T.);
#3207=CARTESIAN_POINT('',(25.9,-0.3,20.95));
#3208=VERTEX_POINT('',#3207);
#3209=CARTESIAN_POINT('',(25.9,-0.3,20.95));
#3210=DIRECTION('',(0.,0.,-1.));
#3211=VECTOR('',#3210,0.65);
#3212=LINE('',#3209,#3211);
#3213=EDGE_CURVE('',#3208,#3199,#3212,.T.);
#3214=ORIENTED_EDGE('',*,*,#3213,.F.);
#3215=CARTESIAN_POINT('',(222.099998931,-0.3,20.95));
#3216=VERTEX_POINT('',#3215);
#3217=CARTESIAN_POINT('',(222.099998931,-0.3,20.95));
#3218=DIRECTION('',(-1.,0.,0.));
#3219=VECTOR('',#3218,196.199998931);
#3220=LINE('',#3217,#3219);
#3221=EDGE_CURVE('',#3216,#3208,#3220,.T.);
#3222=ORIENTED_EDGE('',*,*,#3221,.F.);
#3223=CARTESIAN_POINT('',(222.099998931,-0.3,20.3));
#3224=VERTEX_POINT('',#3223);
#3225=CARTESIAN_POINT('',(222.099998931,-0.3,20.95));
#3226=DIRECTION('',(0.,0.,-1.));
#3227=VECTOR('',#3226,0.65);
#3228=LINE('',#3225,#3227);
#3229=EDGE_CURVE('',#3216,#3224,#3228,.T.);
#3230=ORIENTED_EDGE('',*,*,#3229,.T.);
#3231=CARTESIAN_POINT('',(222.599998931,-0.3,19.8));
#3232=VERTEX_POINT('',#3231);
#3233=CARTESIAN_POINT('',(222.599998931,-0.3,20.3));
#3234=DIRECTION('',(-0.,-1.,-0.));
#3235=DIRECTION('',(0.,-0.,1.));
#3236=AXIS2_PLACEMENT_3D('',#3233,#3234,#3235);
#3237=CIRCLE('',#3236,0.5);
#3238=EDGE_CURVE('',#3224,#3232,#3237,.T.);
#3239=ORIENTED_EDGE('',*,*,#3238,.T.);
#3240=CARTESIAN_POINT('',(239.349998931,-0.3,19.8));
#3241=VERTEX_POINT('',#3240);
#3242=CARTESIAN_POINT('',(222.599998931,-0.3,19.8));
#3243=DIRECTION('',(1.,0.,-0.));
#3244=VECTOR('',#3243,16.75);
#3245=LINE('',#3242,#3244);
#3246=EDGE_CURVE('',#3232,#3241,#3245,.T.);
#3247=ORIENTED_EDGE('',*,*,#3246,.T.);
#3248=CARTESIAN_POINT('',(239.849998931,-0.3,20.3));
#3249=VERTEX_POINT('',#3248);
#3250=CARTESIAN_POINT('',(239.349998931,-0.3,20.3));
#3251=DIRECTION('',(-0.,-1.,-0.));
#3252=DIRECTION('',(0.,-0.,1.));
#3253=AXIS2_PLACEMENT_3D('',#3250,#3251,#3252);
#3254=CIRCLE('',#3253,0.5);
#3255=EDGE_CURVE('',#3241,#3249,#3254,.T.);
#3256=ORIENTED_EDGE('',*,*,#3255,.T.);
#3257=CARTESIAN_POINT('',(239.849998931,-0.3,20.95));
#3258=VERTEX_POINT('',#3257);
#3259=CARTESIAN_POINT('',(239.849998931,-0.3,20.95));
#3260=DIRECTION('',(0.,0.,-1.));
#3261=VECTOR('',#3260,0.65);
#3262=LINE('',#3259,#3261);
#3263=EDGE_CURVE('',#3258,#3249,#3262,.T.);
#3264=ORIENTED_EDGE('',*,*,#3263,.F.);
#3265=CARTESIAN_POINT('',(245.5,-0.3,20.95));
#3266=VERTEX_POINT('',#3265);
#3267=CARTESIAN_POINT('',(245.5,-0.3,20.95));
#3268=DIRECTION('',(-1.,0.,0.));
#3269=VECTOR('',#3268,5.650001069);
#3270=LINE('',#3267,#3269);
#3271=EDGE_CURVE('',#3266,#3258,#3270,.T.);
#3272=ORIENTED_EDGE('',*,*,#3271,.F.);
#3273=CARTESIAN_POINT('',(245.5,-0.3,22.1));
#3274=VERTEX_POINT('',#3273);
#3275=CARTESIAN_POINT('',(245.5,-0.3,22.1));
#3276=DIRECTION('',(-0.,-0.,-1.));
#3277=VECTOR('',#3276,1.15);
#3278=LINE('',#3275,#3277);
#3279=EDGE_CURVE('',#3274,#3266,#3278,.T.);
#3280=ORIENTED_EDGE('',*,*,#3279,.F.);
#3281=CARTESIAN_POINT('',(236.1,-0.300000047,22.1));
#3282=VERTEX_POINT('',#3281);
#3283=CARTESIAN_POINT('',(245.5,-0.3,22.1));
#3284=DIRECTION('',(-1.,-0.,0.));
#3285=VECTOR('',#3284,9.4);
#3286=LINE('',#3283,#3285);
#3287=EDGE_CURVE('',#3274,#3282,#3286,.T.);
#3288=ORIENTED_EDGE('',*,*,#3287,.T.);
#3289=CARTESIAN_POINT('',(236.1,-0.3,23.1));
#3290=VERTEX_POINT('',#3289);
#3291=CARTESIAN_POINT('',(236.1,-0.3,23.1));
#3292=DIRECTION('',(0.,0.,-1.));
#3293=VECTOR('',#3292,1.);
#3294=LINE('',#3291,#3293);
#3295=EDGE_CURVE('',#3290,#3282,#3294,.T.);
#3296=ORIENTED_EDGE('',*,*,#3295,.F.);
#3297=CARTESIAN_POINT('',(224.099998931,-0.3,23.1));
#3298=VERTEX_POINT('',#3297);
#3299=CARTESIAN_POINT('',(224.099998931,-0.3,23.1));
#3300=DIRECTION('',(1.,0.,-0.));
#3301=VECTOR('',#3300,12.000001069);
#3302=LINE('',#3299,#3301);
#3303=EDGE_CURVE('',#3298,#3290,#3302,.T.);
#3304=ORIENTED_EDGE('',*,*,#3303,.F.);
#3305=CARTESIAN_POINT('',(224.099998931,-0.3,23.1));
#3306=DIRECTION('',(0.,0.,-1.));
#3307=VECTOR('',#3306,1.);
#3308=LINE('',#3305,#3307);
#3309=EDGE_CURVE('',#3298,#3007,#3308,.T.);
#3310=ORIENTED_EDGE('',*,*,#3309,.T.);
#3311=EDGE_LOOP('',(#3124,#3132,#3140,#3148,#3156,#3164,#3172,#3180,#3189,#3197,#3206,#3214,#3222,#3230,#3239,#3247,#3256,#3264,#3272,#3280,#3288,#3296,#3304,#3310));
#3312=FACE_BOUND('',#3311,.T.);
#3313=ADVANCED_FACE('',(#3312),#3123,.F.);
#3314=CARTESIAN_POINT('',(230.45,2.,20.95));
#3315=DIRECTION('',(0.,0.,1.));
#3316=DIRECTION('',(-1.,0.,0.));
#3317=AXIS2_PLACEMENT_3D('',#3314,#3315,#3316);
#3318=PLANE('',#3317);
#3319=ORIENTED_EDGE('',*,*,#3221,.T.);
#3320=CARTESIAN_POINT('',(25.9,2.,20.95));
#3321=DIRECTION('',(-0.,-1.,-0.));
#3322=VECTOR('',#3321,2.3);
#3323=LINE('',#3320,#3322);
#3324=EDGE_CURVE('',#2932,#3208,#3323,.T.);
#3325=ORIENTED_EDGE('',*,*,#3324,.F.);
#3326=ORIENTED_EDGE('',*,*,#2937,.F.);
#3327=ORIENTED_EDGE('',*,*,#2199,.T.);
#3328=ORIENTED_EDGE('',*,*,#2214,.F.);
#3329=ORIENTED_EDGE('',*,*,#2161,.T.);
#3330=ORIENTED_EDGE('',*,*,#2120,.F.);
#3331=CARTESIAN_POINT('',(222.099998931,2.,20.95));
#3332=DIRECTION('',(0.,-1.,0.));
#3333=VECTOR('',#3332,2.3);
#3334=LINE('',#3331,#3333);
#3335=EDGE_CURVE('',#2107,#3216,#3334,.T.);
#3336=ORIENTED_EDGE('',*,*,#3335,.T.);
#3337=EDGE_LOOP('',(#3319,#3325,#3326,#3327,#3328,#3329,#3330,#3336));
#3338=FACE_BOUND('',#3337,.T.);
#3339=ADVANCED_FACE('',(#3338),#3318,.F.);
#3340=CARTESIAN_POINT('',(246.6,1.5,22.35));
#3341=DIRECTION('',(0.,0.,1.));
#3342=DIRECTION('',(-1.,0.,0.));
#3343=AXIS2_PLACEMENT_3D('',#3340,#3341,#3342);
#3344=PLANE('',#3343);
#3345=CARTESIAN_POINT('',(23.900001069,2.,22.35));
#3346=VERTEX_POINT('',#3345);
#3347=CARTESIAN_POINT('',(224.099998931,2.,22.35));
#3348=VERTEX_POINT('',#3347);
#3349=CARTESIAN_POINT('',(23.900001069,2.,22.35));
#3350=DIRECTION('',(1.,0.,-0.));
#3351=VECTOR('',#3350,200.199997862);
#3352=LINE('',#3349,#3351);
#3353=EDGE_CURVE('',#3346,#3348,#3352,.T.);
#3354=ORIENTED_EDGE('',*,*,#3353,.F.);
#3355=CARTESIAN_POINT('',(23.900001069,2.,22.35));
#3356=DIRECTION('',(0.,-1.,0.));
#3357=VECTOR('',#3356,2.05);
#3358=LINE('',#3355,#3357);
#3359=EDGE_CURVE('',#3346,#2988,#3358,.T.);
#3360=ORIENTED_EDGE('',*,*,#3359,.T.);
#3361=ORIENTED_EDGE('',*,*,#2995,.T.);
#3362=CARTESIAN_POINT('',(224.099998931,2.,22.35));
#3363=DIRECTION('',(0.,-1.,0.));
#3364=VECTOR('',#3363,2.05);
#3365=LINE('',#3362,#3364);
#3366=EDGE_CURVE('',#3348,#2990,#3365,.T.);
#3367=ORIENTED_EDGE('',*,*,#3366,.F.);
#3368=EDGE_LOOP('',(#3354,#3360,#3361,#3367));
#3369=FACE_BOUND('',#3368,.T.);
#3370=ADVANCED_FACE('',(#3369),#3344,.T.);
#3371=CARTESIAN_POINT('',(239.775,2.,21.85));
#3372=DIRECTION('',(1.,0.,-0.));
#3373=DIRECTION('',(0.,0.,1.));
#3374=AXIS2_PLACEMENT_3D('',#3371,#3372,#3373);
#3375=CYLINDRICAL_SURFACE('',#3374,0.5);
#3376=ORIENTED_EDGE('',*,*,#3076,.T.);
#3377=CARTESIAN_POINT('',(23.900001069,2.,21.85));
#3378=DIRECTION('',(-1.,-0.,-0.));
#3379=DIRECTION('',(0.,0.,-1.));
#3380=AXIS2_PLACEMENT_3D('',#3377,#3378,#3379);
#3381=CIRCLE('',#3380,0.5);
#3382=EDGE_CURVE('',#3346,#3063,#3381,.T.);
#3383=ORIENTED_EDGE('',*,*,#3382,.F.);
#3384=ORIENTED_EDGE('',*,*,#3353,.T.);
#3385=CARTESIAN_POINT('',(224.099998931,2.,21.85));
#3386=DIRECTION('',(-1.,-0.,-0.));
#3387=DIRECTION('',(0.,0.,-1.));
#3388=AXIS2_PLACEMENT_3D('',#3385,#3386,#3387);
#3389=CIRCLE('',#3388,0.5);
#3390=EDGE_CURVE('',#3348,#3071,#3389,.T.);
#3391=ORIENTED_EDGE('',*,*,#3390,.T.);
#3392=EDGE_LOOP('',(#3376,#3383,#3384,#3391));
#3393=FACE_BOUND('',#3392,.T.);
#3394=ADVANCED_FACE('',(#3393),#3375,.T.);
#3395=CARTESIAN_POINT('',(224.3,7.,11.2));
#3396=DIRECTION('',(0.,-1.,0.));
#3397=DIRECTION('',(-1.,0.,0.));
#3398=AXIS2_PLACEMENT_3D('',#3395,#3396,#3397);
#3399=PLANE('',#3398);
#3400=ORIENTED_EDGE('',*,*,#1844,.F.);
#3401=CARTESIAN_POINT('',(223.8,7.,11.55));
#3402=VERTEX_POINT('',#3401);
#3403=CARTESIAN_POINT('',(223.8,7.,11.2));
#3404=DIRECTION('',(-0.,-0.,1.));
#3405=VECTOR('',#3404,0.35);
#3406=LINE('',#3403,#3405);
#3407=EDGE_CURVE('',#1831,#3402,#3406,.T.);
#3408=ORIENTED_EDGE('',*,*,#3407,.T.);
#3409=CARTESIAN_POINT('',(236.8,7.,11.55));
#3410=VERTEX_POINT('',#3409);
#3411=CARTESIAN_POINT('',(236.8,7.,11.55));
#3412=DIRECTION('',(-1.,0.,0.));
#3413=VECTOR('',#3412,13.);
#3414=LINE('',#3411,#3413);
#3415=EDGE_CURVE('',#3410,#3402,#3414,.T.);
#3416=ORIENTED_EDGE('',*,*,#3415,.F.);
#3417=CARTESIAN_POINT('',(236.8,7.,11.55));
#3418=DIRECTION('',(0.,0.,-1.));
#3419=VECTOR('',#3418,0.35);
#3420=LINE('',#3417,#3419);
#3421=EDGE_CURVE('',#3410,#1839,#3420,.T.);
#3422=ORIENTED_EDGE('',*,*,#3421,.T.);
#3423=EDGE_LOOP('',(#3400,#3408,#3416,#3422));
#3424=FACE_BOUND('',#3423,.T.);
#3425=ADVANCED_FACE('',(#3424),#3399,.F.);
#3426=CARTESIAN_POINT('',(245.75,12.5,21.85));
#3427=DIRECTION('',(0.,1.,0.));
#3428=DIRECTION('',(0.,-0.,1.));
#3429=AXIS2_PLACEMENT_3D('',#3426,#3427,#3428);
#3430=CYLINDRICAL_SURFACE('',#3429,0.5);
#3431=ORIENTED_EDGE('',*,*,#703,.T.);
#3432=CARTESIAN_POINT('',(245.75,2.,22.35));
#3433=VERTEX_POINT('',#3432);
#3434=CARTESIAN_POINT('',(245.75,2.,22.35));
#3435=CARTESIAN_POINT('',(245.684550153,2.196349541,22.35));
#3436=CARTESIAN_POINT('',(245.619126058,2.392621827,22.336986338));
#3437=CARTESIAN_POINT('',(245.558658284,2.574025149,22.311939766));
#3438=CARTESIAN_POINT('',(245.49819051,2.755428471,22.286893194));
#3439=CARTESIAN_POINT('',(245.44272664,2.92182008,22.249833421));
#3440=CARTESIAN_POINT('',(245.396446609,3.060660172,22.203553391));
#3441=CARTESIAN_POINT('',(245.350166579,3.199500264,22.15727336));
#3442=CARTESIAN_POINT('',(245.313106806,3.310679582,22.10180949));
#3443=CARTESIAN_POINT('',(245.288060234,3.385819299,22.041341716));
#3444=CARTESIAN_POINT('',(245.263013662,3.460959015,21.980873942));
#3445=CARTESIAN_POINT('',(245.25,3.5,21.915449847));
#3446=CARTESIAN_POINT('',(245.25,3.5,21.85));
#3447=B_SPLINE_CURVE_WITH_KNOTS('',3,(#3434,#3435,#3436,#3437,#3438,#3439,#3440,#3441,#3442,#3443,#3444,#3445,#3446),.UNSPECIFIED.,.F.,.F.,(4,3,3,3,4),(270.,292.5,315.,337.5,360.),.UNSPECIFIED.);
#3448=EDGE_CURVE('',#3433,#690,#3447,.T.);
#3449=ORIENTED_EDGE('',*,*,#3448,.F.);
#3450=CARTESIAN_POINT('',(245.75,192.,22.35));
#3451=VERTEX_POINT('',#3450);
#3452=CARTESIAN_POINT('',(245.75,2.,22.35));
#3453=DIRECTION('',(0.,1.,0.));
#3454=VECTOR('',#3453,190.);
#3455=LINE('',#3452,#3454);
#3456=EDGE_CURVE('',#3433,#3451,#3455,.T.);
#3457=ORIENTED_EDGE('',*,*,#3456,.T.);
#3458=CARTESIAN_POINT('',(245.75,192.,21.85));
#3459=DIRECTION('',(-0.,-1.,-0.));
#3460=DIRECTION('',(0.,-0.,1.));
#3461=AXIS2_PLACEMENT_3D('',#3458,#3459,#3460);
#3462=CIRCLE('',#3461,0.5);
#3463=EDGE_CURVE('',#3451,#698,#3462,.T.);
#3464=ORIENTED_EDGE('',*,*,#3463,.T.);
#3465=EDGE_LOOP('',(#3431,#3449,#3457,#3464));
#3466=FACE_BOUND('',#3465,.T.);
#3467=ADVANCED_FACE('',(#3466),#3430,.T.);
#3468=CARTESIAN_POINT('',(246.6,1.5,22.35));
#3469=DIRECTION('',(0.,0.,1.));
#3470=DIRECTION('',(-1.,0.,0.));
#3471=AXIS2_PLACEMENT_3D('',#3468,#3469,#3470);
#3472=PLANE('',#3471);
#3473=ORIENTED_EDGE('',*,*,#3456,.F.);
#3474=CARTESIAN_POINT('',(236.1,2.,22.35));
#3475=VERTEX_POINT('',#3474);
#3476=CARTESIAN_POINT('',(236.1,2.,22.35));
#3477=DIRECTION('',(1.,0.,-0.));
#3478=VECTOR('',#3477,9.65);
#3479=LINE('',#3476,#3478);
#3480=EDGE_CURVE('',#3475,#3433,#3479,.T.);
#3481=ORIENTED_EDGE('',*,*,#3480,.F.);
#3482=CARTESIAN_POINT('',(236.1,-0.05,22.35));
#3483=VERTEX_POINT('',#3482);
#3484=CARTESIAN_POINT('',(236.1,2.,22.35));
#3485=DIRECTION('',(0.,-1.,0.));
#3486=VECTOR('',#3485,2.05);
#3487=LINE('',#3484,#3486);
#3488=EDGE_CURVE('',#3475,#3483,#3487,.T.);
#3489=ORIENTED_EDGE('',*,*,#3488,.T.);
#3490=CARTESIAN_POINT('',(245.5,-0.05,22.35));
#3491=VERTEX_POINT('',#3490);
#3492=CARTESIAN_POINT('',(236.1,-0.05,22.35));
#3493=DIRECTION('',(1.,-0.,-0.));
#3494=VECTOR('',#3493,9.4);
#3495=LINE('',#3492,#3494);
#3496=EDGE_CURVE('',#3483,#3491,#3495,.T.);
#3497=ORIENTED_EDGE('',*,*,#3496,.T.);
#3498=CARTESIAN_POINT('',(247.75,2.2,22.35));
#3499=VERTEX_POINT('',#3498);
#3500=CARTESIAN_POINT('',(245.5,2.2,22.35));
#3501=DIRECTION('',(0.,0.,1.));
#3502=DIRECTION('',(1.,0.,-0.));
#3503=AXIS2_PLACEMENT_3D('',#3500,#3501,#3502);
#3504=CIRCLE('',#3503,2.25);
#3505=EDGE_CURVE('',#3491,#3499,#3504,.T.);
#3506=ORIENTED_EDGE('',*,*,#3505,.T.);
#3507=CARTESIAN_POINT('',(247.75,192.,22.35));
#3508=VERTEX_POINT('',#3507);
#3509=CARTESIAN_POINT('',(247.75,2.2,22.35));
#3510=DIRECTION('',(-0.,1.,-0.));
#3511=VECTOR('',#3510,189.8);
#3512=LINE('',#3509,#3511);
#3513=EDGE_CURVE('',#3499,#3508,#3512,.T.);
#3514=ORIENTED_EDGE('',*,*,#3513,.T.);
#3515=CARTESIAN_POINT('',(247.75,192.,22.35));
#3516=DIRECTION('',(-1.,0.,0.));
#3517=VECTOR('',#3516,2.);
#3518=LINE('',#3515,#3517);
#3519=EDGE_CURVE('',#3508,#3451,#3518,.T.);
#3520=ORIENTED_EDGE('',*,*,#3519,.T.);
#3521=EDGE_LOOP('',(#3473,#3481,#3489,#3497,#3506,#3514,#3520));
#3522=FACE_BOUND('',#3521,.T.);
#3523=ADVANCED_FACE('',(#3522),#3472,.T.);
#3524=CARTESIAN_POINT('',(247.75,1.5,22.1));
#3525=DIRECTION('',(0.,-1.,0.));
#3526=DIRECTION('',(0.,0.,-1.));
#3527=AXIS2_PLACEMENT_3D('',#3524,#3525,#3526);
#3528=CYLINDRICAL_SURFACE('',#3527,0.25);
#3529=ORIENTED_EDGE('',*,*,#3513,.F.);
#3530=CARTESIAN_POINT('',(248.,2.2,22.1));
#3531=VERTEX_POINT('',#3530);
#3532=CARTESIAN_POINT('',(247.75,2.2,22.1));
#3533=DIRECTION('',(-0.,-1.,-0.));
#3534=DIRECTION('',(0.,-0.,1.));
#3535=AXIS2_PLACEMENT_3D('',#3532,#3533,#3534);
#3536=CIRCLE('',#3535,0.25);
#3537=EDGE_CURVE('',#3531,#3499,#3536,.T.);
#3538=ORIENTED_EDGE('',*,*,#3537,.F.);
#3539=CARTESIAN_POINT('',(248.,191.896446609,22.1));
#3540=VERTEX_POINT('',#3539);
#3541=CARTESIAN_POINT('',(248.,191.896446609,22.1));
#3542=DIRECTION('',(0.,-1.,0.));
#3543=VECTOR('',#3542,189.696446609);
#3544=LINE('',#3541,#3543);
#3545=EDGE_CURVE('',#3540,#3531,#3544,.T.);
#3546=ORIENTED_EDGE('',*,*,#3545,.F.);
#3547=CARTESIAN_POINT('',(247.75,191.896446609,22.1));
#3548=DIRECTION('',(0.,0.923879533,-0.382683432));
#3549=DIRECTION('',(0.,-0.382683432,-0.923879533));
#3550=AXIS2_PLACEMENT_3D('',#3547,#3548,#3549);
#3551=ELLIPSE('',#3550,0.27059805,0.25);
#3552=EDGE_CURVE('',#3508,#3540,#3551,.T.);
#3553=ORIENTED_EDGE('',*,*,#3552,.F.);
#3554=EDGE_LOOP('',(#3529,#3538,#3546,#3553));
#3555=FACE_BOUND('',#3554,.T.);
#3556=ADVANCED_FACE('',(#3555),#3528,.T.);
#3557=CARTESIAN_POINT('',(248.,1.5,4.7));
#3558=DIRECTION('',(-1.,0.,0.));
#3559=DIRECTION('',(0.,0.,-1.));
#3560=AXIS2_PLACEMENT_3D('',#3557,#3558,#3559);
#3561=PLANE('',#3560);
#3562=ORIENTED_EDGE('',*,*,#3545,.T.);
#3563=CARTESIAN_POINT('',(248.,2.2,20.95));
#3564=VERTEX_POINT('',#3563);
#3565=CARTESIAN_POINT('',(248.,2.2,20.95));
#3566=DIRECTION('',(0.,0.,1.));
#3567=VECTOR('',#3566,1.15);
#3568=LINE('',#3565,#3567);
#3569=EDGE_CURVE('',#3564,#3531,#3568,.T.);
#3570=ORIENTED_EDGE('',*,*,#3569,.F.);
#3571=CARTESIAN_POINT('',(248.,192.,20.95));
#3572=VERTEX_POINT('',#3571);
#3573=CARTESIAN_POINT('',(248.,2.2,20.95));
#3574=DIRECTION('',(0.,1.,0.));
#3575=VECTOR('',#3574,189.8);
#3576=LINE('',#3573,#3575);
#3577=EDGE_CURVE('',#3564,#3572,#3576,.T.);
#3578=ORIENTED_EDGE('',*,*,#3577,.T.);
#3579=CARTESIAN_POINT('',(248.,199.65,13.3));
#3580=VERTEX_POINT('',#3579);
#3581=CARTESIAN_POINT('',(248.,192.,20.95));
#3582=DIRECTION('',(0.,0.707106781,-0.707106781));
#3583=VECTOR('',#3582,10.818733752);
#3584=LINE('',#3581,#3583);
#3585=EDGE_CURVE('',#3572,#3580,#3584,.T.);
#3586=ORIENTED_EDGE('',*,*,#3585,.T.);
#3587=CARTESIAN_POINT('',(248.,199.65,14.242893219));
#3588=VERTEX_POINT('',#3587);
#3589=CARTESIAN_POINT('',(248.,199.65,13.3));
#3590=DIRECTION('',(-0.,-0.,1.));
#3591=VECTOR('',#3590,0.942893219);
#3592=LINE('',#3589,#3591);
#3593=EDGE_CURVE('',#3580,#3588,#3592,.T.);
#3594=ORIENTED_EDGE('',*,*,#3593,.T.);
#3595=CARTESIAN_POINT('',(248.,199.576776695,14.419669914));
#3596=VERTEX_POINT('',#3595);
#3597=CARTESIAN_POINT('',(248.,199.4,14.242893219));
#3598=DIRECTION('',(1.,-0.,-0.));
#3599=DIRECTION('',(0.,0.,1.));
#3600=AXIS2_PLACEMENT_3D('',#3597,#3598,#3599);
#3601=CIRCLE('',#3600,0.25);
#3602=EDGE_CURVE('',#3588,#3596,#3601,.T.);
#3603=ORIENTED_EDGE('',*,*,#3602,.T.);
#3604=CARTESIAN_POINT('',(248.,199.576776695,14.419669914));
#3605=DIRECTION('',(0.,-0.707106781,0.707106781));
#3606=VECTOR('',#3605,10.861626971);
#3607=LINE('',#3604,#3606);
#3608=EDGE_CURVE('',#3596,#3540,#3607,.T.);
#3609=ORIENTED_EDGE('',*,*,#3608,.T.);
#3610=EDGE_LOOP('',(#3562,#3570,#3578,#3586,#3594,#3603,#3609));
#3611=FACE_BOUND('',#3610,.T.);
#3612=ADVANCED_FACE('',(#3611),#3561,.F.);
#3613=CARTESIAN_POINT('',(230.45,2.,20.95));
#3614=DIRECTION('',(0.,0.,1.));
#3615=DIRECTION('',(-1.,0.,0.));
#3616=AXIS2_PLACEMENT_3D('',#3613,#3614,#3615);
#3617=PLANE('',#3616);
#3618=ORIENTED_EDGE('',*,*,#3577,.F.);
#3619=CARTESIAN_POINT('',(245.5,2.2,20.95));
#3620=DIRECTION('',(0.,0.,1.));
#3621=DIRECTION('',(1.,0.,-0.));
#3622=AXIS2_PLACEMENT_3D('',#3619,#3620,#3621);
#3623=CIRCLE('',#3622,2.5);
#3624=EDGE_CURVE('',#3266,#3564,#3623,.T.);
#3625=ORIENTED_EDGE('',*,*,#3624,.F.);
#3626=ORIENTED_EDGE('',*,*,#3271,.T.);
#3627=CARTESIAN_POINT('',(239.849998931,-0.3,20.95));
#3628=DIRECTION('',(-0.,1.,-0.));
#3629=VECTOR('',#3628,2.3);
#3630=LINE('',#3627,#3629);
#3631=EDGE_CURVE('',#3258,#373,#3630,.T.);
#3632=ORIENTED_EDGE('',*,*,#3631,.T.);
#3633=ORIENTED_EDGE('',*,*,#378,.F.);
#3634=ORIENTED_EDGE('',*,*,#346,.F.);
#3635=ORIENTED_EDGE('',*,*,#246,.F.);
#3636=CARTESIAN_POINT('',(248.,192.,20.95));
#3637=DIRECTION('',(-1.,-0.,0.));
#3638=VECTOR('',#3637,1.4);
#3639=LINE('',#3636,#3638);
#3640=EDGE_CURVE('',#3572,#233,#3639,.T.);
#3641=ORIENTED_EDGE('',*,*,#3640,.F.);
#3642=EDGE_LOOP('',(#3618,#3625,#3626,#3632,#3633,#3634,#3635,#3641));
#3643=FACE_BOUND('',#3642,.T.);
#3644=ADVANCED_FACE('',(#3643),#3617,.F.);
#3645=CARTESIAN_POINT('',(223.8,15.25,10.525));
#3646=DIRECTION('',(-1.,0.,0.));
#3647=DIRECTION('',(0.,1.,0.));
#3648=AXIS2_PLACEMENT_3D('',#3645,#3646,#3647);
#3649=PLANE('',#3648);
#3650=ORIENTED_EDGE('',*,*,#3407,.F.);
#3651=ORIENTED_EDGE('',*,*,#1836,.F.);
#3652=ORIENTED_EDGE('',*,*,#3114,.F.);
#3653=CARTESIAN_POINT('',(223.8,3.,15.55));
#3654=VERTEX_POINT('',#3653);
#3655=CARTESIAN_POINT('',(223.8,2.5,15.55));
#3656=DIRECTION('',(0.,1.,0.));
#3657=VECTOR('',#3656,0.5);
#3658=LINE('',#3655,#3657);
#3659=EDGE_CURVE('',#3103,#3654,#3658,.T.);
#3660=ORIENTED_EDGE('',*,*,#3659,.T.);
#3661=CARTESIAN_POINT('',(223.8,3.,11.55));
#3662=DIRECTION('',(1.,-0.,-0.));
#3663=DIRECTION('',(0.,0.,1.));
#3664=AXIS2_PLACEMENT_3D('',#3661,#3662,#3663);
#3665=CIRCLE('',#3664,4.);
#3666=EDGE_CURVE('',#3402,#3654,#3665,.T.);
#3667=ORIENTED_EDGE('',*,*,#3666,.F.);
#3668=EDGE_LOOP('',(#3650,#3651,#3652,#3660,#3667));
#3669=FACE_BOUND('',#3668,.T.);
#3670=ADVANCED_FACE('',(#3669),#3649,.T.);
#3671=CARTESIAN_POINT('',(239.775,2.,21.85));
#3672=DIRECTION('',(1.,0.,-0.));
#3673=DIRECTION('',(0.,0.,1.));
#3674=AXIS2_PLACEMENT_3D('',#3671,#3672,#3673);
#3675=CYLINDRICAL_SURFACE('',#3674,0.5);
#3676=ORIENTED_EDGE('',*,*,#3480,.T.);
#3677=CARTESIAN_POINT('',(244.25,2.5,21.85));
#3678=VERTEX_POINT('',#3677);
#3679=CARTESIAN_POINT('',(244.25,2.5,21.85));
#3680=CARTESIAN_POINT('',(244.25,2.5,21.915449847));
#3681=CARTESIAN_POINT('',(244.289040985,2.486986338,21.980873942));
#3682=CARTESIAN_POINT('',(244.364180701,2.461939766,22.041341716));
#3683=CARTESIAN_POINT('',(244.439320418,2.436893194,22.10180949));
#3684=CARTESIAN_POINT('',(244.550499736,2.399833421,22.15727336));
#3685=CARTESIAN_POINT('',(244.689339828,2.353553391,22.203553391));
#3686=CARTESIAN_POINT('',(244.82817992,2.30727336,22.249833421));
#3687=CARTESIAN_POINT('',(244.994571529,2.25180949,22.286893194));
#3688=CARTESIAN_POINT('',(245.175974851,2.191341716,22.311939766));
#3689=CARTESIAN_POINT('',(245.357378173,2.130873942,22.336986338));
#3690=CARTESIAN_POINT('',(245.553650459,2.065449847,22.35));
#3691=CARTESIAN_POINT('',(245.75,2.,22.35));
#3692=B_SPLINE_CURVE_WITH_KNOTS('',3,(#3679,#3680,#3681,#3682,#3683,#3684,#3685,#3686,#3687,#3688,#3689,#3690,#3691),.UNSPECIFIED.,.F.,.F.,(4,3,3,3,4),(0.,22.5,45.,67.5,90.),.UNSPECIFIED.);
#3693=EDGE_CURVE('',#3678,#3433,#3692,.T.);
#3694=ORIENTED_EDGE('',*,*,#3693,.F.);
#3695=CARTESIAN_POINT('',(236.1,2.5,21.85));
#3696=VERTEX_POINT('',#3695);
#3697=CARTESIAN_POINT('',(244.25,2.5,21.85));
#3698=DIRECTION('',(-1.,-0.,0.));
#3699=VECTOR('',#3698,8.15);
#3700=LINE('',#3697,#3699);
#3701=EDGE_CURVE('',#3678,#3696,#3700,.T.);
#3702=ORIENTED_EDGE('',*,*,#3701,.T.);
#3703=CARTESIAN_POINT('',(236.1,2.,21.85));
#3704=DIRECTION('',(1.,0.,0.));
#3705=DIRECTION('',(0.,0.,-1.));
#3706=AXIS2_PLACEMENT_3D('',#3703,#3704,#3705);
#3707=CIRCLE('',#3706,0.5);
#3708=EDGE_CURVE('',#3696,#3475,#3707,.T.);
#3709=ORIENTED_EDGE('',*,*,#3708,.T.);
#3710=EDGE_LOOP('',(#3676,#3694,#3702,#3709));
#3711=FACE_BOUND('',#3710,.T.);
#3712=ADVANCED_FACE('',(#3711),#3675,.T.);
#3713=CARTESIAN_POINT('',(236.1,0.999999905,23.1));
#3714=DIRECTION('',(1.,0.,0.));
#3715=DIRECTION('',(0.,0.,1.));
#3716=AXIS2_PLACEMENT_3D('',#3713,#3714,#3715);
#3717=PLANE('',#3716);
#3718=CARTESIAN_POINT('',(236.1,1.999999905,23.1));
#3719=VERTEX_POINT('',#3718);
#3720=CARTESIAN_POINT('',(236.1,-0.3,23.1));
#3721=DIRECTION('',(-0.,1.,-0.));
#3722=VECTOR('',#3721,2.299999905);
#3723=LINE('',#3720,#3722);
#3724=EDGE_CURVE('',#3290,#3719,#3723,.T.);
#3725=ORIENTED_EDGE('',*,*,#3724,.F.);
#3726=ORIENTED_EDGE('',*,*,#3295,.T.);
#3727=CARTESIAN_POINT('',(236.1,-0.05,22.1));
#3728=DIRECTION('',(-1.,-0.,-0.));
#3729=DIRECTION('',(0.,0.,-1.));
#3730=AXIS2_PLACEMENT_3D('',#3727,#3728,#3729);
#3731=CIRCLE('',#3730,0.25);
#3732=EDGE_CURVE('',#3282,#3483,#3731,.T.);
#3733=ORIENTED_EDGE('',*,*,#3732,.T.);
#3734=ORIENTED_EDGE('',*,*,#3488,.F.);
#3735=ORIENTED_EDGE('',*,*,#3708,.F.);
#3736=CARTESIAN_POINT('',(236.1,2.499999953,22.6));
#3737=VERTEX_POINT('',#3736);
#3738=CARTESIAN_POINT('',(236.1,2.5,22.6));
#3739=DIRECTION('',(0.,0.,-1.));
#3740=VECTOR('',#3739,0.75);
#3741=LINE('',#3738,#3740);
#3742=EDGE_CURVE('',#3737,#3696,#3741,.T.);
#3743=ORIENTED_EDGE('',*,*,#3742,.F.);
#3744=CARTESIAN_POINT('',(236.1,1.999999905,22.6));
#3745=DIRECTION('',(-1.,0.,0.));
#3746=DIRECTION('',(0.,0.,1.));
#3747=AXIS2_PLACEMENT_3D('',#3744,#3745,#3746);
#3748=CIRCLE('',#3747,0.5);
#3749=EDGE_CURVE('',#3719,#3737,#3748,.T.);
#3750=ORIENTED_EDGE('',*,*,#3749,.F.);
#3751=EDGE_LOOP('',(#3725,#3726,#3733,#3734,#3735,#3743,#3750));
#3752=FACE_BOUND('',#3751,.T.);
#3753=ADVANCED_FACE('',(#3752),#3717,.T.);
#3754=CARTESIAN_POINT('',(245.75,2.,22.35));
#3755=CARTESIAN_POINT('',(245.75,2.,22.35));
#3756=CARTESIAN_POINT('',(245.75,2.,22.35));
#3757=CARTESIAN_POINT('',(245.75,2.,22.35));
#3758=CARTESIAN_POINT('',(245.75,2.,22.35));
#3759=CARTESIAN_POINT('',(245.75,2.,22.35));
#3760=CARTESIAN_POINT('',(245.75,2.,22.35));
#3761=CARTESIAN_POINT('',(245.75,2.,22.35));
#3762=CARTESIAN_POINT('',(245.75,2.,22.35));
#3763=CARTESIAN_POINT('',(245.75,2.,22.35));
#3764=CARTESIAN_POINT('',(245.553650459,2.065449847,22.35));
#3765=CARTESIAN_POINT('',(245.553650459,2.065449847,22.35));
#3766=CARTESIAN_POINT('',(245.586375383,2.09817477,22.35));
#3767=CARTESIAN_POINT('',(245.586375383,2.09817477,22.35));
#3768=CARTESIAN_POINT('',(245.619100306,2.130899694,22.35));
#3769=CARTESIAN_POINT('',(245.619100306,2.130899694,22.35));
#3770=CARTESIAN_POINT('',(245.65182523,2.163624617,22.35));
#3771=CARTESIAN_POINT('',(245.65182523,2.163624617,22.35));
#3772=CARTESIAN_POINT('',(245.684550153,2.196349541,22.35));
#3773=CARTESIAN_POINT('',(245.684550153,2.196349541,22.35));
#3774=CARTESIAN_POINT('',(245.357378173,2.130873942,22.336986338));
#3775=CARTESIAN_POINT('',(245.379210763,2.152614089,22.332372219));
#3776=CARTESIAN_POINT('',(245.40104348,2.174395843,22.328930059));
#3777=CARTESIAN_POINT('',(245.444706444,2.217995856,22.324345601));
#3778=CARTESIAN_POINT('',(245.466536941,2.239814327,22.323203239));
#3779=CARTESIAN_POINT('',(245.510185673,2.283463059,22.323203239));
#3780=CARTESIAN_POINT('',(245.532004144,2.305293556,22.324345601));
#3781=CARTESIAN_POINT('',(245.575604157,2.34895652,22.328930059));
#3782=CARTESIAN_POINT('',(245.597385911,2.370789237,22.332372219));
#3783=CARTESIAN_POINT('',(245.619126058,2.392621827,22.336986338));
#3784=CARTESIAN_POINT('',(244.994571529,2.25180949,22.286893194));
#3785=CARTESIAN_POINT('',(245.039827623,2.287333116,22.267787882));
#3786=CARTESIAN_POINT('',(245.085083197,2.325212982,22.253300473));
#3787=CARTESIAN_POINT('',(245.174340251,2.404615138,22.233941126));
#3788=CARTESIAN_POINT('',(245.218340702,2.446136496,22.229069394));
#3789=CARTESIAN_POINT('',(245.303863504,2.531659298,22.229069394));
#3790=CARTESIAN_POINT('',(245.345384862,2.575659749,22.233941126));
#3791=CARTESIAN_POINT('',(245.424787018,2.664916803,22.253300473));
#3792=CARTESIAN_POINT('',(245.462666884,2.710172377,22.267787882));
#3793=CARTESIAN_POINT('',(245.49819051,2.755428471,22.286893194));
#3794=CARTESIAN_POINT('',(244.82817992,2.30727336,22.249833421));
#3795=CARTESIAN_POINT('',(244.886039249,2.34552999,22.220903757));
#3796=CARTESIAN_POINT('',(244.943897267,2.388487015,22.198803177));
#3797=CARTESIAN_POINT('',(245.057066628,2.481735616,22.169226431));
#3798=CARTESIAN_POINT('',(245.112375331,2.532024446,22.161750914));
#3799=CARTESIAN_POINT('',(245.217975554,2.637624669,22.161750914));
#3800=CARTESIAN_POINT('',(245.268264384,2.692933372,22.169226431));
#3801=CARTESIAN_POINT('',(245.361512985,2.806102733,22.198803177));
#3802=CARTESIAN_POINT('',(245.40447001,2.863960751,22.220903757));
#3803=CARTESIAN_POINT('',(245.44272664,2.92182008,22.249833421));
#3804=CARTESIAN_POINT('',(244.550499736,2.399833421,22.15727336));
#3805=CARTESIAN_POINT('',(244.635145945,2.43282956,22.114950256));
#3806=CARTESIAN_POINT('',(244.719782342,2.477366158,22.082050044));
#3807=CARTESIAN_POINT('',(244.881912538,2.585650821,22.037860496));
#3808=CARTESIAN_POINT('',(244.959387492,2.649385901,22.026576267));
#3809=CARTESIAN_POINT('',(245.100614099,2.790612508,22.026576267));
#3810=CARTESIAN_POINT('',(245.164349179,2.868087462,22.037860496));
#3811=CARTESIAN_POINT('',(245.272633842,3.030217658,22.082050044));
#3812=CARTESIAN_POINT('',(245.31717044,3.114854055,22.114950256));
#3813=CARTESIAN_POINT('',(245.350166579,3.199500264,22.15727336));
#3814=CARTESIAN_POINT('',(244.439320417,2.436893194,22.10180949));
#3815=CARTESIAN_POINT('',(244.53837932,2.461657048,22.056529866));
#3816=CARTESIAN_POINT('',(244.637419602,2.502442499,22.020921379));
#3817=CARTESIAN_POINT('',(244.824924888,2.611561644,21.972977058));
#3818=CARTESIAN_POINT('',(244.913354504,2.679873762,21.960651063));
#3819=CARTESIAN_POINT('',(245.070126238,2.836645496,21.960651063));
#3820=CARTESIAN_POINT('',(245.138438356,2.925075112,21.972977058));
#3821=CARTESIAN_POINT('',(245.247557501,3.112580398,22.020921379));
#3822=CARTESIAN_POINT('',(245.288342952,3.21162068,22.056529866));
#3823=CARTESIAN_POINT('',(245.313106806,3.310679583,22.10180949));
#3824=CARTESIAN_POINT('',(244.289040985,2.486986338,21.980873942));
#3825=CARTESIAN_POINT('',(244.41161143,2.494679351,21.947795759));
#3826=CARTESIAN_POINT('',(244.534141553,2.525768726,21.921398308));
#3827=CARTESIAN_POINT('',(244.762108853,2.630298149,21.885744382));
#3828=CARTESIAN_POINT('',(244.867470922,2.703702951,21.876500304));
#3829=CARTESIAN_POINT('',(245.046297049,2.882529078,21.876500304));
#3830=CARTESIAN_POINT('',(245.119701851,2.987891147,21.885744382));
#3831=CARTESIAN_POINT('',(245.224231274,3.215858447,21.921398308));
#3832=CARTESIAN_POINT('',(245.255320649,3.33838857,21.947795759));
#3833=CARTESIAN_POINT('',(245.263013662,3.460959015,21.980873942));
#3834=CARTESIAN_POINT('',(244.25,2.5,21.915449847));
#3835=CARTESIAN_POINT('',(244.380899694,2.5,21.898315117));
#3836=CARTESIAN_POINT('',(244.511747884,2.526027323,21.884594098));
#3837=CARTESIAN_POINT('',(244.75361898,2.626213612,21.8660476));
#3838=CARTESIAN_POINT('',(244.86454672,2.700333158,21.861229418));
#3839=CARTESIAN_POINT('',(245.049666842,2.88545328,21.861229418));
#3840=CARTESIAN_POINT('',(245.123786388,2.99638102,21.8660476));
#3841=CARTESIAN_POINT('',(245.223972677,3.238252116,21.884594098));
#3842=CARTESIAN_POINT('',(245.25,3.369100306,21.898315117));
#3843=CARTESIAN_POINT('',(245.25,3.5,21.915449847));
#3844=CARTESIAN_POINT('',(244.25,2.5,21.85));
#3845=CARTESIAN_POINT('',(244.380899694,2.5,21.85));
#3846=CARTESIAN_POINT('',(244.511747884,2.526027323,21.85));
#3847=CARTESIAN_POINT('',(244.75361898,2.626213612,21.85));
#3848=CARTESIAN_POINT('',(244.86454672,2.700333158,21.85));
#3849=CARTESIAN_POINT('',(245.049666842,2.88545328,21.85));
#3850=CARTESIAN_POINT('',(245.123786388,2.99638102,21.85));
#3851=CARTESIAN_POINT('',(245.223972677,3.238252116,21.85));
#3852=CARTESIAN_POINT('',(245.25,3.369100306,21.85));
#3853=CARTESIAN_POINT('',(245.25,3.5,21.85));
#3854=B_SPLINE_SURFACE_WITH_KNOTS('',3,3,((#3754,#3755,#3756,#3757,#3758,#3759,#3760,#3761,#3762,#3763),(#3764,#3765,#3766,#3767,#3768,#3769,#3770,#3771,#3772,#3773),(#3774,#3775,#3776,#3777,#3778,#3779,#3780,#3781,#3782,#3783),(#3784,#3785,#3786,#3787,#3788,#3789,#3790,#3791,#3792,#3793),(#3794,#3795,#3796,#3797,#3798,#3799,#3800,#3801,#3802,#3803),(#3804,#3805,#3806,#3807,#3808,#3809,#3810,#3811,#3812,#3813),(#3814,#3815,#3816,#3817,#3818,#3819,#3820,#3821,#3822,#3823),(#3824,#3825,#3826,#3827,#3828,#3829,#3830,#3831,#3832,#3833),(#3834,#3835,#3836,#3837,#3838,#3839,#3840,#3841,#3842,#3843),(#3844,#3845,#3846,#3847,#3848,#3849,#3850,#3851,#3852,#3853)),.UNSPECIFIED.,.F.,.F.,.U.,(4,2,2,2,4),(4,2,2,2,4),(4.71238898,5.105088062,5.497787144,5.890486225,6.283185307),(0.,0.25,0.5,0.75,1.),.UNSPECIFIED.);
#3855=ORIENTED_EDGE('',*,*,#3448,.T.);
#3856=CARTESIAN_POINT('',(244.25,3.5,21.85));
#3857=DIRECTION('',(0.,0.,-1.));
#3858=DIRECTION('',(1.,0.,0.));
#3859=AXIS2_PLACEMENT_3D('',#3856,#3857,#3858);
#3860=CIRCLE('',#3859,1.);
#3861=EDGE_CURVE('',#690,#3678,#3860,.T.);
#3862=ORIENTED_EDGE('',*,*,#3861,.T.);
#3863=ORIENTED_EDGE('',*,*,#3693,.T.);
#3864=EDGE_LOOP('',(#3855,#3862,#3863));
#3865=FACE_BOUND('',#3864,.T.);
#3866=ADVANCED_FACE('',(#3865),#3854,.F.);
#3867=CARTESIAN_POINT('',(224.099998931,0.999999905,23.1));
#3868=DIRECTION('',(-1.,0.,0.));
#3869=DIRECTION('',(0.,0.,-1.));
#3870=AXIS2_PLACEMENT_3D('',#3867,#3868,#3869);
#3871=PLANE('',#3870);
#3872=ORIENTED_EDGE('',*,*,#3366,.T.);
#3873=ORIENTED_EDGE('',*,*,#3019,.T.);
#3874=ORIENTED_EDGE('',*,*,#3309,.F.);
#3875=CARTESIAN_POINT('',(224.099998931,1.999999905,23.1));
#3876=VERTEX_POINT('',#3875);
#3877=CARTESIAN_POINT('',(224.099998931,1.999999905,23.1));
#3878=DIRECTION('',(0.,-1.,0.));
#3879=VECTOR('',#3878,2.299999905);
#3880=LINE('',#3877,#3879);
#3881=EDGE_CURVE('',#3876,#3298,#3880,.T.);
#3882=ORIENTED_EDGE('',*,*,#3881,.F.);
#3883=CARTESIAN_POINT('',(224.099998931,1.999999905,22.6));
#3884=DIRECTION('',(1.,-0.,-0.));
#3885=DIRECTION('',(0.,0.,1.));
#3886=AXIS2_PLACEMENT_3D('',#3883,#3884,#3885);
#3887=CIRCLE('',#3886,0.5);
#3888=EDGE_CURVE('',#3079,#3876,#3887,.T.);
#3889=ORIENTED_EDGE('',*,*,#3888,.F.);
#3890=ORIENTED_EDGE('',*,*,#3084,.T.);
#3891=ORIENTED_EDGE('',*,*,#3390,.F.);
#3892=EDGE_LOOP('',(#3872,#3873,#3874,#3882,#3889,#3890,#3891));
#3893=FACE_BOUND('',#3892,.T.);
#3894=ADVANCED_FACE('',(#3893),#3871,.T.);
#3895=CARTESIAN_POINT('',(229.849999204,1.999999905,22.6));
#3896=DIRECTION('',(-1.,0.,0.));
#3897=DIRECTION('',(0.,0.,-1.));
#3898=AXIS2_PLACEMENT_3D('',#3895,#3896,#3897);
#3899=CYLINDRICAL_SURFACE('',#3898,0.5);
#3900=CARTESIAN_POINT('',(225.8,1.999999905,23.1));
#3901=VERTEX_POINT('',#3900);
#3902=CARTESIAN_POINT('',(225.8,1.999999905,22.6));
#3903=DIRECTION('',(-1.,0.,0.));
#3904=DIRECTION('',(0.,0.,1.));
#3905=AXIS2_PLACEMENT_3D('',#3902,#3903,#3904);
#3906=CIRCLE('',#3905,0.5);
#3907=EDGE_CURVE('',#3901,#3087,#3906,.T.);
#3908=ORIENTED_EDGE('',*,*,#3907,.T.);
#3909=ORIENTED_EDGE('',*,*,#3092,.T.);
#3910=ORIENTED_EDGE('',*,*,#3888,.T.);
#3911=CARTESIAN_POINT('',(224.099998931,1.999999905,23.1));
#3912=DIRECTION('',(1.,-0.,-0.));
#3913=VECTOR('',#3912,1.700001069);
#3914=LINE('',#3911,#3913);
#3915=EDGE_CURVE('',#3876,#3901,#3914,.T.);
#3916=ORIENTED_EDGE('',*,*,#3915,.T.);
#3917=EDGE_LOOP('',(#3908,#3909,#3910,#3916));
#3918=FACE_BOUND('',#3917,.T.);
#3919=ADVANCED_FACE('',(#3918),#3899,.T.);
#3920=CARTESIAN_POINT('',(229.849999204,1.999999905,22.6));
#3921=DIRECTION('',(-1.,0.,0.));
#3922=DIRECTION('',(0.,0.,-1.));
#3923=AXIS2_PLACEMENT_3D('',#3920,#3921,#3922);
#3924=CYLINDRICAL_SURFACE('',#3923,0.5);
#3925=ORIENTED_EDGE('',*,*,#3749,.T.);
#3926=CARTESIAN_POINT('',(234.8,2.499999929,22.6));
#3927=VERTEX_POINT('',#3926);
#3928=CARTESIAN_POINT('',(236.1,2.499999905,22.6));
#3929=DIRECTION('',(-1.,0.,0.));
#3930=VECTOR('',#3929,1.3);
#3931=LINE('',#3928,#3930);
#3932=EDGE_CURVE('',#3737,#3927,#3931,.T.);
#3933=ORIENTED_EDGE('',*,*,#3932,.T.);
#3934=CARTESIAN_POINT('',(234.8,1.999999905,23.1));
#3935=VERTEX_POINT('',#3934);
#3936=CARTESIAN_POINT('',(234.8,1.999999905,22.6));
#3937=DIRECTION('',(1.,-0.,-0.));
#3938=DIRECTION('',(0.,0.,1.));
#3939=AXIS2_PLACEMENT_3D('',#3936,#3937,#3938);
#3940=CIRCLE('',#3939,0.5);
#3941=EDGE_CURVE('',#3927,#3935,#3940,.T.);
#3942=ORIENTED_EDGE('',*,*,#3941,.T.);
#3943=CARTESIAN_POINT('',(234.8,1.999999905,23.1));
#3944=DIRECTION('',(1.,-0.,-0.));
#3945=VECTOR('',#3944,1.3);
#3946=LINE('',#3943,#3945);
#3947=EDGE_CURVE('',#3935,#3719,#3946,.T.);
#3948=ORIENTED_EDGE('',*,*,#3947,.T.);
#3949=EDGE_LOOP('',(#3925,#3933,#3942,#3948));
#3950=FACE_BOUND('',#3949,.T.);
#3951=ADVANCED_FACE('',(#3950),#3924,.T.);
#3952=CARTESIAN_POINT('',(246.6,4.,23.1));
#3953=DIRECTION('',(0.,0.,1.));
#3954=DIRECTION('',(-1.,0.,0.));
#3955=AXIS2_PLACEMENT_3D('',#3952,#3953,#3954);
#3956=PLANE('',#3955);
#3957=ORIENTED_EDGE('',*,*,#3881,.T.);
#3958=ORIENTED_EDGE('',*,*,#3303,.T.);
#3959=ORIENTED_EDGE('',*,*,#3724,.T.);
#3960=ORIENTED_EDGE('',*,*,#3947,.F.);
#3961=CARTESIAN_POINT('',(234.8,0.999999905,23.1));
#3962=VERTEX_POINT('',#3961);
#3963=CARTESIAN_POINT('',(234.8,1.999999905,23.1));
#3964=DIRECTION('',(0.,-1.,0.));
#3965=VECTOR('',#3964,1.);
#3966=LINE('',#3963,#3965);
#3967=EDGE_CURVE('',#3935,#3962,#3966,.T.);
#3968=ORIENTED_EDGE('',*,*,#3967,.T.);
#3969=CARTESIAN_POINT('',(225.8,0.999999905,23.1));
#3970=VERTEX_POINT('',#3969);
#3971=CARTESIAN_POINT('',(234.8,0.999999905,23.1));
#3972=DIRECTION('',(-1.,0.,0.));
#3973=VECTOR('',#3972,9.);
#3974=LINE('',#3971,#3973);
#3975=EDGE_CURVE('',#3962,#3970,#3974,.T.);
#3976=ORIENTED_EDGE('',*,*,#3975,.T.);
#3977=CARTESIAN_POINT('',(225.8,0.999999905,23.1));
#3978=DIRECTION('',(-0.,1.,-0.));
#3979=VECTOR('',#3978,1.);
#3980=LINE('',#3977,#3979);
#3981=EDGE_CURVE('',#3970,#3901,#3980,.T.);
#3982=ORIENTED_EDGE('',*,*,#3981,.T.);
#3983=ORIENTED_EDGE('',*,*,#3915,.F.);
#3984=EDGE_LOOP('',(#3957,#3958,#3959,#3960,#3968,#3976,#3982,#3983));
#3985=FACE_BOUND('',#3984,.T.);
#3986=ADVANCED_FACE('',(#3985),#3956,.T.);
#3987=CARTESIAN_POINT('',(245.5,2.2,4.7));
#3988=DIRECTION('',(0.,0.,-1.));
#3989=DIRECTION('',(-1.,0.,0.));
#3990=AXIS2_PLACEMENT_3D('',#3987,#3988,#3989);
#3991=CYLINDRICAL_SURFACE('',#3990,2.5);
#3992=ORIENTED_EDGE('',*,*,#3569,.T.);
#3993=CARTESIAN_POINT('',(245.5,2.2,22.1));
#3994=DIRECTION('',(-0.,-0.,-1.));
#3995=DIRECTION('',(1.,0.,-0.));
#3996=AXIS2_PLACEMENT_3D('',#3993,#3994,#3995);
#3997=CIRCLE('',#3996,2.5);
#3998=EDGE_CURVE('',#3531,#3274,#3997,.T.);
#3999=ORIENTED_EDGE('',*,*,#3998,.T.);
#4000=ORIENTED_EDGE('',*,*,#3279,.T.);
#4001=ORIENTED_EDGE('',*,*,#3624,.T.);
#4002=EDGE_LOOP('',(#3992,#3999,#4000,#4001));
#4003=FACE_BOUND('',#4002,.T.);
#4004=ADVANCED_FACE('',(#4003),#3991,.T.);
#4005=CARTESIAN_POINT('',(234.8,12.5,11.2));
#4006=DIRECTION('',(1.,0.,0.));
#4007=DIRECTION('',(0.,-1.,0.));
#4008=AXIS2_PLACEMENT_3D('',#4005,#4006,#4007);
#4009=PLANE('',#4008);
#4010=CARTESIAN_POINT('',(234.8,2.499999988,15.55));
#4011=VERTEX_POINT('',#4010);
#4012=CARTESIAN_POINT('',(234.8,2.499999953,22.6));
#4013=DIRECTION('',(0.,0.,-1.));
#4014=VECTOR('',#4013,7.05);
#4015=LINE('',#4012,#4014);
#4016=EDGE_CURVE('',#3927,#4011,#4015,.T.);
#4017=ORIENTED_EDGE('',*,*,#4016,.T.);
#4018=CARTESIAN_POINT('',(234.8,2.5,14.55));
#4019=VERTEX_POINT('',#4018);
#4020=CARTESIAN_POINT('',(234.8,2.5,15.55));
#4021=DIRECTION('',(0.,0.,-1.));
#4022=VECTOR('',#4021,1.);
#4023=LINE('',#4020,#4022);
#4024=EDGE_CURVE('',#4011,#4019,#4023,.T.);
#4025=ORIENTED_EDGE('',*,*,#4024,.T.);
#4026=CARTESIAN_POINT('',(234.8,2.,14.55));
#4027=DIRECTION('',(-0.,1.,-0.));
#4028=VECTOR('',#4027,0.5);
#4029=LINE('',#4026,#4028);
#4030=EDGE_CURVE('',#406,#4019,#4029,.T.);
#4031=ORIENTED_EDGE('',*,*,#4030,.F.);
#4032=ORIENTED_EDGE('',*,*,#411,.T.);
#4033=CARTESIAN_POINT('',(234.8,0.999999905,19.8));
#4034=VERTEX_POINT('',#4033);
#4035=CARTESIAN_POINT('',(234.8,2.,19.8));
#4036=DIRECTION('',(0.,-1.,0.));
#4037=VECTOR('',#4036,1.000000095);
#4038=LINE('',#4035,#4037);
#4039=EDGE_CURVE('',#398,#4034,#4038,.T.);
#4040=ORIENTED_EDGE('',*,*,#4039,.T.);
#4041=CARTESIAN_POINT('',(234.8,0.999999905,19.8));
#4042=DIRECTION('',(-0.,-0.,1.));
#4043=VECTOR('',#4042,3.3);
#4044=LINE('',#4041,#4043);
#4045=EDGE_CURVE('',#4034,#3962,#4044,.T.);
#4046=ORIENTED_EDGE('',*,*,#4045,.T.);
#4047=ORIENTED_EDGE('',*,*,#3967,.F.);
#4048=ORIENTED_EDGE('',*,*,#3941,.F.);
#4049=EDGE_LOOP('',(#4017,#4025,#4031,#4032,#4040,#4046,#4047,#4048));
#4050=FACE_BOUND('',#4049,.T.);
#4051=ADVANCED_FACE('',(#4050),#4009,.F.);
#4052=CARTESIAN_POINT('',(229.849999204,0.999999905,23.1));
#4053=DIRECTION('',(0.,1.,0.));
#4054=DIRECTION('',(0.,0.,1.));
#4055=AXIS2_PLACEMENT_3D('',#4052,#4053,#4054);
#4056=PLANE('',#4055);
#4057=ORIENTED_EDGE('',*,*,#4045,.F.);
#4058=CARTESIAN_POINT('',(225.8,0.999999905,19.8));
#4059=VERTEX_POINT('',#4058);
#4060=CARTESIAN_POINT('',(234.8,0.999999905,19.8));
#4061=DIRECTION('',(-1.,-0.,0.));
#4062=VECTOR('',#4061,9.);
#4063=LINE('',#4060,#4062);
#4064=EDGE_CURVE('',#4034,#4059,#4063,.T.);
#4065=ORIENTED_EDGE('',*,*,#4064,.T.);
#4066=CARTESIAN_POINT('',(225.8,0.999999905,23.1));
#4067=DIRECTION('',(0.,0.,-1.));
#4068=VECTOR('',#4067,3.3);
#4069=LINE('',#4066,#4068);
#4070=EDGE_CURVE('',#3970,#4059,#4069,.T.);
#4071=ORIENTED_EDGE('',*,*,#4070,.F.);
#4072=ORIENTED_EDGE('',*,*,#3975,.F.);
#4073=EDGE_LOOP('',(#4057,#4065,#4071,#4072));
#4074=FACE_BOUND('',#4073,.T.);
#4075=ADVANCED_FACE('',(#4074),#4056,.T.);
#4076=CARTESIAN_POINT('',(225.8,15.25,10.525));
#4077=DIRECTION('',(-1.,0.,0.));
#4078=DIRECTION('',(0.,1.,0.));
#4079=AXIS2_PLACEMENT_3D('',#4076,#4077,#4078);
#4080=PLANE('',#4079);
#4081=ORIENTED_EDGE('',*,*,#4070,.T.);
#4082=CARTESIAN_POINT('',(225.8,0.999999905,19.8));
#4083=DIRECTION('',(0.,1.,0.));
#4084=VECTOR('',#4083,1.000000095);
#4085=LINE('',#4082,#4084);
#4086=EDGE_CURVE('',#4059,#2082,#4085,.T.);
#4087=ORIENTED_EDGE('',*,*,#4086,.T.);
#4088=ORIENTED_EDGE('',*,*,#2087,.T.);
#4089=CARTESIAN_POINT('',(225.8,2.5,14.55));
#4090=VERTEX_POINT('',#4089);
#4091=CARTESIAN_POINT('',(225.8,2.5,14.55));
#4092=DIRECTION('',(0.,-1.,0.));
#4093=VECTOR('',#4092,0.5);
#4094=LINE('',#4091,#4093);
#4095=EDGE_CURVE('',#4090,#2074,#4094,.T.);
#4096=ORIENTED_EDGE('',*,*,#4095,.F.);
#4097=CARTESIAN_POINT('',(225.8,2.5,14.55));
#4098=DIRECTION('',(-0.,-0.,1.));
#4099=VECTOR('',#4098,1.);
#4100=LINE('',#4097,#4099);
#4101=EDGE_CURVE('',#4090,#3095,#4100,.T.);
#4102=ORIENTED_EDGE('',*,*,#4101,.T.);
#4103=ORIENTED_EDGE('',*,*,#3100,.T.);
#4104=ORIENTED_EDGE('',*,*,#3907,.F.);
#4105=ORIENTED_EDGE('',*,*,#3981,.F.);
#4106=EDGE_LOOP('',(#4081,#4087,#4088,#4096,#4102,#4103,#4104,#4105));
#4107=FACE_BOUND('',#4106,.T.);
#4108=ADVANCED_FACE('',(#4107),#4080,.F.);
#4109=CARTESIAN_POINT('',(244.25,3.5,10.525));
#4110=DIRECTION('',(0.,0.,-1.));
#4111=DIRECTION('',(1.,0.,0.));
#4112=AXIS2_PLACEMENT_3D('',#4109,#4110,#4111);
#4113=CYLINDRICAL_SURFACE('',#4112,1.);
#4114=ORIENTED_EDGE('',*,*,#695,.T.);
#4115=ORIENTED_EDGE('',*,*,#1867,.T.);
#4116=CARTESIAN_POINT('',(244.25,2.5,11.2));
#4117=DIRECTION('',(-0.,-0.,1.));
#4118=VECTOR('',#4117,10.65);
#4119=LINE('',#4116,#4118);
#4120=EDGE_CURVE('',#1855,#3678,#4119,.T.);
#4121=ORIENTED_EDGE('',*,*,#4120,.T.);
#4122=ORIENTED_EDGE('',*,*,#3861,.F.);
#4123=EDGE_LOOP('',(#4114,#4115,#4121,#4122));
#4124=FACE_BOUND('',#4123,.T.);
#4125=ADVANCED_FACE('',(#4124),#4113,.F.);
#4126=CARTESIAN_POINT('',(239.775,2.5,10.525));
#4127=DIRECTION('',(0.,-1.,0.));
#4128=DIRECTION('',(0.,0.,-1.));
#4129=AXIS2_PLACEMENT_3D('',#4126,#4127,#4128);
#4130=PLANE('',#4129);
#4131=ORIENTED_EDGE('',*,*,#4120,.F.);
#4132=ORIENTED_EDGE('',*,*,#1860,.T.);
#4133=CARTESIAN_POINT('',(236.8,2.5,15.55));
#4134=VERTEX_POINT('',#4133);
#4135=CARTESIAN_POINT('',(236.8,2.5,11.2));
#4136=DIRECTION('',(-0.,-0.,1.));
#4137=VECTOR('',#4136,4.35);
#4138=LINE('',#4135,#4137);
#4139=EDGE_CURVE('',#1847,#4134,#4138,.T.);
#4140=ORIENTED_EDGE('',*,*,#4139,.T.);
#4141=CARTESIAN_POINT('',(236.8,2.5,15.55));
#4142=DIRECTION('',(-1.,-0.,0.));
#4143=VECTOR('',#4142,2.);
#4144=LINE('',#4141,#4143);
#4145=EDGE_CURVE('',#4134,#4011,#4144,.T.);
#4146=ORIENTED_EDGE('',*,*,#4145,.T.);
#4147=ORIENTED_EDGE('',*,*,#4016,.F.);
#4148=ORIENTED_EDGE('',*,*,#3932,.F.);
#4149=ORIENTED_EDGE('',*,*,#3742,.T.);
#4150=ORIENTED_EDGE('',*,*,#3701,.F.);
#4151=EDGE_LOOP('',(#4131,#4132,#4140,#4146,#4147,#4148,#4149,#4150));
#4152=FACE_BOUND('',#4151,.T.);
#4153=ADVANCED_FACE('',(#4152),#4130,.F.);
#4154=CARTESIAN_POINT('',(239.849998931,0.999999905,23.1));
#4155=DIRECTION('',(1.,0.,0.));
#4156=DIRECTION('',(0.,0.,1.));
#4157=AXIS2_PLACEMENT_3D('',#4154,#4155,#4156);
#4158=PLANE('',#4157);
#4159=ORIENTED_EDGE('',*,*,#3263,.T.);
#4160=CARTESIAN_POINT('',(239.849998931,-0.3,20.3));
#4161=DIRECTION('',(-0.,1.,-0.));
#4162=VECTOR('',#4161,2.3);
#4163=LINE('',#4160,#4162);
#4164=EDGE_CURVE('',#3249,#381,#4163,.T.);
#4165=ORIENTED_EDGE('',*,*,#4164,.T.);
#4166=ORIENTED_EDGE('',*,*,#386,.F.);
#4167=ORIENTED_EDGE('',*,*,#3631,.F.);
#4168=EDGE_LOOP('',(#4159,#4165,#4166,#4167));
#4169=FACE_BOUND('',#4168,.T.);
#4170=ADVANCED_FACE('',(#4169),#4158,.T.);
#4171=CARTESIAN_POINT('',(246.6,4.,19.8));
#4172=DIRECTION('',(0.,0.,1.));
#4173=DIRECTION('',(-1.,0.,0.));
#4174=AXIS2_PLACEMENT_3D('',#4171,#4172,#4173);
#4175=PLANE('',#4174);
#4176=ORIENTED_EDGE('',*,*,#403,.T.);
#4177=CARTESIAN_POINT('',(239.349998931,2.,19.8));
#4178=DIRECTION('',(0.,-1.,0.));
#4179=VECTOR('',#4178,2.3);
#4180=LINE('',#4177,#4179);
#4181=EDGE_CURVE('',#389,#3241,#4180,.T.);
#4182=ORIENTED_EDGE('',*,*,#4181,.T.);
#4183=ORIENTED_EDGE('',*,*,#3246,.F.);
#4184=CARTESIAN_POINT('',(222.599998931,-0.3,19.8));
#4185=DIRECTION('',(-0.,1.,-0.));
#4186=VECTOR('',#4185,2.3);
#4187=LINE('',#4184,#4186);
#4188=EDGE_CURVE('',#3232,#2090,#4187,.T.);
#4189=ORIENTED_EDGE('',*,*,#4188,.T.);
#4190=ORIENTED_EDGE('',*,*,#2095,.T.);
#4191=ORIENTED_EDGE('',*,*,#4086,.F.);
#4192=ORIENTED_EDGE('',*,*,#4064,.F.);
#4193=ORIENTED_EDGE('',*,*,#4039,.F.);
#4194=EDGE_LOOP('',(#4176,#4182,#4183,#4189,#4190,#4191,#4192,#4193));
#4195=FACE_BOUND('',#4194,.T.);
#4196=ADVANCED_FACE('',(#4195),#4175,.F.);
#4197=CARTESIAN_POINT('',(222.099998931,0.999999905,23.1));
#4198=DIRECTION('',(-1.,0.,0.));
#4199=DIRECTION('',(0.,0.,-1.));
#4200=AXIS2_PLACEMENT_3D('',#4197,#4198,#4199);
#4201=PLANE('',#4200);
#4202=ORIENTED_EDGE('',*,*,#2112,.F.);
#4203=CARTESIAN_POINT('',(222.099998931,2.,20.3));
#4204=DIRECTION('',(0.,-1.,0.));
#4205=VECTOR('',#4204,2.3);
#4206=LINE('',#4203,#4205);
#4207=EDGE_CURVE('',#2098,#3224,#4206,.T.);
#4208=ORIENTED_EDGE('',*,*,#4207,.T.);
#4209=ORIENTED_EDGE('',*,*,#3229,.F.);
#4210=ORIENTED_EDGE('',*,*,#3335,.F.);
#4211=EDGE_LOOP('',(#4202,#4208,#4209,#4210));
#4212=FACE_BOUND('',#4211,.T.);
#4213=ADVANCED_FACE('',(#4212),#4201,.T.);
#4214=CARTESIAN_POINT('',(246.6,3.,11.85));
#4215=DIRECTION('',(-1.,0.,0.));
#4216=DIRECTION('',(0.,1.,0.));
#4217=AXIS2_PLACEMENT_3D('',#4214,#4215,#4216);
#4218=CYLINDRICAL_SURFACE('',#4217,2.7);
#4219=ORIENTED_EDGE('',*,*,#460,.F.);
#4220=ORIENTED_EDGE('',*,*,#512,.F.);
#4221=ORIENTED_EDGE('',*,*,#537,.T.);
#4222=CARTESIAN_POINT('',(224.3,3.,14.55));
#4223=DIRECTION('',(1.,-0.,-0.));
#4224=VECTOR('',#4223,12.);
#4225=LINE('',#4222,#4224);
#4226=EDGE_CURVE('',#454,#525,#4225,.T.);
#4227=ORIENTED_EDGE('',*,*,#4226,.F.);
#4228=EDGE_LOOP('',(#4219,#4220,#4221,#4227));
#4229=FACE_BOUND('',#4228,.T.);
#4230=ADVANCED_FACE('',(#4229),#4218,.F.);
#4231=CARTESIAN_POINT('',(246.6,3.,11.55));
#4232=DIRECTION('',(-1.,0.,0.));
#4233=DIRECTION('',(0.,1.,0.));
#4234=AXIS2_PLACEMENT_3D('',#4231,#4232,#4233);
#4235=CYLINDRICAL_SURFACE('',#4234,4.);
#4236=CARTESIAN_POINT('',(236.8,3.,15.55));
#4237=VERTEX_POINT('',#4236);
#4238=CARTESIAN_POINT('',(236.8,3.,11.55));
#4239=DIRECTION('',(-1.,0.,0.));
#4240=DIRECTION('',(0.,0.,1.));
#4241=AXIS2_PLACEMENT_3D('',#4238,#4239,#4240);
#4242=CIRCLE('',#4241,4.);
#4243=EDGE_CURVE('',#4237,#3410,#4242,.T.);
#4244=ORIENTED_EDGE('',*,*,#4243,.T.);
#4245=ORIENTED_EDGE('',*,*,#3415,.T.);
#4246=ORIENTED_EDGE('',*,*,#3666,.T.);
#4247=CARTESIAN_POINT('',(223.8,3.,15.55));
#4248=DIRECTION('',(1.,-0.,-0.));
#4249=VECTOR('',#4248,13.);
#4250=LINE('',#4247,#4249);
#4251=EDGE_CURVE('',#3654,#4237,#4250,.T.);
#4252=ORIENTED_EDGE('',*,*,#4251,.T.);
#4253=EDGE_LOOP('',(#4244,#4245,#4246,#4252));
#4254=FACE_BOUND('',#4253,.T.);
#4255=ADVANCED_FACE('',(#4254),#4235,.T.);
#4256=CARTESIAN_POINT('',(236.8,12.5,11.2));
#4257=DIRECTION('',(1.,0.,0.));
#4258=DIRECTION('',(0.,-1.,0.));
#4259=AXIS2_PLACEMENT_3D('',#4256,#4257,#4258);
#4260=PLANE('',#4259);
#4261=ORIENTED_EDGE('',*,*,#1852,.F.);
#4262=ORIENTED_EDGE('',*,*,#3421,.F.);
#4263=ORIENTED_EDGE('',*,*,#4243,.F.);
#4264=CARTESIAN_POINT('',(236.8,3.,15.55));
#4265=DIRECTION('',(0.,-1.,0.));
#4266=VECTOR('',#4265,0.5);
#4267=LINE('',#4264,#4266);
#4268=EDGE_CURVE('',#4237,#4134,#4267,.T.);
#4269=ORIENTED_EDGE('',*,*,#4268,.T.);
#4270=ORIENTED_EDGE('',*,*,#4139,.F.);
#4271=EDGE_LOOP('',(#4261,#4262,#4263,#4269,#4270));
#4272=FACE_BOUND('',#4271,.T.);
#4273=ADVANCED_FACE('',(#4272),#4260,.T.);
#4274=CARTESIAN_POINT('',(246.6,1.5,14.55));
#4275=DIRECTION('',(0.,0.,1.));
#4276=DIRECTION('',(-1.,0.,0.));
#4277=AXIS2_PLACEMENT_3D('',#4274,#4275,#4276);
#4278=PLANE('',#4277);
#4279=ORIENTED_EDGE('',*,*,#468,.F.);
#4280=ORIENTED_EDGE('',*,*,#4226,.T.);
#4281=ORIENTED_EDGE('',*,*,#530,.F.);
#4282=ORIENTED_EDGE('',*,*,#419,.T.);
#4283=ORIENTED_EDGE('',*,*,#4030,.T.);
#4284=CARTESIAN_POINT('',(234.8,2.5,14.55));
#4285=DIRECTION('',(-1.,0.,0.));
#4286=VECTOR('',#4285,9.);
#4287=LINE('',#4284,#4286);
#4288=EDGE_CURVE('',#4019,#4090,#4287,.T.);
#4289=ORIENTED_EDGE('',*,*,#4288,.T.);
#4290=ORIENTED_EDGE('',*,*,#4095,.T.);
#4291=ORIENTED_EDGE('',*,*,#2079,.T.);
#4292=EDGE_LOOP('',(#4279,#4280,#4281,#4282,#4283,#4289,#4290,#4291));
#4293=FACE_BOUND('',#4292,.T.);
#4294=ADVANCED_FACE('',(#4293),#4278,.F.);
#4295=CARTESIAN_POINT('',(246.6,1.5,15.55));
#4296=DIRECTION('',(0.,0.,1.));
#4297=DIRECTION('',(-1.,0.,0.));
#4298=AXIS2_PLACEMENT_3D('',#4295,#4296,#4297);
#4299=PLANE('',#4298);
#4300=ORIENTED_EDGE('',*,*,#4145,.F.);
#4301=ORIENTED_EDGE('',*,*,#4268,.F.);
#4302=ORIENTED_EDGE('',*,*,#4251,.F.);
#4303=ORIENTED_EDGE('',*,*,#3659,.F.);
#4304=ORIENTED_EDGE('',*,*,#3108,.F.);
#4305=CARTESIAN_POINT('',(234.8,2.5,15.55));
#4306=DIRECTION('',(-1.,-0.,0.));
#4307=VECTOR('',#4306,9.);
#4308=LINE('',#4305,#4307);
#4309=EDGE_CURVE('',#4011,#3095,#4308,.T.);
#4310=ORIENTED_EDGE('',*,*,#4309,.F.);
#4311=EDGE_LOOP('',(#4300,#4301,#4302,#4303,#4304,#4310));
#4312=FACE_BOUND('',#4311,.T.);
#4313=ADVANCED_FACE('',(#4312),#4299,.T.);
#4314=CARTESIAN_POINT('',(239.775,2.5,10.525));
#4315=DIRECTION('',(0.,-1.,0.));
#4316=DIRECTION('',(0.,0.,-1.));
#4317=AXIS2_PLACEMENT_3D('',#4314,#4315,#4316);
#4318=PLANE('',#4317);
#4319=ORIENTED_EDGE('',*,*,#4024,.F.);
#4320=ORIENTED_EDGE('',*,*,#4309,.T.);
#4321=ORIENTED_EDGE('',*,*,#4101,.F.);
#4322=ORIENTED_EDGE('',*,*,#4288,.F.);
#4323=EDGE_LOOP('',(#4319,#4320,#4321,#4322));
#4324=FACE_BOUND('',#4323,.T.);
#4325=ADVANCED_FACE('',(#4324),#4318,.T.);
#4326=CARTESIAN_POINT('',(222.599998931,4.,20.3));
#4327=DIRECTION('',(0.,-1.,0.));
#4328=DIRECTION('',(0.,0.,-1.));
#4329=AXIS2_PLACEMENT_3D('',#4326,#4327,#4328);
#4330=CYLINDRICAL_SURFACE('',#4329,0.5);
#4331=ORIENTED_EDGE('',*,*,#2104,.F.);
#4332=ORIENTED_EDGE('',*,*,#4188,.F.);
#4333=ORIENTED_EDGE('',*,*,#3238,.F.);
#4334=ORIENTED_EDGE('',*,*,#4207,.F.);
#4335=EDGE_LOOP('',(#4331,#4332,#4333,#4334));
#4336=FACE_BOUND('',#4335,.T.);
#4337=ADVANCED_FACE('',(#4336),#4330,.T.);
#4338=CARTESIAN_POINT('',(239.349998931,0.999999905,20.3));
#4339=DIRECTION('',(0.,-1.,0.));
#4340=DIRECTION('',(0.,0.,-1.));
#4341=AXIS2_PLACEMENT_3D('',#4338,#4339,#4340);
#4342=CYLINDRICAL_SURFACE('',#4341,0.5);
#4343=ORIENTED_EDGE('',*,*,#3255,.F.);
#4344=ORIENTED_EDGE('',*,*,#4181,.F.);
#4345=ORIENTED_EDGE('',*,*,#395,.F.);
#4346=ORIENTED_EDGE('',*,*,#4164,.F.);
#4347=EDGE_LOOP('',(#4343,#4344,#4345,#4346));
#4348=FACE_BOUND('',#4347,.T.);
#4349=ADVANCED_FACE('',(#4348),#4342,.T.);
#4350=CARTESIAN_POINT('',(245.5,2.2,22.1));
#4351=DIRECTION('',(0.,0.,1.));
#4352=DIRECTION('',(1.,0.,-0.));
#4353=AXIS2_PLACEMENT_3D('',#4350,#4351,#4352);
#4354=TOROIDAL_SURFACE('',#4353,2.25,0.25);
#4355=ORIENTED_EDGE('',*,*,#3537,.T.);
#4356=ORIENTED_EDGE('',*,*,#3505,.F.);
#4357=CARTESIAN_POINT('',(245.5,-0.05,22.1));
#4358=DIRECTION('',(-1.,-0.,-0.));
#4359=DIRECTION('',(0.,0.,-1.));
#4360=AXIS2_PLACEMENT_3D('',#4357,#4358,#4359);
#4361=CIRCLE('',#4360,0.25);
#4362=EDGE_CURVE('',#3274,#3491,#4361,.T.);
#4363=ORIENTED_EDGE('',*,*,#4362,.F.);
#4364=ORIENTED_EDGE('',*,*,#3998,.F.);
#4365=EDGE_LOOP('',(#4355,#4356,#4363,#4364));
#4366=FACE_BOUND('',#4365,.T.);
#4367=ADVANCED_FACE('',(#4366),#4354,.T.);
#4368=CARTESIAN_POINT('',(246.6,-0.05,22.1));
#4369=DIRECTION('',(1.,0.,0.));
#4370=DIRECTION('',(0.,0.,-1.));
#4371=AXIS2_PLACEMENT_3D('',#4368,#4369,#4370);
#4372=CYLINDRICAL_SURFACE('',#4371,0.25);
#4373=ORIENTED_EDGE('',*,*,#4362,.T.);
#4374=ORIENTED_EDGE('',*,*,#3496,.F.);
#4375=ORIENTED_EDGE('',*,*,#3732,.F.);
#4376=ORIENTED_EDGE('',*,*,#3287,.F.);
#4377=EDGE_LOOP('',(#4373,#4374,#4375,#4376));
#4378=FACE_BOUND('',#4377,.T.);
#4379=ADVANCED_FACE('',(#4378),#4372,.T.);
#4380=CARTESIAN_POINT('',(247.175,134.9,13.95));
#4381=DIRECTION('',(0.,0.,-1.));
#4382=DIRECTION('',(-1.,0.,0.));
#4383=AXIS2_PLACEMENT_3D('',#4380,#4381,#4382);
#4384=PLANE('',#4383);
#4385=CARTESIAN_POINT('',(246.15,142.4,13.95));
#4386=VERTEX_POINT('',#4385);
#4387=CARTESIAN_POINT('',(246.6,142.4,13.95));
#4388=DIRECTION('',(-1.,0.,0.));
#4389=VECTOR('',#4388,0.45);
#4390=LINE('',#4387,#4389);
#4391=EDGE_CURVE('',#283,#4386,#4390,.T.);
#4392=ORIENTED_EDGE('',*,*,#4391,.T.);
#4393=CARTESIAN_POINT('',(246.15,127.4,13.95));
#4394=VERTEX_POINT('',#4393);
#4395=CARTESIAN_POINT('',(246.15,142.4,13.95));
#4396=DIRECTION('',(-0.,-1.,-0.));
#4397=VECTOR('',#4396,15.);
#4398=LINE('',#4395,#4397);
#4399=EDGE_CURVE('',#4386,#4394,#4398,.T.);
#4400=ORIENTED_EDGE('',*,*,#4399,.T.);
#4401=CARTESIAN_POINT('',(246.6,127.4,13.95));
#4402=DIRECTION('',(-1.,-0.,0.));
#4403=VECTOR('',#4402,0.45);
#4404=LINE('',#4401,#4403);
#4405=EDGE_CURVE('',#267,#4394,#4404,.T.);
#4406=ORIENTED_EDGE('',*,*,#4405,.F.);
#4407=ORIENTED_EDGE('',*,*,#294,.F.);
#4408=EDGE_LOOP('',(#4392,#4400,#4406,#4407));
#4409=FACE_BOUND('',#4408,.T.);
#4410=ADVANCED_FACE('',(#4409),#4384,.F.);
#4411=CARTESIAN_POINT('',(246.75,127.4,13.646446609));
#4412=DIRECTION('',(0.,1.,0.));
#4413=DIRECTION('',(0.,0.,1.));
#4414=AXIS2_PLACEMENT_3D('',#4411,#4412,#4413);
#4415=PLANE('',#4414);
#4416=CARTESIAN_POINT('',(246.15,127.4,15.95));
#4417=VERTEX_POINT('',#4416);
#4418=CARTESIAN_POINT('',(246.15,127.4,15.95));
#4419=DIRECTION('',(0.,0.,-1.));
#4420=VECTOR('',#4419,2.);
#4421=LINE('',#4418,#4420);
#4422=EDGE_CURVE('',#4417,#4394,#4421,.T.);
#4423=ORIENTED_EDGE('',*,*,#4422,.F.);
#4424=CARTESIAN_POINT('',(246.6,127.4,15.95));
#4425=DIRECTION('',(-1.,0.,0.));
#4426=VECTOR('',#4425,0.45);
#4427=LINE('',#4424,#4426);
#4428=EDGE_CURVE('',#265,#4417,#4427,.T.);
#4429=ORIENTED_EDGE('',*,*,#4428,.F.);
#4430=ORIENTED_EDGE('',*,*,#272,.T.);
#4431=ORIENTED_EDGE('',*,*,#4405,.T.);
#4432=EDGE_LOOP('',(#4423,#4429,#4430,#4431));
#4433=FACE_BOUND('',#4432,.T.);
#4434=ADVANCED_FACE('',(#4433),#4415,.T.);
#4435=CARTESIAN_POINT('',(246.75,142.4,13.646446609));
#4436=DIRECTION('',(0.,1.,0.));
#4437=DIRECTION('',(0.,0.,1.));
#4438=AXIS2_PLACEMENT_3D('',#4435,#4436,#4437);
#4439=PLANE('',#4438);
#4440=CARTESIAN_POINT('',(246.15,142.4,15.95));
#4441=VERTEX_POINT('',#4440);
#4442=CARTESIAN_POINT('',(246.6,142.4,15.95));
#4443=DIRECTION('',(-1.,-0.,0.));
#4444=VECTOR('',#4443,0.45);
#4445=LINE('',#4442,#4444);
#4446=EDGE_CURVE('',#275,#4441,#4445,.T.);
#4447=ORIENTED_EDGE('',*,*,#4446,.T.);
#4448=CARTESIAN_POINT('',(246.15,142.4,15.95));
#4449=DIRECTION('',(-0.,-0.,-1.));
#4450=VECTOR('',#4449,2.);
#4451=LINE('',#4448,#4450);
#4452=EDGE_CURVE('',#4441,#4386,#4451,.T.);
#4453=ORIENTED_EDGE('',*,*,#4452,.T.);
#4454=ORIENTED_EDGE('',*,*,#4391,.F.);
#4455=ORIENTED_EDGE('',*,*,#288,.F.);
#4456=EDGE_LOOP('',(#4447,#4453,#4454,#4455));
#4457=FACE_BOUND('',#4456,.T.);
#4458=ADVANCED_FACE('',(#4457),#4439,.F.);
#4459=CARTESIAN_POINT('',(247.175,134.9,15.95));
#4460=DIRECTION('',(0.,0.,-1.));
#4461=DIRECTION('',(-1.,0.,0.));
#4462=AXIS2_PLACEMENT_3D('',#4459,#4460,#4461);
#4463=PLANE('',#4462);
#4464=CARTESIAN_POINT('',(246.15,142.4,15.95));
#4465=DIRECTION('',(0.,-1.,0.));
#4466=VECTOR('',#4465,15.);
#4467=LINE('',#4464,#4466);
#4468=EDGE_CURVE('',#4441,#4417,#4467,.T.);
#4469=ORIENTED_EDGE('',*,*,#4468,.F.);
#4470=ORIENTED_EDGE('',*,*,#4446,.F.);
#4471=ORIENTED_EDGE('',*,*,#280,.T.);
#4472=ORIENTED_EDGE('',*,*,#4428,.T.);
#4473=EDGE_LOOP('',(#4469,#4470,#4471,#4472));
#4474=FACE_BOUND('',#4473,.T.);
#4475=ADVANCED_FACE('',(#4474),#4463,.T.);
#4476=CARTESIAN_POINT('',(246.75,44.9,13.646446609));
#4477=DIRECTION('',(0.,1.,0.));
#4478=DIRECTION('',(0.,0.,1.));
#4479=AXIS2_PLACEMENT_3D('',#4476,#4477,#4478);
#4480=PLANE('',#4479);
#4481=CARTESIAN_POINT('',(246.15,44.9,15.95));
#4482=VERTEX_POINT('',#4481);
#4483=CARTESIAN_POINT('',(246.6,44.9,15.95));
#4484=DIRECTION('',(-1.,0.,0.));
#4485=VECTOR('',#4484,0.45);
#4486=LINE('',#4483,#4485);
#4487=EDGE_CURVE('',#299,#4482,#4486,.T.);
#4488=ORIENTED_EDGE('',*,*,#4487,.F.);
#4489=ORIENTED_EDGE('',*,*,#306,.T.);
#4490=CARTESIAN_POINT('',(246.15,44.9,13.95));
#4491=VERTEX_POINT('',#4490);
#4492=CARTESIAN_POINT('',(246.6,44.9,13.95));
#4493=DIRECTION('',(-1.,-0.,0.));
#4494=VECTOR('',#4493,0.45);
#4495=LINE('',#4492,#4494);
#4496=EDGE_CURVE('',#301,#4491,#4495,.T.);
#4497=ORIENTED_EDGE('',*,*,#4496,.T.);
#4498=CARTESIAN_POINT('',(246.15,44.9,15.95));
#4499=DIRECTION('',(0.,0.,-1.));
#4500=VECTOR('',#4499,2.);
#4501=LINE('',#4498,#4500);
#4502=EDGE_CURVE('',#4482,#4491,#4501,.T.);
#4503=ORIENTED_EDGE('',*,*,#4502,.F.);
#4504=EDGE_LOOP('',(#4488,#4489,#4497,#4503));
#4505=FACE_BOUND('',#4504,.T.);
#4506=ADVANCED_FACE('',(#4505),#4480,.T.);
#4507=CARTESIAN_POINT('',(246.15,1.5,11.2));
#4508=DIRECTION('',(-1.,0.,0.));
#4509=DIRECTION('',(0.,0.,-1.));
#4510=AXIS2_PLACEMENT_3D('',#4507,#4508,#4509);
#4511=PLANE('',#4510);
#4512=CARTESIAN_POINT('',(246.15,59.9,15.95));
#4513=VERTEX_POINT('',#4512);
#4514=CARTESIAN_POINT('',(246.15,59.9,13.95));
#4515=VERTEX_POINT('',#4514);
#4516=CARTESIAN_POINT('',(246.15,59.9,15.95));
#4517=DIRECTION('',(-0.,-0.,-1.));
#4518=VECTOR('',#4517,2.);
#4519=LINE('',#4516,#4518);
#4520=EDGE_CURVE('',#4513,#4515,#4519,.T.);
#4521=ORIENTED_EDGE('',*,*,#4520,.F.);
#4522=CARTESIAN_POINT('',(246.15,59.9,15.95));
#4523=DIRECTION('',(0.,-1.,0.));
#4524=VECTOR('',#4523,15.);
#4525=LINE('',#4522,#4524);
#4526=EDGE_CURVE('',#4513,#4482,#4525,.T.);
#4527=ORIENTED_EDGE('',*,*,#4526,.T.);
#4528=ORIENTED_EDGE('',*,*,#4502,.T.);
#4529=CARTESIAN_POINT('',(246.15,59.9,13.95));
#4530=DIRECTION('',(-0.,-1.,-0.));
#4531=VECTOR('',#4530,15.);
#4532=LINE('',#4529,#4531);
#4533=EDGE_CURVE('',#4515,#4491,#4532,.T.);
#4534=ORIENTED_EDGE('',*,*,#4533,.F.);
#4535=EDGE_LOOP('',(#4521,#4527,#4528,#4534));
#4536=FACE_BOUND('',#4535,.T.);
#4537=ADVANCED_FACE('',(#4536),#4511,.F.);
#4538=CARTESIAN_POINT('',(247.175,134.9,13.95));
#4539=DIRECTION('',(0.,0.,-1.));
#4540=DIRECTION('',(-1.,0.,0.));
#4541=AXIS2_PLACEMENT_3D('',#4538,#4539,#4540);
#4542=PLANE('',#4541);
#4543=CARTESIAN_POINT('',(246.6,59.9,13.95));
#4544=DIRECTION('',(-1.,0.,0.));
#4545=VECTOR('',#4544,0.45);
#4546=LINE('',#4543,#4545);
#4547=EDGE_CURVE('',#317,#4515,#4546,.T.);
#4548=ORIENTED_EDGE('',*,*,#4547,.T.);
#4549=ORIENTED_EDGE('',*,*,#4533,.T.);
#4550=ORIENTED_EDGE('',*,*,#4496,.F.);
#4551=ORIENTED_EDGE('',*,*,#328,.F.);
#4552=EDGE_LOOP('',(#4548,#4549,#4550,#4551));
#4553=FACE_BOUND('',#4552,.T.);
#4554=ADVANCED_FACE('',(#4553),#4542,.F.);
#4555=CARTESIAN_POINT('',(246.75,59.9,13.646446609));
#4556=DIRECTION('',(0.,1.,0.));
#4557=DIRECTION('',(0.,0.,1.));
#4558=AXIS2_PLACEMENT_3D('',#4555,#4556,#4557);
#4559=PLANE('',#4558);
#4560=CARTESIAN_POINT('',(246.6,59.9,15.95));
#4561=DIRECTION('',(-1.,-0.,0.));
#4562=VECTOR('',#4561,0.45);
#4563=LINE('',#4560,#4562);
#4564=EDGE_CURVE('',#309,#4513,#4563,.T.);
#4565=ORIENTED_EDGE('',*,*,#4564,.T.);
#4566=ORIENTED_EDGE('',*,*,#4520,.T.);
#4567=ORIENTED_EDGE('',*,*,#4547,.F.);
#4568=ORIENTED_EDGE('',*,*,#322,.F.);
#4569=EDGE_LOOP('',(#4565,#4566,#4567,#4568));
#4570=FACE_BOUND('',#4569,.T.);
#4571=ADVANCED_FACE('',(#4570),#4559,.F.);
#4572=CARTESIAN_POINT('',(247.175,134.9,15.95));
#4573=DIRECTION('',(0.,0.,-1.));
#4574=DIRECTION('',(-1.,0.,0.));
#4575=AXIS2_PLACEMENT_3D('',#4572,#4573,#4574);
#4576=PLANE('',#4575);
#4577=ORIENTED_EDGE('',*,*,#4526,.F.);
#4578=ORIENTED_EDGE('',*,*,#4564,.F.);
#4579=ORIENTED_EDGE('',*,*,#314,.T.);
#4580=ORIENTED_EDGE('',*,*,#4487,.T.);
#4581=EDGE_LOOP('',(#4577,#4578,#4579,#4580));
#4582=FACE_BOUND('',#4581,.T.);
#4583=ADVANCED_FACE('',(#4582),#4576,.T.);
#4584=CARTESIAN_POINT('',(245.75,199.4,14.242893219));
#4585=DIRECTION('',(0.,-1.,0.));
#4586=DIRECTION('',(0.,0.,-1.));
#4587=AXIS2_PLACEMENT_3D('',#4584,#4585,#4586);
#4588=SPHERICAL_SURFACE('',#4587,0.5);
#4589=CARTESIAN_POINT('',(245.75,199.753553391,14.596446609));
#4590=VERTEX_POINT('',#4589);
#4591=CARTESIAN_POINT('',(245.75,199.4,14.242893218));
#4592=DIRECTION('',(-0.,-0.707106781,0.707106781));
#4593=DIRECTION('',(0.,0.707106781,0.707106781));
#4594=AXIS2_PLACEMENT_3D('',#4591,#4592,#4593);
#4595=CIRCLE('',#4594,0.5);
#4596=EDGE_CURVE('',#4590,#714,#4595,.T.);
#4597=ORIENTED_EDGE('',*,*,#4596,.F.);
#4598=CARTESIAN_POINT('',(245.75,199.9,14.242893219));
#4599=VERTEX_POINT('',#4598);
#4600=CARTESIAN_POINT('',(245.75,199.4,14.242893219));
#4601=DIRECTION('',(-1.,-0.,0.));
#4602=DIRECTION('',(-0.,0.,-1.));
#4603=AXIS2_PLACEMENT_3D('',#4600,#4601,#4602);
#4604=CIRCLE('',#4603,0.5);
#4605=EDGE_CURVE('',#4590,#4599,#4604,.T.);
#4606=ORIENTED_EDGE('',*,*,#4605,.T.);
#4607=CARTESIAN_POINT('',(245.75,199.4,14.242893219));
#4608=DIRECTION('',(0.,0.,-1.));
#4609=DIRECTION('',(-1.,0.,0.));
#4610=AXIS2_PLACEMENT_3D('',#4607,#4608,#4609);
#4611=CIRCLE('',#4610,0.5);
#4612=EDGE_CURVE('',#714,#4599,#4611,.T.);
#4613=ORIENTED_EDGE('',*,*,#4612,.F.);
#4614=EDGE_LOOP('',(#4597,#4606,#4613));
#4615=FACE_BOUND('',#4614,.T.);
#4616=ADVANCED_FACE('',(#4615),#4588,.T.);
#4617=CARTESIAN_POINT('',(205.,102.3,110.65));
#4618=DIRECTION('',(0.,-0.707106781,-0.707106781));
#4619=DIRECTION('',(0.,0.707106781,-0.707106781));
#4620=AXIS2_PLACEMENT_3D('',#4617,#4618,#4619);
#4621=PLANE('',#4620);
#4622=CARTESIAN_POINT('',(247.75,199.9,13.05));
#4623=VERTEX_POINT('',#4622);
#4624=CARTESIAN_POINT('',(245.75,199.9,13.05));
#4625=VERTEX_POINT('',#4624);
#4626=CARTESIAN_POINT('',(247.75,199.9,13.05));
#4627=DIRECTION('',(-1.,-0.,0.));
#4628=VECTOR('',#4627,2.);
#4629=LINE('',#4626,#4628);
#4630=EDGE_CURVE('',#4623,#4625,#4629,.T.);
#4631=ORIENTED_EDGE('',*,*,#4630,.F.);
#4632=CARTESIAN_POINT('',(247.75,199.65,13.3));
#4633=DIRECTION('',(0.,-0.707106781,-0.707106781));
#4634=DIRECTION('',(0.,0.707106781,-0.707106781));
#4635=AXIS2_PLACEMENT_3D('',#4632,#4633,#4634);
#4636=ELLIPSE('',#4635,0.353553391,0.25);
#4637=EDGE_CURVE('',#4623,#3580,#4636,.T.);
#4638=ORIENTED_EDGE('',*,*,#4637,.T.);
#4639=ORIENTED_EDGE('',*,*,#3585,.F.);
#4640=ORIENTED_EDGE('',*,*,#3640,.T.);
#4641=ORIENTED_EDGE('',*,*,#238,.F.);
#4642=ORIENTED_EDGE('',*,*,#653,.T.);
#4643=ORIENTED_EDGE('',*,*,#733,.F.);
#4644=CARTESIAN_POINT('',(245.25,199.4,13.55));
#4645=CARTESIAN_POINT('',(245.25,199.463780572,13.486219428));
#4646=CARTESIAN_POINT('',(245.262686745,199.530084694,13.419915306));
#4647=CARTESIAN_POINT('',(245.288060234,199.591341716,13.358658284));
#4648=CARTESIAN_POINT('',(245.313433723,199.652598738,13.297401262));
#4649=CARTESIAN_POINT('',(245.351346934,199.708453715,13.241546285));
#4650=CARTESIAN_POINT('',(245.396446609,199.753553391,13.196446609));
#4651=CARTESIAN_POINT('',(245.441546284,199.798653066,13.151346934));
#4652=CARTESIAN_POINT('',(245.497401262,199.836566277,13.113433723));
#4653=CARTESIAN_POINT('',(245.558658284,199.861939766,13.088060234));
#4654=CARTESIAN_POINT('',(245.619915305,199.887313255,13.062686745));
#4655=CARTESIAN_POINT('',(245.686219428,199.9,13.05));
#4656=CARTESIAN_POINT('',(245.75,199.9,13.05));
#4657=B_SPLINE_CURVE_WITH_KNOTS('',3,(#4644,#4645,#4646,#4647,#4648,#4649,#4650,#4651,#4652,#4653,#4654,#4655,#4656),.UNSPECIFIED.,.F.,.F.,(4,3,3,3,4),(270.,292.5,315.,337.5,360.),.UNSPECIFIED.);
#4658=EDGE_CURVE('',#722,#4625,#4657,.T.);
#4659=ORIENTED_EDGE('',*,*,#4658,.T.);
#4660=EDGE_LOOP('',(#4631,#4638,#4639,#4640,#4641,#4642,#4643,#4659));
#4661=FACE_BOUND('',#4660,.T.);
#4662=ADVANCED_FACE('',(#4661),#4621,.T.);
#4663=CARTESIAN_POINT('',(245.75,199.4,4.025));
#4664=DIRECTION('',(0.,0.,-1.));
#4665=DIRECTION('',(-1.,0.,0.));
#4666=AXIS2_PLACEMENT_3D('',#4663,#4664,#4665);
#4667=CYLINDRICAL_SURFACE('',#4666,0.5);
#4668=ORIENTED_EDGE('',*,*,#4612,.T.);
#4669=CARTESIAN_POINT('',(245.75,199.9,13.05));
#4670=DIRECTION('',(-0.,-0.,1.));
#4671=VECTOR('',#4670,1.192893219);
#4672=LINE('',#4669,#4671);
#4673=EDGE_CURVE('',#4625,#4599,#4672,.T.);
#4674=ORIENTED_EDGE('',*,*,#4673,.F.);
#4675=ORIENTED_EDGE('',*,*,#4658,.F.);
#4676=ORIENTED_EDGE('',*,*,#727,.F.);
#4677=EDGE_LOOP('',(#4668,#4674,#4675,#4676));
#4678=FACE_BOUND('',#4677,.T.);
#4679=ADVANCED_FACE('',(#4678),#4667,.T.);
#4680=CARTESIAN_POINT('',(245.75,102.646446609,110.996446609));
#4681=DIRECTION('',(0.,0.707106781,-0.707106781));
#4682=DIRECTION('',(0.,0.707106781,0.707106781));
#4683=AXIS2_PLACEMENT_3D('',#4680,#4681,#4682);
#4684=CYLINDRICAL_SURFACE('',#4683,0.5);
#4685=CARTESIAN_POINT('',(245.75,192.,22.35));
#4686=DIRECTION('',(0.,0.707106781,-0.707106781));
#4687=VECTOR('',#4686,10.965180362);
#4688=LINE('',#4685,#4687);
#4689=EDGE_CURVE('',#3451,#4590,#4688,.T.);
#4690=ORIENTED_EDGE('',*,*,#4689,.T.);
#4691=ORIENTED_EDGE('',*,*,#4596,.T.);
#4692=ORIENTED_EDGE('',*,*,#719,.T.);
#4693=CARTESIAN_POINT('',(245.75,192.,22.35));
#4694=CARTESIAN_POINT('',(245.691074435,192.,22.35));
#4695=CARTESIAN_POINT('',(245.62750112,192.,22.334812238));
#4696=CARTESIAN_POINT('',(245.565952645,192.,22.300352832));
#4697=CARTESIAN_POINT('',(245.50440417,192.,22.265893425));
#4698=CARTESIAN_POINT('',(245.445262146,192.,22.211928813));
#4699=CARTESIAN_POINT('',(245.396446609,192.,22.142893219));
#4700=CARTESIAN_POINT('',(245.347631073,192.,22.073857625));
#4701=CARTESIAN_POINT('',(245.30947233,192.,21.990218173));
#4702=CARTESIAN_POINT('',(245.285105849,192.,21.903175484));
#4703=CARTESIAN_POINT('',(245.260739369,192.,21.816132796));
#4704=CARTESIAN_POINT('',(245.25,192.,21.726226552));
#4705=CARTESIAN_POINT('',(245.25,192.,21.642893219));
#4706=B_SPLINE_CURVE_WITH_KNOTS('',3,(#4693,#4694,#4695,#4696,#4697,#4698,#4699,#4700,#4701,#4702,#4703,#4704,#4705),.UNSPECIFIED.,.F.,.F.,(4,3,3,3,4),(180.,202.5,225.,247.5,270.),.UNSPECIFIED.);
#4707=EDGE_CURVE('',#3451,#706,#4706,.T.);
#4708=ORIENTED_EDGE('',*,*,#4707,.F.);
#4709=EDGE_LOOP('',(#4690,#4691,#4692,#4708));
#4710=FACE_BOUND('',#4709,.T.);
#4711=ADVANCED_FACE('',(#4710),#4684,.T.);
#4712=CARTESIAN_POINT('',(240.45,199.4,14.242893219));
#4713=DIRECTION('',(-1.,0.,0.));
#4714=DIRECTION('',(0.,0.,1.));
#4715=AXIS2_PLACEMENT_3D('',#4712,#4713,#4714);
#4716=CYLINDRICAL_SURFACE('',#4715,0.5);
#4717=CARTESIAN_POINT('',(247.75,199.753553391,14.596446609));
#4718=VERTEX_POINT('',#4717);
#4719=CARTESIAN_POINT('',(247.75,199.753553391,14.596446609));
#4720=DIRECTION('',(-1.,-0.,0.));
#4721=VECTOR('',#4720,2.);
#4722=LINE('',#4719,#4721);
#4723=EDGE_CURVE('',#4718,#4590,#4722,.T.);
#4724=ORIENTED_EDGE('',*,*,#4723,.F.);
#4725=CARTESIAN_POINT('',(247.75,199.9,14.242893219));
#4726=VERTEX_POINT('',#4725);
#4727=CARTESIAN_POINT('',(247.75,199.4,14.242893219));
#4728=DIRECTION('',(-1.,0.,0.));
#4729=DIRECTION('',(0.,0.,1.));
#4730=AXIS2_PLACEMENT_3D('',#4727,#4728,#4729);
#4731=CIRCLE('',#4730,0.5);
#4732=EDGE_CURVE('',#4718,#4726,#4731,.T.);
#4733=ORIENTED_EDGE('',*,*,#4732,.T.);
#4734=CARTESIAN_POINT('',(245.75,199.9,14.242893219));
#4735=DIRECTION('',(1.,0.,-0.));
#4736=VECTOR('',#4735,2.);
#4737=LINE('',#4734,#4736);
#4738=EDGE_CURVE('',#4599,#4726,#4737,.T.);
#4739=ORIENTED_EDGE('',*,*,#4738,.F.);
#4740=ORIENTED_EDGE('',*,*,#4605,.F.);
#4741=EDGE_LOOP('',(#4724,#4733,#4739,#4740));
#4742=FACE_BOUND('',#4741,.T.);
#4743=ADVANCED_FACE('',(#4742),#4716,.T.);
#4744=CARTESIAN_POINT('',(240.45,199.9,4.7));
#4745=DIRECTION('',(0.,-1.,0.));
#4746=DIRECTION('',(0.,0.,-1.));
#4747=AXIS2_PLACEMENT_3D('',#4744,#4745,#4746);
#4748=PLANE('',#4747);
#4749=ORIENTED_EDGE('',*,*,#4738,.T.);
#4750=CARTESIAN_POINT('',(247.75,199.9,14.242893219));
#4751=DIRECTION('',(0.,0.,-1.));
#4752=VECTOR('',#4751,1.192893219);
#4753=LINE('',#4750,#4752);
#4754=EDGE_CURVE('',#4726,#4623,#4753,.T.);
#4755=ORIENTED_EDGE('',*,*,#4754,.T.);
#4756=ORIENTED_EDGE('',*,*,#4630,.T.);
#4757=ORIENTED_EDGE('',*,*,#4673,.T.);
#4758=EDGE_LOOP('',(#4749,#4755,#4756,#4757));
#4759=FACE_BOUND('',#4758,.T.);
#4760=ADVANCED_FACE('',(#4759),#4748,.F.);
#4761=CARTESIAN_POINT('',(246.047989985,192.,17.229916553));
#4762=DIRECTION('',(0.,1.,0.));
#4763=DIRECTION('',(0.,0.,1.));
#4764=AXIS2_PLACEMENT_3D('',#4761,#4762,#4763);
#4765=PLANE('',#4764);
#4766=ORIENTED_EDGE('',*,*,#3463,.F.);
#4767=ORIENTED_EDGE('',*,*,#4707,.T.);
#4768=ORIENTED_EDGE('',*,*,#711,.T.);
#4769=EDGE_LOOP('',(#4766,#4767,#4768));
#4770=FACE_BOUND('',#4769,.T.);
#4771=ADVANCED_FACE('',(#4770),#4765,.T.);
#4772=CARTESIAN_POINT('',(205.,103.,111.35));
#4773=DIRECTION('',(0.,0.707106781,0.707106781));
#4774=DIRECTION('',(0.,-0.707106781,0.707106781));
#4775=AXIS2_PLACEMENT_3D('',#4772,#4773,#4774);
#4776=PLANE('',#4775);
#4777=ORIENTED_EDGE('',*,*,#3519,.F.);
#4778=CARTESIAN_POINT('',(247.75,192.,22.35));
#4779=DIRECTION('',(-0.,0.707106781,-0.707106781));
#4780=VECTOR('',#4779,10.965180362);
#4781=LINE('',#4778,#4780);
#4782=EDGE_CURVE('',#3508,#4718,#4781,.T.);
#4783=ORIENTED_EDGE('',*,*,#4782,.T.);
#4784=ORIENTED_EDGE('',*,*,#4723,.T.);
#4785=ORIENTED_EDGE('',*,*,#4689,.F.);
#4786=EDGE_LOOP('',(#4777,#4783,#4784,#4785));
#4787=FACE_BOUND('',#4786,.T.);
#4788=ADVANCED_FACE('',(#4787),#4776,.T.);
#4789=CARTESIAN_POINT('',(246.15,1.5,11.2));
#4790=DIRECTION('',(-1.,0.,0.));
#4791=DIRECTION('',(0.,0.,-1.));
#4792=AXIS2_PLACEMENT_3D('',#4789,#4790,#4791);
#4793=PLANE('',#4792);
#4794=ORIENTED_EDGE('',*,*,#4452,.F.);
#4795=ORIENTED_EDGE('',*,*,#4468,.T.);
#4796=ORIENTED_EDGE('',*,*,#4422,.T.);
#4797=ORIENTED_EDGE('',*,*,#4399,.F.);
#4798=EDGE_LOOP('',(#4794,#4795,#4796,#4797));
#4799=FACE_BOUND('',#4798,.T.);
#4800=ADVANCED_FACE('',(#4799),#4793,.F.);
#4801=CARTESIAN_POINT('',(247.75,105.398223305,108.598223305));
#4802=DIRECTION('',(0.,0.707106781,-0.707106781));
#4803=DIRECTION('',(0.,0.707106781,0.707106781));
#4804=AXIS2_PLACEMENT_3D('',#4801,#4802,#4803);
#4805=CYLINDRICAL_SURFACE('',#4804,0.25);
#4806=ORIENTED_EDGE('',*,*,#3552,.T.);
#4807=ORIENTED_EDGE('',*,*,#3608,.F.);
#4808=CARTESIAN_POINT('',(247.75,199.576776695,14.419669914));
#4809=DIRECTION('',(0.,0.707106781,-0.707106781));
#4810=DIRECTION('',(0.,0.707106781,0.707106781));
#4811=AXIS2_PLACEMENT_3D('',#4808,#4809,#4810);
#4812=CIRCLE('',#4811,0.25);
#4813=EDGE_CURVE('',#4718,#3596,#4812,.T.);
#4814=ORIENTED_EDGE('',*,*,#4813,.F.);
#4815=ORIENTED_EDGE('',*,*,#4782,.F.);
#4816=EDGE_LOOP('',(#4806,#4807,#4814,#4815));
#4817=FACE_BOUND('',#4816,.T.);
#4818=ADVANCED_FACE('',(#4817),#4805,.T.);
#4819=CARTESIAN_POINT('',(247.75,199.4,14.242893219));
#4820=DIRECTION('',(-1.,0.,0.));
#4821=DIRECTION('',(0.,0.,1.));
#4822=AXIS2_PLACEMENT_3D('',#4819,#4820,#4821);
#4823=DEGENERATE_TOROIDAL_SURFACE('',#4822,0.25,0.25,.T.);
#4824=ORIENTED_EDGE('',*,*,#4813,.T.);
#4825=ORIENTED_EDGE('',*,*,#3602,.F.);
#4826=CARTESIAN_POINT('',(247.75,199.65,14.242893219));
#4827=DIRECTION('',(0.,0.,-1.));
#4828=DIRECTION('',(-1.,0.,0.));
#4829=AXIS2_PLACEMENT_3D('',#4826,#4827,#4828);
#4830=CIRCLE('',#4829,0.25);
#4831=EDGE_CURVE('',#4726,#3588,#4830,.T.);
#4832=ORIENTED_EDGE('',*,*,#4831,.F.);
#4833=ORIENTED_EDGE('',*,*,#4732,.F.);
#4834=EDGE_LOOP('',(#4824,#4825,#4832,#4833));
#4835=FACE_BOUND('',#4834,.T.);
#4836=ADVANCED_FACE('',(#4835),#4823,.T.);
#4837=CARTESIAN_POINT('',(247.75,199.65,4.7));
#4838=DIRECTION('',(0.,0.,-1.));
#4839=DIRECTION('',(-1.,0.,0.));
#4840=AXIS2_PLACEMENT_3D('',#4837,#4838,#4839);
#4841=CYLINDRICAL_SURFACE('',#4840,0.25);
#4842=ORIENTED_EDGE('',*,*,#4831,.T.);
#4843=ORIENTED_EDGE('',*,*,#3593,.F.);
#4844=ORIENTED_EDGE('',*,*,#4637,.F.);
#4845=ORIENTED_EDGE('',*,*,#4754,.F.);
#4846=EDGE_LOOP('',(#4842,#4843,#4844,#4845));
#4847=FACE_BOUND('',#4846,.T.);
#4848=ADVANCED_FACE('',(#4847),#4841,.T.);
#4849=CARTESIAN_POINT('',(1.85,1.5,11.2));
#4850=DIRECTION('',(1.,0.,0.));
#4851=DIRECTION('',(0.,0.,-1.));
#4852=AXIS2_PLACEMENT_3D('',#4849,#4850,#4851);
#4853=PLANE('',#4852);
#4854=CARTESIAN_POINT('',(1.85,59.9,15.95));
#4855=VERTEX_POINT('',#4854);
#4856=CARTESIAN_POINT('',(1.85,59.9,13.95));
#4857=VERTEX_POINT('',#4856);
#4858=CARTESIAN_POINT('',(1.85,59.9,15.95));
#4859=DIRECTION('',(0.,0.,-1.));
#4860=VECTOR('',#4859,2.);
#4861=LINE('',#4858,#4860);
#4862=EDGE_CURVE('',#4855,#4857,#4861,.T.);
#4863=ORIENTED_EDGE('',*,*,#4862,.T.);
#4864=CARTESIAN_POINT('',(1.85,44.9,13.95));
#4865=VERTEX_POINT('',#4864);
#4866=CARTESIAN_POINT('',(1.85,59.9,13.95));
#4867=DIRECTION('',(-0.,-1.,-0.));
#4868=VECTOR('',#4867,15.);
#4869=LINE('',#4866,#4868);
#4870=EDGE_CURVE('',#4857,#4865,#4869,.T.);
#4871=ORIENTED_EDGE('',*,*,#4870,.T.);
#4872=CARTESIAN_POINT('',(1.85,44.9,15.95));
#4873=VERTEX_POINT('',#4872);
#4874=CARTESIAN_POINT('',(1.85,44.9,13.95));
#4875=DIRECTION('',(-0.,-0.,1.));
#4876=VECTOR('',#4875,2.);
#4877=LINE('',#4874,#4876);
#4878=EDGE_CURVE('',#4865,#4873,#4877,.T.);
#4879=ORIENTED_EDGE('',*,*,#4878,.T.);
#4880=CARTESIAN_POINT('',(1.85,44.9,15.95));
#4881=DIRECTION('',(0.,1.,0.));
#4882=VECTOR('',#4881,15.);
#4883=LINE('',#4880,#4882);
#4884=EDGE_CURVE('',#4873,#4855,#4883,.T.);
#4885=ORIENTED_EDGE('',*,*,#4884,.T.);
#4886=EDGE_LOOP('',(#4863,#4871,#4879,#4885));
#4887=FACE_BOUND('',#4886,.T.);
#4888=ADVANCED_FACE('',(#4887),#4853,.F.);
#4889=CARTESIAN_POINT('',(1.85,1.5,11.2));
#4890=DIRECTION('',(1.,0.,0.));
#4891=DIRECTION('',(0.,0.,-1.));
#4892=AXIS2_PLACEMENT_3D('',#4889,#4890,#4891);
#4893=PLANE('',#4892);
#4894=CARTESIAN_POINT('',(1.85,127.4,13.95));
#4895=VERTEX_POINT('',#4894);
#4896=CARTESIAN_POINT('',(1.85,127.4,15.95));
#4897=VERTEX_POINT('',#4896);
#4898=CARTESIAN_POINT('',(1.85,127.4,13.95));
#4899=DIRECTION('',(-0.,-0.,1.));
#4900=VECTOR('',#4899,2.);
#4901=LINE('',#4898,#4900);
#4902=EDGE_CURVE('',#4895,#4897,#4901,.T.);
#4903=ORIENTED_EDGE('',*,*,#4902,.T.);
#4904=CARTESIAN_POINT('',(1.85,142.4,15.95));
#4905=VERTEX_POINT('',#4904);
#4906=CARTESIAN_POINT('',(1.85,127.4,15.95));
#4907=DIRECTION('',(0.,1.,0.));
#4908=VECTOR('',#4907,15.);
#4909=LINE('',#4906,#4908);
#4910=EDGE_CURVE('',#4897,#4905,#4909,.T.);
#4911=ORIENTED_EDGE('',*,*,#4910,.T.);
#4912=CARTESIAN_POINT('',(1.85,142.4,13.95));
#4913=VERTEX_POINT('',#4912);
#4914=CARTESIAN_POINT('',(1.85,142.4,15.95));
#4915=DIRECTION('',(0.,0.,-1.));
#4916=VECTOR('',#4915,2.);
#4917=LINE('',#4914,#4916);
#4918=EDGE_CURVE('',#4905,#4913,#4917,.T.);
#4919=ORIENTED_EDGE('',*,*,#4918,.T.);
#4920=CARTESIAN_POINT('',(1.85,142.4,13.95));
#4921=DIRECTION('',(-0.,-1.,-0.));
#4922=VECTOR('',#4921,15.);
#4923=LINE('',#4920,#4922);
#4924=EDGE_CURVE('',#4913,#4895,#4923,.T.);
#4925=ORIENTED_EDGE('',*,*,#4924,.T.);
#4926=EDGE_LOOP('',(#4903,#4911,#4919,#4925));
#4927=FACE_BOUND('',#4926,.T.);
#4928=ADVANCED_FACE('',(#4927),#4893,.F.);
#4929=CARTESIAN_POINT('',(2.25,155.5,12.85));
#4930=CARTESIAN_POINT('',(2.25,155.434550153,12.85));
#4931=CARTESIAN_POINT('',(2.25,155.369126058,12.863013662));
#4932=CARTESIAN_POINT('',(2.25,155.24819051,12.913106806));
#4933=CARTESIAN_POINT('',(2.25,155.19272664,12.950166579));
#4934=CARTESIAN_POINT('',(2.25,155.100166579,13.04272664));
#4935=CARTESIAN_POINT('',(2.25,155.063106806,13.09819051));
#4936=CARTESIAN_POINT('',(2.25,155.013013662,13.219126058));
#4937=CARTESIAN_POINT('',(2.25,155.,13.284550153));
#4938=CARTESIAN_POINT('',(2.25,155.,13.35));
#4939=CARTESIAN_POINT('',(2.315449847,155.5,12.85));
#4940=CARTESIAN_POINT('',(2.306882482,155.434550153,12.85));
#4941=CARTESIAN_POINT('',(2.300021972,155.369126058,12.863013662));
#4942=CARTESIAN_POINT('',(2.290748723,155.24819051,12.913106806));
#4943=CARTESIAN_POINT('',(2.288339633,155.19272664,12.950166579));
#4944=CARTESIAN_POINT('',(2.288339633,155.100166579,13.04272664));
#4945=CARTESIAN_POINT('',(2.290748723,155.063106806,13.09819051));
#4946=CARTESIAN_POINT('',(2.300021972,155.013013662,13.219126058));
#4947=CARTESIAN_POINT('',(2.306882482,155.,13.284550153));
#4948=CARTESIAN_POINT('',(2.315449847,155.,13.35));
#4949=CARTESIAN_POINT('',(2.380873942,155.473972677,12.836986338));
#4950=CARTESIAN_POINT('',(2.36433485,155.412687454,12.840832845));
#4951=CARTESIAN_POINT('',(2.351136125,155.351422393,12.856377532));
#4952=CARTESIAN_POINT('',(2.333309162,155.237438743,12.908642244));
#4953=CARTESIAN_POINT('',(2.328687123,155.184757708,12.945344645));
#4954=CARTESIAN_POINT('',(2.328687123,155.095344645,13.034757708));
#4955=CARTESIAN_POINT('',(2.333309162,155.058642244,13.087438743));
#4956=CARTESIAN_POINT('',(2.351136125,155.006377532,13.201422393));
#4957=CARTESIAN_POINT('',(2.36433485,154.990832845,13.262687454));
#4958=CARTESIAN_POINT('',(2.380873942,154.986986338,13.323972677));
#4959=CARTESIAN_POINT('',(2.50180949,155.373786388,12.786893194));
#4960=CARTESIAN_POINT('',(2.479169678,155.324256937,12.799275121));
#4961=CARTESIAN_POINT('',(2.461365434,155.274736796,12.819667847));
#4962=CARTESIAN_POINT('',(2.437393274,155.180984153,12.874227419));
#4963=CARTESIAN_POINT('',(2.431230277,155.136769345,12.908383478));
#4964=CARTESIAN_POINT('',(2.431230277,155.058383478,12.986769345));
#4965=CARTESIAN_POINT('',(2.437393274,155.024227419,13.030984153));
#4966=CARTESIAN_POINT('',(2.461365434,154.969667847,13.124736796));
#4967=CARTESIAN_POINT('',(2.479169678,154.949275121,13.174256937));
#4968=CARTESIAN_POINT('',(2.50180949,154.936893194,13.223786388));
#4969=CARTESIAN_POINT('',(2.55727336,155.299666842,12.749833421));
#4970=CARTESIAN_POINT('',(2.536111808,155.257343738,12.76633149));
#4971=CARTESIAN_POINT('',(2.519661702,155.21502554,12.78859979));
#4972=CARTESIAN_POINT('',(2.497566928,155.133960442,12.842742121));
#4973=CARTESIAN_POINT('',(2.491924814,155.095222965,12.874609661));
#4974=CARTESIAN_POINT('',(2.491924814,155.024609661,12.945222965));
#4975=CARTESIAN_POINT('',(2.497566928,154.992742121,12.983960442));
#4976=CARTESIAN_POINT('',(2.519661702,154.93859979,13.06502554));
#4977=CARTESIAN_POINT('',(2.536111808,154.91633149,13.107343738));
#4978=CARTESIAN_POINT('',(2.55727336,154.899833421,13.149666842));
#4979=CARTESIAN_POINT('',(2.649833421,155.11454672,12.65727336));
#4980=CARTESIAN_POINT('',(2.635368589,155.085617056,12.676401675));
#4981=CARTESIAN_POINT('',(2.624318299,155.056688046,12.697880188));
#4982=CARTESIAN_POINT('',(2.609529926,155.000103366,12.744504488));
#4983=CARTESIAN_POINT('',(2.605792168,154.972449015,12.769648903));
#4984=CARTESIAN_POINT('',(2.605792168,154.919648903,12.822449015));
#4985=CARTESIAN_POINT('',(2.609529926,154.894504488,12.850103366));
#4986=CARTESIAN_POINT('',(2.624318299,154.847880188,12.906688046));
#4987=CARTESIAN_POINT('',(2.635368589,154.826401675,12.935617056));
#4988=CARTESIAN_POINT('',(2.649833421,154.80727336,12.96454672));
#4989=CARTESIAN_POINT('',(2.686893194,155.00361898,12.60180949));
#4990=CARTESIAN_POINT('',(2.677340538,154.980990933,12.619571303));
#4991=CARTESIAN_POINT('',(2.670096833,154.958363147,12.638511236));
#4992=CARTESIAN_POINT('',(2.66041716,154.91373462,12.678212314));
#4993=CARTESIAN_POINT('',(2.657981294,154.891734394,12.698972993));
#4994=CARTESIAN_POINT('',(2.657981294,154.848972993,12.741734394));
#4995=CARTESIAN_POINT('',(2.66041716,154.828212314,12.76373462));
#4996=CARTESIAN_POINT('',(2.670096833,154.788511236,12.808363147));
#4997=CARTESIAN_POINT('',(2.677340538,154.769571303,12.830990933));
#4998=CARTESIAN_POINT('',(2.686893194,154.75180949,12.85361898));
#4999=CARTESIAN_POINT('',(2.736986338,154.761747884,12.480873942));
#5000=CARTESIAN_POINT('',(2.734679278,154.750831589,12.491744016));
#5001=CARTESIAN_POINT('',(2.732958199,154.739915231,12.502634893));
#5002=CARTESIAN_POINT('',(2.73066597,154.718083749,12.524434899));
#5003=CARTESIAN_POINT('',(2.730094789,154.707168501,12.535344135));
#5004=CARTESIAN_POINT('',(2.730094789,154.685344135,12.557168501));
#5005=CARTESIAN_POINT('',(2.73066597,154.674434899,12.568083749));
#5006=CARTESIAN_POINT('',(2.732958199,154.652634893,12.589915231));
#5007=CARTESIAN_POINT('',(2.734679278,154.641744016,12.600831589));
#5008=CARTESIAN_POINT('',(2.736986338,154.630873942,12.611747884));
#5009=CARTESIAN_POINT('',(2.75,154.630899694,12.415449847));
#5010=CARTESIAN_POINT('',(2.75,154.630899694,12.415449847));
#5011=CARTESIAN_POINT('',(2.75,154.614537232,12.431812309));
#5012=CARTESIAN_POINT('',(2.75,154.614537232,12.431812309));
#5013=CARTESIAN_POINT('',(2.75,154.59817477,12.44817477));
#5014=CARTESIAN_POINT('',(2.75,154.59817477,12.44817477));
#5015=CARTESIAN_POINT('',(2.75,154.581812309,12.464537232));
#5016=CARTESIAN_POINT('',(2.75,154.581812309,12.464537232));
#5017=CARTESIAN_POINT('',(2.75,154.565449847,12.480899694));
#5018=CARTESIAN_POINT('',(2.75,154.565449847,12.480899694));
#5019=CARTESIAN_POINT('',(2.75,154.5,12.35));
#5020=CARTESIAN_POINT('',(2.75,154.5,12.35));
#5021=CARTESIAN_POINT('',(2.75,154.5,12.35));
#5022=CARTESIAN_POINT('',(2.75,154.5,12.35));
#5023=CARTESIAN_POINT('',(2.75,154.5,12.35));
#5024=CARTESIAN_POINT('',(2.75,154.5,12.35));
#5025=CARTESIAN_POINT('',(2.75,154.5,12.35));
#5026=CARTESIAN_POINT('',(2.75,154.5,12.35));
#5027=CARTESIAN_POINT('',(2.75,154.5,12.35));
#5028=CARTESIAN_POINT('',(2.75,154.5,12.35));
#5029=B_SPLINE_SURFACE_WITH_KNOTS('',3,3,((#4929,#4930,#4931,#4932,#4933,#4934,#4935,#4936,#4937,#4938),(#4939,#4940,#4941,#4942,#4943,#4944,#4945,#4946,#4947,#4948),(#4949,#4950,#4951,#4952,#4953,#4954,#4955,#4956,#4957,#4958),(#4959,#4960,#4961,#4962,#4963,#4964,#4965,#4966,#4967,#4968),(#4969,#4970,#4971,#4972,#4973,#4974,#4975,#4976,#4977,#4978),(#4979,#4980,#4981,#4982,#4983,#4984,#4985,#4986,#4987,#4988),(#4989,#4990,#4991,#4992,#4993,#4994,#4995,#4996,#4997,#4998),(#4999,#5000,#5001,#5002,#5003,#5004,#5005,#5006,#5007,#5008),(#5009,#5010,#5011,#5012,#5013,#5014,#5015,#5016,#5017,#5018),(#5019,#5020,#5021,#5022,#5023,#5024,#5025,#5026,#5027,#5028)),.UNSPECIFIED.,.F.,.F.,.U.,(4,2,2,2,4),(4,2,2,2,4),(0.,0.392699082,0.785398163,1.178097245,1.570796327),(0.,0.25,0.5,0.75,1.),.UNSPECIFIED.);
#5030=CARTESIAN_POINT('',(2.25,155.5,12.85));
#5031=VERTEX_POINT('',#5030);
#5032=CARTESIAN_POINT('',(2.25,155.,13.35));
#5033=VERTEX_POINT('',#5032);
#5034=CARTESIAN_POINT('',(2.25,155.5,13.35));
#5035=DIRECTION('',(-1.,-0.,-0.));
#5036=DIRECTION('',(0.,0.,-1.));
#5037=AXIS2_PLACEMENT_3D('',#5034,#5035,#5036);
#5038=CIRCLE('',#5037,0.5);
#5039=EDGE_CURVE('',#5031,#5033,#5038,.T.);
#5040=ORIENTED_EDGE('',*,*,#5039,.T.);
#5041=CARTESIAN_POINT('',(2.75,154.5,12.35));
#5042=VERTEX_POINT('',#5041);
#5043=CARTESIAN_POINT('',(2.75,154.5,12.35));
#5044=CARTESIAN_POINT('',(2.75,154.565449847,12.480899694));
#5045=CARTESIAN_POINT('',(2.736986338,154.630873942,12.611747884));
#5046=CARTESIAN_POINT('',(2.711939766,154.691341716,12.732683433));
#5047=CARTESIAN_POINT('',(2.686893194,154.75180949,12.853618981));
#5048=CARTESIAN_POINT('',(2.649833421,154.80727336,12.96454672));
#5049=CARTESIAN_POINT('',(2.603553391,154.85355339,13.057106782));
#5050=CARTESIAN_POINT('',(2.55727336,154.899833421,13.149666843));
#5051=CARTESIAN_POINT('',(2.50180949,154.936893194,13.223786389));
#5052=CARTESIAN_POINT('',(2.441341716,154.961939766,13.273879533));
#5053=CARTESIAN_POINT('',(2.380873942,154.986986338,13.323972677));
#5054=CARTESIAN_POINT('',(2.315449847,155.,13.350000001));
#5055=CARTESIAN_POINT('',(2.25,155.,13.35));
#5056=B_SPLINE_CURVE_WITH_KNOTS('',3,(#5043,#5044,#5045,#5046,#5047,#5048,#5049,#5050,#5051,#5052,#5053,#5054,#5055),.UNSPECIFIED.,.F.,.F.,(4,3,3,3,4),(270.,292.5,315.,337.5,360.),.UNSPECIFIED.);
#5057=EDGE_CURVE('',#5042,#5033,#5056,.T.);
#5058=ORIENTED_EDGE('',*,*,#5057,.F.);
#5059=CARTESIAN_POINT('',(2.25,155.5,12.85));
#5060=CARTESIAN_POINT('',(2.315449847,155.500000001,12.85));
#5061=CARTESIAN_POINT('',(2.380873942,155.473972677,12.836986338));
#5062=CARTESIAN_POINT('',(2.441341716,155.423879533,12.811939766));
#5063=CARTESIAN_POINT('',(2.50180949,155.373786389,12.786893194));
#5064=CARTESIAN_POINT('',(2.55727336,155.299666843,12.749833421));
#5065=CARTESIAN_POINT('',(2.603553391,155.207106782,12.70355339));
#5066=CARTESIAN_POINT('',(2.649833421,155.11454672,12.65727336));
#5067=CARTESIAN_POINT('',(2.686893194,155.003618981,12.60180949));
#5068=CARTESIAN_POINT('',(2.711939766,154.882683433,12.541341716));
#5069=CARTESIAN_POINT('',(2.736986338,154.761747884,12.480873942));
#5070=CARTESIAN_POINT('',(2.75,154.630899694,12.415449847));
#5071=CARTESIAN_POINT('',(2.75,154.5,12.35));
#5072=B_SPLINE_CURVE_WITH_KNOTS('',3,(#5059,#5060,#5061,#5062,#5063,#5064,#5065,#5066,#5067,#5068,#5069,#5070,#5071),.UNSPECIFIED.,.F.,.F.,(4,3,3,3,4),(0.,22.5,45.,67.5,90.),.UNSPECIFIED.);
#5073=EDGE_CURVE('',#5031,#5042,#5072,.T.);
#5074=ORIENTED_EDGE('',*,*,#5073,.F.);
#5075=EDGE_LOOP('',(#5040,#5058,#5074));
#5076=FACE_BOUND('',#5075,.T.);
#5077=ADVANCED_FACE('',(#5076),#5029,.F.);
#5078=CARTESIAN_POINT('',(2.25,154.5,21.85));
#5079=DIRECTION('',(0.,1.,0.));
#5080=DIRECTION('',(0.,-0.,1.));
#5081=AXIS2_PLACEMENT_3D('',#5078,#5079,#5080);
#5082=SPHERICAL_SURFACE('',#5081,0.5);
#5083=CARTESIAN_POINT('',(2.75,154.5,21.85));
#5084=VERTEX_POINT('',#5083);
#5085=CARTESIAN_POINT('',(2.25,154.5,22.35));
#5086=VERTEX_POINT('',#5085);
#5087=CARTESIAN_POINT('',(2.25,154.5,21.85));
#5088=DIRECTION('',(-0.,-1.,-0.));
#5089=DIRECTION('',(0.,-0.,1.));
#5090=AXIS2_PLACEMENT_3D('',#5087,#5088,#5089);
#5091=CIRCLE('',#5090,0.5);
#5092=EDGE_CURVE('',#5084,#5086,#5091,.T.);
#5093=ORIENTED_EDGE('',*,*,#5092,.F.);
#5094=CARTESIAN_POINT('',(2.25,155.,21.85));
#5095=VERTEX_POINT('',#5094);
#5096=CARTESIAN_POINT('',(2.25,154.5,21.85));
#5097=DIRECTION('',(0.,0.,1.));
#5098=DIRECTION('',(1.,0.,-0.));
#5099=AXIS2_PLACEMENT_3D('',#5096,#5097,#5098);
#5100=CIRCLE('',#5099,0.5);
#5101=EDGE_CURVE('',#5084,#5095,#5100,.T.);
#5102=ORIENTED_EDGE('',*,*,#5101,.T.);
#5103=CARTESIAN_POINT('',(2.25,154.5,21.85));
#5104=DIRECTION('',(-1.,0.,0.));
#5105=DIRECTION('',(0.,0.,1.));
#5106=AXIS2_PLACEMENT_3D('',#5103,#5104,#5105);
#5107=CIRCLE('',#5106,0.5);
#5108=EDGE_CURVE('',#5086,#5095,#5107,.T.);
#5109=ORIENTED_EDGE('',*,*,#5108,.F.);
#5110=EDGE_LOOP('',(#5093,#5102,#5109));
#5111=FACE_BOUND('',#5110,.T.);
#5112=ADVANCED_FACE('',(#5111),#5082,.T.);
#5113=CARTESIAN_POINT('',(0.25,1.5,22.1));
#5114=DIRECTION('',(0.,-1.,0.));
#5115=DIRECTION('',(0.,0.,-1.));
#5116=AXIS2_PLACEMENT_3D('',#5113,#5114,#5115);
#5117=CYLINDRICAL_SURFACE('',#5116,0.25);
#5118=CARTESIAN_POINT('',(0.25,153.6,22.35));
#5119=VERTEX_POINT('',#5118);
#5120=CARTESIAN_POINT('',(0.25,2.2,22.35));
#5121=VERTEX_POINT('',#5120);
#5122=CARTESIAN_POINT('',(0.25,153.6,22.35));
#5123=DIRECTION('',(-0.,-1.,-0.));
#5124=VECTOR('',#5123,151.4);
#5125=LINE('',#5122,#5124);
#5126=EDGE_CURVE('',#5119,#5121,#5125,.T.);
#5127=ORIENTED_EDGE('',*,*,#5126,.F.);
#5128=CARTESIAN_POINT('',(0.,153.6,22.1));
#5129=VERTEX_POINT('',#5128);
#5130=CARTESIAN_POINT('',(0.25,153.6,22.1));
#5131=DIRECTION('',(-0.,1.,-0.));
#5132=DIRECTION('',(0.,0.,-1.));
#5133=AXIS2_PLACEMENT_3D('',#5130,#5131,#5132);
#5134=CIRCLE('',#5133,0.25);
#5135=EDGE_CURVE('',#5129,#5119,#5134,.T.);
#5136=ORIENTED_EDGE('',*,*,#5135,.F.);
#5137=CARTESIAN_POINT('',(0.,2.2,22.1));
#5138=VERTEX_POINT('',#5137);
#5139=CARTESIAN_POINT('',(0.,2.2,22.1));
#5140=DIRECTION('',(0.,1.,0.));
#5141=VECTOR('',#5140,151.4);
#5142=LINE('',#5139,#5141);
#5143=EDGE_CURVE('',#5138,#5129,#5142,.T.);
#5144=ORIENTED_EDGE('',*,*,#5143,.F.);
#5145=CARTESIAN_POINT('',(0.25,2.2,22.1));
#5146=DIRECTION('',(-0.,1.,-0.));
#5147=DIRECTION('',(0.,0.,-1.));
#5148=AXIS2_PLACEMENT_3D('',#5145,#5146,#5147);
#5149=CIRCLE('',#5148,0.25);
#5150=EDGE_CURVE('',#5138,#5121,#5149,.T.);
#5151=ORIENTED_EDGE('',*,*,#5150,.T.);
#5152=EDGE_LOOP('',(#5127,#5136,#5144,#5151));
#5153=FACE_BOUND('',#5152,.T.);
#5154=ADVANCED_FACE('',(#5153),#5117,.T.);
#5155=CARTESIAN_POINT('',(8.225,2.5,10.525));
#5156=DIRECTION('',(0.,-1.,0.));
#5157=DIRECTION('',(0.,0.,-1.));
#5158=AXIS2_PLACEMENT_3D('',#5155,#5156,#5157);
#5159=PLANE('',#5158);
#5160=CARTESIAN_POINT('',(13.2,2.5,15.55));
#5161=VERTEX_POINT('',#5160);
#5162=CARTESIAN_POINT('',(13.2,2.5,14.55));
#5163=VERTEX_POINT('',#5162);
#5164=CARTESIAN_POINT('',(13.2,2.5,15.55));
#5165=DIRECTION('',(0.,0.,-1.));
#5166=VECTOR('',#5165,1.);
#5167=LINE('',#5164,#5166);
#5168=EDGE_CURVE('',#5161,#5163,#5167,.T.);
#5169=ORIENTED_EDGE('',*,*,#5168,.T.);
#5170=CARTESIAN_POINT('',(22.2,2.5,14.55));
#5171=VERTEX_POINT('',#5170);
#5172=CARTESIAN_POINT('',(22.2,2.5,14.55));
#5173=DIRECTION('',(-1.,-0.,0.));
#5174=VECTOR('',#5173,9.);
#5175=LINE('',#5172,#5174);
#5176=EDGE_CURVE('',#5171,#5163,#5175,.T.);
#5177=ORIENTED_EDGE('',*,*,#5176,.F.);
#5178=CARTESIAN_POINT('',(22.2,2.5,14.55));
#5179=DIRECTION('',(-0.,-0.,1.));
#5180=VECTOR('',#5179,1.);
#5181=LINE('',#5178,#5180);
#5182=EDGE_CURVE('',#5171,#3039,#5181,.T.);
#5183=ORIENTED_EDGE('',*,*,#5182,.T.);
#5184=CARTESIAN_POINT('',(13.2,2.5,15.55));
#5185=DIRECTION('',(1.,0.,-0.));
#5186=VECTOR('',#5185,9.);
#5187=LINE('',#5184,#5186);
#5188=EDGE_CURVE('',#5161,#3039,#5187,.T.);
#5189=ORIENTED_EDGE('',*,*,#5188,.F.);
#5190=EDGE_LOOP('',(#5169,#5177,#5183,#5189));
#5191=FACE_BOUND('',#5190,.T.);
#5192=ADVANCED_FACE('',(#5191),#5159,.T.);
#5193=CARTESIAN_POINT('',(0.,1.5,11.2));
#5194=DIRECTION('',(1.,0.,0.));
#5195=DIRECTION('',(0.,0.,-1.));
#5196=AXIS2_PLACEMENT_3D('',#5193,#5194,#5195);
#5197=PLANE('',#5196);
#5198=ORIENTED_EDGE('',*,*,#5143,.T.);
#5199=CARTESIAN_POINT('',(0.,153.6,20.95));
#5200=VERTEX_POINT('',#5199);
#5201=CARTESIAN_POINT('',(0.,153.6,22.1));
#5202=DIRECTION('',(0.,0.,-1.));
#5203=VECTOR('',#5202,1.15);
#5204=LINE('',#5201,#5203);
#5205=EDGE_CURVE('',#5129,#5200,#5204,.T.);
#5206=ORIENTED_EDGE('',*,*,#5205,.T.);
#5207=CARTESIAN_POINT('',(0.,2.2,20.95));
#5208=VERTEX_POINT('',#5207);
#5209=CARTESIAN_POINT('',(0.,2.2,20.95));
#5210=DIRECTION('',(0.,1.,0.));
#5211=VECTOR('',#5210,151.4);
#5212=LINE('',#5209,#5211);
#5213=EDGE_CURVE('',#5208,#5200,#5212,.T.);
#5214=ORIENTED_EDGE('',*,*,#5213,.F.);
#5215=CARTESIAN_POINT('',(0.,2.2,20.95));
#5216=DIRECTION('',(-0.,-0.,1.));
#5217=VECTOR('',#5216,1.15);
#5218=LINE('',#5215,#5217);
#5219=EDGE_CURVE('',#5208,#5138,#5218,.T.);
#5220=ORIENTED_EDGE('',*,*,#5219,.T.);
#5221=EDGE_LOOP('',(#5198,#5206,#5214,#5220));
#5222=FACE_BOUND('',#5221,.T.);
#5223=ADVANCED_FACE('',(#5222),#5197,.F.);
#5224=CARTESIAN_POINT('',(2.5,2.2,22.1));
#5225=DIRECTION('',(0.,0.,1.));
#5226=DIRECTION('',(1.,0.,-0.));
#5227=AXIS2_PLACEMENT_3D('',#5224,#5225,#5226);
#5228=TOROIDAL_SURFACE('',#5227,2.25,0.25);
#5229=CARTESIAN_POINT('',(2.5,-0.05,22.35));
#5230=VERTEX_POINT('',#5229);
#5231=CARTESIAN_POINT('',(2.5,-0.05,22.1));
#5232=DIRECTION('',(-1.,-0.,-0.));
#5233=DIRECTION('',(0.,0.,-1.));
#5234=AXIS2_PLACEMENT_3D('',#5231,#5232,#5233);
#5235=CIRCLE('',#5234,0.25);
#5236=EDGE_CURVE('',#3150,#5230,#5235,.T.);
#5237=ORIENTED_EDGE('',*,*,#5236,.T.);
#5238=CARTESIAN_POINT('',(2.5,2.2,22.35));
#5239=DIRECTION('',(0.,0.,1.));
#5240=DIRECTION('',(1.,0.,-0.));
#5241=AXIS2_PLACEMENT_3D('',#5238,#5239,#5240);
#5242=CIRCLE('',#5241,2.25);
#5243=EDGE_CURVE('',#5121,#5230,#5242,.T.);
#5244=ORIENTED_EDGE('',*,*,#5243,.F.);
#5245=ORIENTED_EDGE('',*,*,#5150,.F.);
#5246=CARTESIAN_POINT('',(2.5,2.2,22.1));
#5247=DIRECTION('',(-0.,-0.,-1.));
#5248=DIRECTION('',(1.,0.,-0.));
#5249=AXIS2_PLACEMENT_3D('',#5246,#5247,#5248);
#5250=CIRCLE('',#5249,2.5);
#5251=EDGE_CURVE('',#3150,#5138,#5250,.T.);
#5252=ORIENTED_EDGE('',*,*,#5251,.F.);
#5253=EDGE_LOOP('',(#5237,#5244,#5245,#5252));
#5254=FACE_BOUND('',#5253,.T.);
#5255=ADVANCED_FACE('',(#5254),#5228,.T.);
#5256=CARTESIAN_POINT('',(18.150000796,0.999999905,23.1));
#5257=DIRECTION('',(0.,1.,0.));
#5258=DIRECTION('',(0.,0.,1.));
#5259=AXIS2_PLACEMENT_3D('',#5256,#5257,#5258);
#5260=PLANE('',#5259);
#5261=CARTESIAN_POINT('',(13.2,0.999999905,19.8));
#5262=VERTEX_POINT('',#5261);
#5263=CARTESIAN_POINT('',(13.2,0.999999905,23.1));
#5264=VERTEX_POINT('',#5263);
#5265=CARTESIAN_POINT('',(13.2,0.999999905,19.8));
#5266=DIRECTION('',(0.,0.,1.));
#5267=VECTOR('',#5266,3.3);
#5268=LINE('',#5265,#5267);
#5269=EDGE_CURVE('',#5262,#5264,#5268,.T.);
#5270=ORIENTED_EDGE('',*,*,#5269,.T.);
#5271=CARTESIAN_POINT('',(22.2,0.999999905,23.1));
#5272=VERTEX_POINT('',#5271);
#5273=CARTESIAN_POINT('',(13.2,0.999999905,23.1));
#5274=DIRECTION('',(1.,0.,-0.));
#5275=VECTOR('',#5274,9.);
#5276=LINE('',#5273,#5275);
#5277=EDGE_CURVE('',#5264,#5272,#5276,.T.);
#5278=ORIENTED_EDGE('',*,*,#5277,.T.);
#5279=CARTESIAN_POINT('',(22.2,0.999999905,19.8));
#5280=VERTEX_POINT('',#5279);
#5281=CARTESIAN_POINT('',(22.2,0.999999905,23.1));
#5282=DIRECTION('',(-0.,-0.,-1.));
#5283=VECTOR('',#5282,3.3);
#5284=LINE('',#5281,#5283);
#5285=EDGE_CURVE('',#5272,#5280,#5284,.T.);
#5286=ORIENTED_EDGE('',*,*,#5285,.T.);
#5287=CARTESIAN_POINT('',(13.2,0.999999905,19.8));
#5288=DIRECTION('',(1.,0.,-0.));
#5289=VECTOR('',#5288,9.);
#5290=LINE('',#5287,#5289);
#5291=EDGE_CURVE('',#5262,#5280,#5290,.T.);
#5292=ORIENTED_EDGE('',*,*,#5291,.F.);
#5293=EDGE_LOOP('',(#5270,#5278,#5286,#5292));
#5294=FACE_BOUND('',#5293,.T.);
#5295=ADVANCED_FACE('',(#5294),#5260,.T.);
#5296=CARTESIAN_POINT('',(246.6,1.9,11.2));
#5297=DIRECTION('',(0.,1.,0.));
#5298=DIRECTION('',(0.,0.,1.));
#5299=AXIS2_PLACEMENT_3D('',#5296,#5297,#5298);
#5300=PLANE('',#5299);
#5301=CARTESIAN_POINT('',(131.75,1.9,15.95));
#5302=VERTEX_POINT('',#5301);
#5303=CARTESIAN_POINT('',(131.75,1.9,13.95));
#5304=VERTEX_POINT('',#5303);
#5305=CARTESIAN_POINT('',(131.75,1.9,15.95));
#5306=DIRECTION('',(0.,0.,-1.));
#5307=VECTOR('',#5306,2.);
#5308=LINE('',#5305,#5307);
#5309=EDGE_CURVE('',#5302,#5304,#5308,.T.);
#5310=ORIENTED_EDGE('',*,*,#5309,.F.);
#5311=CARTESIAN_POINT('',(118.75,1.9,15.95));
#5312=VERTEX_POINT('',#5311);
#5313=CARTESIAN_POINT('',(131.75,1.9,15.95));
#5314=DIRECTION('',(-1.,-0.,0.));
#5315=VECTOR('',#5314,13.);
#5316=LINE('',#5313,#5315);
#5317=EDGE_CURVE('',#5302,#5312,#5316,.T.);
#5318=ORIENTED_EDGE('',*,*,#5317,.T.);
#5319=CARTESIAN_POINT('',(118.75,1.9,13.95));
#5320=VERTEX_POINT('',#5319);
#5321=CARTESIAN_POINT('',(118.75,1.9,15.95));
#5322=DIRECTION('',(-0.,-0.,-1.));
#5323=VECTOR('',#5322,2.);
#5324=LINE('',#5321,#5323);
#5325=EDGE_CURVE('',#5312,#5320,#5324,.T.);
#5326=ORIENTED_EDGE('',*,*,#5325,.T.);
#5327=CARTESIAN_POINT('',(118.75,1.9,13.95));
#5328=DIRECTION('',(1.,0.,-0.));
#5329=VECTOR('',#5328,13.);
#5330=LINE('',#5327,#5329);
#5331=EDGE_CURVE('',#5320,#5304,#5330,.T.);
#5332=ORIENTED_EDGE('',*,*,#5331,.T.);
#5333=EDGE_LOOP('',(#5310,#5318,#5326,#5332));
#5334=FACE_BOUND('',#5333,.T.);
#5335=ADVANCED_FACE('',(#5334),#5300,.F.);
#5336=CARTESIAN_POINT('',(1.4,3.,11.55));
#5337=DIRECTION('',(1.,0.,0.));
#5338=DIRECTION('',(-0.,1.,0.));
#5339=AXIS2_PLACEMENT_3D('',#5336,#5337,#5338);
#5340=CYLINDRICAL_SURFACE('',#5339,4.);
#5341=CARTESIAN_POINT('',(11.2,3.,15.55));
#5342=VERTEX_POINT('',#5341);
#5343=CARTESIAN_POINT('',(11.2,7.,11.55));
#5344=VERTEX_POINT('',#5343);
#5345=CARTESIAN_POINT('',(11.2,3.,11.55));
#5346=DIRECTION('',(-1.,-0.,-0.));
#5347=DIRECTION('',(0.,0.,-1.));
#5348=AXIS2_PLACEMENT_3D('',#5345,#5346,#5347);
#5349=CIRCLE('',#5348,4.);
#5350=EDGE_CURVE('',#5342,#5344,#5349,.T.);
#5351=ORIENTED_EDGE('',*,*,#5350,.F.);
#5352=CARTESIAN_POINT('',(24.2,3.,15.55));
#5353=VERTEX_POINT('',#5352);
#5354=CARTESIAN_POINT('',(24.2,3.,15.55));
#5355=DIRECTION('',(-1.,-0.,0.));
#5356=VECTOR('',#5355,13.);
#5357=LINE('',#5354,#5356);
#5358=EDGE_CURVE('',#5353,#5342,#5357,.T.);
#5359=ORIENTED_EDGE('',*,*,#5358,.F.);
#5360=CARTESIAN_POINT('',(24.2,7.,11.55));
#5361=VERTEX_POINT('',#5360);
#5362=CARTESIAN_POINT('',(24.2,3.,11.55));
#5363=DIRECTION('',(1.,0.,0.));
#5364=DIRECTION('',(0.,0.,-1.));
#5365=AXIS2_PLACEMENT_3D('',#5362,#5363,#5364);
#5366=CIRCLE('',#5365,4.);
#5367=EDGE_CURVE('',#5361,#5353,#5366,.T.);
#5368=ORIENTED_EDGE('',*,*,#5367,.F.);
#5369=CARTESIAN_POINT('',(11.2,7.,11.55));
#5370=DIRECTION('',(1.,-0.,-0.));
#5371=VECTOR('',#5370,13.);
#5372=LINE('',#5369,#5371);
#5373=EDGE_CURVE('',#5344,#5361,#5372,.T.);
#5374=ORIENTED_EDGE('',*,*,#5373,.F.);
#5375=EDGE_LOOP('',(#5351,#5359,#5368,#5374));
#5376=FACE_BOUND('',#5375,.T.);
#5377=ADVANCED_FACE('',(#5376),#5340,.T.);
#5378=CARTESIAN_POINT('',(18.150000796,1.999999905,22.6));
#5379=DIRECTION('',(1.,0.,0.));
#5380=DIRECTION('',(0.,0.,-1.));
#5381=AXIS2_PLACEMENT_3D('',#5378,#5379,#5380);
#5382=CYLINDRICAL_SURFACE('',#5381,0.5);
#5383=CARTESIAN_POINT('',(11.9,1.999999905,23.1));
#5384=VERTEX_POINT('',#5383);
#5385=CARTESIAN_POINT('',(11.9,2.499999976,22.6));
#5386=VERTEX_POINT('',#5385);
#5387=CARTESIAN_POINT('',(11.9,1.999999905,22.6));
#5388=DIRECTION('',(-1.,-0.,-0.));
#5389=DIRECTION('',(0.,0.,-1.));
#5390=AXIS2_PLACEMENT_3D('',#5387,#5388,#5389);
#5391=CIRCLE('',#5390,0.5);
#5392=EDGE_CURVE('',#5384,#5386,#5391,.T.);
#5393=ORIENTED_EDGE('',*,*,#5392,.F.);
#5394=CARTESIAN_POINT('',(13.2,1.999999905,23.1));
#5395=VERTEX_POINT('',#5394);
#5396=CARTESIAN_POINT('',(13.2,1.999999905,23.1));
#5397=DIRECTION('',(-1.,-0.,0.));
#5398=VECTOR('',#5397,1.3);
#5399=LINE('',#5396,#5398);
#5400=EDGE_CURVE('',#5395,#5384,#5399,.T.);
#5401=ORIENTED_EDGE('',*,*,#5400,.F.);
#5402=CARTESIAN_POINT('',(13.2,2.5,22.6));
#5403=VERTEX_POINT('',#5402);
#5404=CARTESIAN_POINT('',(13.2,1.999999905,22.6));
#5405=DIRECTION('',(1.,0.,0.));
#5406=DIRECTION('',(0.,0.,-1.));
#5407=AXIS2_PLACEMENT_3D('',#5404,#5405,#5406);
#5408=CIRCLE('',#5407,0.5);
#5409=EDGE_CURVE('',#5403,#5395,#5408,.T.);
#5410=ORIENTED_EDGE('',*,*,#5409,.F.);
#5411=CARTESIAN_POINT('',(11.9,2.5,22.6));
#5412=DIRECTION('',(1.,0.,-0.));
#5413=VECTOR('',#5412,1.3);
#5414=LINE('',#5411,#5413);
#5415=EDGE_CURVE('',#5386,#5403,#5414,.T.);
#5416=ORIENTED_EDGE('',*,*,#5415,.F.);
#5417=EDGE_LOOP('',(#5393,#5401,#5410,#5416));
#5418=FACE_BOUND('',#5417,.T.);
#5419=ADVANCED_FACE('',(#5418),#5382,.T.);
#5420=CARTESIAN_POINT('',(8.225,2.,21.85));
#5421=DIRECTION('',(-1.,0.,0.));
#5422=DIRECTION('',(0.,0.,1.));
#5423=AXIS2_PLACEMENT_3D('',#5420,#5421,#5422);
#5424=CYLINDRICAL_SURFACE('',#5423,0.5);
#5425=CARTESIAN_POINT('',(11.9,2.,22.35));
#5426=VERTEX_POINT('',#5425);
#5427=CARTESIAN_POINT('',(2.25,2.,22.35));
#5428=VERTEX_POINT('',#5427);
#5429=CARTESIAN_POINT('',(11.9,2.,22.35));
#5430=DIRECTION('',(-1.,-0.,0.));
#5431=VECTOR('',#5430,9.65);
#5432=LINE('',#5429,#5431);
#5433=EDGE_CURVE('',#5426,#5428,#5432,.T.);
#5434=ORIENTED_EDGE('',*,*,#5433,.F.);
#5435=CARTESIAN_POINT('',(11.9,2.499999976,21.85));
#5436=VERTEX_POINT('',#5435);
#5437=CARTESIAN_POINT('',(11.9,2.,21.85));
#5438=DIRECTION('',(1.,-0.,-0.));
#5439=DIRECTION('',(0.,0.,1.));
#5440=AXIS2_PLACEMENT_3D('',#5437,#5438,#5439);
#5441=CIRCLE('',#5440,0.5);
#5442=EDGE_CURVE('',#5436,#5426,#5441,.T.);
#5443=ORIENTED_EDGE('',*,*,#5442,.F.);
#5444=CARTESIAN_POINT('',(3.75,2.5,21.85));
#5445=VERTEX_POINT('',#5444);
#5446=CARTESIAN_POINT('',(3.75,2.5,21.85));
#5447=DIRECTION('',(1.,0.,-0.));
#5448=VECTOR('',#5447,8.15);
#5449=LINE('',#5446,#5448);
#5450=EDGE_CURVE('',#5445,#5436,#5449,.T.);
#5451=ORIENTED_EDGE('',*,*,#5450,.F.);
#5452=CARTESIAN_POINT('',(3.75,2.5,21.85));
#5453=CARTESIAN_POINT('',(3.75,2.5,21.915449847));
#5454=CARTESIAN_POINT('',(3.710959015,2.486986338,21.980873942));
#5455=CARTESIAN_POINT('',(3.635819299,2.461939766,22.041341716));
#5456=CARTESIAN_POINT('',(3.560679582,2.436893194,22.10180949));
#5457=CARTESIAN_POINT('',(3.449500264,2.399833421,22.15727336));
#5458=CARTESIAN_POINT('',(3.310660172,2.353553391,22.203553391));
#5459=CARTESIAN_POINT('',(3.17182008,2.30727336,22.249833421));
#5460=CARTESIAN_POINT('',(3.005428471,2.25180949,22.286893194));
#5461=CARTESIAN_POINT('',(2.824025149,2.191341716,22.311939766));
#5462=CARTESIAN_POINT('',(2.642621827,2.130873942,22.336986338));
#5463=CARTESIAN_POINT('',(2.446349541,2.065449847,22.35));
#5464=CARTESIAN_POINT('',(2.25,2.,22.35));
#5465=B_SPLINE_CURVE_WITH_KNOTS('',3,(#5452,#5453,#5454,#5455,#5456,#5457,#5458,#5459,#5460,#5461,#5462,#5463,#5464),.UNSPECIFIED.,.F.,.F.,(4,3,3,3,4),(0.,22.5,45.,67.5,90.),.UNSPECIFIED.);
#5466=EDGE_CURVE('',#5445,#5428,#5465,.T.);
#5467=ORIENTED_EDGE('',*,*,#5466,.T.);
#5468=EDGE_LOOP('',(#5434,#5443,#5451,#5467));
#5469=FACE_BOUND('',#5468,.T.);
#5470=ADVANCED_FACE('',(#5469),#5424,.T.);
#5471=CARTESIAN_POINT('',(2.25,2.,22.35));
#5472=CARTESIAN_POINT('',(2.25,2.,22.35));
#5473=CARTESIAN_POINT('',(2.25,2.,22.35));
#5474=CARTESIAN_POINT('',(2.25,2.,22.35));
#5475=CARTESIAN_POINT('',(2.25,2.,22.35));
#5476=CARTESIAN_POINT('',(2.25,2.,22.35));
#5477=CARTESIAN_POINT('',(2.25,2.,22.35));
#5478=CARTESIAN_POINT('',(2.25,2.,22.35));
#5479=CARTESIAN_POINT('',(2.25,2.,22.35));
#5480=CARTESIAN_POINT('',(2.25,2.,22.35));
#5481=CARTESIAN_POINT('',(2.315449847,2.196349541,22.35));
#5482=CARTESIAN_POINT('',(2.315449848,2.19634954,22.35));
#5483=CARTESIAN_POINT('',(2.34817477,2.163624617,22.35));
#5484=CARTESIAN_POINT('',(2.34817477,2.163624617,22.35));
#5485=CARTESIAN_POINT('',(2.380899694,2.130899694,22.35));
#5486=CARTESIAN_POINT('',(2.380899694,2.130899694,22.35));
#5487=CARTESIAN_POINT('',(2.413624617,2.09817477,22.35));
#5488=CARTESIAN_POINT('',(2.413624617,2.09817477,22.35));
#5489=CARTESIAN_POINT('',(2.446349541,2.065449847,22.35));
#5490=CARTESIAN_POINT('',(2.446349541,2.065449847,22.35));
#5491=CARTESIAN_POINT('',(2.380873943,2.392621826,22.336986338));
#5492=CARTESIAN_POINT('',(2.40261409,2.370789236,22.332372219));
#5493=CARTESIAN_POINT('',(2.424395843,2.34895652,22.328930059));
#5494=CARTESIAN_POINT('',(2.467995856,2.305293556,22.324345601));
#5495=CARTESIAN_POINT('',(2.489814327,2.283463059,22.323203239));
#5496=CARTESIAN_POINT('',(2.533463059,2.239814327,22.323203239));
#5497=CARTESIAN_POINT('',(2.555293556,2.217995856,22.324345601));
#5498=CARTESIAN_POINT('',(2.59895652,2.174395843,22.328930059));
#5499=CARTESIAN_POINT('',(2.620789237,2.152614089,22.332372219));
#5500=CARTESIAN_POINT('',(2.642621827,2.130873942,22.336986338));
#5501=CARTESIAN_POINT('',(2.501809491,2.755428469,22.286893193));
#5502=CARTESIAN_POINT('',(2.537333117,2.710172376,22.267787882));
#5503=CARTESIAN_POINT('',(2.575212983,2.664916802,22.253300473));
#5504=CARTESIAN_POINT('',(2.654615138,2.575659749,22.233941126));
#5505=CARTESIAN_POINT('',(2.696136496,2.531659298,22.229069394));
#5506=CARTESIAN_POINT('',(2.781659298,2.446136496,22.229069394));
#5507=CARTESIAN_POINT('',(2.825659749,2.404615138,22.233941126));
#5508=CARTESIAN_POINT('',(2.914916803,2.325212982,22.253300473));
#5509=CARTESIAN_POINT('',(2.960172377,2.287333116,22.267787882));
#5510=CARTESIAN_POINT('',(3.005428471,2.25180949,22.286893194));
#5511=CARTESIAN_POINT('',(2.557273362,2.921820078,22.24983342));
#5512=CARTESIAN_POINT('',(2.595529991,2.863960749,22.220903756));
#5513=CARTESIAN_POINT('',(2.638487016,2.806102732,22.198803177));
#5514=CARTESIAN_POINT('',(2.731735616,2.692933372,22.169226431));
#5515=CARTESIAN_POINT('',(2.782024446,2.637624669,22.161750914));
#5516=CARTESIAN_POINT('',(2.887624669,2.532024446,22.161750914));
#5517=CARTESIAN_POINT('',(2.942933372,2.481735616,22.169226431));
#5518=CARTESIAN_POINT('',(3.056102733,2.388487015,22.198803177));
#5519=CARTESIAN_POINT('',(3.113960751,2.34552999,22.220903757));
#5520=CARTESIAN_POINT('',(3.17182008,2.30727336,22.249833421));
#5521=CARTESIAN_POINT('',(2.649833422,3.19950026,22.157273358));
#5522=CARTESIAN_POINT('',(2.682829561,3.114854053,22.114950255));
#5523=CARTESIAN_POINT('',(2.727366159,3.030217657,22.082050044));
#5524=CARTESIAN_POINT('',(2.835650821,2.868087462,22.037860496));
#5525=CARTESIAN_POINT('',(2.899385901,2.790612508,22.026576267));
#5526=CARTESIAN_POINT('',(3.040612508,2.649385901,22.026576267));
#5527=CARTESIAN_POINT('',(3.118087462,2.585650821,22.037860496));
#5528=CARTESIAN_POINT('',(3.280217658,2.477366158,22.082050044));
#5529=CARTESIAN_POINT('',(3.364854055,2.43282956,22.114950256));
#5530=CARTESIAN_POINT('',(3.449500264,2.399833421,22.15727336));
#5531=CARTESIAN_POINT('',(2.686893195,3.310679579,22.101809488));
#5532=CARTESIAN_POINT('',(2.711657049,3.211620677,22.056529865));
#5533=CARTESIAN_POINT('',(2.7524425,3.112580397,22.020921379));
#5534=CARTESIAN_POINT('',(2.861561644,2.925075112,21.972977058));
#5535=CARTESIAN_POINT('',(2.929873762,2.836645496,21.960651063));
#5536=CARTESIAN_POINT('',(3.086645496,2.679873762,21.960651063));
#5537=CARTESIAN_POINT('',(3.175075112,2.611561644,21.972977058));
#5538=CARTESIAN_POINT('',(3.362580398,2.502442499,22.020921379));
#5539=CARTESIAN_POINT('',(3.46162068,2.461657048,22.056529866));
#5540=CARTESIAN_POINT('',(3.560679583,2.436893194,22.10180949));
#5541=CARTESIAN_POINT('',(2.736986338,3.46095901,21.980873941));
#5542=CARTESIAN_POINT('',(2.744679352,3.338388567,21.947795758));
#5543=CARTESIAN_POINT('',(2.775768727,3.215858445,21.921398308));
#5544=CARTESIAN_POINT('',(2.880298149,2.987891147,21.885744382));
#5545=CARTESIAN_POINT('',(2.953702951,2.882529078,21.876500304));
#5546=CARTESIAN_POINT('',(3.132529078,2.703702951,21.876500304));
#5547=CARTESIAN_POINT('',(3.237891147,2.630298149,21.885744382));
#5548=CARTESIAN_POINT('',(3.465858447,2.525768726,21.921398308));
#5549=CARTESIAN_POINT('',(3.58838857,2.494679351,21.947795759));
#5550=CARTESIAN_POINT('',(3.710959015,2.486986338,21.980873942));
#5551=CARTESIAN_POINT('',(2.75,3.499999995,21.915449846));
#5552=CARTESIAN_POINT('',(2.750000001,3.369100302,21.898315117));
#5553=CARTESIAN_POINT('',(2.776027324,3.238252114,21.884594098));
#5554=CARTESIAN_POINT('',(2.876213612,2.99638102,21.8660476));
#5555=CARTESIAN_POINT('',(2.950333158,2.88545328,21.861229418));
#5556=CARTESIAN_POINT('',(3.13545328,2.700333158,21.861229418));
#5557=CARTESIAN_POINT('',(3.24638102,2.626213612,21.8660476));
#5558=CARTESIAN_POINT('',(3.488252116,2.526027323,21.884594098));
#5559=CARTESIAN_POINT('',(3.619100306,2.5,21.898315117));
#5560=CARTESIAN_POINT('',(3.75,2.5,21.915449847));
#5561=CARTESIAN_POINT('',(2.75,3.499999995,21.85));
#5562=CARTESIAN_POINT('',(2.750000001,3.369100302,21.85));
#5563=CARTESIAN_POINT('',(2.776027324,3.238252114,21.85));
#5564=CARTESIAN_POINT('',(2.876213612,2.99638102,21.85));
#5565=CARTESIAN_POINT('',(2.950333158,2.88545328,21.85));
#5566=CARTESIAN_POINT('',(3.13545328,2.700333158,21.85));
#5567=CARTESIAN_POINT('',(3.24638102,2.626213612,21.85));
#5568=CARTESIAN_POINT('',(3.488252116,2.526027323,21.85));
#5569=CARTESIAN_POINT('',(3.619100306,2.5,21.85));
#5570=CARTESIAN_POINT('',(3.75,2.5,21.85));
#5571=B_SPLINE_SURFACE_WITH_KNOTS('',3,3,((#5471,#5472,#5473,#5474,#5475,#5476,#5477,#5478,#5479,#5480),(#5481,#5482,#5483,#5484,#5485,#5486,#5487,#5488,#5489,#5490),(#5491,#5492,#5493,#5494,#5495,#5496,#5497,#5498,#5499,#5500),(#5501,#5502,#5503,#5504,#5505,#5506,#5507,#5508,#5509,#5510),(#5511,#5512,#5513,#5514,#5515,#5516,#5517,#5518,#5519,#5520),(#5521,#5522,#5523,#5524,#5525,#5526,#5527,#5528,#5529,#5530),(#5531,#5532,#5533,#5534,#5535,#5536,#5537,#5538,#5539,#5540),(#5541,#5542,#5543,#5544,#5545,#5546,#5547,#5548,#5549,#5550),(#5551,#5552,#5553,#5554,#5555,#5556,#5557,#5558,#5559,#5560),(#5561,#5562,#5563,#5564,#5565,#5566,#5567,#5568,#5569,#5570)),.UNSPECIFIED.,.F.,.F.,.U.,(4,2,2,2,4),(4,2,2,2,4),(4.71238898,5.105088062,5.497787144,5.890486225,6.283185307),(0.000000003,0.25,0.5,0.75,1.),.UNSPECIFIED.);
#5572=CARTESIAN_POINT('',(2.75,3.499999997,21.85));
#5573=VERTEX_POINT('',#5572);
#5574=CARTESIAN_POINT('',(2.25,2.,22.35));
#5575=CARTESIAN_POINT('',(2.315449847,2.196349541,22.35));
#5576=CARTESIAN_POINT('',(2.380873942,2.392621827,22.336986338));
#5577=CARTESIAN_POINT('',(2.441341716,2.574025149,22.311939766));
#5578=CARTESIAN_POINT('',(2.50180949,2.755428471,22.286893194));
#5579=CARTESIAN_POINT('',(2.55727336,2.92182008,22.249833421));
#5580=CARTESIAN_POINT('',(2.603553391,3.060660172,22.203553391));
#5581=CARTESIAN_POINT('',(2.649833421,3.199500264,22.15727336));
#5582=CARTESIAN_POINT('',(2.686893194,3.310679582,22.10180949));
#5583=CARTESIAN_POINT('',(2.711939766,3.385819299,22.041341716));
#5584=CARTESIAN_POINT('',(2.736986338,3.460959015,21.980873942));
#5585=CARTESIAN_POINT('',(2.75,3.5,21.915449847));
#5586=CARTESIAN_POINT('',(2.75,3.5,21.85));
#5587=B_SPLINE_CURVE_WITH_KNOTS('',3,(#5574,#5575,#5576,#5577,#5578,#5579,#5580,#5581,#5582,#5583,#5584,#5585,#5586),.UNSPECIFIED.,.F.,.F.,(4,3,3,3,4),(270.,292.5,315.,337.5,360.),.UNSPECIFIED.);
#5588=EDGE_CURVE('',#5428,#5573,#5587,.T.);
#5589=ORIENTED_EDGE('',*,*,#5588,.F.);
#5590=ORIENTED_EDGE('',*,*,#5466,.F.);
#5591=CARTESIAN_POINT('',(3.75,3.5,21.85));
#5592=DIRECTION('',(-0.,-0.,1.));
#5593=DIRECTION('',(-1.,0.,0.));
#5594=AXIS2_PLACEMENT_3D('',#5591,#5592,#5593);
#5595=CIRCLE('',#5594,1.);
#5596=EDGE_CURVE('',#5573,#5445,#5595,.T.);
#5597=ORIENTED_EDGE('',*,*,#5596,.F.);
#5598=EDGE_LOOP('',(#5589,#5590,#5597));
#5599=FACE_BOUND('',#5598,.T.);
#5600=ADVANCED_FACE('',(#5599),#5571,.F.);
#5601=CARTESIAN_POINT('',(2.25,12.5,21.85));
#5602=DIRECTION('',(0.,1.,0.));
#5603=DIRECTION('',(0.,-0.,1.));
#5604=AXIS2_PLACEMENT_3D('',#5601,#5602,#5603);
#5605=CYLINDRICAL_SURFACE('',#5604,0.5);
#5606=CARTESIAN_POINT('',(2.75,154.5,21.85));
#5607=DIRECTION('',(-0.,-1.,-0.));
#5608=VECTOR('',#5607,151.);
#5609=LINE('',#5606,#5608);
#5610=EDGE_CURVE('',#5084,#5573,#5609,.T.);
#5611=ORIENTED_EDGE('',*,*,#5610,.F.);
#5612=ORIENTED_EDGE('',*,*,#5092,.T.);
#5613=CARTESIAN_POINT('',(2.25,2.,22.35));
#5614=DIRECTION('',(0.,1.,0.));
#5615=VECTOR('',#5614,152.5);
#5616=LINE('',#5613,#5615);
#5617=EDGE_CURVE('',#5428,#5086,#5616,.T.);
#5618=ORIENTED_EDGE('',*,*,#5617,.F.);
#5619=ORIENTED_EDGE('',*,*,#5588,.T.);
#5620=EDGE_LOOP('',(#5611,#5612,#5618,#5619));
#5621=FACE_BOUND('',#5620,.T.);
#5622=ADVANCED_FACE('',(#5621),#5605,.T.);
#5623=CARTESIAN_POINT('',(2.25,154.5,12.736348179));
#5624=DIRECTION('',(0.,0.,1.));
#5625=DIRECTION('',(1.,0.,-0.));
#5626=AXIS2_PLACEMENT_3D('',#5623,#5624,#5625);
#5627=CYLINDRICAL_SURFACE('',#5626,0.5);
#5628=CARTESIAN_POINT('',(2.75,154.5,12.35));
#5629=DIRECTION('',(0.,0.,1.));
#5630=VECTOR('',#5629,9.5);
#5631=LINE('',#5628,#5630);
#5632=EDGE_CURVE('',#5042,#5084,#5631,.T.);
#5633=ORIENTED_EDGE('',*,*,#5632,.F.);
#5634=ORIENTED_EDGE('',*,*,#5057,.T.);
#5635=CARTESIAN_POINT('',(2.25,155.,21.85));
#5636=DIRECTION('',(-0.,-0.,-1.));
#5637=VECTOR('',#5636,8.5);
#5638=LINE('',#5635,#5637);
#5639=EDGE_CURVE('',#5095,#5033,#5638,.T.);
#5640=ORIENTED_EDGE('',*,*,#5639,.F.);
#5641=ORIENTED_EDGE('',*,*,#5101,.F.);
#5642=EDGE_LOOP('',(#5633,#5634,#5640,#5641));
#5643=FACE_BOUND('',#5642,.T.);
#5644=ADVANCED_FACE('',(#5643),#5627,.T.);
#5645=CARTESIAN_POINT('',(2.25,12.5,12.35));
#5646=DIRECTION('',(0.,1.,0.));
#5647=DIRECTION('',(0.,-0.,1.));
#5648=AXIS2_PLACEMENT_3D('',#5645,#5646,#5647);
#5649=CYLINDRICAL_SURFACE('',#5648,0.5);
#5650=CARTESIAN_POINT('',(2.25,155.5,12.85));
#5651=DIRECTION('',(0.,1.,0.));
#5652=VECTOR('',#5651,31.5);
#5653=LINE('',#5650,#5652);
#5654=EDGE_CURVE('',#5031,#2689,#5653,.T.);
#5655=ORIENTED_EDGE('',*,*,#5654,.F.);
#5656=ORIENTED_EDGE('',*,*,#5073,.T.);
#5657=CARTESIAN_POINT('',(2.75,187.,12.35));
#5658=DIRECTION('',(-0.,-1.,-0.));
#5659=VECTOR('',#5658,32.5);
#5660=LINE('',#5657,#5659);
#5661=EDGE_CURVE('',#2697,#5042,#5660,.T.);
#5662=ORIENTED_EDGE('',*,*,#5661,.F.);
#5663=ORIENTED_EDGE('',*,*,#2703,.F.);
#5664=EDGE_LOOP('',(#5655,#5656,#5662,#5663));
#5665=FACE_BOUND('',#5664,.T.);
#5666=ADVANCED_FACE('',(#5665),#5649,.T.);
#5667=CARTESIAN_POINT('',(1.4,1.5,12.85));
#5668=DIRECTION('',(0.,0.,1.));
#5669=DIRECTION('',(1.,0.,0.));
#5670=AXIS2_PLACEMENT_3D('',#5667,#5668,#5669);
#5671=PLANE('',#5670);
#5672=ORIENTED_EDGE('',*,*,#2694,.T.);
#5673=CARTESIAN_POINT('',(0.5,155.5,12.85));
#5674=VERTEX_POINT('',#5673);
#5675=CARTESIAN_POINT('',(0.5,187.,12.85));
#5676=DIRECTION('',(-0.,-1.,-0.));
#5677=VECTOR('',#5676,31.5);
#5678=LINE('',#5675,#5677);
#5679=EDGE_CURVE('',#2680,#5674,#5678,.T.);
#5680=ORIENTED_EDGE('',*,*,#5679,.T.);
#5681=CARTESIAN_POINT('',(1.4,155.5,12.85));
#5682=DIRECTION('',(-1.,0.,0.));
#5683=VECTOR('',#5682,0.9);
#5684=LINE('',#5681,#5683);
#5685=EDGE_CURVE('',#2507,#5674,#5684,.T.);
#5686=ORIENTED_EDGE('',*,*,#5685,.F.);
#5687=CARTESIAN_POINT('',(1.4,155.5,12.85));
#5688=DIRECTION('',(1.,0.,-0.));
#5689=VECTOR('',#5688,0.85);
#5690=LINE('',#5687,#5689);
#5691=EDGE_CURVE('',#2507,#5031,#5690,.T.);
#5692=ORIENTED_EDGE('',*,*,#5691,.T.);
#5693=ORIENTED_EDGE('',*,*,#5654,.T.);
#5694=EDGE_LOOP('',(#5672,#5680,#5686,#5692,#5693));
#5695=FACE_BOUND('',#5694,.T.);
#5696=ADVANCED_FACE('',(#5695),#5671,.T.);
#5697=CARTESIAN_POINT('',(0.5,1.5,12.6));
#5698=DIRECTION('',(0.,-1.,0.));
#5699=DIRECTION('',(0.,0.,-1.));
#5700=AXIS2_PLACEMENT_3D('',#5697,#5698,#5699);
#5701=CYLINDRICAL_SURFACE('',#5700,0.25);
#5702=CARTESIAN_POINT('',(0.25,155.5,12.6));
#5703=VERTEX_POINT('',#5702);
#5704=CARTESIAN_POINT('',(0.5,155.5,12.6));
#5705=DIRECTION('',(-0.,-1.,-0.));
#5706=DIRECTION('',(0.,-0.,1.));
#5707=AXIS2_PLACEMENT_3D('',#5704,#5705,#5706);
#5708=CIRCLE('',#5707,0.25);
#5709=EDGE_CURVE('',#5674,#5703,#5708,.T.);
#5710=ORIENTED_EDGE('',*,*,#5709,.F.);
#5711=ORIENTED_EDGE('',*,*,#5679,.F.);
#5712=ORIENTED_EDGE('',*,*,#2686,.F.);
#5713=CARTESIAN_POINT('',(0.25,155.5,12.6));
#5714=DIRECTION('',(0.,1.,0.));
#5715=VECTOR('',#5714,31.5);
#5716=LINE('',#5713,#5715);
#5717=EDGE_CURVE('',#5703,#2672,#5716,.T.);
#5718=ORIENTED_EDGE('',*,*,#5717,.F.);
#5719=EDGE_LOOP('',(#5710,#5711,#5712,#5718));
#5720=FACE_BOUND('',#5719,.T.);
#5721=ADVANCED_FACE('',(#5720),#5701,.T.);
#5722=CARTESIAN_POINT('',(0.25,1.5,11.2));
#5723=DIRECTION('',(1.,0.,0.));
#5724=DIRECTION('',(0.,0.,-1.));
#5725=AXIS2_PLACEMENT_3D('',#5722,#5723,#5724);
#5726=PLANE('',#5725);
#5727=CARTESIAN_POINT('',(0.25,156.3,11.45));
#5728=VERTEX_POINT('',#5727);
#5729=CARTESIAN_POINT('',(0.25,187.,11.45));
#5730=DIRECTION('',(-0.,-1.,-0.));
#5731=VECTOR('',#5730,30.7);
#5732=LINE('',#5729,#5731);
#5733=EDGE_CURVE('',#2664,#5728,#5732,.T.);
#5734=ORIENTED_EDGE('',*,*,#5733,.T.);
#5735=CARTESIAN_POINT('',(0.25,155.5,12.25));
#5736=VERTEX_POINT('',#5735);
#5737=CARTESIAN_POINT('',(0.25,156.3,12.25));
#5738=DIRECTION('',(-1.,-0.,-0.));
#5739=DIRECTION('',(0.,0.,-1.));
#5740=AXIS2_PLACEMENT_3D('',#5737,#5738,#5739);
#5741=CIRCLE('',#5740,0.8);
#5742=EDGE_CURVE('',#5728,#5736,#5741,.T.);
#5743=ORIENTED_EDGE('',*,*,#5742,.T.);
#5744=CARTESIAN_POINT('',(0.25,155.5,12.25));
#5745=DIRECTION('',(0.,0.,1.));
#5746=VECTOR('',#5745,0.35);
#5747=LINE('',#5744,#5746);
#5748=EDGE_CURVE('',#5736,#5703,#5747,.T.);
#5749=ORIENTED_EDGE('',*,*,#5748,.T.);
#5750=ORIENTED_EDGE('',*,*,#5717,.T.);
#5751=ORIENTED_EDGE('',*,*,#2677,.T.);
#5752=EDGE_LOOP('',(#5734,#5743,#5749,#5750,#5751));
#5753=FACE_BOUND('',#5752,.T.);
#5754=ADVANCED_FACE('',(#5753),#5726,.F.);
#5755=CARTESIAN_POINT('',(244.975,44.9,14.95));
#5756=DIRECTION('',(0.,1.,0.));
#5757=DIRECTION('',(0.,0.,1.));
#5758=AXIS2_PLACEMENT_3D('',#5755,#5756,#5757);
#5759=PLANE('',#5758);
#5760=ORIENTED_EDGE('',*,*,#4878,.F.);
#5761=CARTESIAN_POINT('',(1.4,44.9,13.95));
#5762=DIRECTION('',(1.,0.,-0.));
#5763=VECTOR('',#5762,0.45);
#5764=LINE('',#5761,#5763);
#5765=EDGE_CURVE('',#2593,#4865,#5764,.T.);
#5766=ORIENTED_EDGE('',*,*,#5765,.F.);
#5767=ORIENTED_EDGE('',*,*,#2620,.T.);
#5768=CARTESIAN_POINT('',(1.85,44.9,15.95));
#5769=DIRECTION('',(-1.,0.,0.));
#5770=VECTOR('',#5769,0.45);
#5771=LINE('',#5768,#5770);
#5772=EDGE_CURVE('',#4873,#2609,#5771,.T.);
#5773=ORIENTED_EDGE('',*,*,#5772,.F.);
#5774=EDGE_LOOP('',(#5760,#5766,#5767,#5773));
#5775=FACE_BOUND('',#5774,.T.);
#5776=ADVANCED_FACE('',(#5775),#5759,.T.);
#5777=CARTESIAN_POINT('',(244.975,52.4,15.95));
#5778=DIRECTION('',(0.,0.,-1.));
#5779=DIRECTION('',(-1.,0.,0.));
#5780=AXIS2_PLACEMENT_3D('',#5777,#5778,#5779);
#5781=PLANE('',#5780);
#5782=ORIENTED_EDGE('',*,*,#4884,.F.);
#5783=ORIENTED_EDGE('',*,*,#5772,.T.);
#5784=ORIENTED_EDGE('',*,*,#2614,.T.);
#5785=CARTESIAN_POINT('',(1.4,59.9,15.95));
#5786=DIRECTION('',(1.,-0.,-0.));
#5787=VECTOR('',#5786,0.45);
#5788=LINE('',#5785,#5787);
#5789=EDGE_CURVE('',#2601,#4855,#5788,.T.);
#5790=ORIENTED_EDGE('',*,*,#5789,.T.);
#5791=EDGE_LOOP('',(#5782,#5783,#5784,#5790));
#5792=FACE_BOUND('',#5791,.T.);
#5793=ADVANCED_FACE('',(#5792),#5781,.T.);
#5794=CARTESIAN_POINT('',(244.975,59.9,14.95));
#5795=DIRECTION('',(0.,-1.,0.));
#5796=DIRECTION('',(0.,0.,-1.));
#5797=AXIS2_PLACEMENT_3D('',#5794,#5795,#5796);
#5798=PLANE('',#5797);
#5799=ORIENTED_EDGE('',*,*,#4862,.F.);
#5800=ORIENTED_EDGE('',*,*,#5789,.F.);
#5801=ORIENTED_EDGE('',*,*,#2606,.T.);
#5802=CARTESIAN_POINT('',(1.85,59.9,13.95));
#5803=DIRECTION('',(-1.,-0.,0.));
#5804=VECTOR('',#5803,0.45);
#5805=LINE('',#5802,#5804);
#5806=EDGE_CURVE('',#4857,#2591,#5805,.T.);
#5807=ORIENTED_EDGE('',*,*,#5806,.F.);
#5808=EDGE_LOOP('',(#5799,#5800,#5801,#5807));
#5809=FACE_BOUND('',#5808,.T.);
#5810=ADVANCED_FACE('',(#5809),#5798,.T.);
#5811=CARTESIAN_POINT('',(244.975,52.4,13.95));
#5812=DIRECTION('',(0.,0.,1.));
#5813=DIRECTION('',(1.,0.,0.));
#5814=AXIS2_PLACEMENT_3D('',#5811,#5812,#5813);
#5815=PLANE('',#5814);
#5816=ORIENTED_EDGE('',*,*,#4870,.F.);
#5817=ORIENTED_EDGE('',*,*,#5806,.T.);
#5818=ORIENTED_EDGE('',*,*,#2598,.T.);
#5819=ORIENTED_EDGE('',*,*,#5765,.T.);
#5820=EDGE_LOOP('',(#5816,#5817,#5818,#5819));
#5821=FACE_BOUND('',#5820,.T.);
#5822=ADVANCED_FACE('',(#5821),#5815,.T.);
#5823=CARTESIAN_POINT('',(244.975,134.9,13.95));
#5824=DIRECTION('',(0.,0.,1.));
#5825=DIRECTION('',(1.,0.,0.));
#5826=AXIS2_PLACEMENT_3D('',#5823,#5824,#5825);
#5827=PLANE('',#5826);
#5828=ORIENTED_EDGE('',*,*,#4924,.F.);
#5829=CARTESIAN_POINT('',(1.85,142.4,13.95));
#5830=DIRECTION('',(-1.,-0.,0.));
#5831=VECTOR('',#5830,0.45);
#5832=LINE('',#5829,#5831);
#5833=EDGE_CURVE('',#4913,#2559,#5832,.T.);
#5834=ORIENTED_EDGE('',*,*,#5833,.T.);
#5835=ORIENTED_EDGE('',*,*,#2586,.T.);
#5836=CARTESIAN_POINT('',(1.4,127.4,13.95));
#5837=DIRECTION('',(1.,0.,-0.));
#5838=VECTOR('',#5837,0.45);
#5839=LINE('',#5836,#5838);
#5840=EDGE_CURVE('',#2575,#4895,#5839,.T.);
#5841=ORIENTED_EDGE('',*,*,#5840,.T.);
#5842=EDGE_LOOP('',(#5828,#5834,#5835,#5841));
#5843=FACE_BOUND('',#5842,.T.);
#5844=ADVANCED_FACE('',(#5843),#5827,.T.);
#5845=CARTESIAN_POINT('',(244.975,127.4,14.95));
#5846=DIRECTION('',(0.,1.,0.));
#5847=DIRECTION('',(0.,0.,1.));
#5848=AXIS2_PLACEMENT_3D('',#5845,#5846,#5847);
#5849=PLANE('',#5848);
#5850=ORIENTED_EDGE('',*,*,#2580,.T.);
#5851=CARTESIAN_POINT('',(1.85,127.4,15.95));
#5852=DIRECTION('',(-1.,0.,0.));
#5853=VECTOR('',#5852,0.45);
#5854=LINE('',#5851,#5853);
#5855=EDGE_CURVE('',#4897,#2567,#5854,.T.);
#5856=ORIENTED_EDGE('',*,*,#5855,.F.);
#5857=ORIENTED_EDGE('',*,*,#4902,.F.);
#5858=ORIENTED_EDGE('',*,*,#5840,.F.);
#5859=EDGE_LOOP('',(#5850,#5856,#5857,#5858));
#5860=FACE_BOUND('',#5859,.T.);
#5861=ADVANCED_FACE('',(#5860),#5849,.T.);
#5862=CARTESIAN_POINT('',(244.975,134.9,15.95));
#5863=DIRECTION('',(0.,0.,-1.));
#5864=DIRECTION('',(-1.,0.,0.));
#5865=AXIS2_PLACEMENT_3D('',#5862,#5863,#5864);
#5866=PLANE('',#5865);
#5867=ORIENTED_EDGE('',*,*,#4910,.F.);
#5868=ORIENTED_EDGE('',*,*,#5855,.T.);
#5869=ORIENTED_EDGE('',*,*,#2572,.T.);
#5870=CARTESIAN_POINT('',(1.4,142.4,15.95));
#5871=DIRECTION('',(1.,-0.,-0.));
#5872=VECTOR('',#5871,0.45);
#5873=LINE('',#5870,#5872);
#5874=EDGE_CURVE('',#2557,#4905,#5873,.T.);
#5875=ORIENTED_EDGE('',*,*,#5874,.T.);
#5876=EDGE_LOOP('',(#5867,#5868,#5869,#5875));
#5877=FACE_BOUND('',#5876,.T.);
#5878=ADVANCED_FACE('',(#5877),#5866,.T.);
#5879=CARTESIAN_POINT('',(244.975,142.4,14.95));
#5880=DIRECTION('',(0.,-1.,0.));
#5881=DIRECTION('',(0.,0.,-1.));
#5882=AXIS2_PLACEMENT_3D('',#5879,#5880,#5881);
#5883=PLANE('',#5882);
#5884=ORIENTED_EDGE('',*,*,#5874,.F.);
#5885=ORIENTED_EDGE('',*,*,#2564,.T.);
#5886=ORIENTED_EDGE('',*,*,#5833,.F.);
#5887=ORIENTED_EDGE('',*,*,#4918,.F.);
#5888=EDGE_LOOP('',(#5884,#5885,#5886,#5887));
#5889=FACE_BOUND('',#5888,.T.);
#5890=ADVANCED_FACE('',(#5889),#5883,.T.);
#5891=CARTESIAN_POINT('',(17.55,2.,11.45));
#5892=DIRECTION('',(0.,0.,1.));
#5893=DIRECTION('',(1.,0.,0.));
#5894=AXIS2_PLACEMENT_3D('',#5891,#5892,#5893);
#5895=PLANE('',#5894);
#5896=ORIENTED_EDGE('',*,*,#2538,.T.);
#5897=CARTESIAN_POINT('',(1.4,156.3,11.45));
#5898=DIRECTION('',(-1.,0.,0.));
#5899=VECTOR('',#5898,1.15);
#5900=LINE('',#5897,#5899);
#5901=EDGE_CURVE('',#2524,#5728,#5900,.T.);
#5902=ORIENTED_EDGE('',*,*,#5901,.T.);
#5903=ORIENTED_EDGE('',*,*,#5733,.F.);
#5904=ORIENTED_EDGE('',*,*,#2669,.F.);
#5905=EDGE_LOOP('',(#5896,#5902,#5903,#5904));
#5906=FACE_BOUND('',#5905,.T.);
#5907=ADVANCED_FACE('',(#5906),#5895,.F.);
#5908=CARTESIAN_POINT('',(17.55,156.3,12.25));
#5909=DIRECTION('',(-1.,0.,0.));
#5910=DIRECTION('',(0.,0.,1.));
#5911=AXIS2_PLACEMENT_3D('',#5908,#5909,#5910);
#5912=CYLINDRICAL_SURFACE('',#5911,0.8);
#5913=ORIENTED_EDGE('',*,*,#2530,.F.);
#5914=CARTESIAN_POINT('',(0.25,155.5,12.25));
#5915=DIRECTION('',(1.,-0.,-0.));
#5916=VECTOR('',#5915,1.15);
#5917=LINE('',#5914,#5916);
#5918=EDGE_CURVE('',#5736,#2516,#5917,.T.);
#5919=ORIENTED_EDGE('',*,*,#5918,.F.);
#5920=ORIENTED_EDGE('',*,*,#5742,.F.);
#5921=ORIENTED_EDGE('',*,*,#5901,.F.);
#5922=EDGE_LOOP('',(#5913,#5919,#5920,#5921));
#5923=FACE_BOUND('',#5922,.T.);
#5924=ADVANCED_FACE('',(#5923),#5912,.T.);
#5925=CARTESIAN_POINT('',(0.825,155.5,21.65));
#5926=DIRECTION('',(0.,1.,0.));
#5927=DIRECTION('',(0.,0.,1.));
#5928=AXIS2_PLACEMENT_3D('',#5925,#5926,#5927);
#5929=PLANE('',#5928);
#5930=ORIENTED_EDGE('',*,*,#5748,.F.);
#5931=ORIENTED_EDGE('',*,*,#5918,.T.);
#5932=ORIENTED_EDGE('',*,*,#2521,.F.);
#5933=ORIENTED_EDGE('',*,*,#5685,.T.);
#5934=ORIENTED_EDGE('',*,*,#5709,.T.);
#5935=EDGE_LOOP('',(#5930,#5931,#5932,#5933,#5934));
#5936=FACE_BOUND('',#5935,.T.);
#5937=ADVANCED_FACE('',(#5936),#5929,.F.);
#5938=CARTESIAN_POINT('',(9.959434046,155.5,13.35));
#5939=DIRECTION('',(1.,0.,0.));
#5940=DIRECTION('',(0.,0.,-1.));
#5941=AXIS2_PLACEMENT_3D('',#5938,#5939,#5940);
#5942=CYLINDRICAL_SURFACE('',#5941,0.5);
#5943=ORIENTED_EDGE('',*,*,#2513,.F.);
#5944=CARTESIAN_POINT('',(2.25,155.,13.35));
#5945=DIRECTION('',(-1.,-0.,0.));
#5946=VECTOR('',#5945,0.85);
#5947=LINE('',#5944,#5946);
#5948=EDGE_CURVE('',#5033,#2499,#5947,.T.);
#5949=ORIENTED_EDGE('',*,*,#5948,.F.);
#5950=ORIENTED_EDGE('',*,*,#5039,.F.);
#5951=ORIENTED_EDGE('',*,*,#5691,.F.);
#5952=EDGE_LOOP('',(#5943,#5949,#5950,#5951));
#5953=FACE_BOUND('',#5952,.T.);
#5954=ADVANCED_FACE('',(#5953),#5942,.F.);
#5955=CARTESIAN_POINT('',(9.959434046,155.,12.736348179));
#5956=DIRECTION('',(0.,1.,0.));
#5957=DIRECTION('',(0.,0.,1.));
#5958=AXIS2_PLACEMENT_3D('',#5955,#5956,#5957);
#5959=PLANE('',#5958);
#5960=ORIENTED_EDGE('',*,*,#5948,.T.);
#5961=ORIENTED_EDGE('',*,*,#2504,.T.);
#5962=CARTESIAN_POINT('',(1.4,155.,21.85));
#5963=DIRECTION('',(1.,0.,-0.));
#5964=VECTOR('',#5963,0.85);
#5965=LINE('',#5962,#5964);
#5966=EDGE_CURVE('',#2490,#5095,#5965,.T.);
#5967=ORIENTED_EDGE('',*,*,#5966,.T.);
#5968=ORIENTED_EDGE('',*,*,#5639,.T.);
#5969=EDGE_LOOP('',(#5960,#5961,#5967,#5968));
#5970=FACE_BOUND('',#5969,.T.);
#5971=ADVANCED_FACE('',(#5970),#5959,.T.);
#5972=CARTESIAN_POINT('',(1.4,154.5,21.85));
#5973=DIRECTION('',(-1.,0.,0.));
#5974=DIRECTION('',(0.,0.,1.));
#5975=AXIS2_PLACEMENT_3D('',#5972,#5973,#5974);
#5976=CYLINDRICAL_SURFACE('',#5975,0.5);
#5977=ORIENTED_EDGE('',*,*,#5966,.F.);
#5978=ORIENTED_EDGE('',*,*,#2496,.T.);
#5979=CARTESIAN_POINT('',(2.25,154.5,22.35));
#5980=DIRECTION('',(-1.,-0.,0.));
#5981=VECTOR('',#5980,0.85);
#5982=LINE('',#5979,#5981);
#5983=EDGE_CURVE('',#5086,#2482,#5982,.T.);
#5984=ORIENTED_EDGE('',*,*,#5983,.F.);
#5985=ORIENTED_EDGE('',*,*,#5108,.T.);
#5986=EDGE_LOOP('',(#5977,#5978,#5984,#5985));
#5987=FACE_BOUND('',#5986,.T.);
#5988=ADVANCED_FACE('',(#5987),#5976,.T.);
#5989=CARTESIAN_POINT('',(1.4,1.5,22.35));
#5990=DIRECTION('',(0.,0.,1.));
#5991=DIRECTION('',(1.,0.,0.));
#5992=AXIS2_PLACEMENT_3D('',#5989,#5990,#5991);
#5993=PLANE('',#5992);
#5994=ORIENTED_EDGE('',*,*,#5617,.T.);
#5995=ORIENTED_EDGE('',*,*,#5983,.T.);
#5996=ORIENTED_EDGE('',*,*,#2487,.T.);
#5997=CARTESIAN_POINT('',(0.25,153.6,22.35));
#5998=DIRECTION('',(1.,0.,-0.));
#5999=VECTOR('',#5998,1.15);
#6000=LINE('',#5997,#5999);
#6001=EDGE_CURVE('',#5119,#2474,#6000,.T.);
#6002=ORIENTED_EDGE('',*,*,#6001,.F.);
#6003=ORIENTED_EDGE('',*,*,#5126,.T.);
#6004=ORIENTED_EDGE('',*,*,#5243,.T.);
#6005=CARTESIAN_POINT('',(11.9,-0.05,22.35));
#6006=VERTEX_POINT('',#6005);
#6007=CARTESIAN_POINT('',(2.5,-0.05,22.35));
#6008=DIRECTION('',(1.,0.,-0.));
#6009=VECTOR('',#6008,9.4);
#6010=LINE('',#6007,#6009);
#6011=EDGE_CURVE('',#5230,#6006,#6010,.T.);
#6012=ORIENTED_EDGE('',*,*,#6011,.T.);
#6013=CARTESIAN_POINT('',(11.9,2.,22.35));
#6014=DIRECTION('',(-0.,-1.,-0.));
#6015=VECTOR('',#6014,2.05);
#6016=LINE('',#6013,#6015);
#6017=EDGE_CURVE('',#5426,#6006,#6016,.T.);
#6018=ORIENTED_EDGE('',*,*,#6017,.F.);
#6019=ORIENTED_EDGE('',*,*,#5433,.T.);
#6020=EDGE_LOOP('',(#5994,#5995,#5996,#6002,#6003,#6004,#6012,#6018,#6019));
#6021=FACE_BOUND('',#6020,.T.);
#6022=ADVANCED_FACE('',(#6021),#5993,.T.);
#6023=CARTESIAN_POINT('',(0.825,153.6,16.7));
#6024=DIRECTION('',(0.,-1.,0.));
#6025=DIRECTION('',(0.,0.,-1.));
#6026=AXIS2_PLACEMENT_3D('',#6023,#6024,#6025);
#6027=PLANE('',#6026);
#6028=ORIENTED_EDGE('',*,*,#5205,.F.);
#6029=ORIENTED_EDGE('',*,*,#5135,.T.);
#6030=ORIENTED_EDGE('',*,*,#6001,.T.);
#6031=ORIENTED_EDGE('',*,*,#2479,.F.);
#6032=CARTESIAN_POINT('',(1.4,153.6,20.95));
#6033=DIRECTION('',(-1.,-0.,0.));
#6034=VECTOR('',#6033,1.4);
#6035=LINE('',#6032,#6034);
#6036=EDGE_CURVE('',#2466,#5200,#6035,.T.);
#6037=ORIENTED_EDGE('',*,*,#6036,.T.);
#6038=EDGE_LOOP('',(#6028,#6029,#6030,#6031,#6037));
#6039=FACE_BOUND('',#6038,.T.);
#6040=ADVANCED_FACE('',(#6039),#6027,.F.);
#6041=CARTESIAN_POINT('',(13.2,12.5,11.2));
#6042=DIRECTION('',(-1.,0.,0.));
#6043=DIRECTION('',(0.,-1.,0.));
#6044=AXIS2_PLACEMENT_3D('',#6041,#6042,#6043);
#6045=PLANE('',#6044);
#6046=CARTESIAN_POINT('',(13.2,2.5,22.6));
#6047=DIRECTION('',(0.,0.,-1.));
#6048=VECTOR('',#6047,7.05);
#6049=LINE('',#6046,#6048);
#6050=EDGE_CURVE('',#5403,#5161,#6049,.T.);
#6051=ORIENTED_EDGE('',*,*,#6050,.F.);
#6052=ORIENTED_EDGE('',*,*,#5409,.T.);
#6053=CARTESIAN_POINT('',(13.2,1.999999905,23.1));
#6054=DIRECTION('',(0.,-1.,0.));
#6055=VECTOR('',#6054,1.);
#6056=LINE('',#6053,#6055);
#6057=EDGE_CURVE('',#5395,#5264,#6056,.T.);
#6058=ORIENTED_EDGE('',*,*,#6057,.T.);
#6059=ORIENTED_EDGE('',*,*,#5269,.F.);
#6060=CARTESIAN_POINT('',(13.2,2.,19.8));
#6061=DIRECTION('',(-0.,-1.,-0.));
#6062=VECTOR('',#6061,1.000000095);
#6063=LINE('',#6060,#6062);
#6064=EDGE_CURVE('',#2369,#5262,#6063,.T.);
#6065=ORIENTED_EDGE('',*,*,#6064,.F.);
#6066=ORIENTED_EDGE('',*,*,#2374,.F.);
#6067=CARTESIAN_POINT('',(13.2,2.,14.55));
#6068=DIRECTION('',(-0.,1.,-0.));
#6069=VECTOR('',#6068,0.5);
#6070=LINE('',#6067,#6069);
#6071=EDGE_CURVE('',#2361,#5163,#6070,.T.);
#6072=ORIENTED_EDGE('',*,*,#6071,.T.);
#6073=ORIENTED_EDGE('',*,*,#5168,.F.);
#6074=EDGE_LOOP('',(#6051,#6052,#6058,#6059,#6065,#6066,#6072,#6073));
#6075=FACE_BOUND('',#6074,.T.);
#6076=ADVANCED_FACE('',(#6075),#6045,.F.);
#6077=CARTESIAN_POINT('',(1.4,3.,11.85));
#6078=DIRECTION('',(1.,0.,0.));
#6079=DIRECTION('',(-0.,1.,0.));
#6080=AXIS2_PLACEMENT_3D('',#6077,#6078,#6079);
#6081=CYLINDRICAL_SURFACE('',#6080,2.7);
#6082=ORIENTED_EDGE('',*,*,#2852,.T.);
#6083=CARTESIAN_POINT('',(23.7,3.,14.55));
#6084=DIRECTION('',(-1.,-0.,0.));
#6085=VECTOR('',#6084,12.);
#6086=LINE('',#6083,#6085);
#6087=EDGE_CURVE('',#2840,#2782,#6086,.T.);
#6088=ORIENTED_EDGE('',*,*,#6087,.T.);
#6089=ORIENTED_EDGE('',*,*,#2788,.F.);
#6090=ORIENTED_EDGE('',*,*,#2819,.T.);
#6091=EDGE_LOOP('',(#6082,#6088,#6089,#6090));
#6092=FACE_BOUND('',#6091,.T.);
#6093=ADVANCED_FACE('',(#6092),#6081,.F.);
#6094=CARTESIAN_POINT('',(1.4,1.5,14.55));
#6095=DIRECTION('',(0.,0.,1.));
#6096=DIRECTION('',(1.,0.,0.));
#6097=AXIS2_PLACEMENT_3D('',#6094,#6095,#6096);
#6098=PLANE('',#6097);
#6099=ORIENTED_EDGE('',*,*,#2366,.F.);
#6100=ORIENTED_EDGE('',*,*,#2794,.T.);
#6101=ORIENTED_EDGE('',*,*,#6087,.F.);
#6102=ORIENTED_EDGE('',*,*,#2845,.T.);
#6103=ORIENTED_EDGE('',*,*,#2976,.F.);
#6104=CARTESIAN_POINT('',(22.2,2.5,14.55));
#6105=DIRECTION('',(-0.,-1.,-0.));
#6106=VECTOR('',#6105,0.5);
#6107=LINE('',#6104,#6106);
#6108=EDGE_CURVE('',#5171,#2965,#6107,.T.);
#6109=ORIENTED_EDGE('',*,*,#6108,.F.);
#6110=ORIENTED_EDGE('',*,*,#5176,.T.);
#6111=ORIENTED_EDGE('',*,*,#6071,.F.);
#6112=EDGE_LOOP('',(#6099,#6100,#6101,#6102,#6103,#6109,#6110,#6111));
#6113=FACE_BOUND('',#6112,.T.);
#6114=ADVANCED_FACE('',(#6113),#6098,.F.);
#6115=CARTESIAN_POINT('',(18.150000796,1.999999905,22.6));
#6116=DIRECTION('',(1.,0.,0.));
#6117=DIRECTION('',(0.,0.,-1.));
#6118=AXIS2_PLACEMENT_3D('',#6115,#6116,#6117);
#6119=CYLINDRICAL_SURFACE('',#6118,0.5);
#6120=CARTESIAN_POINT('',(22.2,1.999999905,23.1));
#6121=VERTEX_POINT('',#6120);
#6122=CARTESIAN_POINT('',(22.2,1.999999905,22.6));
#6123=DIRECTION('',(-1.,-0.,-0.));
#6124=DIRECTION('',(0.,0.,-1.));
#6125=AXIS2_PLACEMENT_3D('',#6122,#6123,#6124);
#6126=CIRCLE('',#6125,0.5);
#6127=EDGE_CURVE('',#6121,#3047,#6126,.T.);
#6128=ORIENTED_EDGE('',*,*,#6127,.F.);
#6129=CARTESIAN_POINT('',(23.900001069,1.999999905,23.1));
#6130=VERTEX_POINT('',#6129);
#6131=CARTESIAN_POINT('',(23.900001069,1.999999905,23.1));
#6132=DIRECTION('',(-1.,-0.,0.));
#6133=VECTOR('',#6132,1.700001069);
#6134=LINE('',#6131,#6133);
#6135=EDGE_CURVE('',#6130,#6121,#6134,.T.);
#6136=ORIENTED_EDGE('',*,*,#6135,.F.);
#6137=CARTESIAN_POINT('',(23.900001069,1.999999905,22.6));
#6138=DIRECTION('',(1.,0.,0.));
#6139=DIRECTION('',(0.,0.,-1.));
#6140=AXIS2_PLACEMENT_3D('',#6137,#6138,#6139);
#6141=CIRCLE('',#6140,0.5);
#6142=EDGE_CURVE('',#3055,#6130,#6141,.T.);
#6143=ORIENTED_EDGE('',*,*,#6142,.F.);
#6144=ORIENTED_EDGE('',*,*,#3060,.F.);
#6145=EDGE_LOOP('',(#6128,#6136,#6143,#6144));
#6146=FACE_BOUND('',#6145,.T.);
#6147=ADVANCED_FACE('',(#6146),#6119,.T.);
#6148=CARTESIAN_POINT('',(22.2,15.25,10.525));
#6149=DIRECTION('',(1.,0.,0.));
#6150=DIRECTION('',(0.,1.,0.));
#6151=AXIS2_PLACEMENT_3D('',#6148,#6149,#6150);
#6152=PLANE('',#6151);
#6153=ORIENTED_EDGE('',*,*,#5285,.F.);
#6154=CARTESIAN_POINT('',(22.2,0.999999905,23.1));
#6155=DIRECTION('',(0.,1.,0.));
#6156=VECTOR('',#6155,1.);
#6157=LINE('',#6154,#6156);
#6158=EDGE_CURVE('',#5272,#6121,#6157,.T.);
#6159=ORIENTED_EDGE('',*,*,#6158,.T.);
#6160=ORIENTED_EDGE('',*,*,#6127,.T.);
#6161=ORIENTED_EDGE('',*,*,#3052,.F.);
#6162=ORIENTED_EDGE('',*,*,#5182,.F.);
#6163=ORIENTED_EDGE('',*,*,#6108,.T.);
#6164=ORIENTED_EDGE('',*,*,#2970,.F.);
#6165=CARTESIAN_POINT('',(22.2,0.999999905,19.8));
#6166=DIRECTION('',(0.,1.,0.));
#6167=VECTOR('',#6166,1.000000095);
#6168=LINE('',#6165,#6167);
#6169=EDGE_CURVE('',#5280,#2957,#6168,.T.);
#6170=ORIENTED_EDGE('',*,*,#6169,.F.);
#6171=EDGE_LOOP('',(#6153,#6159,#6160,#6161,#6162,#6163,#6164,#6170));
#6172=FACE_BOUND('',#6171,.T.);
#6173=ADVANCED_FACE('',(#6172),#6152,.F.);
#6174=CARTESIAN_POINT('',(1.4,1.5,15.55));
#6175=DIRECTION('',(0.,0.,1.));
#6176=DIRECTION('',(1.,0.,0.));
#6177=AXIS2_PLACEMENT_3D('',#6174,#6175,#6176);
#6178=PLANE('',#6177);
#6179=CARTESIAN_POINT('',(11.2,2.5,15.55));
#6180=VERTEX_POINT('',#6179);
#6181=CARTESIAN_POINT('',(11.2,2.5,15.55));
#6182=DIRECTION('',(1.,0.,-0.));
#6183=VECTOR('',#6182,2.);
#6184=LINE('',#6181,#6183);
#6185=EDGE_CURVE('',#6180,#5161,#6184,.T.);
#6186=ORIENTED_EDGE('',*,*,#6185,.T.);
#6187=ORIENTED_EDGE('',*,*,#5188,.T.);
#6188=ORIENTED_EDGE('',*,*,#3044,.T.);
#6189=CARTESIAN_POINT('',(24.2,2.5,15.55));
#6190=DIRECTION('',(0.,1.,0.));
#6191=VECTOR('',#6190,0.5);
#6192=LINE('',#6189,#6191);
#6193=EDGE_CURVE('',#3031,#5353,#6192,.T.);
#6194=ORIENTED_EDGE('',*,*,#6193,.T.);
#6195=ORIENTED_EDGE('',*,*,#5358,.T.);
#6196=CARTESIAN_POINT('',(11.2,3.,15.55));
#6197=DIRECTION('',(-0.,-1.,-0.));
#6198=VECTOR('',#6197,0.5);
#6199=LINE('',#6196,#6198);
#6200=EDGE_CURVE('',#5342,#6180,#6199,.T.);
#6201=ORIENTED_EDGE('',*,*,#6200,.T.);
#6202=EDGE_LOOP('',(#6186,#6187,#6188,#6194,#6195,#6201));
#6203=FACE_BOUND('',#6202,.T.);
#6204=ADVANCED_FACE('',(#6203),#6178,.T.);
#6205=CARTESIAN_POINT('',(25.4,4.,20.3));
#6206=DIRECTION('',(0.,1.,0.));
#6207=DIRECTION('',(0.,-0.,1.));
#6208=AXIS2_PLACEMENT_3D('',#6205,#6206,#6207);
#6209=CYLINDRICAL_SURFACE('',#6208,0.5);
#6210=ORIENTED_EDGE('',*,*,#2954,.F.);
#6211=CARTESIAN_POINT('',(25.9,-0.3,20.3));
#6212=DIRECTION('',(0.,1.,0.));
#6213=VECTOR('',#6212,2.3);
#6214=LINE('',#6211,#6213);
#6215=EDGE_CURVE('',#3199,#2940,#6214,.T.);
#6216=ORIENTED_EDGE('',*,*,#6215,.F.);
#6217=ORIENTED_EDGE('',*,*,#3205,.F.);
#6218=CARTESIAN_POINT('',(25.4,2.,19.8));
#6219=DIRECTION('',(-0.,-1.,-0.));
#6220=VECTOR('',#6219,2.3);
#6221=LINE('',#6218,#6220);
#6222=EDGE_CURVE('',#2948,#3191,#6221,.T.);
#6223=ORIENTED_EDGE('',*,*,#6222,.F.);
#6224=EDGE_LOOP('',(#6210,#6216,#6217,#6223));
#6225=FACE_BOUND('',#6224,.T.);
#6226=ADVANCED_FACE('',(#6225),#6209,.T.);
#6227=CARTESIAN_POINT('',(1.4,4.,19.8));
#6228=DIRECTION('',(0.,0.,1.));
#6229=DIRECTION('',(1.,0.,0.));
#6230=AXIS2_PLACEMENT_3D('',#6227,#6228,#6229);
#6231=PLANE('',#6230);
#6232=ORIENTED_EDGE('',*,*,#3196,.T.);
#6233=CARTESIAN_POINT('',(8.400001069,-0.3,19.8));
#6234=DIRECTION('',(0.,1.,0.));
#6235=VECTOR('',#6234,2.3);
#6236=LINE('',#6233,#6235);
#6237=EDGE_CURVE('',#3182,#2377,#6236,.T.);
#6238=ORIENTED_EDGE('',*,*,#6237,.T.);
#6239=ORIENTED_EDGE('',*,*,#2382,.F.);
#6240=ORIENTED_EDGE('',*,*,#6064,.T.);
#6241=ORIENTED_EDGE('',*,*,#5291,.T.);
#6242=ORIENTED_EDGE('',*,*,#6169,.T.);
#6243=ORIENTED_EDGE('',*,*,#2962,.F.);
#6244=ORIENTED_EDGE('',*,*,#6222,.T.);
#6245=EDGE_LOOP('',(#6232,#6238,#6239,#6240,#6241,#6242,#6243,#6244));
#6246=FACE_BOUND('',#6245,.T.);
#6247=ADVANCED_FACE('',(#6246),#6231,.F.);
#6248=CARTESIAN_POINT('',(8.400001069,4.,20.3));
#6249=DIRECTION('',(0.,-1.,0.));
#6250=DIRECTION('',(0.,0.,-1.));
#6251=AXIS2_PLACEMENT_3D('',#6248,#6249,#6250);
#6252=CYLINDRICAL_SURFACE('',#6251,0.5);
#6253=ORIENTED_EDGE('',*,*,#3188,.F.);
#6254=CARTESIAN_POINT('',(7.900001069,2.,20.3));
#6255=DIRECTION('',(-0.,-1.,-0.));
#6256=VECTOR('',#6255,2.3);
#6257=LINE('',#6254,#6256);
#6258=EDGE_CURVE('',#2385,#3174,#6257,.T.);
#6259=ORIENTED_EDGE('',*,*,#6258,.F.);
#6260=ORIENTED_EDGE('',*,*,#2391,.F.);
#6261=ORIENTED_EDGE('',*,*,#6237,.F.);
#6262=EDGE_LOOP('',(#6253,#6259,#6260,#6261));
#6263=FACE_BOUND('',#6262,.T.);
#6264=ADVANCED_FACE('',(#6263),#6252,.T.);
#6265=CARTESIAN_POINT('',(7.900001069,0.999999905,23.1));
#6266=DIRECTION('',(-1.,0.,0.));
#6267=DIRECTION('',(0.,0.,1.));
#6268=AXIS2_PLACEMENT_3D('',#6265,#6266,#6267);
#6269=PLANE('',#6268);
#6270=ORIENTED_EDGE('',*,*,#2399,.T.);
#6271=ORIENTED_EDGE('',*,*,#6258,.T.);
#6272=ORIENTED_EDGE('',*,*,#3179,.F.);
#6273=CARTESIAN_POINT('',(7.900001069,-0.3,20.95));
#6274=DIRECTION('',(0.,1.,0.));
#6275=VECTOR('',#6274,2.3);
#6276=LINE('',#6273,#6275);
#6277=EDGE_CURVE('',#3166,#2394,#6276,.T.);
#6278=ORIENTED_EDGE('',*,*,#6277,.T.);
#6279=EDGE_LOOP('',(#6270,#6271,#6272,#6278));
#6280=FACE_BOUND('',#6279,.T.);
#6281=ADVANCED_FACE('',(#6280),#6269,.T.);
#6282=CARTESIAN_POINT('',(17.55,2.,20.95));
#6283=DIRECTION('',(0.,0.,1.));
#6284=DIRECTION('',(1.,0.,0.));
#6285=AXIS2_PLACEMENT_3D('',#6282,#6283,#6284);
#6286=PLANE('',#6285);
#6287=ORIENTED_EDGE('',*,*,#5213,.T.);
#6288=ORIENTED_EDGE('',*,*,#6036,.F.);
#6289=ORIENTED_EDGE('',*,*,#2471,.T.);
#6290=ORIENTED_EDGE('',*,*,#2439,.T.);
#6291=ORIENTED_EDGE('',*,*,#2407,.T.);
#6292=ORIENTED_EDGE('',*,*,#6277,.F.);
#6293=ORIENTED_EDGE('',*,*,#3171,.F.);
#6294=CARTESIAN_POINT('',(2.5,2.2,20.95));
#6295=DIRECTION('',(-0.,-0.,-1.));
#6296=DIRECTION('',(1.,0.,-0.));
#6297=AXIS2_PLACEMENT_3D('',#6294,#6295,#6296);
#6298=CIRCLE('',#6297,2.5);
#6299=EDGE_CURVE('',#3158,#5208,#6298,.T.);
#6300=ORIENTED_EDGE('',*,*,#6299,.T.);
#6301=EDGE_LOOP('',(#6287,#6288,#6289,#6290,#6291,#6292,#6293,#6300));
#6302=FACE_BOUND('',#6301,.T.);
#6303=ADVANCED_FACE('',(#6302),#6286,.F.);
#6304=CARTESIAN_POINT('',(2.5,2.2,11.2));
#6305=DIRECTION('',(0.,0.,-1.));
#6306=DIRECTION('',(-1.,0.,0.));
#6307=AXIS2_PLACEMENT_3D('',#6304,#6305,#6306);
#6308=CYLINDRICAL_SURFACE('',#6307,2.5);
#6309=ORIENTED_EDGE('',*,*,#3163,.F.);
#6310=ORIENTED_EDGE('',*,*,#5251,.T.);
#6311=ORIENTED_EDGE('',*,*,#5219,.F.);
#6312=ORIENTED_EDGE('',*,*,#6299,.F.);
#6313=EDGE_LOOP('',(#6309,#6310,#6311,#6312));
#6314=FACE_BOUND('',#6313,.T.);
#6315=ADVANCED_FACE('',(#6314),#6308,.T.);
#6316=CARTESIAN_POINT('',(1.4,-0.05,22.1));
#6317=DIRECTION('',(-1.,0.,0.));
#6318=DIRECTION('',(0.,0.,1.));
#6319=AXIS2_PLACEMENT_3D('',#6316,#6317,#6318);
#6320=CYLINDRICAL_SURFACE('',#6319,0.25);
#6321=CARTESIAN_POINT('',(11.9,-0.05,22.1));
#6322=DIRECTION('',(1.,-0.,-0.));
#6323=DIRECTION('',(0.,0.,1.));
#6324=AXIS2_PLACEMENT_3D('',#6321,#6322,#6323);
#6325=CIRCLE('',#6324,0.25);
#6326=EDGE_CURVE('',#6006,#3142,#6325,.T.);
#6327=ORIENTED_EDGE('',*,*,#6326,.F.);
#6328=ORIENTED_EDGE('',*,*,#6011,.F.);
#6329=ORIENTED_EDGE('',*,*,#5236,.F.);
#6330=ORIENTED_EDGE('',*,*,#3155,.F.);
#6331=EDGE_LOOP('',(#6327,#6328,#6329,#6330));
#6332=FACE_BOUND('',#6331,.T.);
#6333=ADVANCED_FACE('',(#6332),#6320,.T.);
#6334=CARTESIAN_POINT('',(11.9,0.999999905,23.1));
#6335=DIRECTION('',(-1.,0.,0.));
#6336=DIRECTION('',(0.,0.,1.));
#6337=AXIS2_PLACEMENT_3D('',#6334,#6335,#6336);
#6338=PLANE('',#6337);
#6339=CARTESIAN_POINT('',(11.9,-0.3,23.1));
#6340=DIRECTION('',(0.,1.,0.));
#6341=VECTOR('',#6340,2.299999905);
#6342=LINE('',#6339,#6341);
#6343=EDGE_CURVE('',#3134,#5384,#6342,.T.);
#6344=ORIENTED_EDGE('',*,*,#6343,.T.);
#6345=ORIENTED_EDGE('',*,*,#5392,.T.);
#6346=CARTESIAN_POINT('',(11.9,2.499999953,22.6));
#6347=DIRECTION('',(-0.,-0.,-1.));
#6348=VECTOR('',#6347,0.75);
#6349=LINE('',#6346,#6348);
#6350=EDGE_CURVE('',#5386,#5436,#6349,.T.);
#6351=ORIENTED_EDGE('',*,*,#6350,.T.);
#6352=ORIENTED_EDGE('',*,*,#5442,.T.);
#6353=ORIENTED_EDGE('',*,*,#6017,.T.);
#6354=ORIENTED_EDGE('',*,*,#6326,.T.);
#6355=ORIENTED_EDGE('',*,*,#3147,.F.);
#6356=EDGE_LOOP('',(#6344,#6345,#6351,#6352,#6353,#6354,#6355));
#6357=FACE_BOUND('',#6356,.T.);
#6358=ADVANCED_FACE('',(#6357),#6338,.T.);
#6359=CARTESIAN_POINT('',(1.4,4.,23.1));
#6360=DIRECTION('',(0.,0.,1.));
#6361=DIRECTION('',(1.,0.,0.));
#6362=AXIS2_PLACEMENT_3D('',#6359,#6360,#6361);
#6363=PLANE('',#6362);
#6364=CARTESIAN_POINT('',(23.900001069,1.999999905,23.1));
#6365=DIRECTION('',(-0.,-1.,-0.));
#6366=VECTOR('',#6365,2.299999905);
#6367=LINE('',#6364,#6366);
#6368=EDGE_CURVE('',#6130,#3126,#6367,.T.);
#6369=ORIENTED_EDGE('',*,*,#6368,.F.);
#6370=ORIENTED_EDGE('',*,*,#6135,.T.);
#6371=ORIENTED_EDGE('',*,*,#6158,.F.);
#6372=ORIENTED_EDGE('',*,*,#5277,.F.);
#6373=ORIENTED_EDGE('',*,*,#6057,.F.);
#6374=ORIENTED_EDGE('',*,*,#5400,.T.);
#6375=ORIENTED_EDGE('',*,*,#6343,.F.);
#6376=ORIENTED_EDGE('',*,*,#3139,.F.);
#6377=EDGE_LOOP('',(#6369,#6370,#6371,#6372,#6373,#6374,#6375,#6376));
#6378=FACE_BOUND('',#6377,.T.);
#6379=ADVANCED_FACE('',(#6378),#6363,.T.);
#6380=CARTESIAN_POINT('',(25.9,0.999999905,23.1));
#6381=DIRECTION('',(1.,0.,0.));
#6382=DIRECTION('',(0.,0.,-1.));
#6383=AXIS2_PLACEMENT_3D('',#6380,#6381,#6382);
#6384=PLANE('',#6383);
#6385=ORIENTED_EDGE('',*,*,#3213,.T.);
#6386=ORIENTED_EDGE('',*,*,#6215,.T.);
#6387=ORIENTED_EDGE('',*,*,#2945,.T.);
#6388=ORIENTED_EDGE('',*,*,#3324,.T.);
#6389=EDGE_LOOP('',(#6385,#6386,#6387,#6388));
#6390=FACE_BOUND('',#6389,.T.);
#6391=ADVANCED_FACE('',(#6390),#6384,.T.);
#6392=CARTESIAN_POINT('',(23.900001069,0.999999905,23.1));
#6393=DIRECTION('',(1.,0.,0.));
#6394=DIRECTION('',(0.,0.,-1.));
#6395=AXIS2_PLACEMENT_3D('',#6392,#6393,#6394);
#6396=PLANE('',#6395);
#6397=ORIENTED_EDGE('',*,*,#3359,.F.);
#6398=ORIENTED_EDGE('',*,*,#3382,.T.);
#6399=ORIENTED_EDGE('',*,*,#3068,.F.);
#6400=ORIENTED_EDGE('',*,*,#6142,.T.);
#6401=ORIENTED_EDGE('',*,*,#6368,.T.);
#6402=ORIENTED_EDGE('',*,*,#3131,.T.);
#6403=ORIENTED_EDGE('',*,*,#3004,.T.);
#6404=EDGE_LOOP('',(#6397,#6398,#6399,#6400,#6401,#6402,#6403));
#6405=FACE_BOUND('',#6404,.T.);
#6406=ADVANCED_FACE('',(#6405),#6396,.T.);
#6407=CARTESIAN_POINT('',(118.75,20.7,21.65));
#6408=DIRECTION('',(1.,0.,0.));
#6409=DIRECTION('',(0.,0.,-1.));
#6410=AXIS2_PLACEMENT_3D('',#6407,#6408,#6409);
#6411=PLANE('',#6410);
#6412=ORIENTED_EDGE('',*,*,#5325,.F.);
#6413=CARTESIAN_POINT('',(118.75,1.5,15.95));
#6414=DIRECTION('',(0.,1.,0.));
#6415=VECTOR('',#6414,0.4);
#6416=LINE('',#6413,#6415);
#6417=EDGE_CURVE('',#2223,#5312,#6416,.T.);
#6418=ORIENTED_EDGE('',*,*,#6417,.F.);
#6419=ORIENTED_EDGE('',*,*,#2250,.T.);
#6420=CARTESIAN_POINT('',(118.75,1.9,13.95));
#6421=DIRECTION('',(-0.,-1.,-0.));
#6422=VECTOR('',#6421,0.4);
#6423=LINE('',#6420,#6422);
#6424=EDGE_CURVE('',#5320,#2239,#6423,.T.);
#6425=ORIENTED_EDGE('',*,*,#6424,.F.);
#6426=EDGE_LOOP('',(#6412,#6418,#6419,#6425));
#6427=FACE_BOUND('',#6426,.T.);
#6428=ADVANCED_FACE('',(#6427),#6411,.T.);
#6429=CARTESIAN_POINT('',(208.25,1.7,13.95));
#6430=DIRECTION('',(0.,0.,1.));
#6431=DIRECTION('',(1.,0.,0.));
#6432=AXIS2_PLACEMENT_3D('',#6429,#6430,#6431);
#6433=PLANE('',#6432);
#6434=ORIENTED_EDGE('',*,*,#5331,.F.);
#6435=ORIENTED_EDGE('',*,*,#6424,.T.);
#6436=ORIENTED_EDGE('',*,*,#2244,.T.);
#6437=CARTESIAN_POINT('',(131.75,1.9,13.95));
#6438=DIRECTION('',(-0.,-1.,-0.));
#6439=VECTOR('',#6438,0.4);
#6440=LINE('',#6437,#6439);
#6441=EDGE_CURVE('',#5304,#2231,#6440,.T.);
#6442=ORIENTED_EDGE('',*,*,#6441,.F.);
#6443=EDGE_LOOP('',(#6434,#6435,#6436,#6442));
#6444=FACE_BOUND('',#6443,.T.);
#6445=ADVANCED_FACE('',(#6444),#6433,.T.);
#6446=CARTESIAN_POINT('',(131.75,20.7,21.65));
#6447=DIRECTION('',(1.,0.,0.));
#6448=DIRECTION('',(0.,0.,-1.));
#6449=AXIS2_PLACEMENT_3D('',#6446,#6447,#6448);
#6450=PLANE('',#6449);
#6451=ORIENTED_EDGE('',*,*,#2236,.F.);
#6452=CARTESIAN_POINT('',(131.75,1.5,15.95));
#6453=DIRECTION('',(0.,1.,0.));
#6454=VECTOR('',#6453,0.4);
#6455=LINE('',#6452,#6454);
#6456=EDGE_CURVE('',#2221,#5302,#6455,.T.);
#6457=ORIENTED_EDGE('',*,*,#6456,.T.);
#6458=ORIENTED_EDGE('',*,*,#5309,.T.);
#6459=ORIENTED_EDGE('',*,*,#6441,.T.);
#6460=EDGE_LOOP('',(#6451,#6457,#6458,#6459));
#6461=FACE_BOUND('',#6460,.T.);
#6462=ADVANCED_FACE('',(#6461),#6450,.F.);
#6463=CARTESIAN_POINT('',(208.25,1.7,15.95));
#6464=DIRECTION('',(0.,0.,-1.));
#6465=DIRECTION('',(-1.,0.,0.));
#6466=AXIS2_PLACEMENT_3D('',#6463,#6464,#6465);
#6467=PLANE('',#6466);
#6468=ORIENTED_EDGE('',*,*,#5317,.F.);
#6469=ORIENTED_EDGE('',*,*,#6456,.F.);
#6470=ORIENTED_EDGE('',*,*,#2228,.T.);
#6471=ORIENTED_EDGE('',*,*,#6417,.T.);
#6472=EDGE_LOOP('',(#6468,#6469,#6470,#6471));
#6473=FACE_BOUND('',#6472,.T.);
#6474=ADVANCED_FACE('',(#6473),#6467,.T.);
#6475=CARTESIAN_POINT('',(24.2,15.25,10.525));
#6476=DIRECTION('',(1.,0.,0.));
#6477=DIRECTION('',(0.,1.,0.));
#6478=AXIS2_PLACEMENT_3D('',#6475,#6476,#6477);
#6479=PLANE('',#6478);
#6480=ORIENTED_EDGE('',*,*,#1820,.F.);
#6481=CARTESIAN_POINT('',(24.2,7.,11.2));
#6482=DIRECTION('',(0.,0.,1.));
#6483=VECTOR('',#6482,0.35);
#6484=LINE('',#6481,#6483);
#6485=EDGE_CURVE('',#1807,#5361,#6484,.T.);
#6486=ORIENTED_EDGE('',*,*,#6485,.T.);
#6487=ORIENTED_EDGE('',*,*,#5367,.T.);
#6488=ORIENTED_EDGE('',*,*,#6193,.F.);
#6489=ORIENTED_EDGE('',*,*,#3036,.T.);
#6490=EDGE_LOOP('',(#6480,#6486,#6487,#6488,#6489));
#6491=FACE_BOUND('',#6490,.T.);
#6492=ADVANCED_FACE('',(#6491),#6479,.T.);
#6493=CARTESIAN_POINT('',(224.3,7.,11.2));
#6494=DIRECTION('',(0.,-1.,0.));
#6495=DIRECTION('',(-1.,0.,0.));
#6496=AXIS2_PLACEMENT_3D('',#6493,#6494,#6495);
#6497=PLANE('',#6496);
#6498=ORIENTED_EDGE('',*,*,#6485,.F.);
#6499=ORIENTED_EDGE('',*,*,#1812,.T.);
#6500=CARTESIAN_POINT('',(11.2,7.,11.55));
#6501=DIRECTION('',(-0.,-0.,-1.));
#6502=VECTOR('',#6501,0.35);
#6503=LINE('',#6500,#6502);
#6504=EDGE_CURVE('',#5344,#1799,#6503,.T.);
#6505=ORIENTED_EDGE('',*,*,#6504,.F.);
#6506=ORIENTED_EDGE('',*,*,#5373,.T.);
#6507=EDGE_LOOP('',(#6498,#6499,#6505,#6506));
#6508=FACE_BOUND('',#6507,.T.);
#6509=ADVANCED_FACE('',(#6508),#6497,.F.);
#6510=CARTESIAN_POINT('',(11.2,12.5,11.2));
#6511=DIRECTION('',(-1.,0.,0.));
#6512=DIRECTION('',(0.,-1.,0.));
#6513=AXIS2_PLACEMENT_3D('',#6510,#6511,#6512);
#6514=PLANE('',#6513);
#6515=ORIENTED_EDGE('',*,*,#1804,.T.);
#6516=CARTESIAN_POINT('',(11.2,2.5,11.2));
#6517=DIRECTION('',(0.,0.,1.));
#6518=VECTOR('',#6517,4.35);
#6519=LINE('',#6516,#6518);
#6520=EDGE_CURVE('',#1791,#6180,#6519,.T.);
#6521=ORIENTED_EDGE('',*,*,#6520,.T.);
#6522=ORIENTED_EDGE('',*,*,#6200,.F.);
#6523=ORIENTED_EDGE('',*,*,#5350,.T.);
#6524=ORIENTED_EDGE('',*,*,#6504,.T.);
#6525=EDGE_LOOP('',(#6515,#6521,#6522,#6523,#6524));
#6526=FACE_BOUND('',#6525,.T.);
#6527=ADVANCED_FACE('',(#6526),#6514,.T.);
#6528=CARTESIAN_POINT('',(8.225,2.5,10.525));
#6529=DIRECTION('',(0.,-1.,0.));
#6530=DIRECTION('',(0.,0.,-1.));
#6531=AXIS2_PLACEMENT_3D('',#6528,#6529,#6530);
#6532=PLANE('',#6531);
#6533=CARTESIAN_POINT('',(3.75,2.5,11.2));
#6534=DIRECTION('',(-0.,-0.,1.));
#6535=VECTOR('',#6534,10.65);
#6536=LINE('',#6533,#6535);
#6537=EDGE_CURVE('',#1782,#5445,#6536,.T.);
#6538=ORIENTED_EDGE('',*,*,#6537,.T.);
#6539=ORIENTED_EDGE('',*,*,#5450,.T.);
#6540=ORIENTED_EDGE('',*,*,#6350,.F.);
#6541=ORIENTED_EDGE('',*,*,#5415,.T.);
#6542=ORIENTED_EDGE('',*,*,#6050,.T.);
#6543=ORIENTED_EDGE('',*,*,#6185,.F.);
#6544=ORIENTED_EDGE('',*,*,#6520,.F.);
#6545=ORIENTED_EDGE('',*,*,#1796,.F.);
#6546=EDGE_LOOP('',(#6538,#6539,#6540,#6541,#6542,#6543,#6544,#6545));
#6547=FACE_BOUND('',#6546,.T.);
#6548=ADVANCED_FACE('',(#6547),#6532,.F.);
#6549=CARTESIAN_POINT('',(3.75,3.5,10.525));
#6550=DIRECTION('',(0.,0.,-1.));
#6551=DIRECTION('',(-1.,0.,0.));
#6552=AXIS2_PLACEMENT_3D('',#6549,#6550,#6551);
#6553=CYLINDRICAL_SURFACE('',#6552,1.);
#6554=CARTESIAN_POINT('',(2.75,3.5,21.85));
#6555=DIRECTION('',(-0.,-0.,-1.));
#6556=VECTOR('',#6555,10.65);
#6557=LINE('',#6554,#6556);
#6558=EDGE_CURVE('',#5573,#1774,#6557,.T.);
#6559=ORIENTED_EDGE('',*,*,#6558,.F.);
#6560=ORIENTED_EDGE('',*,*,#5596,.T.);
#6561=ORIENTED_EDGE('',*,*,#6537,.F.);
#6562=ORIENTED_EDGE('',*,*,#1788,.F.);
#6563=EDGE_LOOP('',(#6559,#6560,#6561,#6562));
#6564=FACE_BOUND('',#6563,.T.);
#6565=ADVANCED_FACE('',(#6564),#6553,.F.);
#6566=CARTESIAN_POINT('',(2.75,12.5,10.525));
#6567=DIRECTION('',(-1.,0.,0.));
#6568=DIRECTION('',(0.,0.,1.));
#6569=AXIS2_PLACEMENT_3D('',#6566,#6567,#6568);
#6570=PLANE('',#6569);
#6571=ORIENTED_EDGE('',*,*,#1779,.F.);
#6572=ORIENTED_EDGE('',*,*,#2709,.F.);
#6573=ORIENTED_EDGE('',*,*,#5661,.T.);
#6574=ORIENTED_EDGE('',*,*,#5632,.T.);
#6575=ORIENTED_EDGE('',*,*,#5610,.T.);
#6576=ORIENTED_EDGE('',*,*,#6558,.T.);
#6577=EDGE_LOOP('',(#6571,#6572,#6573,#6574,#6575,#6576));
#6578=FACE_BOUND('',#6577,.T.);
#6579=ADVANCED_FACE('',(#6578),#6570,.F.);
#6580=CARTESIAN_POINT('',(214.1,188.75,12.45));
#6581=DIRECTION('',(1.,0.,0.));
#6582=DIRECTION('',(0.,0.,-1.));
#6583=AXIS2_PLACEMENT_3D('',#6580,#6581,#6582);
#6584=CYLINDRICAL_SURFACE('',#6583,0.25);
#6585=CARTESIAN_POINT('',(208.45,188.75,12.7));
#6586=VERTEX_POINT('',#6585);
#6587=CARTESIAN_POINT('',(208.45,188.5,12.45));
#6588=VERTEX_POINT('',#6587);
#6589=CARTESIAN_POINT('',(208.45,188.75,12.45));
#6590=DIRECTION('',(1.,0.,0.));
#6591=DIRECTION('',(0.,0.,-1.));
#6592=AXIS2_PLACEMENT_3D('',#6589,#6590,#6591);
#6593=CIRCLE('',#6592,0.25);
#6594=EDGE_CURVE('',#6586,#6588,#6593,.T.);
#6595=ORIENTED_EDGE('',*,*,#6594,.F.);
#6596=CARTESIAN_POINT('',(203.45,188.75,12.7));
#6597=VERTEX_POINT('',#6596);
#6598=CARTESIAN_POINT('',(203.45,188.75,12.7));
#6599=DIRECTION('',(1.,0.,-0.));
#6600=VECTOR('',#6599,5.);
#6601=LINE('',#6598,#6600);
#6602=EDGE_CURVE('',#6597,#6586,#6601,.T.);
#6603=ORIENTED_EDGE('',*,*,#6602,.F.);
#6604=CARTESIAN_POINT('',(203.45,188.5,12.45));
#6605=VERTEX_POINT('',#6604);
#6606=CARTESIAN_POINT('',(203.45,188.75,12.45));
#6607=DIRECTION('',(-1.,-0.,-0.));
#6608=DIRECTION('',(0.,0.,-1.));
#6609=AXIS2_PLACEMENT_3D('',#6606,#6607,#6608);
#6610=CIRCLE('',#6609,0.25);
#6611=EDGE_CURVE('',#6605,#6597,#6610,.T.);
#6612=ORIENTED_EDGE('',*,*,#6611,.F.);
#6613=CARTESIAN_POINT('',(208.45,188.5,12.45));
#6614=DIRECTION('',(-1.,0.,0.));
#6615=VECTOR('',#6614,5.);
#6616=LINE('',#6613,#6615);
#6617=EDGE_CURVE('',#6588,#6605,#6616,.T.);
#6618=ORIENTED_EDGE('',*,*,#6617,.F.);
#6619=EDGE_LOOP('',(#6595,#6603,#6612,#6618));
#6620=FACE_BOUND('',#6619,.T.);
#6621=ADVANCED_FACE('',(#6620),#6584,.T.);
#6622=CARTESIAN_POINT('',(204.7,1.5,12.7));
#6623=DIRECTION('',(0.,0.,1.));
#6624=DIRECTION('',(1.,0.,0.));
#6625=AXIS2_PLACEMENT_3D('',#6622,#6623,#6624);
#6626=PLANE('',#6625);
#6627=CARTESIAN_POINT('',(203.45,189.5,12.7));
#6628=VERTEX_POINT('',#6627);
#6629=CARTESIAN_POINT('',(203.45,188.75,12.7));
#6630=DIRECTION('',(0.,1.,0.));
#6631=VECTOR('',#6630,0.75);
#6632=LINE('',#6629,#6631);
#6633=EDGE_CURVE('',#6597,#6628,#6632,.T.);
#6634=ORIENTED_EDGE('',*,*,#6633,.F.);
#6635=ORIENTED_EDGE('',*,*,#6602,.T.);
#6636=CARTESIAN_POINT('',(208.45,189.5,12.7));
#6637=VERTEX_POINT('',#6636);
#6638=CARTESIAN_POINT('',(208.45,188.75,12.7));
#6639=DIRECTION('',(0.,1.,0.));
#6640=VECTOR('',#6639,0.75);
#6641=LINE('',#6638,#6640);
#6642=EDGE_CURVE('',#6586,#6637,#6641,.T.);
#6643=ORIENTED_EDGE('',*,*,#6642,.T.);
#6644=CARTESIAN_POINT('',(208.45,189.5,12.7));
#6645=DIRECTION('',(-1.,-0.,0.));
#6646=VECTOR('',#6645,5.);
#6647=LINE('',#6644,#6646);
#6648=EDGE_CURVE('',#6637,#6628,#6647,.T.);
#6649=ORIENTED_EDGE('',*,*,#6648,.T.);
#6650=EDGE_LOOP('',(#6634,#6635,#6643,#6649));
#6651=FACE_BOUND('',#6650,.T.);
#6652=ADVANCED_FACE('',(#6651),#6626,.T.);
#6653=CARTESIAN_POINT('',(208.45,173.,10.525));
#6654=DIRECTION('',(1.,0.,0.));
#6655=DIRECTION('',(0.,0.,-1.));
#6656=AXIS2_PLACEMENT_3D('',#6653,#6654,#6655);
#6657=PLANE('',#6656);
#6658=CARTESIAN_POINT('',(208.45,188.5,11.2));
#6659=DIRECTION('',(0.,0.,1.));
#6660=VECTOR('',#6659,1.25);
#6661=LINE('',#6658,#6660);
#6662=EDGE_CURVE('',#1676,#6588,#6661,.T.);
#6663=ORIENTED_EDGE('',*,*,#6662,.F.);
#6664=ORIENTED_EDGE('',*,*,#1681,.F.);
#6665=CARTESIAN_POINT('',(208.45,185.6,11.2));
#6666=DIRECTION('',(0.,0.,-1.));
#6667=VECTOR('',#6666,1.3);
#6668=LINE('',#6665,#6667);
#6669=EDGE_CURVE('',#1667,#1416,#6668,.T.);
#6670=ORIENTED_EDGE('',*,*,#6669,.T.);
#6671=ORIENTED_EDGE('',*,*,#1421,.T.);
#6672=CARTESIAN_POINT('',(208.45,189.5,9.9));
#6673=DIRECTION('',(-0.,-0.,1.));
#6674=VECTOR('',#6673,2.8);
#6675=LINE('',#6672,#6674);
#6676=EDGE_CURVE('',#1408,#6637,#6675,.T.);
#6677=ORIENTED_EDGE('',*,*,#6676,.T.);
#6678=ORIENTED_EDGE('',*,*,#6642,.F.);
#6679=ORIENTED_EDGE('',*,*,#6594,.T.);
#6680=EDGE_LOOP('',(#6663,#6664,#6670,#6671,#6677,#6678,#6679));
#6681=FACE_BOUND('',#6680,.T.);
#6682=ADVANCED_FACE('',(#6681),#6657,.T.);
#6683=CARTESIAN_POINT('',(214.1,188.5,10.525));
#6684=DIRECTION('',(0.,1.,0.));
#6685=DIRECTION('',(-1.,0.,0.));
#6686=AXIS2_PLACEMENT_3D('',#6683,#6684,#6685);
#6687=PLANE('',#6686);
#6688=ORIENTED_EDGE('',*,*,#6662,.T.);
#6689=ORIENTED_EDGE('',*,*,#6617,.T.);
#6690=CARTESIAN_POINT('',(203.45,188.5,11.2));
#6691=DIRECTION('',(-0.,-0.,1.));
#6692=VECTOR('',#6691,1.25);
#6693=LINE('',#6690,#6692);
#6694=EDGE_CURVE('',#1684,#6605,#6693,.T.);
#6695=ORIENTED_EDGE('',*,*,#6694,.F.);
#6696=ORIENTED_EDGE('',*,*,#1689,.F.);
#6697=EDGE_LOOP('',(#6688,#6689,#6695,#6696));
#6698=FACE_BOUND('',#6697,.T.);
#6699=ADVANCED_FACE('',(#6698),#6687,.F.);
#6700=CARTESIAN_POINT('',(203.45,173.,10.525));
#6701=DIRECTION('',(1.,0.,0.));
#6702=DIRECTION('',(0.,0.,-1.));
#6703=AXIS2_PLACEMENT_3D('',#6700,#6701,#6702);
#6704=PLANE('',#6703);
#6705=CARTESIAN_POINT('',(203.45,189.5,9.9));
#6706=DIRECTION('',(-0.,-0.,1.));
#6707=VECTOR('',#6706,2.8);
#6708=LINE('',#6705,#6707);
#6709=EDGE_CURVE('',#1400,#6628,#6708,.T.);
#6710=ORIENTED_EDGE('',*,*,#6709,.F.);
#6711=ORIENTED_EDGE('',*,*,#1405,.F.);
#6712=CARTESIAN_POINT('',(203.45,185.6,9.9));
#6713=DIRECTION('',(-0.,-0.,1.));
#6714=VECTOR('',#6713,1.3);
#6715=LINE('',#6712,#6714);
#6716=EDGE_CURVE('',#1391,#1692,#6715,.T.);
#6717=ORIENTED_EDGE('',*,*,#6716,.T.);
#6718=ORIENTED_EDGE('',*,*,#1697,.T.);
#6719=ORIENTED_EDGE('',*,*,#6694,.T.);
#6720=ORIENTED_EDGE('',*,*,#6611,.T.);
#6721=ORIENTED_EDGE('',*,*,#6633,.T.);
#6722=EDGE_LOOP('',(#6710,#6711,#6717,#6718,#6719,#6720,#6721));
#6723=FACE_BOUND('',#6722,.T.);
#6724=ADVANCED_FACE('',(#6723),#6704,.F.);
#6725=CARTESIAN_POINT('',(6.5,189.5,11.2));
#6726=DIRECTION('',(0.,-1.,0.));
#6727=DIRECTION('',(0.,0.,-1.));
#6728=AXIS2_PLACEMENT_3D('',#6725,#6726,#6727);
#6729=PLANE('',#6728);
#6730=ORIENTED_EDGE('',*,*,#6676,.F.);
#6731=ORIENTED_EDGE('',*,*,#1413,.T.);
#6732=ORIENTED_EDGE('',*,*,#6709,.T.);
#6733=ORIENTED_EDGE('',*,*,#6648,.F.);
#6734=EDGE_LOOP('',(#6730,#6731,#6732,#6733));
#6735=FACE_BOUND('',#6734,.T.);
#6736=ADVANCED_FACE('',(#6735),#6729,.F.);
#6737=CARTESIAN_POINT('',(211.6,173.,10.525));
#6738=DIRECTION('',(1.,0.,0.));
#6739=DIRECTION('',(0.,0.,-1.));
#6740=AXIS2_PLACEMENT_3D('',#6737,#6738,#6739);
#6741=PLANE('',#6740);
#6742=ORIENTED_EDGE('',*,*,#1089,.F.);
#6743=ORIENTED_EDGE('',*,*,#1453,.F.);
#6744=CARTESIAN_POINT('',(211.6,185.6,9.9));
#6745=DIRECTION('',(-0.,-0.,1.));
#6746=VECTOR('',#6745,1.3);
#6747=LINE('',#6744,#6746);
#6748=EDGE_CURVE('',#1441,#1642,#6747,.T.);
#6749=ORIENTED_EDGE('',*,*,#6748,.T.);
#6750=ORIENTED_EDGE('',*,*,#1647,.T.);
#6751=ORIENTED_EDGE('',*,*,#1144,.T.);
#6752=ORIENTED_EDGE('',*,*,#1167,.T.);
#6753=ORIENTED_EDGE('',*,*,#1113,.T.);
#6754=EDGE_LOOP('',(#6742,#6743,#6749,#6750,#6751,#6752,#6753));
#6755=FACE_BOUND('',#6754,.T.);
#6756=ADVANCED_FACE('',(#6755),#6741,.F.);
#6757=CARTESIAN_POINT('',(210.85,185.6,10.525));
#6758=DIRECTION('',(0.,0.,-1.));
#6759=DIRECTION('',(-1.,0.,0.));
#6760=AXIS2_PLACEMENT_3D('',#6757,#6758,#6759);
#6761=CYLINDRICAL_SURFACE('',#6760,0.75);
#6762=ORIENTED_EDGE('',*,*,#1656,.F.);
#6763=ORIENTED_EDGE('',*,*,#6748,.F.);
#6764=ORIENTED_EDGE('',*,*,#1447,.F.);
#6765=CARTESIAN_POINT('',(210.85,184.85,11.2));
#6766=DIRECTION('',(-0.,-0.,-1.));
#6767=VECTOR('',#6766,1.3);
#6768=LINE('',#6765,#6767);
#6769=EDGE_CURVE('',#1650,#1433,#6768,.T.);
#6770=ORIENTED_EDGE('',*,*,#6769,.F.);
#6771=EDGE_LOOP('',(#6762,#6763,#6764,#6770));
#6772=FACE_BOUND('',#6771,.T.);
#6773=ADVANCED_FACE('',(#6772),#6761,.F.);
#6774=CARTESIAN_POINT('',(150.45,184.85,10.525));
#6775=DIRECTION('',(0.,1.,0.));
#6776=DIRECTION('',(-1.,0.,0.));
#6777=AXIS2_PLACEMENT_3D('',#6774,#6775,#6776);
#6778=PLANE('',#6777);
#6779=ORIENTED_EDGE('',*,*,#1438,.T.);
#6780=CARTESIAN_POINT('',(209.2,184.85,9.9));
#6781=DIRECTION('',(0.,0.,1.));
#6782=VECTOR('',#6781,1.3);
#6783=LINE('',#6780,#6782);
#6784=EDGE_CURVE('',#1424,#1659,#6783,.T.);
#6785=ORIENTED_EDGE('',*,*,#6784,.T.);
#6786=ORIENTED_EDGE('',*,*,#1664,.F.);
#6787=ORIENTED_EDGE('',*,*,#6769,.T.);
#6788=EDGE_LOOP('',(#6779,#6785,#6786,#6787));
#6789=FACE_BOUND('',#6788,.T.);
#6790=ADVANCED_FACE('',(#6789),#6778,.T.);
#6791=CARTESIAN_POINT('',(209.2,185.6,10.525));
#6792=DIRECTION('',(0.,0.,1.));
#6793=DIRECTION('',(1.,0.,-0.));
#6794=AXIS2_PLACEMENT_3D('',#6791,#6792,#6793);
#6795=CYLINDRICAL_SURFACE('',#6794,0.75);
#6796=ORIENTED_EDGE('',*,*,#1673,.F.);
#6797=ORIENTED_EDGE('',*,*,#6784,.F.);
#6798=ORIENTED_EDGE('',*,*,#1430,.F.);
#6799=ORIENTED_EDGE('',*,*,#6669,.F.);
#6800=EDGE_LOOP('',(#6796,#6797,#6798,#6799));
#6801=FACE_BOUND('',#6800,.T.);
#6802=ADVANCED_FACE('',(#6801),#6795,.F.);
#6803=CARTESIAN_POINT('',(202.7,185.6,10.525));
#6804=DIRECTION('',(0.,0.,-1.));
#6805=DIRECTION('',(-1.,0.,0.));
#6806=AXIS2_PLACEMENT_3D('',#6803,#6804,#6805);
#6807=CYLINDRICAL_SURFACE('',#6806,0.75);
#6808=ORIENTED_EDGE('',*,*,#1706,.F.);
#6809=ORIENTED_EDGE('',*,*,#6716,.F.);
#6810=ORIENTED_EDGE('',*,*,#1397,.F.);
#6811=CARTESIAN_POINT('',(202.7,184.85,11.2));
#6812=DIRECTION('',(-0.,-0.,-1.));
#6813=VECTOR('',#6812,1.3);
#6814=LINE('',#6811,#6813);
#6815=EDGE_CURVE('',#1700,#1383,#6814,.T.);
#6816=ORIENTED_EDGE('',*,*,#6815,.F.);
#6817=EDGE_LOOP('',(#6808,#6809,#6810,#6816));
#6818=FACE_BOUND('',#6817,.T.);
#6819=ADVANCED_FACE('',(#6818),#6807,.F.);
#6820=CARTESIAN_POINT('',(150.45,184.85,10.525));
#6821=DIRECTION('',(0.,1.,0.));
#6822=DIRECTION('',(-1.,0.,0.));
#6823=AXIS2_PLACEMENT_3D('',#6820,#6821,#6822);
#6824=PLANE('',#6823);
#6825=ORIENTED_EDGE('',*,*,#1388,.T.);
#6826=CARTESIAN_POINT('',(201.7,184.85,9.9));
#6827=DIRECTION('',(0.,0.,1.));
#6828=VECTOR('',#6827,1.3);
#6829=LINE('',#6826,#6828);
#6830=EDGE_CURVE('',#1374,#1709,#6829,.T.);
#6831=ORIENTED_EDGE('',*,*,#6830,.T.);
#6832=ORIENTED_EDGE('',*,*,#1714,.F.);
#6833=ORIENTED_EDGE('',*,*,#6815,.T.);
#6834=EDGE_LOOP('',(#6825,#6831,#6832,#6833));
#6835=FACE_BOUND('',#6834,.T.);
#6836=ADVANCED_FACE('',(#6835),#6824,.T.);
#6837=CARTESIAN_POINT('',(201.7,185.6,10.525));
#6838=DIRECTION('',(0.,0.,1.));
#6839=DIRECTION('',(1.,0.,-0.));
#6840=AXIS2_PLACEMENT_3D('',#6837,#6838,#6839);
#6841=CYLINDRICAL_SURFACE('',#6840,0.75);
#6842=ORIENTED_EDGE('',*,*,#1723,.F.);
#6843=ORIENTED_EDGE('',*,*,#6830,.F.);
#6844=ORIENTED_EDGE('',*,*,#1380,.F.);
#6845=CARTESIAN_POINT('',(200.95,185.6,11.2));
#6846=DIRECTION('',(0.,0.,-1.));
#6847=VECTOR('',#6846,1.3);
#6848=LINE('',#6845,#6847);
#6849=EDGE_CURVE('',#1717,#1366,#6848,.T.);
#6850=ORIENTED_EDGE('',*,*,#6849,.F.);
#6851=EDGE_LOOP('',(#6842,#6843,#6844,#6850));
#6852=FACE_BOUND('',#6851,.T.);
#6853=ADVANCED_FACE('',(#6852),#6841,.F.);
#6854=CARTESIAN_POINT('',(200.95,173.,10.525));
#6855=DIRECTION('',(1.,0.,0.));
#6856=DIRECTION('',(0.,0.,-1.));
#6857=AXIS2_PLACEMENT_3D('',#6854,#6855,#6856);
#6858=PLANE('',#6857);
#6859=ORIENTED_EDGE('',*,*,#1731,.F.);
#6860=ORIENTED_EDGE('',*,*,#6849,.T.);
#6861=ORIENTED_EDGE('',*,*,#1371,.T.);
#6862=CARTESIAN_POINT('',(200.95,187.,9.9));
#6863=DIRECTION('',(-0.,-0.,1.));
#6864=VECTOR('',#6863,1.3);
#6865=LINE('',#6862,#6864);
#6866=EDGE_CURVE('',#1358,#1726,#6865,.T.);
#6867=ORIENTED_EDGE('',*,*,#6866,.T.);
#6868=EDGE_LOOP('',(#6859,#6860,#6861,#6867));
#6869=FACE_BOUND('',#6868,.T.);
#6870=ADVANCED_FACE('',(#6869),#6858,.T.);
#6871=CARTESIAN_POINT('',(-46.9,187.,11.2));
#6872=DIRECTION('',(0.,-1.,0.));
#6873=DIRECTION('',(0.,0.,-1.));
#6874=AXIS2_PLACEMENT_3D('',#6871,#6872,#6873);
#6875=PLANE('',#6874);
#6876=ORIENTED_EDGE('',*,*,#1363,.T.);
#6877=CARTESIAN_POINT('',(52.8,187.,11.2));
#6878=DIRECTION('',(-0.,-0.,-1.));
#6879=VECTOR('',#6878,1.3);
#6880=LINE('',#6877,#6879);
#6881=EDGE_CURVE('',#1734,#1350,#6880,.T.);
#6882=ORIENTED_EDGE('',*,*,#6881,.F.);
#6883=ORIENTED_EDGE('',*,*,#1739,.F.);
#6884=ORIENTED_EDGE('',*,*,#6866,.F.);
#6885=EDGE_LOOP('',(#6876,#6882,#6883,#6884));
#6886=FACE_BOUND('',#6885,.T.);
#6887=ADVANCED_FACE('',(#6886),#6875,.F.);
#6888=CARTESIAN_POINT('',(52.8,173.,10.525));
#6889=DIRECTION('',(-1.,0.,0.));
#6890=DIRECTION('',(0.,0.,1.));
#6891=AXIS2_PLACEMENT_3D('',#6888,#6889,#6890);
#6892=PLANE('',#6891);
#6893=ORIENTED_EDGE('',*,*,#1355,.F.);
#6894=ORIENTED_EDGE('',*,*,#2917,.T.);
#6895=ORIENTED_EDGE('',*,*,#1747,.T.);
#6896=ORIENTED_EDGE('',*,*,#6881,.T.);
#6897=EDGE_LOOP('',(#6893,#6894,#6895,#6896));
#6898=FACE_BOUND('',#6897,.T.);
#6899=ADVANCED_FACE('',(#6898),#6892,.F.);
#6900=CARTESIAN_POINT('',(36.55,188.,10.525));
#6901=DIRECTION('',(0.,0.,1.));
#6902=DIRECTION('',(1.,0.,-0.));
#6903=AXIS2_PLACEMENT_3D('',#6900,#6901,#6902);
#6904=CYLINDRICAL_SURFACE('',#6903,0.25);
#6905=ORIENTED_EDGE('',*,*,#2030,.F.);
#6906=CARTESIAN_POINT('',(36.8,188.,9.9));
#6907=DIRECTION('',(0.,0.,1.));
#6908=VECTOR('',#6907,1.3);
#6909=LINE('',#6906,#6908);
#6910=EDGE_CURVE('',#1567,#2016,#6909,.T.);
#6911=ORIENTED_EDGE('',*,*,#6910,.F.);
#6912=ORIENTED_EDGE('',*,*,#1630,.F.);
#6913=CARTESIAN_POINT('',(36.55,187.75,11.2));
#6914=DIRECTION('',(-0.,-0.,-1.));
#6915=VECTOR('',#6914,1.3);
#6916=LINE('',#6913,#6915);
#6917=EDGE_CURVE('',#2024,#1618,#6916,.T.);
#6918=ORIENTED_EDGE('',*,*,#6917,.F.);
#6919=EDGE_LOOP('',(#6905,#6911,#6912,#6918));
#6920=FACE_BOUND('',#6919,.T.);
#6921=ADVANCED_FACE('',(#6920),#6904,.F.);
#6922=CARTESIAN_POINT('',(15.3,187.75,10.525));
#6923=DIRECTION('',(0.,1.,0.));
#6924=DIRECTION('',(-1.,0.,0.));
#6925=AXIS2_PLACEMENT_3D('',#6922,#6923,#6924);
#6926=PLANE('',#6925);
#6927=ORIENTED_EDGE('',*,*,#1623,.T.);
#6928=CARTESIAN_POINT('',(36.05,187.75,9.9));
#6929=DIRECTION('',(0.,0.,1.));
#6930=VECTOR('',#6929,1.3);
#6931=LINE('',#6928,#6930);
#6932=EDGE_CURVE('',#1609,#2033,#6931,.T.);
#6933=ORIENTED_EDGE('',*,*,#6932,.T.);
#6934=ORIENTED_EDGE('',*,*,#2038,.F.);
#6935=ORIENTED_EDGE('',*,*,#6917,.T.);
#6936=EDGE_LOOP('',(#6927,#6933,#6934,#6935));
#6937=FACE_BOUND('',#6936,.T.);
#6938=ADVANCED_FACE('',(#6937),#6926,.T.);
#6939=CARTESIAN_POINT('',(36.05,188.,10.519515836));
#6940=DIRECTION('',(0.,0.,-1.));
#6941=DIRECTION('',(-1.,0.,0.));
#6942=AXIS2_PLACEMENT_3D('',#6939,#6940,#6941);
#6943=CYLINDRICAL_SURFACE('',#6942,0.25);
#6944=ORIENTED_EDGE('',*,*,#2047,.F.);
#6945=ORIENTED_EDGE('',*,*,#6932,.F.);
#6946=ORIENTED_EDGE('',*,*,#1615,.F.);
#6947=CARTESIAN_POINT('',(35.8,188.,11.2));
#6948=DIRECTION('',(-0.,-0.,-1.));
#6949=VECTOR('',#6948,1.3);
#6950=LINE('',#6947,#6949);
#6951=EDGE_CURVE('',#2041,#1601,#6950,.T.);
#6952=ORIENTED_EDGE('',*,*,#6951,.F.);
#6953=EDGE_LOOP('',(#6944,#6945,#6946,#6952));
#6954=FACE_BOUND('',#6953,.T.);
#6955=ADVANCED_FACE('',(#6954),#6943,.F.);
#6956=CARTESIAN_POINT('',(35.8,193.547265042,10.519515836));
#6957=DIRECTION('',(-1.,0.,0.));
#6958=DIRECTION('',(0.,0.,1.));
#6959=AXIS2_PLACEMENT_3D('',#6956,#6957,#6958);
#6960=PLANE('',#6959);
#6961=ORIENTED_EDGE('',*,*,#1606,.F.);
#6962=CARTESIAN_POINT('',(35.8,191.25,9.9));
#6963=DIRECTION('',(0.,0.,1.));
#6964=VECTOR('',#6963,1.3);
#6965=LINE('',#6962,#6964);
#6966=EDGE_CURVE('',#1592,#2050,#6965,.T.);
#6967=ORIENTED_EDGE('',*,*,#6966,.T.);
#6968=ORIENTED_EDGE('',*,*,#2055,.T.);
#6969=ORIENTED_EDGE('',*,*,#6951,.T.);
#6970=EDGE_LOOP('',(#6961,#6967,#6968,#6969));
#6971=FACE_BOUND('',#6970,.T.);
#6972=ADVANCED_FACE('',(#6971),#6960,.F.);
#6973=CARTESIAN_POINT('',(36.05,191.25,10.525));
#6974=DIRECTION('',(0.,0.,1.));
#6975=DIRECTION('',(1.,0.,-0.));
#6976=AXIS2_PLACEMENT_3D('',#6973,#6974,#6975);
#6977=CYLINDRICAL_SURFACE('',#6976,0.25);
#6978=ORIENTED_EDGE('',*,*,#2062,.F.);
#6979=ORIENTED_EDGE('',*,*,#6966,.F.);
#6980=ORIENTED_EDGE('',*,*,#1598,.F.);
#6981=CARTESIAN_POINT('',(36.05,191.5,11.2));
#6982=DIRECTION('',(-0.,-0.,-1.));
#6983=VECTOR('',#6982,1.3);
#6984=LINE('',#6981,#6983);
#6985=EDGE_CURVE('',#1999,#1584,#6984,.T.);
#6986=ORIENTED_EDGE('',*,*,#6985,.F.);
#6987=EDGE_LOOP('',(#6978,#6979,#6980,#6986));
#6988=FACE_BOUND('',#6987,.T.);
#6989=ADVANCED_FACE('',(#6988),#6977,.F.);
#6990=CARTESIAN_POINT('',(15.3,191.5,10.525));
#6991=DIRECTION('',(0.,1.,0.));
#6992=DIRECTION('',(-1.,0.,0.));
#6993=AXIS2_PLACEMENT_3D('',#6990,#6991,#6992);
#6994=PLANE('',#6993);
#6995=ORIENTED_EDGE('',*,*,#2004,.T.);
#6996=ORIENTED_EDGE('',*,*,#6985,.T.);
#6997=ORIENTED_EDGE('',*,*,#1589,.F.);
#6998=CARTESIAN_POINT('',(36.55,191.5,9.9));
#6999=DIRECTION('',(0.,0.,1.));
#7000=VECTOR('',#6999,1.3);
#7001=LINE('',#6998,#7000);
#7002=EDGE_CURVE('',#1575,#1997,#7001,.T.);
#7003=ORIENTED_EDGE('',*,*,#7002,.T.);
#7004=EDGE_LOOP('',(#6995,#6996,#6997,#7003));
#7005=FACE_BOUND('',#7004,.T.);
#7006=ADVANCED_FACE('',(#7005),#6994,.F.);
#7007=CARTESIAN_POINT('',(36.55,191.25,10.519515836));
#7008=DIRECTION('',(0.,0.,-1.));
#7009=DIRECTION('',(-1.,0.,0.));
#7010=AXIS2_PLACEMENT_3D('',#7007,#7008,#7009);
#7011=CYLINDRICAL_SURFACE('',#7010,0.25);
#7012=ORIENTED_EDGE('',*,*,#2013,.F.);
#7013=ORIENTED_EDGE('',*,*,#7002,.F.);
#7014=ORIENTED_EDGE('',*,*,#1581,.F.);
#7015=CARTESIAN_POINT('',(36.8,191.25,11.2));
#7016=DIRECTION('',(-0.,-0.,-1.));
#7017=VECTOR('',#7016,1.3);
#7018=LINE('',#7015,#7017);
#7019=EDGE_CURVE('',#2007,#1565,#7018,.T.);
#7020=ORIENTED_EDGE('',*,*,#7019,.F.);
#7021=EDGE_LOOP('',(#7012,#7013,#7014,#7020));
#7022=FACE_BOUND('',#7021,.T.);
#7023=ADVANCED_FACE('',(#7022),#7011,.F.);
#7024=CARTESIAN_POINT('',(36.8,193.547265042,10.519515836));
#7025=DIRECTION('',(-1.,0.,0.));
#7026=DIRECTION('',(0.,0.,1.));
#7027=AXIS2_PLACEMENT_3D('',#7024,#7025,#7026);
#7028=PLANE('',#7027);
#7029=ORIENTED_EDGE('',*,*,#2021,.F.);
#7030=ORIENTED_EDGE('',*,*,#7019,.T.);
#7031=ORIENTED_EDGE('',*,*,#1572,.T.);
#7032=ORIENTED_EDGE('',*,*,#6910,.T.);
#7033=EDGE_LOOP('',(#7029,#7030,#7031,#7032));
#7034=FACE_BOUND('',#7033,.T.);
#7035=ADVANCED_FACE('',(#7034),#7028,.T.);
#7036=CARTESIAN_POINT('',(38.25,188.,10.519515836));
#7037=DIRECTION('',(0.,0.,-1.));
#7038=DIRECTION('',(-1.,0.,0.));
#7039=AXIS2_PLACEMENT_3D('',#7036,#7037,#7038);
#7040=CYLINDRICAL_SURFACE('',#7039,0.25);
#7041=ORIENTED_EDGE('',*,*,#1960,.F.);
#7042=CARTESIAN_POINT('',(38.25,187.75,9.9));
#7043=DIRECTION('',(0.,0.,1.));
#7044=VECTOR('',#7043,1.3);
#7045=LINE('',#7042,#7044);
#7046=EDGE_CURVE('',#1497,#1946,#7045,.T.);
#7047=ORIENTED_EDGE('',*,*,#7046,.F.);
#7048=ORIENTED_EDGE('',*,*,#1560,.F.);
#7049=CARTESIAN_POINT('',(38.,188.,11.2));
#7050=DIRECTION('',(-0.,-0.,-1.));
#7051=VECTOR('',#7050,1.3);
#7052=LINE('',#7049,#7051);
#7053=EDGE_CURVE('',#1954,#1548,#7052,.T.);
#7054=ORIENTED_EDGE('',*,*,#7053,.F.);
#7055=EDGE_LOOP('',(#7041,#7047,#7048,#7054));
#7056=FACE_BOUND('',#7055,.T.);
#7057=ADVANCED_FACE('',(#7056),#7040,.F.);
#7058=CARTESIAN_POINT('',(38.,193.547265042,10.519515836));
#7059=DIRECTION('',(-1.,0.,0.));
#7060=DIRECTION('',(0.,0.,1.));
#7061=AXIS2_PLACEMENT_3D('',#7058,#7059,#7060);
#7062=PLANE('',#7061);
#7063=ORIENTED_EDGE('',*,*,#1553,.F.);
#7064=CARTESIAN_POINT('',(38.,191.25,9.9));
#7065=DIRECTION('',(0.,0.,1.));
#7066=VECTOR('',#7065,1.3);
#7067=LINE('',#7064,#7066);
#7068=EDGE_CURVE('',#1539,#1963,#7067,.T.);
#7069=ORIENTED_EDGE('',*,*,#7068,.T.);
#7070=ORIENTED_EDGE('',*,*,#1968,.T.);
#7071=ORIENTED_EDGE('',*,*,#7053,.T.);
#7072=EDGE_LOOP('',(#7063,#7069,#7070,#7071));
#7073=FACE_BOUND('',#7072,.T.);
#7074=ADVANCED_FACE('',(#7073),#7062,.F.);
#7075=CARTESIAN_POINT('',(38.25,191.25,10.525));
#7076=DIRECTION('',(0.,0.,1.));
#7077=DIRECTION('',(1.,0.,-0.));
#7078=AXIS2_PLACEMENT_3D('',#7075,#7076,#7077);
#7079=CYLINDRICAL_SURFACE('',#7078,0.25);
#7080=ORIENTED_EDGE('',*,*,#1977,.F.);
#7081=ORIENTED_EDGE('',*,*,#7068,.F.);
#7082=ORIENTED_EDGE('',*,*,#1545,.F.);
#7083=CARTESIAN_POINT('',(38.25,191.5,11.2));
#7084=DIRECTION('',(-0.,-0.,-1.));
#7085=VECTOR('',#7084,1.3);
#7086=LINE('',#7083,#7085);
#7087=EDGE_CURVE('',#1971,#1531,#7086,.T.);
#7088=ORIENTED_EDGE('',*,*,#7087,.F.);
#7089=EDGE_LOOP('',(#7080,#7081,#7082,#7088));
#7090=FACE_BOUND('',#7089,.T.);
#7091=ADVANCED_FACE('',(#7090),#7079,.F.);
#7092=CARTESIAN_POINT('',(15.3,191.5,10.525));
#7093=DIRECTION('',(0.,1.,0.));
#7094=DIRECTION('',(-1.,0.,0.));
#7095=AXIS2_PLACEMENT_3D('',#7092,#7093,#7094);
#7096=PLANE('',#7095);
#7097=ORIENTED_EDGE('',*,*,#1985,.T.);
#7098=ORIENTED_EDGE('',*,*,#7087,.T.);
#7099=ORIENTED_EDGE('',*,*,#1536,.F.);
#7100=CARTESIAN_POINT('',(38.75,191.5,9.9));
#7101=DIRECTION('',(0.,0.,1.));
#7102=VECTOR('',#7101,1.3);
#7103=LINE('',#7100,#7102);
#7104=EDGE_CURVE('',#1522,#1980,#7103,.T.);
#7105=ORIENTED_EDGE('',*,*,#7104,.T.);
#7106=EDGE_LOOP('',(#7097,#7098,#7099,#7105));
#7107=FACE_BOUND('',#7106,.T.);
#7108=ADVANCED_FACE('',(#7107),#7096,.F.);
#7109=CARTESIAN_POINT('',(38.75,191.25,10.519515836));
#7110=DIRECTION('',(0.,0.,-1.));
#7111=DIRECTION('',(-1.,0.,0.));
#7112=AXIS2_PLACEMENT_3D('',#7109,#7110,#7111);
#7113=CYLINDRICAL_SURFACE('',#7112,0.25);
#7114=ORIENTED_EDGE('',*,*,#1992,.F.);
#7115=ORIENTED_EDGE('',*,*,#7104,.F.);
#7116=ORIENTED_EDGE('',*,*,#1528,.F.);
#7117=CARTESIAN_POINT('',(39.,191.25,11.2));
#7118=DIRECTION('',(-0.,-0.,-1.));
#7119=VECTOR('',#7118,1.3);
#7120=LINE('',#7117,#7119);
#7121=EDGE_CURVE('',#1927,#1514,#7120,.T.);
#7122=ORIENTED_EDGE('',*,*,#7121,.F.);
#7123=EDGE_LOOP('',(#7114,#7115,#7116,#7122));
#7124=FACE_BOUND('',#7123,.T.);
#7125=ADVANCED_FACE('',(#7124),#7113,.F.);
#7126=CARTESIAN_POINT('',(39.,193.547265042,10.519515836));
#7127=DIRECTION('',(-1.,0.,0.));
#7128=DIRECTION('',(0.,0.,1.));
#7129=AXIS2_PLACEMENT_3D('',#7126,#7127,#7128);
#7130=PLANE('',#7129);
#7131=ORIENTED_EDGE('',*,*,#1934,.F.);
#7132=ORIENTED_EDGE('',*,*,#7121,.T.);
#7133=ORIENTED_EDGE('',*,*,#1519,.T.);
#7134=CARTESIAN_POINT('',(39.,188.,9.9));
#7135=DIRECTION('',(0.,0.,1.));
#7136=VECTOR('',#7135,1.3);
#7137=LINE('',#7134,#7136);
#7138=EDGE_CURVE('',#1505,#1929,#7137,.T.);
#7139=ORIENTED_EDGE('',*,*,#7138,.T.);
#7140=EDGE_LOOP('',(#7131,#7132,#7133,#7139));
#7141=FACE_BOUND('',#7140,.T.);
#7142=ADVANCED_FACE('',(#7141),#7130,.T.);
#7143=CARTESIAN_POINT('',(38.75,188.,10.525));
#7144=DIRECTION('',(0.,0.,1.));
#7145=DIRECTION('',(1.,0.,-0.));
#7146=AXIS2_PLACEMENT_3D('',#7143,#7144,#7145);
#7147=CYLINDRICAL_SURFACE('',#7146,0.25);
#7148=ORIENTED_EDGE('',*,*,#1943,.F.);
#7149=ORIENTED_EDGE('',*,*,#7138,.F.);
#7150=ORIENTED_EDGE('',*,*,#1511,.F.);
#7151=CARTESIAN_POINT('',(38.75,187.75,11.2));
#7152=DIRECTION('',(-0.,-0.,-1.));
#7153=VECTOR('',#7152,1.3);
#7154=LINE('',#7151,#7153);
#7155=EDGE_CURVE('',#1937,#1495,#7154,.T.);
#7156=ORIENTED_EDGE('',*,*,#7155,.F.);
#7157=EDGE_LOOP('',(#7148,#7149,#7150,#7156));
#7158=FACE_BOUND('',#7157,.T.);
#7159=ADVANCED_FACE('',(#7158),#7147,.F.);
#7160=CARTESIAN_POINT('',(15.3,187.75,10.525));
#7161=DIRECTION('',(0.,1.,0.));
#7162=DIRECTION('',(-1.,0.,0.));
#7163=AXIS2_PLACEMENT_3D('',#7160,#7161,#7162);
#7164=PLANE('',#7163);
#7165=ORIENTED_EDGE('',*,*,#1502,.T.);
#7166=ORIENTED_EDGE('',*,*,#7046,.T.);
#7167=ORIENTED_EDGE('',*,*,#1951,.F.);
#7168=ORIENTED_EDGE('',*,*,#7155,.T.);
#7169=EDGE_LOOP('',(#7165,#7166,#7167,#7168));
#7170=FACE_BOUND('',#7169,.T.);
#7171=ADVANCED_FACE('',(#7170),#7164,.T.);
#7172=CLOSED_SHELL('',(#100,#146,#181,#216,#332,#365,#437,#486,#517,#557,#582,#608,#633,#665,#744,#775,#806,#839,#870,#903,#938,#973,#1013,#1069,#1100,#1124,
#1155,#1173,#1204,#1634,#2066,#2131,#2148,#2172,#2203,#2254,#2282,#2310,#2327,#2344,#2425,#2458,#2624,#2641,#2713,#2731,#2749,#2767,#2801,#2825,#2858,
#2875,#2893,#2905,#2923,#2981,#3023,#3118,#3313,#3339,#3370,#3394,#3425,#3467,#3523,#3556,#3612,#3644,#3670,#3712,#3753,#3866,#3894,#3919,#3951,#3986,
#4004,#4051,#4075,#4108,#4125,#4153,#4170,#4196,#4213,#4230,#4255,#4273,#4294,#4313,#4325,#4337,#4349,#4367,#4379,#4410,#4434,#4458,#4475,#4506,#4537,
#4554,#4571,#4583,#4616,#4662,#4679,#4711,#4743,#4760,#4771,#4788,#4800,#4818,#4836,#4848,#4888,#4928,#5077,#5112,#5154,#5192,#5223,#5255,#5295,#5335,
#5377,#5419,#5470,#5600,#5622,#5644,#5666,#5696,#5721,#5754,#5776,#5793,#5810,#5822,#5844,#5861,#5878,#5890,#5907,#5924,#5937,#5954,#5971,#5988,#6022,
#6040,#6076,#6093,#6114,#6147,#6173,#6204,#6226,#6247,#6264,#6281,#6303,#6315,#6333,#6358,#6379,#6391,#6406,#6428,#6445,#6462,#6474,#6492,#6509,#6527,
#6548,#6565,#6579,#6621,#6652,#6682,#6699,#6724,#6736,#6756,#6773,#6790,#6802,#6819,#6836,#6853,#6870,#6887,#6899,#6921,#6938,#6955,#6972,#6989,#7006,
#7023,#7035,#7057,#7074,#7091,#7108,#7125,#7142,#7159,#7171));
#7173=MANIFOLD_SOLID_BREP('inner_panel*',#7172);
#7174=COLOUR_RGB('',0.494117647,0.494117647,0.525490224);
#7175=FILL_AREA_STYLE_COLOUR('',#7174);
#7176=FILL_AREA_STYLE('',(#7175));
#7177=SURFACE_STYLE_FILL_AREA(#7176);
#7178=SURFACE_SIDE_STYLE('',(#7177));
#7179=SURFACE_STYLE_USAGE(.BOTH.,#7178);
#7180=PRESENTATION_STYLE_ASSIGNMENT((#7179));
#54=STYLED_ITEM('',(#7180),#7173);
#7182=CARTESIAN_POINT('',(13.7,12.5,9.75));
#7183=DIRECTION('',(-1.,0.,0.));
#7184=DIRECTION('',(0.,-1.,0.));
#7185=AXIS2_PLACEMENT_3D('',#7182,#7183,#7184);
#7186=PLANE('',#7185);
#7187=CARTESIAN_POINT('',(13.7,175.299996705,10.486032064));
#7188=VERTEX_POINT('',#7187);
#7189=CARTESIAN_POINT('',(13.7,18.200003071,10.495570037));
#7190=VERTEX_POINT('',#7189);
#7191=CARTESIAN_POINT('',(13.7,175.299996705,10.5));
#7192=DIRECTION('',(0.,-1.,0.));
#7193=VECTOR('',#7192,157.099993635);
#7194=LINE('',#7191,#7193);
#7195=EDGE_CURVE('',#7188,#7190,#7194,.T.);
#7196=ORIENTED_EDGE('',*,*,#7195,.T.);
#7197=CARTESIAN_POINT('',(13.7,18.2,9.9));
#7198=VERTEX_POINT('',#7197);
#7199=CARTESIAN_POINT('',(13.7,18.2,10.495570037));
#7200=DIRECTION('',(0.,0.,-1.));
#7201=VECTOR('',#7200,0.595570037);
#7202=LINE('',#7199,#7201);
#7203=EDGE_CURVE('',#7190,#7198,#7202,.T.);
#7204=ORIENTED_EDGE('',*,*,#7203,.T.);
#7205=CARTESIAN_POINT('',(13.7,175.3,9.9));
#7206=VERTEX_POINT('',#7205);
#7207=CARTESIAN_POINT('',(13.7,18.2,9.9));
#7208=DIRECTION('',(-0.,1.,-0.));
#7209=VECTOR('',#7208,157.1);
#7210=LINE('',#7207,#7209);
#7211=EDGE_CURVE('',#7198,#7206,#7210,.T.);
#7212=ORIENTED_EDGE('',*,*,#7211,.T.);
#7213=CARTESIAN_POINT('',(13.7,175.3,9.9));
#7214=DIRECTION('',(0.,0.,1.));
#7215=VECTOR('',#7214,0.586032064);
#7216=LINE('',#7213,#7215);
#7217=EDGE_CURVE('',#7206,#7188,#7216,.T.);
#7218=ORIENTED_EDGE('',*,*,#7217,.T.);
#7219=EDGE_LOOP('',(#7196,#7204,#7212,#7218));
#7220=FACE_BOUND('',#7219,.T.);
#7221=ADVANCED_FACE('',(#7220),#7186,.F.);
#7222=CARTESIAN_POINT('',(224.3,17.,10.5));
#7223=DIRECTION('',(0.,-1.,0.));
#7224=DIRECTION('',(-1.,0.,0.));
#7225=AXIS2_PLACEMENT_3D('',#7222,#7223,#7224);
#7226=PLANE('',#7225);
#7227=CARTESIAN_POINT('',(14.9,17.,9.9));
#7228=VERTEX_POINT('',#7227);
#7229=CARTESIAN_POINT('',(226.5,17.,9.9));
#7230=VERTEX_POINT('',#7229);
#7231=CARTESIAN_POINT('',(14.9,17.,9.9));
#7232=DIRECTION('',(1.,-0.,-0.));
#7233=VECTOR('',#7232,211.6);
#7234=LINE('',#7231,#7233);
#7235=EDGE_CURVE('',#7228,#7230,#7234,.T.);
#7236=ORIENTED_EDGE('',*,*,#7235,.F.);
#7237=CARTESIAN_POINT('',(14.900004223,17.,10.514172544));
#7238=VERTEX_POINT('',#7237);
#7239=CARTESIAN_POINT('',(14.9,17.,9.9));
#7240=DIRECTION('',(-0.,-0.,1.));
#7241=VECTOR('',#7240,0.614172544);
#7242=LINE('',#7239,#7241);
#7243=EDGE_CURVE('',#7228,#7238,#7242,.T.);
#7244=ORIENTED_EDGE('',*,*,#7243,.T.);
#7245=CARTESIAN_POINT('',(226.499996628,17.,10.508413515));
#7246=VERTEX_POINT('',#7245);
#7247=CARTESIAN_POINT('',(226.499996628,17.,10.5));
#7248=DIRECTION('',(-1.,0.,0.));
#7249=VECTOR('',#7248,211.599992405);
#7250=LINE('',#7247,#7249);
#7251=EDGE_CURVE('',#7246,#7238,#7250,.T.);
#7252=ORIENTED_EDGE('',*,*,#7251,.F.);
#7253=CARTESIAN_POINT('',(226.5,17.,10.508413515));
#7254=DIRECTION('',(0.,0.,-1.));
#7255=VECTOR('',#7254,0.608413515);
#7256=LINE('',#7253,#7255);
#7257=EDGE_CURVE('',#7246,#7230,#7256,.T.);
#7258=ORIENTED_EDGE('',*,*,#7257,.T.);
#7259=EDGE_LOOP('',(#7236,#7244,#7252,#7258));
#7260=FACE_BOUND('',#7259,.T.);
#7261=ADVANCED_FACE('',(#7260),#7226,.F.);
#7262=CARTESIAN_POINT('',(227.7,12.5,9.));
#7263=DIRECTION('',(1.,0.,0.));
#7264=DIRECTION('',(0.,-1.,0.));
#7265=AXIS2_PLACEMENT_3D('',#7262,#7263,#7264);
#7266=PLANE('',#7265);
#7267=CARTESIAN_POINT('',(227.7,18.2,9.9));
#7268=VERTEX_POINT('',#7267);
#7269=CARTESIAN_POINT('',(227.7,175.3,9.9));
#7270=VERTEX_POINT('',#7269);
#7271=CARTESIAN_POINT('',(227.7,18.2,9.9));
#7272=DIRECTION('',(-0.,1.,-0.));
#7273=VECTOR('',#7272,157.1);
#7274=LINE('',#7271,#7273);
#7275=EDGE_CURVE('',#7268,#7270,#7274,.T.);
#7276=ORIENTED_EDGE('',*,*,#7275,.F.);
#7277=CARTESIAN_POINT('',(227.7,18.200002862,10.502559631));
#7278=VERTEX_POINT('',#7277);
#7279=CARTESIAN_POINT('',(227.7,18.2,9.9));
#7280=DIRECTION('',(-0.,-0.,1.));
#7281=VECTOR('',#7280,0.602559631);
#7282=LINE('',#7279,#7281);
#7283=EDGE_CURVE('',#7268,#7278,#7282,.T.);
#7284=ORIENTED_EDGE('',*,*,#7283,.T.);
#7285=CARTESIAN_POINT('',(227.7,175.299995408,10.49720113));
#7286=VERTEX_POINT('',#7285);
#7287=CARTESIAN_POINT('',(227.7,18.200002862,10.5));
#7288=DIRECTION('',(-0.,1.,-0.));
#7289=VECTOR('',#7288,157.099992547);
#7290=LINE('',#7287,#7289);
#7291=EDGE_CURVE('',#7278,#7286,#7290,.T.);
#7292=ORIENTED_EDGE('',*,*,#7291,.T.);
#7293=CARTESIAN_POINT('',(227.7,175.3,10.49720113));
#7294=DIRECTION('',(-0.,-0.,-1.));
#7295=VECTOR('',#7294,0.59720113);
#7296=LINE('',#7293,#7295);
#7297=EDGE_CURVE('',#7286,#7270,#7296,.T.);
#7298=ORIENTED_EDGE('',*,*,#7297,.T.);
#7299=EDGE_LOOP('',(#7276,#7284,#7292,#7298));
#7300=FACE_BOUND('',#7299,.T.);
#7301=ADVANCED_FACE('',(#7300),#7266,.F.);
#7302=CARTESIAN_POINT('',(127.625,176.5,9.365));
#7303=DIRECTION('',(0.,1.,0.));
#7304=DIRECTION('',(-1.,0.,0.));
#7305=AXIS2_PLACEMENT_3D('',#7302,#7303,#7304);
#7306=PLANE('',#7305);
#7307=CARTESIAN_POINT('',(14.900003566,176.5,10.518950579));
#7308=VERTEX_POINT('',#7307);
#7309=CARTESIAN_POINT('',(226.500002659,176.5,10.509324407));
#7310=VERTEX_POINT('',#7309);
#7311=CARTESIAN_POINT('',(14.900003566,176.5,10.5));
#7312=DIRECTION('',(1.,-0.,-0.));
#7313=VECTOR('',#7312,211.599996434);
#7314=LINE('',#7311,#7313);
#7315=EDGE_CURVE('',#7308,#7310,#7314,.T.);
#7316=ORIENTED_EDGE('',*,*,#7315,.F.);
#7317=CARTESIAN_POINT('',(14.9,176.5,9.9));
#7318=VERTEX_POINT('',#7317);
#7319=CARTESIAN_POINT('',(14.9,176.5,10.518950579));
#7320=DIRECTION('',(-0.,-0.,-1.));
#7321=VECTOR('',#7320,0.618950579);
#7322=LINE('',#7319,#7321);
#7323=EDGE_CURVE('',#7308,#7318,#7322,.T.);
#7324=ORIENTED_EDGE('',*,*,#7323,.T.);
#7325=CARTESIAN_POINT('',(226.5,176.5,9.9));
#7326=VERTEX_POINT('',#7325);
#7327=CARTESIAN_POINT('',(226.5,176.5,9.9));
#7328=DIRECTION('',(-1.,0.,0.));
#7329=VECTOR('',#7328,211.6);
#7330=LINE('',#7327,#7329);
#7331=EDGE_CURVE('',#7326,#7318,#7330,.T.);
#7332=ORIENTED_EDGE('',*,*,#7331,.F.);
#7333=CARTESIAN_POINT('',(226.5,176.5,9.9));
#7334=DIRECTION('',(0.,0.,1.));
#7335=VECTOR('',#7334,0.609324407);
#7336=LINE('',#7333,#7335);
#7337=EDGE_CURVE('',#7326,#7310,#7336,.T.);
#7338=ORIENTED_EDGE('',*,*,#7337,.T.);
#7339=EDGE_LOOP('',(#7316,#7324,#7332,#7338));
#7340=FACE_BOUND('',#7339,.T.);
#7341=ADVANCED_FACE('',(#7340),#7306,.F.);
#7342=CARTESIAN_POINT('',(120.7,14.5,10.55));
#7343=DIRECTION('',(0.,1.,0.));
#7344=DIRECTION('',(0.,0.,1.));
#7345=AXIS2_PLACEMENT_3D('',#7342,#7343,#7344);
#7346=PLANE('',#7345);
#7347=CARTESIAN_POINT('',(230.2,14.5,11.2));
#7348=VERTEX_POINT('',#7347);
#7349=CARTESIAN_POINT('',(11.2,14.5,11.2));
#7350=VERTEX_POINT('',#7349);
#7351=CARTESIAN_POINT('',(230.2,14.5,11.2));
#7352=DIRECTION('',(-1.,-0.,-0.));
#7353=VECTOR('',#7352,219.);
#7354=LINE('',#7351,#7353);
#7355=EDGE_CURVE('',#7348,#7350,#7354,.T.);
#7356=ORIENTED_EDGE('',*,*,#7355,.T.);
#7357=CARTESIAN_POINT('',(11.2,14.5,9.9));
#7358=VERTEX_POINT('',#7357);
#7359=CARTESIAN_POINT('',(11.2,14.5,11.2));
#7360=DIRECTION('',(0.,0.,-1.));
#7361=VECTOR('',#7360,1.3);
#7362=LINE('',#7359,#7361);
#7363=EDGE_CURVE('',#7350,#7358,#7362,.T.);
#7364=ORIENTED_EDGE('',*,*,#7363,.T.);
#7365=CARTESIAN_POINT('',(230.2,14.5,9.9));
#7366=VERTEX_POINT('',#7365);
#7367=CARTESIAN_POINT('',(230.2,14.5,9.9));
#7368=DIRECTION('',(-1.,0.,0.));
#7369=VECTOR('',#7368,219.);
#7370=LINE('',#7367,#7369);
#7371=EDGE_CURVE('',#7366,#7358,#7370,.T.);
#7372=ORIENTED_EDGE('',*,*,#7371,.F.);
#7373=CARTESIAN_POINT('',(230.2,14.5,11.2));
#7374=DIRECTION('',(0.,0.,-1.));
#7375=VECTOR('',#7374,1.3);
#7376=LINE('',#7373,#7375);
#7377=EDGE_CURVE('',#7348,#7366,#7376,.T.);
#7378=ORIENTED_EDGE('',*,*,#7377,.F.);
#7379=EDGE_LOOP('',(#7356,#7364,#7372,#7378));
#7380=FACE_BOUND('',#7379,.T.);
#7381=ADVANCED_FACE('',(#7380),#7346,.F.);
#7382=CARTESIAN_POINT('',(230.2,96.75,10.55));
#7383=DIRECTION('',(-1.,0.,0.));
#7384=DIRECTION('',(0.,0.,1.));
#7385=AXIS2_PLACEMENT_3D('',#7382,#7383,#7384);
#7386=PLANE('',#7385);
#7387=CARTESIAN_POINT('',(230.2,179.,9.9));
#7388=VERTEX_POINT('',#7387);
#7389=CARTESIAN_POINT('',(230.2,179.,9.9));
#7390=DIRECTION('',(0.,-1.,0.));
#7391=VECTOR('',#7390,164.5);
#7392=LINE('',#7389,#7391);
#7393=EDGE_CURVE('',#7388,#7366,#7392,.T.);
#7394=ORIENTED_EDGE('',*,*,#7393,.F.);
#7395=CARTESIAN_POINT('',(230.2,179.,11.2));
#7396=VERTEX_POINT('',#7395);
#7397=CARTESIAN_POINT('',(230.2,179.,9.9));
#7398=DIRECTION('',(0.,0.,1.));
#7399=VECTOR('',#7398,1.3);
#7400=LINE('',#7397,#7399);
#7401=EDGE_CURVE('',#7388,#7396,#7400,.T.);
#7402=ORIENTED_EDGE('',*,*,#7401,.T.);
#7403=CARTESIAN_POINT('',(230.2,179.,11.2));
#7404=DIRECTION('',(-0.,-1.,-0.));
#7405=VECTOR('',#7404,164.5);
#7406=LINE('',#7403,#7405);
#7407=EDGE_CURVE('',#7396,#7348,#7406,.T.);
#7408=ORIENTED_EDGE('',*,*,#7407,.T.);
#7409=ORIENTED_EDGE('',*,*,#7377,.T.);
#7410=EDGE_LOOP('',(#7394,#7402,#7408,#7409));
#7411=FACE_BOUND('',#7410,.T.);
#7412=ADVANCED_FACE('',(#7411),#7386,.F.);
#7413=CARTESIAN_POINT('',(11.2,96.75,10.55));
#7414=DIRECTION('',(1.,0.,0.));
#7415=DIRECTION('',(0.,0.,-1.));
#7416=AXIS2_PLACEMENT_3D('',#7413,#7414,#7415);
#7417=PLANE('',#7416);
#7418=CARTESIAN_POINT('',(11.2,179.,11.2));
#7419=VERTEX_POINT('',#7418);
#7420=CARTESIAN_POINT('',(11.2,14.5,11.2));
#7421=DIRECTION('',(-0.,1.,0.));
#7422=VECTOR('',#7421,164.5);
#7423=LINE('',#7420,#7422);
#7424=EDGE_CURVE('',#7350,#7419,#7423,.T.);
#7425=ORIENTED_EDGE('',*,*,#7424,.T.);
#7426=CARTESIAN_POINT('',(11.2,179.,9.9));
#7427=VERTEX_POINT('',#7426);
#7428=CARTESIAN_POINT('',(11.2,179.,11.2));
#7429=DIRECTION('',(0.,0.,-1.));
#7430=VECTOR('',#7429,1.3);
#7431=LINE('',#7428,#7430);
#7432=EDGE_CURVE('',#7419,#7427,#7431,.T.);
#7433=ORIENTED_EDGE('',*,*,#7432,.T.);
#7434=CARTESIAN_POINT('',(11.2,14.5,9.9));
#7435=DIRECTION('',(0.,1.,0.));
#7436=VECTOR('',#7435,164.5);
#7437=LINE('',#7434,#7436);
#7438=EDGE_CURVE('',#7358,#7427,#7437,.T.);
#7439=ORIENTED_EDGE('',*,*,#7438,.F.);
#7440=ORIENTED_EDGE('',*,*,#7363,.F.);
#7441=EDGE_LOOP('',(#7425,#7433,#7439,#7440));
#7442=FACE_BOUND('',#7441,.T.);
#7443=ADVANCED_FACE('',(#7442),#7417,.F.);
#7444=CARTESIAN_POINT('',(230.199968631,179.00025841,11.201580851));
#7445=CARTESIAN_POINT('',(230.199968631,178.987856192,11.201180613));
#7446=CARTESIAN_POINT('',(230.199968631,178.51440417,11.18656147));
#7447=CARTESIAN_POINT('',(230.199968631,177.579902344,11.209144933));
#7448=CARTESIAN_POINT('',(230.199968631,176.19675293,11.19894144));
#7449=CARTESIAN_POINT('',(230.199968631,174.813603516,11.200603468));
#7450=CARTESIAN_POINT('',(230.199968631,173.276770833,11.199948974));
#7451=CARTESIAN_POINT('',(230.199968631,171.432571615,11.200118941));
#7452=CARTESIAN_POINT('',(230.199968631,168.819956055,11.200057783));
#7453=CARTESIAN_POINT('',(230.199968631,164.670507812,11.200068277));
#7454=CARTESIAN_POINT('',(230.199968631,158.215810547,11.200057632));
#7455=CARTESIAN_POINT('',(230.199968631,148.072714844,11.200068206));
#7456=CARTESIAN_POINT('',(230.199968631,133.933854167,11.200066405));
#7457=CARTESIAN_POINT('',(230.199968631,115.491861979,11.200083967));
#7458=CARTESIAN_POINT('',(230.199968631,94.5909375,11.200089656));
#7459=CARTESIAN_POINT('',(230.199968631,73.690013021,11.200095609));
#7460=CARTESIAN_POINT('',(230.199968631,55.862753906,11.200099272));
#7461=CARTESIAN_POINT('',(230.199968631,42.953359375,11.200099989));
#7462=CARTESIAN_POINT('',(230.199968631,34.347096354,11.200110504));
#7463=CARTESIAN_POINT('',(230.199968631,28.507132161,11.200093457));
#7464=CARTESIAN_POINT('',(230.199968631,24.050317383,11.200182623));
#7465=CARTESIAN_POINT('',(230.199968631,20.82296875,11.19999039));
#7466=CARTESIAN_POINT('',(230.199968631,18.671402995,11.20068009));
#7467=CARTESIAN_POINT('',(230.199968631,17.134570312,11.198294183));
#7468=CARTESIAN_POINT('',(230.199968631,15.79540397,11.211949103));
#7469=CARTESIAN_POINT('',(230.199968631,14.917287433,11.19030258));
#7470=CARTESIAN_POINT('',(230.199968631,14.5002207,11.205906943));
#7471=CARTESIAN_POINT('',(230.183582603,179.00025841,11.201253963));
#7472=CARTESIAN_POINT('',(230.183582603,178.987856192,11.200840609));
#7473=CARTESIAN_POINT('',(230.183582603,178.51440417,11.185713205));
#7474=CARTESIAN_POINT('',(230.183582603,177.579902344,11.206711532));
#7475=CARTESIAN_POINT('',(230.183582603,176.19675293,11.194303056));
#7476=CARTESIAN_POINT('',(230.183582603,174.813603516,11.196560777));
#7477=CARTESIAN_POINT('',(230.183582603,173.276770833,11.195713686));
#7478=CARTESIAN_POINT('',(230.183582603,171.432571615,11.195910751));
#7479=CARTESIAN_POINT('',(230.183582603,168.819956055,11.195835838));
#7480=CARTESIAN_POINT('',(230.183582603,164.670507812,11.195878242));
#7481=CARTESIAN_POINT('',(230.183582603,158.215810547,11.195919131));
#7482=CARTESIAN_POINT('',(230.183582603,148.072714844,11.196005657));
#7483=CARTESIAN_POINT('',(230.183582603,133.933854167,11.195981285));
#7484=CARTESIAN_POINT('',(230.183582603,115.491861979,11.195996565));
#7485=CARTESIAN_POINT('',(230.183582603,94.5909375,11.196011088));
#7486=CARTESIAN_POINT('',(230.183582603,73.690013021,11.19601278));
#7487=CARTESIAN_POINT('',(230.183582603,55.862753906,11.196007265));
#7488=CARTESIAN_POINT('',(230.183582603,42.953359375,11.195990431));
#7489=CARTESIAN_POINT('',(230.183582603,34.347096354,11.195973155));
#7490=CARTESIAN_POINT('',(230.183582603,28.507132161,11.195906581));
#7491=CARTESIAN_POINT('',(230.183582603,24.050317383,11.19598782));
#7492=CARTESIAN_POINT('',(230.183582603,20.82296875,11.195725032));
#7493=CARTESIAN_POINT('',(230.183582603,18.671402995,11.196659152));
#7494=CARTESIAN_POINT('',(230.183582603,17.134570312,11.193535723));
#7495=CARTESIAN_POINT('',(230.183582603,15.79540397,11.209645526));
#7496=CARTESIAN_POINT('',(230.183582603,14.917287433,11.189160765));
#7497=CARTESIAN_POINT('',(230.183582603,14.5002207,11.205175289));
#7498=CARTESIAN_POINT('',(229.553397747,179.00025841,11.189216821));
#7499=CARTESIAN_POINT('',(229.553397747,178.987856192,11.188290987));
#7500=CARTESIAN_POINT('',(229.553397747,178.51440417,11.153295348));
#7501=CARTESIAN_POINT('',(229.553397747,177.579902344,11.111634916));
#7502=CARTESIAN_POINT('',(229.553397747,176.19675293,11.012471591));
#7503=CARTESIAN_POINT('',(229.553397747,174.813603516,11.039655364));
#7504=CARTESIAN_POINT('',(229.553397747,173.276770833,11.0316632));
#7505=CARTESIAN_POINT('',(229.553397747,171.432571615,11.033229901));
#7506=CARTESIAN_POINT('',(229.553397747,168.819956055,11.032752946));
#7507=CARTESIAN_POINT('',(229.553397747,164.670507812,11.034091046));
#7508=CARTESIAN_POINT('',(229.553397747,158.215810547,11.03610684));
#7509=CARTESIAN_POINT('',(229.553397747,148.072714844,11.039058332));
#7510=CARTESIAN_POINT('',(229.553397747,133.933854167,11.038222596));
#7511=CARTESIAN_POINT('',(229.553397747,115.491861979,11.038159131));
#7512=CARTESIAN_POINT('',(229.553397747,94.5909375,11.038506789));
#7513=CARTESIAN_POINT('',(229.553397747,73.690013021,11.038342924));
#7514=CARTESIAN_POINT('',(229.553397747,55.862753906,11.037980532));
#7515=CARTESIAN_POINT('',(229.553397747,42.953359375,11.037280723));
#7516=CARTESIAN_POINT('',(229.553397747,34.347096354,11.036193404));
#7517=CARTESIAN_POINT('',(229.553397747,28.507132161,11.034203567));
#7518=CARTESIAN_POINT('',(229.553397747,24.050317383,11.03395589));
#7519=CARTESIAN_POINT('',(229.553397747,20.82296875,11.030626053));
#7520=CARTESIAN_POINT('',(229.553397747,18.671402995,11.040780082));
#7521=CARTESIAN_POINT('',(229.553397747,17.134570312,11.006964013));
#7522=CARTESIAN_POINT('',(229.553397747,15.79540397,11.11994055));
#7523=CARTESIAN_POINT('',(229.553397747,14.917287433,11.145886573));
#7524=CARTESIAN_POINT('',(229.553397747,14.5002207,11.178024275));
#7525=CARTESIAN_POINT('',(228.309414062,179.00025841,11.206857512));
#7526=CARTESIAN_POINT('',(228.309414062,178.987856192,11.204295072));
#7527=CARTESIAN_POINT('',(228.309414062,178.51440417,11.105152261));
#7528=CARTESIAN_POINT('',(228.309414063,177.579902344,10.807518563));
#7529=CARTESIAN_POINT('',(228.309414062,176.19675293,10.384852308));
#7530=CARTESIAN_POINT('',(228.309414062,174.813603516,10.619785224));
#7531=CARTESIAN_POINT('',(228.309414063,173.276770833,10.618209106));
#7532=CARTESIAN_POINT('',(228.309414062,171.432571615,10.647976289));
#7533=CARTESIAN_POINT('',(228.309414062,168.819956055,10.6564894));
#7534=CARTESIAN_POINT('',(228.309414063,164.670507812,10.665654299));
#7535=CARTESIAN_POINT('',(228.309414062,158.215810547,10.67103454));
#7536=CARTESIAN_POINT('',(228.309414062,148.072714844,10.675176017));
#7537=CARTESIAN_POINT('',(228.309414063,133.933854167,10.67725456));
#7538=CARTESIAN_POINT('',(228.309414062,115.491861979,10.677695576));
#7539=CARTESIAN_POINT('',(228.309414063,94.5909375,10.678192264));
#7540=CARTESIAN_POINT('',(228.309414063,73.690013021,10.677566126));
#7541=CARTESIAN_POINT('',(228.309414062,55.862753906,10.676196762));
#7542=CARTESIAN_POINT('',(228.309414063,42.953359375,10.673528383));
#7543=CARTESIAN_POINT('',(228.309414062,34.347096354,10.670231211));
#7544=CARTESIAN_POINT('',(228.309414063,28.507132161,10.663009941));
#7545=CARTESIAN_POINT('',(228.309414062,24.050317383,10.660305874));
#7546=CARTESIAN_POINT('',(228.309414063,20.82296875,10.623450318));
#7547=CARTESIAN_POINT('',(228.309414062,18.671402995,10.637817991));
#7548=CARTESIAN_POINT('',(228.309414063,17.134570312,10.360298235));
#7549=CARTESIAN_POINT('',(228.309414062,15.79540397,10.855898159));
#7550=CARTESIAN_POINT('',(228.309414062,14.917287433,11.110781351));
#7551=CARTESIAN_POINT('',(228.309414062,14.5002207,11.201976192));
#7552=CARTESIAN_POINT('',(226.263417969,179.00025841,11.197752811));
#7553=CARTESIAN_POINT('',(226.263417969,178.987856192,11.194372186));
#7554=CARTESIAN_POINT('',(226.263417969,178.51440417,11.064036887));
#7555=CARTESIAN_POINT('',(226.263417969,177.579902344,10.708550443));
#7556=CARTESIAN_POINT('',(226.263417969,176.19675293,10.434065074));
#7557=CARTESIAN_POINT('',(226.263417969,174.813603516,10.253074201));
#7558=CARTESIAN_POINT('',(226.263417969,173.276770833,10.183693271));
#7559=CARTESIAN_POINT('',(226.263417969,171.432571615,10.145547756));
#7560=CARTESIAN_POINT('',(226.263417969,168.819956055,10.123011729));
#7561=CARTESIAN_POINT('',(226.263417969,164.670507813,10.107771715));
#7562=CARTESIAN_POINT('',(226.263417969,158.215810547,10.096778939));
#7563=CARTESIAN_POINT('',(226.263417969,148.072714844,10.089239741));
#7564=CARTESIAN_POINT('',(226.263417969,133.933854167,10.085271462));
#7565=CARTESIAN_POINT('',(226.263417969,115.491861979,10.08453744));
#7566=CARTESIAN_POINT('',(226.263417969,94.5909375,10.083624139));
#7567=CARTESIAN_POINT('',(226.263417969,73.690013021,10.084810318));
#7568=CARTESIAN_POINT('',(226.263417969,55.862753906,10.087528725));
#7569=CARTESIAN_POINT('',(226.263417969,42.953359375,10.092276103));
#7570=CARTESIAN_POINT('',(226.263417969,34.347096354,10.099545029));
#7571=CARTESIAN_POINT('',(226.263417969,28.507132161,10.109885911));
#7572=CARTESIAN_POINT('',(226.263417969,24.050317383,10.126410667));
#7573=CARTESIAN_POINT('',(226.263417969,20.82296875,10.163377958));
#7574=CARTESIAN_POINT('',(226.263417969,18.671402995,10.251549446));
#7575=CARTESIAN_POINT('',(226.263417969,17.134570312,10.471003004));
#7576=CARTESIAN_POINT('',(226.263417969,15.79540397,10.755915665));
#7577=CARTESIAN_POINT('',(226.263417969,14.917287433,11.074452827));
#7578=CARTESIAN_POINT('',(226.263417969,14.5002207,11.19564525));
#7579=CARTESIAN_POINT('',(223.399023437,179.00025841,11.202242419));
#7580=CARTESIAN_POINT('',(223.399023437,178.987856192,11.199323131));
#7581=CARTESIAN_POINT('',(223.399023437,178.51440417,11.087656394));
#7582=CARTESIAN_POINT('',(223.399023437,177.579902344,10.850965237));
#7583=CARTESIAN_POINT('',(223.399023437,176.19675293,10.396152132));
#7584=CARTESIAN_POINT('',(223.399023437,174.813603516,10.117815586));
#7585=CARTESIAN_POINT('',(223.399023437,173.276770833,9.881631027));
#7586=CARTESIAN_POINT('',(223.399023437,171.432571615,9.700711649));
#7587=CARTESIAN_POINT('',(223.399023437,168.819956055,9.553810163));
#7588=CARTESIAN_POINT('',(223.399023438,164.670507812,9.445009796));
#7589=CARTESIAN_POINT('',(223.399023438,158.215810547,9.370132211));
#7590=CARTESIAN_POINT('',(223.399023437,148.072714844,9.32110794));
#7591=CARTESIAN_POINT('',(223.399023438,133.933854167,9.293229564));
#7592=CARTESIAN_POINT('',(223.399023437,115.491861979,9.281323998));
#7593=CARTESIAN_POINT('',(223.399023438,94.5909375,9.276992235));
#7594=CARTESIAN_POINT('',(223.399023437,73.690013021,9.284357861));
#7595=CARTESIAN_POINT('',(223.399023437,55.862753906,9.303333166));
#7596=CARTESIAN_POINT('',(223.399023437,42.953359375,9.335988455));
#7597=CARTESIAN_POINT('',(223.399023437,34.347096354,9.386113659));
#7598=CARTESIAN_POINT('',(223.399023437,28.507132161,9.456851009));
#7599=CARTESIAN_POINT('',(223.399023437,24.050317383,9.575761502));
#7600=CARTESIAN_POINT('',(223.399023438,20.82296875,9.797573962));
#7601=CARTESIAN_POINT('',(223.399023437,18.671402995,10.127061297));
#7602=CARTESIAN_POINT('',(223.399023437,17.134570312,10.429520036));
#7603=CARTESIAN_POINT('',(223.399023438,15.79540397,10.877029374));
#7604=CARTESIAN_POINT('',(223.399023437,14.917287433,11.100540764));
#7605=CARTESIAN_POINT('',(223.399023437,14.5002207,11.201800057));
#7606=CARTESIAN_POINT('',(219.102431641,179.00025841,11.197962752));
#7607=CARTESIAN_POINT('',(219.102431641,178.987856192,11.194658757));
#7608=CARTESIAN_POINT('',(219.102431641,178.51440417,11.067724654));
#7609=CARTESIAN_POINT('',(219.102431641,177.579902344,10.755661367));
#7610=CARTESIAN_POINT('',(219.102431641,176.19675293,10.429050839));
#7611=CARTESIAN_POINT('',(219.102431641,174.813603516,10.062985772));
#7612=CARTESIAN_POINT('',(219.102431641,173.276770833,9.738268795));
#7613=CARTESIAN_POINT('',(219.102431641,171.432571615,9.410466595));
#7614=CARTESIAN_POINT('',(219.102431641,168.819956055,9.061488057));
#7615=CARTESIAN_POINT('',(219.102431641,164.670507813,8.718387537));
#7616=CARTESIAN_POINT('',(219.102431641,158.215810547,8.458567365));
#7617=CARTESIAN_POINT('',(219.102431641,148.072714844,8.280247676));
#7618=CARTESIAN_POINT('',(219.102431641,133.933854167,8.178062045));
#7619=CARTESIAN_POINT('',(219.102431641,115.491861979,8.126819983));
#7620=CARTESIAN_POINT('',(219.102431641,94.5909375,8.112810971));
#7621=CARTESIAN_POINT('',(219.102431641,73.690013021,8.138749979));
#7622=CARTESIAN_POINT('',(219.102431641,55.862753906,8.208089545));
#7623=CARTESIAN_POINT('',(219.102431641,42.953359375,8.32796617));
#7624=CARTESIAN_POINT('',(219.102431641,34.347096354,8.509842608));
#7625=CARTESIAN_POINT('',(219.102431641,28.507132161,8.756063988));
#7626=CARTESIAN_POINT('',(219.102431641,24.050317383,9.12865569));
#7627=CARTESIAN_POINT('',(219.102431641,20.82296875,9.626075151));
#7628=CARTESIAN_POINT('',(219.102431641,18.671402995,10.071403264));
#7629=CARTESIAN_POINT('',(219.102431641,17.134570313,10.480871331));
#7630=CARTESIAN_POINT('',(219.102431641,15.79540397,10.794376816));
#7631=CARTESIAN_POINT('',(219.102431641,14.917287433,11.077978534));
#7632=CARTESIAN_POINT('',(219.102431641,14.5002207,11.196834332));
#7633=CARTESIAN_POINT('',(212.350644531,179.00025841,11.20119148));
#7634=CARTESIAN_POINT('',(212.350644531,178.987856192,11.198275098));
#7635=CARTESIAN_POINT('',(212.350644531,178.51440417,11.086624826));
#7636=CARTESIAN_POINT('',(212.350644531,177.579902344,10.842536224));
#7637=CARTESIAN_POINT('',(212.350644531,176.19675293,10.402027742));
#7638=CARTESIAN_POINT('',(212.350644531,174.813603516,10.036425365));
#7639=CARTESIAN_POINT('',(212.350644531,173.276770833,9.650370706));
#7640=CARTESIAN_POINT('',(212.350644531,171.432571615,9.234525819));
#7641=CARTESIAN_POINT('',(212.350644531,168.819956055,8.722350285));
#7642=CARTESIAN_POINT('',(212.350644531,164.670507812,8.082175426));
#7643=CARTESIAN_POINT('',(212.350644531,158.215810547,7.444430346));
#7644=CARTESIAN_POINT('',(212.350644531,148.072714844,6.935011661));
#7645=CARTESIAN_POINT('',(212.350644531,133.933854167,6.624974802));
#7646=CARTESIAN_POINT('',(212.350644531,115.491861979,6.459321151));
#7647=CARTESIAN_POINT('',(212.350644531,94.5909375,6.41727103));
#7648=CARTESIAN_POINT('',(212.350644531,73.690013021,6.495203071));
#7649=CARTESIAN_POINT('',(212.350644531,55.862753906,6.705422481));
#7650=CARTESIAN_POINT('',(212.350644531,42.953359375,7.06424863));
#7651=CARTESIAN_POINT('',(212.350644531,34.347096354,7.567864554));
#7652=CARTESIAN_POINT('',(212.350644531,28.507132161,8.156593768));
#7653=CARTESIAN_POINT('',(212.350644531,24.050317383,8.849378184));
#7654=CARTESIAN_POINT('',(212.350644531,20.82296875,9.519264044));
#7655=CARTESIAN_POINT('',(212.350644531,18.671402995,10.051680905));
#7656=CARTESIAN_POINT('',(212.350644531,17.134570312,10.446383765));
#7657=CARTESIAN_POINT('',(212.350644531,15.79540397,10.866563617));
#7658=CARTESIAN_POINT('',(212.350644531,14.917287433,11.095918754));
#7659=CARTESIAN_POINT('',(212.350644531,14.5002207,11.200891446));
#7660=CARTESIAN_POINT('',(202.9390625,179.00025841,11.199206812));
#7661=CARTESIAN_POINT('',(202.9390625,178.987856192,11.196108911));
#7662=CARTESIAN_POINT('',(202.9390625,178.51440417,11.077234992));
#7663=CARTESIAN_POINT('',(202.9390625,177.579902344,10.796026693));
#7664=CARTESIAN_POINT('',(202.9390625,176.19675293,10.417363211));
#7665=CARTESIAN_POINT('',(202.9390625,174.813603516,10.023103982));
#7666=CARTESIAN_POINT('',(202.9390625,173.276770833,9.615442028));
#7667=CARTESIAN_POINT('',(202.9390625,171.432571615,9.15038086));
#7668=CARTESIAN_POINT('',(202.9390625,168.819956055,8.542942353));
#7669=CARTESIAN_POINT('',(202.9390625,164.670507813,7.698257012));
#7670=CARTESIAN_POINT('',(202.9390625,158.215810547,6.667431085));
#7671=CARTESIAN_POINT('',(202.9390625,148.072714844,5.622107562));
#7672=CARTESIAN_POINT('',(202.9390625,133.933854167,4.880031623));
#7673=CARTESIAN_POINT('',(202.9390625,115.491861979,4.459496596));
#7674=CARTESIAN_POINT('',(202.9390625,94.5909375,4.35029105));
#7675=CARTESIAN_POINT('',(202.9390625,73.690013021,4.545292566));
#7676=CARTESIAN_POINT('',(202.9390625,55.862753906,5.064119113));
#7677=CARTESIAN_POINT('',(202.9390625,42.953359375,5.892804844));
#7678=CARTESIAN_POINT('',(202.9390625,34.347096354,6.870224288));
#7679=CARTESIAN_POINT('',(202.9390625,28.507132161,7.80457944));
#7680=CARTESIAN_POINT('',(202.9390625,24.050317383,8.707454397));
#7681=CARTESIAN_POINT('',(202.9390625,20.82296875,9.479035546));
#7682=CARTESIAN_POINT('',(202.9390625,18.671402995,10.036690589));
#7683=CARTESIAN_POINT('',(202.9390625,17.134570312,10.469053072));
#7684=CARTESIAN_POINT('',(202.9390625,15.79540397,10.827738066));
#7685=CARTESIAN_POINT('',(202.9390625,14.917287433,11.086404705));
#7686=CARTESIAN_POINT('',(202.9390625,14.5002207,11.198488436));
#7687=CARTESIAN_POINT('',(189.026289062,179.00025841,11.200513726));
#7688=CARTESIAN_POINT('',(189.026289062,178.987856192,11.197555614));
#7689=CARTESIAN_POINT('',(189.026289062,178.51440417,11.084242827));
#7690=CARTESIAN_POINT('',(189.026289062,177.579902344,10.831485608));
#7691=CARTESIAN_POINT('',(189.026289063,176.19675293,10.406258992));
#7692=CARTESIAN_POINT('',(189.026289063,174.813603516,10.014388517));
#7693=CARTESIAN_POINT('',(189.026289062,173.276770833,9.5858492));
#7694=CARTESIAN_POINT('',(189.026289063,171.432571615,9.090596692));
#7695=CARTESIAN_POINT('',(189.026289062,168.819956055,8.420698413));
#7696=CARTESIAN_POINT('',(189.026289062,164.670507812,7.43505614));
#7697=CARTESIAN_POINT('',(189.026289062,158.215810547,6.104925014));
#7698=CARTESIAN_POINT('',(189.026289062,148.072714844,4.491948564));
#7699=CARTESIAN_POINT('',(189.026289062,133.933854167,3.077870302));
#7700=CARTESIAN_POINT('',(189.026289062,115.491861979,2.175857193));
#7701=CARTESIAN_POINT('',(189.026289063,94.5909375,1.927432215));
#7702=CARTESIAN_POINT('',(189.026289062,73.690013021,2.353427738));
#7703=CARTESIAN_POINT('',(189.026289063,55.862753906,3.43704851));
#7704=CARTESIAN_POINT('',(189.026289062,42.953359375,4.927953924));
#7705=CARTESIAN_POINT('',(189.026289062,34.347096354,6.368175268));
#7706=CARTESIAN_POINT('',(189.026289062,28.507132161,7.562609801));
#7707=CARTESIAN_POINT('',(189.026289062,24.050317383,8.610927304));
#7708=CARTESIAN_POINT('',(189.026289062,20.82296875,9.442287899));
#7709=CARTESIAN_POINT('',(189.026289063,18.671402995,10.030119328));
#7710=CARTESIAN_POINT('',(189.026289062,17.134570312,10.455051872));
#7711=CARTESIAN_POINT('',(189.026289062,15.79540397,10.856744756));
#7712=CARTESIAN_POINT('',(189.026289062,14.917287433,11.093807796));
#7713=CARTESIAN_POINT('',(189.026289062,14.5002207,11.200098837));
#7714=CARTESIAN_POINT('',(170.203125,179.00025841,11.199721366));
#7715=CARTESIAN_POINT('',(170.203125,178.987856192,11.196697252));
#7716=CARTESIAN_POINT('',(170.203125,178.51440417,11.080716019));
#7717=CARTESIAN_POINT('',(170.203125,177.579902344,10.811096282));
#7718=CARTESIAN_POINT('',(170.203125,176.19675293,10.412850298));
#7719=CARTESIAN_POINT('',(170.203125,174.813603516,10.01041053));
#7720=CARTESIAN_POINT('',(170.203125,173.276770833,9.575488358));
#7721=CARTESIAN_POINT('',(170.203125,171.432571615,9.064315482));
#7722=CARTESIAN_POINT('',(170.203125,168.819956055,8.362751492));
#7723=CARTESIAN_POINT('',(170.203125,164.670507812,7.303114153));
#7724=CARTESIAN_POINT('',(170.203125,158.215810547,5.796573577));
#7725=CARTESIAN_POINT('',(170.203125,148.072714844,3.792424519));
#7726=CARTESIAN_POINT('',(170.203125,133.933854167,1.747826445));
#7727=CARTESIAN_POINT('',(170.203125,115.491861979,0.239826771));
#7728=CARTESIAN_POINT('',(170.203125,94.5909375,-0.212794626));
#7729=CARTESIAN_POINT('',(170.203125,73.690013021,0.537975599));
#7730=CARTESIAN_POINT('',(170.203125,55.862753906,2.29005443));
#7731=CARTESIAN_POINT('',(170.203125,42.953359375,4.34688373));
#7732=CARTESIAN_POINT('',(170.203125,34.347096354,6.093843129));
#7733=CARTESIAN_POINT('',(170.203125,28.507132161,7.44227207));
#7734=CARTESIAN_POINT('',(170.203125,24.050317383,8.565135953));
#7735=CARTESIAN_POINT('',(170.203125,20.82296875,9.42987153));
#7736=CARTESIAN_POINT('',(170.203125,18.671402995,10.02511961));
#7737=CARTESIAN_POINT('',(170.203125,17.134570312,10.463861557));
#7738=CARTESIAN_POINT('',(170.203125,15.79540397,10.841355503));
#7739=CARTESIAN_POINT('',(170.203125,14.917287433,11.089980258));
#7740=CARTESIAN_POINT('',(170.203125,14.5002207,11.199162251));
#7741=CARTESIAN_POINT('',(145.651171875,179.00025841,11.200184605));
#7742=CARTESIAN_POINT('',(145.651171875,178.987856192,11.197212133));
#7743=CARTESIAN_POINT('',(145.651171875,178.51440417,11.083285059));
#7744=CARTESIAN_POINT('',(145.651171875,177.579902344,10.824163957));
#7745=CARTESIAN_POINT('',(145.651171875,176.19675293,10.408721724));
#7746=CARTESIAN_POINT('',(145.651171875,174.813603516,10.008212713));
#7747=CARTESIAN_POINT('',(145.651171875,173.276770833,9.567774241));
#7748=CARTESIAN_POINT('',(145.651171875,171.432571615,9.049188844));
#7749=CARTESIAN_POINT('',(145.651171875,168.819956055,8.331775539));
#7750=CARTESIAN_POINT('',(145.651171875,164.670507812,7.235234125));
#7751=CARTESIAN_POINT('',(145.651171875,158.215810547,5.644429209));
#7752=CARTESIAN_POINT('',(145.651171875,148.072714844,3.444922548));
#7753=CARTESIAN_POINT('',(145.651171875,133.933854167,1.046221497));
#7754=CARTESIAN_POINT('',(145.651171875,115.491861979,-0.884796299));
#7755=CARTESIAN_POINT('',(145.651171875,94.5909375,-1.508008796));
#7756=CARTESIAN_POINT('',(145.651171875,73.690013021,-0.496784256));
#7757=CARTESIAN_POINT('',(145.651171875,55.862753906,1.695809087));
#7758=CARTESIAN_POINT('',(145.651171875,42.953359375,4.057309287));
#7759=CARTESIAN_POINT('',(145.651171875,34.347096354,5.956858056));
#7760=CARTESIAN_POINT('',(145.651171875,28.507132161,7.379026542));
#7761=CARTESIAN_POINT('',(145.651171875,24.050317383,8.540230473));
#7762=CARTESIAN_POINT('',(145.651171875,20.82296875,9.420000607));
#7763=CARTESIAN_POINT('',(145.651171875,18.671402995,10.023615721));
#7764=CARTESIAN_POINT('',(145.651171875,17.134570312,10.458888284));
#7765=CARTESIAN_POINT('',(145.651171875,15.79540397,10.851345473));
#7766=CARTESIAN_POINT('',(145.651171875,14.917287433,11.0925193));
#7767=CARTESIAN_POINT('',(145.651171875,14.5002207,11.199726407));
#7768=CARTESIAN_POINT('',(119.462421875,179.00025841,11.200039404));
#7769=CARTESIAN_POINT('',(119.462421875,178.987856192,11.197050713));
#7770=CARTESIAN_POINT('',(119.462421875,178.51440417,11.082479908));
#7771=CARTESIAN_POINT('',(119.462421875,177.579902344,10.820174343));
#7772=CARTESIAN_POINT('',(119.462421875,176.19675293,10.410159172));
#7773=CARTESIAN_POINT('',(119.462421875,174.813603516,10.007856379));
#7774=CARTESIAN_POINT('',(119.462421875,173.276770833,9.567221798));
#7775=CARTESIAN_POINT('',(119.462421875,171.432571615,9.047346364));
#7776=CARTESIAN_POINT('',(119.462421875,168.819956055,8.32743729));
#7777=CARTESIAN_POINT('',(119.462421875,164.670507812,7.22466655));
#7778=CARTESIAN_POINT('',(119.462421875,158.215810547,5.617330724));
#7779=CARTESIAN_POINT('',(119.462421875,148.072714844,3.376511875));
#7780=CARTESIAN_POINT('',(119.462421875,133.933854167,0.895601318));
#7781=CARTESIAN_POINT('',(119.462421875,115.491861979,-1.141192624));
#7782=CARTESIAN_POINT('',(119.462421875,94.5909375,-1.810176386));
#7783=CARTESIAN_POINT('',(119.462421875,73.690013021,-0.730773935));
#7784=CARTESIAN_POINT('',(119.462421875,55.862753906,1.570107821));
#7785=CARTESIAN_POINT('',(119.462421875,42.953359375,4.000855037));
#7786=CARTESIAN_POINT('',(119.462421875,34.347096354,5.932305048));
#7787=CARTESIAN_POINT('',(119.462421875,28.507132161,7.369084838));
#7788=CARTESIAN_POINT('',(119.462421875,24.050317383,8.536569923));
#7789=CARTESIAN_POINT('',(119.462421875,20.82296875,9.419278191));
#7790=CARTESIAN_POINT('',(119.462421875,18.671402995,10.023004164));
#7791=CARTESIAN_POINT('',(119.462421875,17.134570312,10.460707248));
#7792=CARTESIAN_POINT('',(119.462421875,15.79540397,10.848262131));
#7793=CARTESIAN_POINT('',(119.462421875,14.917287433,11.091737866));
#7794=CARTESIAN_POINT('',(119.462421875,14.5002207,11.199534572));
#7795=CARTESIAN_POINT('',(94.91046875,179.00025841,11.200052418));
#7796=CARTESIAN_POINT('',(94.91046875,178.987856192,11.197069597));
#7797=CARTESIAN_POINT('',(94.91046875,178.51440417,11.082721679));
#7798=CARTESIAN_POINT('',(94.91046875,177.579902344,10.820755242));
#7799=CARTESIAN_POINT('',(94.91046875,176.19675293,10.409466218));
#7800=CARTESIAN_POINT('',(94.91046875,174.813603516,10.008675537));
#7801=CARTESIAN_POINT('',(94.91046875,173.276770833,9.568992571));
#7802=CARTESIAN_POINT('',(94.91046875,171.432571615,9.051271679));
#7803=CARTESIAN_POINT('',(94.91046875,168.819956055,8.335722921));
#7804=CARTESIAN_POINT('',(94.91046875,164.670507812,7.24345806));
#7805=CARTESIAN_POINT('',(94.91046875,158.215810547,5.661855194));
#7806=CARTESIAN_POINT('',(94.91046875,148.072714844,3.482156318));
#7807=CARTESIAN_POINT('',(94.91046875,133.933854167,1.116131861));
#7808=CARTESIAN_POINT('',(94.91046875,115.491861979,-0.776909918));
#7809=CARTESIAN_POINT('',(94.91046875,94.5909375,-1.385688016));
#7810=CARTESIAN_POINT('',(94.91046875,73.690013021,-0.398396822));
#7811=CARTESIAN_POINT('',(94.91046875,55.862753906,1.754778798));
#7812=CARTESIAN_POINT('',(94.91046875,42.953359375,4.088097561));
#7813=CARTESIAN_POINT('',(94.91046875,34.347096354,5.972389456));
#7814=CARTESIAN_POINT('',(94.91046875,28.507132161,7.386783575));
#7815=CARTESIAN_POINT('',(94.91046875,24.050317383,8.543469652));
#7816=CARTESIAN_POINT('',(94.91046875,20.82296875,9.421508442));
#7817=CARTESIAN_POINT('',(94.91046875,18.671402995,10.02381658));
#7818=CARTESIAN_POINT('',(94.91046875,17.134570312,10.459865554));
#7819=CARTESIAN_POINT('',(94.91046875,15.79540397,10.848892521));
#7820=CARTESIAN_POINT('',(94.91046875,14.917287433,11.091918966));
#7821=CARTESIAN_POINT('',(94.91046875,14.5002207,11.199604911));
#7822=CARTESIAN_POINT('',(75.26890625,179.00025841,11.200081316));
#7823=CARTESIAN_POINT('',(75.26890625,178.987856192,11.197085977));
#7824=CARTESIAN_POINT('',(75.26890625,178.51440417,11.082272935));
#7825=CARTESIAN_POINT('',(75.26890625,177.579902344,10.82039296));
#7826=CARTESIAN_POINT('',(75.26890625,176.19675293,10.410426607));
#7827=CARTESIAN_POINT('',(75.26890625,174.813603516,10.009932847));
#7828=CARTESIAN_POINT('',(75.26890625,173.276770833,9.573868458));
#7829=CARTESIAN_POINT('',(75.26890625,171.432571615,9.062185532));
#7830=CARTESIAN_POINT('',(75.26890625,168.819956055,8.359247792));
#7831=CARTESIAN_POINT('',(75.26890625,164.670507813,7.296021199));
#7832=CARTESIAN_POINT('',(75.26890625,158.215810547,5.782745334));
#7833=CARTESIAN_POINT('',(75.26890625,148.072714844,3.760819832));
#7834=CARTESIAN_POINT('',(75.26890625,133.933854167,1.680155279));
#7835=CARTESIAN_POINT('',(75.26890625,115.491861979,0.120718932));
#7836=CARTESIAN_POINT('',(75.26890625,94.5909375,-0.35690876));
#7837=CARTESIAN_POINT('',(75.26890625,73.690013021,0.426611102));
#7838=CARTESIAN_POINT('',(75.26890625,55.862753906,2.229780757));
#7839=CARTESIAN_POINT('',(75.26890625,42.953359375,4.317605015));
#7840=CARTESIAN_POINT('',(75.26890625,34.347096354,6.079577951));
#7841=CARTESIAN_POINT('',(75.26890625,28.507132161,7.434771503));
#7842=CARTESIAN_POINT('',(75.26890625,24.050317383,8.562024661));
#7843=CARTESIAN_POINT('',(75.26890625,20.82296875,9.427716588));
#7844=CARTESIAN_POINT('',(75.26890625,18.671402995,10.025220806));
#7845=CARTESIAN_POINT('',(75.26890625,17.134570312,10.460655546));
#7846=CARTESIAN_POINT('',(75.26890625,15.79540397,10.848274915));
#7847=CARTESIAN_POINT('',(75.26890625,14.917287433,11.091696232));
#7848=CARTESIAN_POINT('',(75.26890625,14.5002207,11.199533837));
#7849=CARTESIAN_POINT('',(59.719335937,179.00025841,11.200016276));
#7850=CARTESIAN_POINT('',(59.719335937,178.987856192,11.197026302));
#7851=CARTESIAN_POINT('',(59.719335937,178.51440417,11.082409792));
#7852=CARTESIAN_POINT('',(59.719335937,177.579902344,10.820268908));
#7853=CARTESIAN_POINT('',(59.719335937,176.19675293,10.408659595));
#7854=CARTESIAN_POINT('',(59.719335937,174.813603516,10.013454004));
#7855=CARTESIAN_POINT('',(59.719335937,173.276770833,9.582970538));
#7856=CARTESIAN_POINT('',(59.719335937,171.432571615,9.082260073));
#7857=CARTESIAN_POINT('',(59.719335937,168.819956055,8.401252166));
#7858=CARTESIAN_POINT('',(59.719335937,164.670507812,7.38895262));
#7859=CARTESIAN_POINT('',(59.719335937,158.215810547,5.993928802));
#7860=CARTESIAN_POINT('',(59.719335937,148.072714844,4.233678943));
#7861=CARTESIAN_POINT('',(59.719335937,133.933854167,2.579925333));
#7862=CARTESIAN_POINT('',(59.719335937,115.491861979,1.451355646));
#7863=CARTESIAN_POINT('',(59.719335937,94.5909375,1.125319321));
#7864=CARTESIAN_POINT('',(59.719335937,73.690013021,1.667525417));
#7865=CARTESIAN_POINT('',(59.719335937,55.862753906,3.000594715));
#7866=CARTESIAN_POINT('',(59.719335937,42.953359375,4.708315164));
#7867=CARTESIAN_POINT('',(59.719335937,34.347096354,6.265932244));
#7868=CARTESIAN_POINT('',(59.719335937,28.507132161,7.518928049));
#7869=CARTESIAN_POINT('',(59.719335937,24.050317383,8.594736361));
#7870=CARTESIAN_POINT('',(59.719335937,20.82296875,9.438511232));
#7871=CARTESIAN_POINT('',(59.719335937,18.671402995,10.028429883));
#7872=CARTESIAN_POINT('',(59.719335937,17.134570312,10.458856891));
#7873=CARTESIAN_POINT('',(59.719335937,15.79540397,10.848074818));
#7874=CARTESIAN_POINT('',(59.719335937,14.917287433,11.091714494));
#7875=CARTESIAN_POINT('',(59.719335937,14.5002207,11.199649627));
#7876=CARTESIAN_POINT('',(47.443359375,179.00025841,11.200193322));
#7877=CARTESIAN_POINT('',(47.443359375,178.987856192,11.197184853));
#7878=CARTESIAN_POINT('',(47.443359375,178.51440417,11.081843973));
#7879=CARTESIAN_POINT('',(47.443359375,177.579902344,10.816848661));
#7880=CARTESIAN_POINT('',(47.443359375,176.19675293,10.414283156));
#7881=CARTESIAN_POINT('',(47.443359375,174.813603516,10.017048031));
#7882=CARTESIAN_POINT('',(47.443359375,173.276770833,9.597378776));
#7883=CARTESIAN_POINT('',(47.443359375,171.432571615,9.113052302));
#7884=CARTESIAN_POINT('',(47.443359375,168.819956055,8.466608759));
#7885=CARTESIAN_POINT('',(47.443359375,164.670507812,7.532097952));
#7886=CARTESIAN_POINT('',(47.443359375,158.215810547,6.311393685));
#7887=CARTESIAN_POINT('',(47.443359375,148.072714844,4.907172972));
#7888=CARTESIAN_POINT('',(47.443359375,133.933854167,3.749731106));
#7889=CARTESIAN_POINT('',(47.443359375,115.491861979,3.036985217));
#7890=CARTESIAN_POINT('',(47.443359375,94.5909375,2.841289212));
#7891=CARTESIAN_POINT('',(47.443359375,73.690013021,3.17118882));
#7892=CARTESIAN_POINT('',(47.443359375,55.862753906,4.028985362));
#7893=CARTESIAN_POINT('',(47.443359375,42.953359375,5.271780616));
#7894=CARTESIAN_POINT('',(47.443359375,34.347096354,6.546311326));
#7895=CARTESIAN_POINT('',(47.443359375,28.507132161,7.64893072));
#7896=CARTESIAN_POINT('',(47.443359375,24.050317383,8.645673791));
#7897=CARTESIAN_POINT('',(47.443359375,20.82296875,9.455712827));
#7898=CARTESIAN_POINT('',(47.443359375,18.671402995,10.031845363));
#7899=CARTESIAN_POINT('',(47.443359375,17.134570312,10.463084967));
#7900=CARTESIAN_POINT('',(47.443359375,15.79540397,10.846048001));
#7901=CARTESIAN_POINT('',(47.443359375,14.917287433,11.090887311));
#7902=CARTESIAN_POINT('',(47.443359375,14.5002207,11.199304457));
#7903=CARTESIAN_POINT('',(37.622578125,179.00025841,11.199876915));
#7904=CARTESIAN_POINT('',(37.622578125,178.987856192,11.196870741));
#7905=CARTESIAN_POINT('',(37.622578125,178.51440417,11.081649698));
#7906=CARTESIAN_POINT('',(37.622578125,177.579902344,10.81940395));
#7907=CARTESIAN_POINT('',(37.622578125,176.19675293,10.40504018));
#7908=CARTESIAN_POINT('',(37.622578125,174.813603516,10.02600343));
#7909=CARTESIAN_POINT('',(37.622578125,173.276770833,9.618294889));
#7910=CARTESIAN_POINT('',(37.622578125,171.432571615,9.160599399));
#7911=CARTESIAN_POINT('',(37.622578125,168.819956055,8.565821996));
#7912=CARTESIAN_POINT('',(37.622578125,164.670507813,7.748087065));
#7913=CARTESIAN_POINT('',(37.622578125,158.215810547,6.775231357));
#7914=CARTESIAN_POINT('',(37.622578125,148.072714844,5.806686165));
#7915=CARTESIAN_POINT('',(37.622578125,133.933854167,5.121498506));
#7916=CARTESIAN_POINT('',(37.622578125,115.491861979,4.730813362));
#7917=CARTESIAN_POINT('',(37.622578125,94.5909375,4.627463768));
#7918=CARTESIAN_POINT('',(37.622578125,73.690013021,4.804454661));
#7919=CARTESIAN_POINT('',(37.622578125,55.862753906,5.276887693));
#7920=CARTESIAN_POINT('',(37.622578125,42.953359375,6.043411744));
#7921=CARTESIAN_POINT('',(37.622578125,34.347096354,6.957247258));
#7922=CARTESIAN_POINT('',(37.622578125,28.507132161,7.845540984));
#7923=CARTESIAN_POINT('',(37.622578125,24.050317383,8.723618431));
#7924=CARTESIAN_POINT('',(37.622578125,20.82296875,9.481283191));
#7925=CARTESIAN_POINT('',(37.622578125,18.671402995,10.040403401));
#7926=CARTESIAN_POINT('',(37.622578125,17.134570312,10.454850189));
#7927=CARTESIAN_POINT('',(37.622578125,15.79540397,10.846435973));
#7928=CARTESIAN_POINT('',(37.622578125,14.917287433,11.091352965));
#7929=CARTESIAN_POINT('',(37.622578125,14.5002207,11.199878208));
#7930=CARTESIAN_POINT('',(29.847792969,179.00025841,11.200508859));
#7931=CARTESIAN_POINT('',(29.847792969,178.987856192,11.197447138));
#7932=CARTESIAN_POINT('',(29.847792969,178.51440417,11.080040095));
#7933=CARTESIAN_POINT('',(29.847792969,177.579902344,10.808389629));
#7934=CARTESIAN_POINT('',(29.847792969,176.19675293,10.424792397));
#7935=CARTESIAN_POINT('',(29.847792969,174.813603516,10.03375435));
#7936=CARTESIAN_POINT('',(29.847792969,173.276770833,9.65460254));
#7937=CARTESIAN_POINT('',(29.847792969,171.432571615,9.23692928));
#7938=CARTESIAN_POINT('',(29.847792969,168.819956055,8.725147877));
#7939=CARTESIAN_POINT('',(29.847792969,164.670507813,8.079074414));
#7940=CARTESIAN_POINT('',(29.847792969,158.215810547,7.422346048));
#7941=CARTESIAN_POINT('',(29.847792969,148.072714844,6.878152127));
#7942=CARTESIAN_POINT('',(29.847792969,133.933854167,6.539615729));
#7943=CARTESIAN_POINT('',(29.847792969,115.491861979,6.35422315));
#7944=CARTESIAN_POINT('',(29.847792969,94.5909375,6.306393695));
#7945=CARTESIAN_POINT('',(29.847792969,73.690013021,6.390383063));
#7946=CARTESIAN_POINT('',(29.847792969,55.862753906,6.610237722));
#7947=CARTESIAN_POINT('',(29.847792969,42.953359375,7.000649107));
#7948=CARTESIAN_POINT('',(29.847792969,34.347096354,7.539303077));
#7949=CARTESIAN_POINT('',(29.847792969,28.507132161,8.150646378));
#7950=CARTESIAN_POINT('',(29.847792969,24.050317383,8.849367287));
#7951=CARTESIAN_POINT('',(29.847792969,20.82296875,9.524215589));
#7952=CARTESIAN_POINT('',(29.847792969,18.671402995,10.047784762));
#7953=CARTESIAN_POINT('',(29.847792969,17.134570312,10.470130719));
#7954=CARTESIAN_POINT('',(29.847792969,15.79540397,10.840176087));
#7955=CARTESIAN_POINT('',(29.847792969,14.917287433,11.088644823));
#7956=CARTESIAN_POINT('',(29.847792969,14.5002207,11.198669527));
#7957=CARTESIAN_POINT('',(23.914404297,179.00025841,11.198878906));
#7958=CARTESIAN_POINT('',(23.914404297,178.987856192,11.195879496));
#7959=CARTESIAN_POINT('',(23.914404297,178.51440417,11.08101081));
#7960=CARTESIAN_POINT('',(23.914404297,177.579902344,10.826803863));
#7961=CARTESIAN_POINT('',(23.914404297,176.19675293,10.375734875));
#7962=CARTESIAN_POINT('',(23.914404297,174.813603516,10.063234225));
#7963=CARTESIAN_POINT('',(23.914404297,173.276770833,9.710002626));
#7964=CARTESIAN_POINT('',(23.914404297,171.432571615,9.362716743));
#7965=CARTESIAN_POINT('',(23.914404297,168.819956055,8.970309417));
#7966=CARTESIAN_POINT('',(23.914404297,164.670507812,8.552948328));
#7967=CARTESIAN_POINT('',(23.914404297,158.215810547,8.216091869));
#7968=CARTESIAN_POINT('',(23.914404297,148.072714844,7.976856702));
#7969=CARTESIAN_POINT('',(23.914404297,133.933854167,7.836713819));
#7970=CARTESIAN_POINT('',(23.914404297,115.491861979,7.761289133));
#7971=CARTESIAN_POINT('',(23.914404297,94.5909375,7.741580179));
#7972=CARTESIAN_POINT('',(23.914404297,73.690013021,7.778071654));
#7973=CARTESIAN_POINT('',(23.914404297,55.862753906,7.860458416));
#7974=CARTESIAN_POINT('',(23.914404297,42.953359375,8.024277065));
#7975=CARTESIAN_POINT('',(23.914404297,34.347096354,8.271585061));
#7976=CARTESIAN_POINT('',(23.914404297,28.507132161,8.594684255));
#7977=CARTESIAN_POINT('',(23.914404297,24.050317383,9.051577876));
#7978=CARTESIAN_POINT('',(23.914404297,20.82296875,9.590723021));
#7979=CARTESIAN_POINT('',(23.914404297,18.671402995,10.07442616));
#7980=CARTESIAN_POINT('',(23.914404297,17.134570312,10.428142955));
#7981=CARTESIAN_POINT('',(23.914404297,15.79540397,10.846935537));
#7982=CARTESIAN_POINT('',(23.914404297,14.917287433,11.092997849));
#7983=CARTESIAN_POINT('',(23.914404297,14.5002207,11.201658257));
#7984=CARTESIAN_POINT('',(19.6178125,179.00025841,11.201290252));
#7985=CARTESIAN_POINT('',(19.6178125,178.987856192,11.198093739));
#7986=CARTESIAN_POINT('',(19.6178125,178.51440417,11.075414291));
#7987=CARTESIAN_POINT('',(19.6178125,177.579902344,10.783535669));
#7988=CARTESIAN_POINT('',(19.6178125,176.19675293,10.452320709));
#7989=CARTESIAN_POINT('',(19.6178125,174.813603516,10.084262693));
#7990=CARTESIAN_POINT('',(19.6178125,173.276770833,9.820033079));
#7991=CARTESIAN_POINT('',(19.6178125,171.432571615,9.574081688));
#7992=CARTESIAN_POINT('',(19.6178125,168.819956055,9.353357907));
#7993=CARTESIAN_POINT('',(19.6178125,164.670507812,9.163369211));
#7994=CARTESIAN_POINT('',(19.6178125,158.215810547,9.035501057));
#7995=CARTESIAN_POINT('',(19.6178125,148.072714844,8.947922343));
#7996=CARTESIAN_POINT('',(19.6178125,133.933854167,8.89728555));
#7997=CARTESIAN_POINT('',(19.6178125,115.491861979,8.870420574));
#7998=CARTESIAN_POINT('',(19.6178125,94.5909375,8.862711564));
#7999=CARTESIAN_POINT('',(19.6178125,73.690013021,8.878483578));
#8000=CARTESIAN_POINT('',(19.6178125,55.862753906,8.901518025));
#8001=CARTESIAN_POINT('',(19.6178125,42.953359375,8.961660692));
#8002=CARTESIAN_POINT('',(19.6178125,34.347096354,9.053688629));
#8003=CARTESIAN_POINT('',(19.6178125,28.507132161,9.182529451));
#8004=CARTESIAN_POINT('',(19.6178125,24.050317383,9.387276107));
#8005=CARTESIAN_POINT('',(19.6178125,20.82296875,9.723050852));
#8006=CARTESIAN_POINT('',(19.6178125,18.671402995,10.094360788));
#8007=CARTESIAN_POINT('',(19.6178125,17.134570313,10.486843796));
#8008=CARTESIAN_POINT('',(19.6178125,15.79540397,10.82718246));
#8009=CARTESIAN_POINT('',(19.6178125,14.917287433,11.085424489));
#8010=CARTESIAN_POINT('',(19.6178125,14.5002207,11.196918726));
#8011=CARTESIAN_POINT('',(16.855717773,179.00025841,11.198857068));
#8012=CARTESIAN_POINT('',(16.855717773,178.987856192,11.195795999));
#8013=CARTESIAN_POINT('',(16.855717773,178.51440417,11.078387853));
#8014=CARTESIAN_POINT('',(16.855717773,177.579902344,10.804917995));
#8015=CARTESIAN_POINT('',(16.855717773,176.19675293,10.38043192));
#8016=CARTESIAN_POINT('',(16.855717773,174.813603516,10.165799531));
#8017=CARTESIAN_POINT('',(16.855717773,173.276770833,9.988539868));
#8018=CARTESIAN_POINT('',(16.855717773,171.432571615,9.871679008));
#8019=CARTESIAN_POINT('',(16.855717773,168.819956055,9.781035532));
#8020=CARTESIAN_POINT('',(16.855717773,164.670507813,9.714517163));
#8021=CARTESIAN_POINT('',(16.855717773,158.215810547,9.67220903));
#8022=CARTESIAN_POINT('',(16.855717773,148.072714844,9.642891847));
#8023=CARTESIAN_POINT('',(16.855717773,133.933854167,9.625730583));
#8024=CARTESIAN_POINT('',(16.855717773,115.491861979,9.616907361));
#8025=CARTESIAN_POINT('',(16.855717773,94.5909375,9.613816573));
#8026=CARTESIAN_POINT('',(16.855717773,73.690013021,9.621080064));
#8027=CARTESIAN_POINT('',(16.855717773,55.862753906,9.624026514));
#8028=CARTESIAN_POINT('',(16.855717773,42.953359375,9.645286675));
#8029=CARTESIAN_POINT('',(16.855717773,34.347096354,9.676007688));
#8030=CARTESIAN_POINT('',(16.855717773,28.507132161,9.72096021));
#8031=CARTESIAN_POINT('',(16.855717773,24.050317383,9.794607216));
#8032=CARTESIAN_POINT('',(16.855717773,20.82296875,9.931181095));
#8033=CARTESIAN_POINT('',(16.855717773,18.671402995,10.172622121));
#8034=CARTESIAN_POINT('',(16.855717773,17.134570312,10.422021325));
#8035=CARTESIAN_POINT('',(16.855717773,15.79540397,10.830766715));
#8036=CARTESIAN_POINT('',(16.855717773,14.917287433,11.092273867));
#8037=CARTESIAN_POINT('',(16.855717773,14.5002207,11.201115283));
#8038=CARTESIAN_POINT('',(15.116621094,179.00025841,11.20223715));
#8039=CARTESIAN_POINT('',(15.116621094,178.987856192,11.198950447));
#8040=CARTESIAN_POINT('',(15.116621094,178.51440417,11.072161279));
#8041=CARTESIAN_POINT('',(15.116621094,177.579902344,10.720518772));
#8042=CARTESIAN_POINT('',(15.116621094,176.19675293,10.494662402));
#8043=CARTESIAN_POINT('',(15.116621094,174.813603516,10.257524509));
#8044=CARTESIAN_POINT('',(15.116621094,173.276770833,10.216588433));
#8045=CARTESIAN_POINT('',(15.116621094,171.432571615,10.169810339));
#8046=CARTESIAN_POINT('',(15.116621094,168.819956055,10.145925447));
#8047=CARTESIAN_POINT('',(15.116621094,164.670507812,10.126723532));
#8048=CARTESIAN_POINT('',(15.116621094,158.215810547,10.115874297));
#8049=CARTESIAN_POINT('',(15.116621094,148.072714844,10.107392206));
#8050=CARTESIAN_POINT('',(15.116621094,133.933854167,10.102614721));
#8051=CARTESIAN_POINT('',(15.116621094,115.491861979,10.100257277));
#8052=CARTESIAN_POINT('',(15.116621094,94.5909375,10.099147498));
#8053=CARTESIAN_POINT('',(15.116621094,73.690013021,10.102033812));
#8054=CARTESIAN_POINT('',(15.116621094,55.862753906,10.100984614));
#8055=CARTESIAN_POINT('',(15.116621094,42.953359375,10.107446687));
#8056=CARTESIAN_POINT('',(15.116621094,34.347096354,10.115900488));
#8057=CARTESIAN_POINT('',(15.116621094,28.507132161,10.129142134));
#8058=CARTESIAN_POINT('',(15.116621094,24.050317383,10.147840025));
#8059=CARTESIAN_POINT('',(15.116621094,20.82296875,10.194755408));
#8060=CARTESIAN_POINT('',(15.116621094,18.671402995,10.26528113));
#8061=CARTESIAN_POINT('',(15.116621094,17.134570312,10.504119081));
#8062=CARTESIAN_POINT('',(15.116621094,15.79540397,10.780000405));
#8063=CARTESIAN_POINT('',(15.116621094,14.917287433,11.078626903));
#8064=CARTESIAN_POINT('',(15.116621094,14.5002207,11.1940232));
#8065=CARTESIAN_POINT('',(13.786723633,179.00025841,11.196556148));
#8066=CARTESIAN_POINT('',(13.786723633,178.987856192,11.193696553));
#8067=CARTESIAN_POINT('',(13.786723633,178.51440417,11.083291557));
#8068=CARTESIAN_POINT('',(13.786723633,177.579902344,10.770001347));
#8069=CARTESIAN_POINT('',(13.786723633,176.19675293,10.316814679));
#8070=CARTESIAN_POINT('',(13.786723633,174.813603516,10.486344347));
#8071=CARTESIAN_POINT('',(13.786723633,173.276770833,10.454634455));
#8072=CARTESIAN_POINT('',(13.786723633,171.432571615,10.469669767));
#8073=CARTESIAN_POINT('',(13.786723633,168.819956055,10.4688856));
#8074=CARTESIAN_POINT('',(13.786723633,164.670507813,10.472110722));
#8075=CARTESIAN_POINT('',(13.786723633,158.215810547,10.472565611));
#8076=CARTESIAN_POINT('',(13.786723633,148.072714844,10.47340065));
#8077=CARTESIAN_POINT('',(13.786723633,133.933854167,10.473605687));
#8078=CARTESIAN_POINT('',(13.786723633,115.491861979,10.473821024));
#8079=CARTESIAN_POINT('',(13.786723633,94.5909375,10.473732228));
#8080=CARTESIAN_POINT('',(13.786723633,73.690013021,10.474083679));
#8081=CARTESIAN_POINT('',(13.786723633,55.862753906,10.47270423));
#8082=CARTESIAN_POINT('',(13.786723633,42.953359375,10.472609066));
#8083=CARTESIAN_POINT('',(13.786723633,34.347096354,10.471887125));
#8084=CARTESIAN_POINT('',(13.786723633,28.507132161,10.470598619));
#8085=CARTESIAN_POINT('',(13.786723633,24.050317383,10.473182216));
#8086=CARTESIAN_POINT('',(13.786723633,20.82296875,10.45408065));
#8087=CARTESIAN_POINT('',(13.786723633,18.671402995,10.493231537));
#8088=CARTESIAN_POINT('',(13.786723633,17.134570312,10.335247859));
#8089=CARTESIAN_POINT('',(13.786723633,15.79540397,10.793132506));
#8090=CARTESIAN_POINT('',(13.786723633,14.917287433,11.09724333));
#8091=CARTESIAN_POINT('',(13.786723633,14.5002207,11.204394763));
#8092=CARTESIAN_POINT('',(12.515232066,179.00025841,11.210209428));
#8093=CARTESIAN_POINT('',(12.515232066,178.987856192,11.20845628));
#8094=CARTESIAN_POINT('',(12.515232066,178.51440417,11.140996476));
#8095=CARTESIAN_POINT('',(12.515232066,177.579902344,10.966893729));
#8096=CARTESIAN_POINT('',(12.515232066,176.19675293,10.719297027));
#8097=CARTESIAN_POINT('',(12.515232066,174.813603516,10.834382743));
#8098=CARTESIAN_POINT('',(12.515232066,173.276770833,10.818494645));
#8099=CARTESIAN_POINT('',(12.515232066,171.432571615,10.831540976));
#8100=CARTESIAN_POINT('',(12.515232066,168.819956055,10.832676931));
#8101=CARTESIAN_POINT('',(12.515232066,164.670507812,10.835860439));
#8102=CARTESIAN_POINT('',(12.515232066,158.215810547,10.837318608));
#8103=CARTESIAN_POINT('',(12.515232066,148.072714844,10.839634112));
#8104=CARTESIAN_POINT('',(12.515232066,133.933854167,10.841174936));
#8105=CARTESIAN_POINT('',(12.515232066,115.491861979,10.841587585));
#8106=CARTESIAN_POINT('',(12.515232066,94.5909375,10.842607544));
#8107=CARTESIAN_POINT('',(12.515232066,73.690013021,10.839412056));
#8108=CARTESIAN_POINT('',(12.515232066,55.862753906,10.846094449));
#8109=CARTESIAN_POINT('',(12.515232066,42.953359375,10.842215936));
#8110=CARTESIAN_POINT('',(12.515232066,34.347096354,10.842590501));
#8111=CARTESIAN_POINT('',(12.515232066,28.507132161,10.833802274));
#8112=CARTESIAN_POINT('',(12.515232066,24.050317383,10.835592695));
#8113=CARTESIAN_POINT('',(12.515232066,20.82296875,10.8207582));
#8114=CARTESIAN_POINT('',(12.515232066,18.671402995,10.83723219));
#8115=CARTESIAN_POINT('',(12.515232066,17.134570312,10.721157288));
#8116=CARTESIAN_POINT('',(12.515232066,15.79540397,10.998632772));
#8117=CARTESIAN_POINT('',(12.515232066,14.917287433,11.119048542));
#8118=CARTESIAN_POINT('',(12.515232066,14.5002207,11.178266384));
#8119=CARTESIAN_POINT('',(11.652939717,179.00025841,11.183032469));
#8120=CARTESIAN_POINT('',(11.652939717,178.987856192,11.182212713));
#8121=CARTESIAN_POINT('',(11.652939717,178.51440417,11.151541053));
#8122=CARTESIAN_POINT('',(11.652939717,177.579902344,11.139750752));
#8123=CARTESIAN_POINT('',(11.652939717,176.19675293,11.057449899));
#8124=CARTESIAN_POINT('',(11.652939717,174.813603516,11.087558656));
#8125=CARTESIAN_POINT('',(11.652939717,173.276770833,11.07878067));
#8126=CARTESIAN_POINT('',(11.652939717,171.432571615,11.080463957));
#8127=CARTESIAN_POINT('',(11.652939717,168.819956055,11.079281664));
#8128=CARTESIAN_POINT('',(11.652939717,164.670507812,11.079156332));
#8129=CARTESIAN_POINT('',(11.652939717,158.215810547,11.079175466));
#8130=CARTESIAN_POINT('',(11.652939717,148.072714844,11.079926319));
#8131=CARTESIAN_POINT('',(11.652939717,133.933854167,11.080487258));
#8132=CARTESIAN_POINT('',(11.652939717,115.491861979,11.080579255));
#8133=CARTESIAN_POINT('',(11.652939717,94.5909375,11.081141912));
#8134=CARTESIAN_POINT('',(11.652939717,73.690013021,11.079315412));
#8135=CARTESIAN_POINT('',(11.652939717,55.862753906,11.083233298));
#8136=CARTESIAN_POINT('',(11.652939717,42.953359375,11.081345527));
#8137=CARTESIAN_POINT('',(11.652939717,34.347096354,11.081965764));
#8138=CARTESIAN_POINT('',(11.652939717,28.507132161,11.078156378));
#8139=CARTESIAN_POINT('',(11.652939717,24.050317383,11.07994059));
#8140=CARTESIAN_POINT('',(11.652939717,20.82296875,11.077669485));
#8141=CARTESIAN_POINT('',(11.652939717,18.671402995,11.086807347));
#8142=CARTESIAN_POINT('',(11.652939717,17.134570312,11.058520212));
#8143=CARTESIAN_POINT('',(11.652939717,15.79540397,11.140145054));
#8144=CARTESIAN_POINT('',(11.652939717,14.917287433,11.153144446));
#8145=CARTESIAN_POINT('',(11.652939717,14.5002207,11.181680356));
#8146=CARTESIAN_POINT('',(11.199846587,179.00025841,11.19308597));
#8147=CARTESIAN_POINT('',(11.199846587,178.987856192,11.192622442));
#8148=CARTESIAN_POINT('',(11.199846587,178.51440417,11.175824693));
#8149=CARTESIAN_POINT('',(11.199846587,177.579902344,11.212669611));
#8150=CARTESIAN_POINT('',(11.199846587,176.19675293,11.189865016));
#8151=CARTESIAN_POINT('',(11.199846587,174.813603516,11.201292539));
#8152=CARTESIAN_POINT('',(11.199846587,173.276770833,11.198991231));
#8153=CARTESIAN_POINT('',(11.199846587,171.432571615,11.199722361));
#8154=CARTESIAN_POINT('',(11.199846587,168.819956055,11.199604897));
#8155=CARTESIAN_POINT('',(11.199846587,164.670507812,11.199755335));
#8156=CARTESIAN_POINT('',(11.199846587,158.215810547,11.199763929));
#8157=CARTESIAN_POINT('',(11.199846587,148.072714844,11.199777098));
#8158=CARTESIAN_POINT('',(11.199846587,133.933854167,11.199738001));
#8159=CARTESIAN_POINT('',(11.199846587,115.491861979,11.199757272));
#8160=CARTESIAN_POINT('',(11.199846587,94.5909375,11.199706085));
#8161=CARTESIAN_POINT('',(11.199846587,73.690013021,11.199872969));
#8162=CARTESIAN_POINT('',(11.199846587,55.862753906,11.199351649));
#8163=CARTESIAN_POINT('',(11.199846587,42.953359375,11.199507254));
#8164=CARTESIAN_POINT('',(11.199846587,34.347096354,11.199303114));
#8165=CARTESIAN_POINT('',(11.199846587,28.507132161,11.199678343));
#8166=CARTESIAN_POINT('',(11.199846587,24.050317383,11.199666221));
#8167=CARTESIAN_POINT('',(11.199846587,20.82296875,11.198681241));
#8168=CARTESIAN_POINT('',(11.199846587,18.671402995,11.200964065));
#8169=CARTESIAN_POINT('',(11.199846587,17.134570312,11.191365784));
#8170=CARTESIAN_POINT('',(11.199846587,15.79540397,11.206860692));
#8171=CARTESIAN_POINT('',(11.199846587,14.917287433,11.188487673));
#8172=CARTESIAN_POINT('',(11.199846587,14.5002207,11.205810431));
#8173=B_SPLINE_SURFACE_WITH_KNOTS('',3,3,((#7444,#7445,#7446,#7447,#7448,#7449,#7450,#7451,#7452,#7453,#7454,#7455,#7456,#7457,#7458,#7459,#7460,#7461,#7462,#7463,#7464,#7465,#7466,#7467,#7468,#7469,
#7470),(#7471,#7472,#7473,#7474,#7475,#7476,#7477,#7478,#7479,#7480,#7481,#7482,#7483,#7484,#7485,#7486,#7487,#7488,#7489,#7490,#7491,#7492,#7493,#7494,#7495,#7496,
#7497),(#7498,#7499,#7500,#7501,#7502,#7503,#7504,#7505,#7506,#7507,#7508,#7509,#7510,#7511,#7512,#7513,#7514,#7515,#7516,#7517,#7518,#7519,#7520,#7521,#7522,#7523,
#7524),(#7525,#7526,#7527,#7528,#7529,#7530,#7531,#7532,#7533,#7534,#7535,#7536,#7537,#7538,#7539,#7540,#7541,#7542,#7543,#7544,#7545,#7546,#7547,#7548,#7549,#7550,
#7551),(#7552,#7553,#7554,#7555,#7556,#7557,#7558,#7559,#7560,#7561,#7562,#7563,#7564,#7565,#7566,#7567,#7568,#7569,#7570,#7571,#7572,#7573,#7574,#7575,#7576,#7577,
#7578),(#7579,#7580,#7581,#7582,#7583,#7584,#7585,#7586,#7587,#7588,#7589,#7590,#7591,#7592,#7593,#7594,#7595,#7596,#7597,#7598,#7599,#7600,#7601,#7602,#7603,#7604,
#7605),(#7606,#7607,#7608,#7609,#7610,#7611,#7612,#7613,#7614,#7615,#7616,#7617,#7618,#7619,#7620,#7621,#7622,#7623,#7624,#7625,#7626,#7627,#7628,#7629,#7630,#7631,
#7632),(#7633,#7634,#7635,#7636,#7637,#7638,#7639,#7640,#7641,#7642,#7643,#7644,#7645,#7646,#7647,#7648,#7649,#7650,#7651,#7652,#7653,#7654,#7655,#7656,#7657,#7658,
#7659),(#7660,#7661,#7662,#7663,#7664,#7665,#7666,#7667,#7668,#7669,#7670,#7671,#7672,#7673,#7674,#7675,#7676,#7677,#7678,#7679,#7680,#7681,#7682,#7683,#7684,#7685,
#7686),(#7687,#7688,#7689,#7690,#7691,#7692,#7693,#7694,#7695,#7696,#7697,#7698,#7699,#7700,#7701,#7702,#7703,#7704,#7705,#7706,#7707,#7708,#7709,#7710,#7711,#7712,
#7713),(#7714,#7715,#7716,#7717,#7718,#7719,#7720,#7721,#7722,#7723,#7724,#7725,#7726,#7727,#7728,#7729,#7730,#7731,#7732,#7733,#7734,#7735,#7736,#7737,#7738,#7739,
#7740),(#7741,#7742,#7743,#7744,#7745,#7746,#7747,#7748,#7749,#7750,#7751,#7752,#7753,#7754,#7755,#7756,#7757,#7758,#7759,#7760,#7761,#7762,#7763,#7764,#7765,#7766,
#7767),(#7768,#7769,#7770,#7771,#7772,#7773,#7774,#7775,#7776,#7777,#7778,#7779,#7780,#7781,#7782,#7783,#7784,#7785,#7786,#7787,#7788,#7789,#7790,#7791,#7792,#7793,
#7794),(#7795,#7796,#7797,#7798,#7799,#7800,#7801,#7802,#7803,#7804,#7805,#7806,#7807,#7808,#7809,#7810,#7811,#7812,#7813,#7814,#7815,#7816,#7817,#7818,#7819,#7820,
#7821),(#7822,#7823,#7824,#7825,#7826,#7827,#7828,#7829,#7830,#7831,#7832,#7833,#7834,#7835,#7836,#7837,#7838,#7839,#7840,#7841,#7842,#7843,#7844,#7845,#7846,#7847,
#7848),(#7849,#7850,#7851,#7852,#7853,#7854,#7855,#7856,#7857,#7858,#7859,#7860,#7861,#7862,#7863,#7864,#7865,#7866,#7867,#7868,#7869,#7870,#7871,#7872,#7873,#7874,
#7875),(#7876,#7877,#7878,#7879,#7880,#7881,#7882,#7883,#7884,#7885,#7886,#7887,#7888,#7889,#7890,#7891,#7892,#7893,#7894,#7895,#7896,#7897,#7898,#7899,#7900,#7901,
#7902),(#7903,#7904,#7905,#7906,#7907,#7908,#7909,#7910,#7911,#7912,#7913,#7914,#7915,#7916,#7917,#7918,#7919,#7920,#7921,#7922,#7923,#7924,#7925,#7926,#7927,#7928,
#7929),(#7930,#7931,#7932,#7933,#7934,#7935,#7936,#7937,#7938,#7939,#7940,#7941,#7942,#7943,#7944,#7945,#7946,#7947,#7948,#7949,#7950,#7951,#7952,#7953,#7954,#7955,
#7956),(#7957,#7958,#7959,#7960,#7961,#7962,#7963,#7964,#7965,#7966,#7967,#7968,#7969,#7970,#7971,#7972,#7973,#7974,#7975,#7976,#7977,#7978,#7979,#7980,#7981,#7982,
#7983),(#7984,#7985,#7986,#7987,#7988,#7989,#7990,#7991,#7992,#7993,#7994,#7995,#7996,#7997,#7998,#7999,#8000,#8001,#8002,#8003,#8004,#8005,#8006,#8007,#8008,#8009,
#8010),(#8011,#8012,#8013,#8014,#8015,#8016,#8017,#8018,#8019,#8020,#8021,#8022,#8023,#8024,#8025,#8026,#8027,#8028,#8029,#8030,#8031,#8032,#8033,#8034,#8035,#8036,
#8037),(#8038,#8039,#8040,#8041,#8042,#8043,#8044,#8045,#8046,#8047,#8048,#8049,#8050,#8051,#8052,#8053,#8054,#8055,#8056,#8057,#8058,#8059,#8060,#8061,#8062,#8063,
#8064),(#8065,#8066,#8067,#8068,#8069,#8070,#8071,#8072,#8073,#8074,#8075,#8076,#8077,#8078,#8079,#8080,#8081,#8082,#8083,#8084,#8085,#8086,#8087,#8088,#8089,#8090,
#8091),(#8092,#8093,#8094,#8095,#8096,#8097,#8098,#8099,#8100,#8101,#8102,#8103,#8104,#8105,#8106,#8107,#8108,#8109,#8110,#8111,#8112,#8113,#8114,#8115,#8116,#8117,
#8118),(#8119,#8120,#8121,#8122,#8123,#8124,#8125,#8126,#8127,#8128,#8129,#8130,#8131,#8132,#8133,#8134,#8135,#8136,#8137,#8138,#8139,#8140,#8141,#8142,#8143,#8144,
#8145),
(#8146,#8147,#8148,#8149,#8150,#8151,#8152,#8153,#8154,#8155,#8156,#8157,#8158,#8159,#8160,#8161,#8162,#8163,#8164,#8165,#8166,#8167,#8168,#8169,#8170,#8171,
#8172)),.UNSPECIFIED.,.F.,.F.,.U.,(4,1,1,1,1,1,1,1,1,1,1,1,1,1,1,1,1,1,1,1,1,1,1,1,4),(4,1,1,1,1,1,1,1,1,1,1,1,1,1,1,1,1,1,1,1,1,1,1,1,4),(0.014900031,0.014949189,0.016790586,0.018631982,0.021087178,0.02538377,0.031521758,0.041342539,0.053618516,0.073260078,0.097812031,0.127274375,0.151826328,0.171467891,0.186199062,0.198475039,0.20829582,0.215661406,0.221799395,0.226095986,0.228551182,0.230085679,0.231313276,0.232540874,0.233900153),(-0.177500258,-0.177463052,-0.176079902,-0.174696753,-0.173313604,-0.171930454,-0.170086255,-0.167781006,-0.164092607,-0.15763791,-0.148416914,-0.13366332,-0.115221328,-0.093090938,-0.070960547,-0.052518555,-0.03960916,-0.032232363,-0.026699766,-0.022089268,-0.018861919,-0.01701772,-0.01563457,-0.014251421,-0.013000221),.UNSPECIFIED.);
#8174=CARTESIAN_POINT('',(11.2,179.,11.2));
#8175=DIRECTION('',(1.,0.,0.));
#8176=VECTOR('',#8175,219.);
#8177=LINE('',#8174,#8176);
#8178=EDGE_CURVE('',#7419,#7396,#8177,.T.);
#8179=ORIENTED_EDGE('',*,*,#8178,.F.);
#8180=ORIENTED_EDGE('',*,*,#7424,.F.);
#8181=ORIENTED_EDGE('',*,*,#7355,.F.);
#8182=ORIENTED_EDGE('',*,*,#7407,.F.);
#8183=EDGE_LOOP('',(#8179,#8180,#8181,#8182));
#8184=FACE_BOUND('',#8183,.T.);
#8185=ORIENTED_EDGE('',*,*,#7195,.F.);
#8186=CARTESIAN_POINT('',(13.7,175.299996705,10.486032064));
#8187=CARTESIAN_POINT('',(13.699999782,175.379280246,10.483187117));
#8188=CARTESIAN_POINT('',(13.707776868,175.457194039,10.479339252));
#8189=CARTESIAN_POINT('',(13.723003901,175.533837941,10.475421399));
#8190=CARTESIAN_POINT('',(13.738230934,175.610481844,10.471503546));
#8191=CARTESIAN_POINT('',(13.761281114,175.686655887,10.467475726));
#8192=CARTESIAN_POINT('',(13.791378941,175.759303111,10.464438089));
#8193=CARTESIAN_POINT('',(13.821476768,175.831950335,10.461400451));
#8194=CARTESIAN_POINT('',(13.858322687,175.900886148,10.459376328));
#8195=CARTESIAN_POINT('',(13.901877019,175.966146016,10.458970339));
#8196=CARTESIAN_POINT('',(13.945431351,176.031405885,10.458564351));
#8197=CARTESIAN_POINT('',(13.99616596,176.093229121,10.459841103));
#8198=CARTESIAN_POINT('',(14.051524134,176.148580406,10.462699768));
#8199=CARTESIAN_POINT('',(14.162240482,176.259282975,10.4684171));
#8200=CARTESIAN_POINT('',(14.295834983,176.348492562,10.480713219));
#8201=CARTESIAN_POINT('',(14.439962435,176.408316489,10.49235849));
#8202=CARTESIAN_POINT('',(14.584089887,176.468140415,10.504003762));
#8203=CARTESIAN_POINT('',(14.743117809,176.500000466,10.515087027));
#8204=CARTESIAN_POINT('',(14.900003566,176.5,10.518950579));
#8205=B_SPLINE_CURVE_WITH_KNOTS('',3,(#8186,#8187,#8188,#8189,#8190,#8191,#8192,#8193,#8194,#8195,#8196,#8197,#8198,#8199,#8200,#8201,#8202,#8203,#8204),.UNSPECIFIED.,.F.,.F.,(4,3,3,3,3,3,4),(0.,0.000234629,0.000469257,0.000703886,0.000938515,0.001407772,0.00187703),.UNSPECIFIED.);
#8206=EDGE_CURVE('',#7188,#7308,#8205,.T.);
#8207=ORIENTED_EDGE('',*,*,#8206,.T.);
#8208=ORIENTED_EDGE('',*,*,#7315,.T.);
#8209=CARTESIAN_POINT('',(226.500002659,176.5,10.509324407));
#8210=CARTESIAN_POINT('',(226.579274629,176.499999824,10.509869437));
#8211=CARTESIAN_POINT('',(226.657204018,176.492222295,10.50905457));
#8212=CARTESIAN_POINT('',(226.733853961,176.476992916,10.507335491));
#8213=CARTESIAN_POINT('',(226.810503904,176.461763538,10.505616412));
#8214=CARTESIAN_POINT('',(226.886669403,176.438710174,10.502945921));
#8215=CARTESIAN_POINT('',(226.959262599,176.408637842,10.499913987));
#8216=CARTESIAN_POINT('',(227.031855796,176.37856551,10.496882053));
#8217=CARTESIAN_POINT('',(227.100724356,176.341763723,10.493513682));
#8218=CARTESIAN_POINT('',(227.165917986,176.29827513,10.490389878));
#8219=CARTESIAN_POINT('',(227.231111617,176.254786538,10.487266074));
#8220=CARTESIAN_POINT('',(227.292833561,176.204175662,10.484398745));
#8221=CARTESIAN_POINT('',(227.348168449,176.148887673,10.482496096));
#8222=CARTESIAN_POINT('',(227.403503338,176.093599684,10.480593447));
#8223=CARTESIAN_POINT('',(227.453197689,176.033240066,10.479611423));
#8224=CARTESIAN_POINT('',(227.497102847,175.967672009,10.479713815));
#8225=CARTESIAN_POINT('',(227.541008006,175.902103952,10.479816207));
#8226=CARTESIAN_POINT('',(227.578298574,175.832330429,10.481016057));
#8227=CARTESIAN_POINT('',(227.608257953,175.760178563,10.482931302));
#8228=CARTESIAN_POINT('',(227.668176712,175.615874831,10.486761792));
#8229=CARTESIAN_POINT('',(227.700000606,175.45848229,10.493670214));
#8230=CARTESIAN_POINT('',(227.7,175.299995408,10.49720113));
#8231=B_SPLINE_CURVE_WITH_KNOTS('',3,(#8209,#8210,#8211,#8212,#8213,#8214,#8215,#8216,#8217,#8218,#8219,#8220,#8221,#8222,#8223,#8224,#8225,#8226,#8227,#8228,#8229,#8230),.UNSPECIFIED.,.F.,.F.,(4,3,3,3,3,3,3,4),(0.,0.000234406,0.000468812,0.000703218,0.000937623,0.001172029,0.001406435,0.001875247),.UNSPECIFIED.);
#8232=EDGE_CURVE('',#7310,#7286,#8231,.T.);
#8233=ORIENTED_EDGE('',*,*,#8232,.T.);
#8234=ORIENTED_EDGE('',*,*,#7291,.F.);
#8235=CARTESIAN_POINT('',(227.7,18.200002862,10.502559631));
#8236=CARTESIAN_POINT('',(227.700000189,18.120757445,10.500168998));
#8237=CARTESIAN_POINT('',(227.69223017,18.042878188,10.496744862));
#8238=CARTESIAN_POINT('',(227.677017669,17.966270654,10.493194627));
#8239=CARTESIAN_POINT('',(227.661805167,17.88966312,10.489644392));
#8240=CARTESIAN_POINT('',(227.638779847,17.813532168,10.48593678));
#8241=CARTESIAN_POINT('',(227.608712443,17.740917526,10.482998003));
#8242=CARTESIAN_POINT('',(227.57864504,17.668302884,10.480059226));
#8243=CARTESIAN_POINT('',(227.541838075,17.599399989,10.477901163));
#8244=CARTESIAN_POINT('',(227.498335944,17.534173188,10.476944948));
#8245=CARTESIAN_POINT('',(227.454833812,17.468946387,10.475988734));
#8246=CARTESIAN_POINT('',(227.404163298,17.407147455,10.476271689));
#8247=CARTESIAN_POINT('',(227.348837333,17.351781171,10.477705555));
#8248=CARTESIAN_POINT('',(227.238185402,17.241048602,10.480573288));
#8249=CARTESIAN_POINT('',(227.104498133,17.151679734,10.488296048));
#8250=CARTESIAN_POINT('',(226.96026,17.091775865,10.495319814));
#8251=CARTESIAN_POINT('',(226.816021867,17.031871997,10.502343581));
#8252=CARTESIAN_POINT('',(226.656809785,16.999999559,10.508373094));
#8253=CARTESIAN_POINT('',(226.499996628,17.,10.508413515));
#8254=B_SPLINE_CURVE_WITH_KNOTS('',3,(#8235,#8236,#8237,#8238,#8239,#8240,#8241,#8242,#8243,#8244,#8245,#8246,#8247,#8248,#8249,#8250,#8251,#8252,#8253),.UNSPECIFIED.,.F.,.F.,(4,3,3,3,3,3,4),(0.,0.000234462,0.000468924,0.000703387,0.000937849,0.001406773,0.001875697),.UNSPECIFIED.);
#8255=EDGE_CURVE('',#7278,#7246,#8254,.T.);
#8256=ORIENTED_EDGE('',*,*,#8255,.T.);
#8257=ORIENTED_EDGE('',*,*,#7251,.T.);
#8258=CARTESIAN_POINT('',(14.900004223,17.,10.514172544));
#8259=CARTESIAN_POINT('',(14.820685939,16.999999721,10.512001507));
#8260=CARTESIAN_POINT('',(14.742787709,17.007783131,10.508091263));
#8261=CARTESIAN_POINT('',(14.666201267,17.022996112,10.503299308));
#8262=CARTESIAN_POINT('',(14.589614825,17.038209093,10.498507353));
#8263=CARTESIAN_POINT('',(14.513554167,17.061218891,10.492753939));
#8264=CARTESIAN_POINT('',(14.441019589,17.091245301,10.487144806));
#8265=CARTESIAN_POINT('',(14.36848501,17.121271712,10.481535673));
#8266=CARTESIAN_POINT('',(14.299651106,17.158020579,10.476114264));
#8267=CARTESIAN_POINT('',(14.234449145,17.201480066,10.471748113));
#8268=CARTESIAN_POINT('',(14.169247184,17.244939552,10.467381963));
#8269=CARTESIAN_POINT('',(14.10744026,17.295578789,10.464104713));
#8270=CARTESIAN_POINT('',(14.052046295,17.350897819,10.462550545));
#8271=CARTESIAN_POINT('',(13.996652331,17.406216848,10.460996376));
#8272=CARTESIAN_POINT('',(13.946916154,17.466608134,10.461103799));
#8273=CARTESIAN_POINT('',(13.902982782,17.532200129,10.462765684));
#8274=CARTESIAN_POINT('',(13.859049411,17.597792124,10.464427568));
#8275=CARTESIAN_POINT('',(13.821729035,17.667609786,10.467622021));
#8276=CARTESIAN_POINT('',(13.791757474,17.739784285,10.471530276));
#8277=CARTESIAN_POINT('',(13.731814354,17.884133284,10.479346785));
#8278=CARTESIAN_POINT('',(13.699999594,18.041434746,10.490067378));
#8279=CARTESIAN_POINT('',(13.7,18.200003069,10.495570037));
#8280=B_SPLINE_CURVE_WITH_KNOTS('',3,(#8258,#8259,#8260,#8261,#8262,#8263,#8264,#8265,#8266,#8267,#8268,#8269,#8270,#8271,#8272,#8273,#8274,#8275,#8276,#8277,#8278,#8279),.UNSPECIFIED.,.F.,.F.,(4,3,3,3,3,3,3,4),(0.,0.000234594,0.000469189,0.000703783,0.000938378,0.001172972,0.001407567,0.001876755),.UNSPECIFIED.);
#8281=EDGE_CURVE('',#7238,#7190,#8280,.T.);
#8282=ORIENTED_EDGE('',*,*,#8281,.T.);
#8283=EDGE_LOOP('',(#8185,#8207,#8208,#8233,#8234,#8256,#8257,#8282));
#8284=FACE_BOUND('',#8283,.T.);
#8285=ADVANCED_FACE('',(#8184,#8284),#8173,.T.);
#8286=CARTESIAN_POINT('',(246.6,1.5,9.9));
#8287=DIRECTION('',(0.,0.,1.));
#8288=DIRECTION('',(-1.,0.,0.));
#8289=AXIS2_PLACEMENT_3D('',#8286,#8287,#8288);
#8290=PLANE('',#8289);
#8291=ORIENTED_EDGE('',*,*,#7235,.T.);
#8292=CARTESIAN_POINT('',(226.5,18.2,9.9));
#8293=DIRECTION('',(0.,0.,1.));
#8294=DIRECTION('',(1.,0.,-0.));
#8295=AXIS2_PLACEMENT_3D('',#8292,#8293,#8294);
#8296=CIRCLE('',#8295,1.2);
#8297=EDGE_CURVE('',#7230,#7268,#8296,.T.);
#8298=ORIENTED_EDGE('',*,*,#8297,.T.);
#8299=ORIENTED_EDGE('',*,*,#7275,.T.);
#8300=CARTESIAN_POINT('',(226.5,175.3,9.9));
#8301=DIRECTION('',(0.,0.,1.));
#8302=DIRECTION('',(1.,0.,-0.));
#8303=AXIS2_PLACEMENT_3D('',#8300,#8301,#8302);
#8304=CIRCLE('',#8303,1.2);
#8305=EDGE_CURVE('',#7270,#7326,#8304,.T.);
#8306=ORIENTED_EDGE('',*,*,#8305,.T.);
#8307=ORIENTED_EDGE('',*,*,#7331,.T.);
#8308=CARTESIAN_POINT('',(14.9,175.3,9.9));
#8309=DIRECTION('',(0.,0.,1.));
#8310=DIRECTION('',(1.,0.,-0.));
#8311=AXIS2_PLACEMENT_3D('',#8308,#8309,#8310);
#8312=CIRCLE('',#8311,1.2);
#8313=EDGE_CURVE('',#7318,#7206,#8312,.T.);
#8314=ORIENTED_EDGE('',*,*,#8313,.T.);
#8315=ORIENTED_EDGE('',*,*,#7211,.F.);
#8316=CARTESIAN_POINT('',(14.9,18.2,9.9));
#8317=DIRECTION('',(0.,0.,1.));
#8318=DIRECTION('',(1.,0.,-0.));
#8319=AXIS2_PLACEMENT_3D('',#8316,#8317,#8318);
#8320=CIRCLE('',#8319,1.2);
#8321=EDGE_CURVE('',#7198,#7228,#8320,.T.);
#8322=ORIENTED_EDGE('',*,*,#8321,.T.);
#8323=EDGE_LOOP('',(#8291,#8298,#8299,#8306,#8307,#8314,#8315,#8322));
#8324=FACE_BOUND('',#8323,.T.);
#8325=ORIENTED_EDGE('',*,*,#7438,.T.);
#8326=CARTESIAN_POINT('',(11.2,179.,9.9));
#8327=DIRECTION('',(1.,0.,-0.));
#8328=VECTOR('',#8327,219.);
#8329=LINE('',#8326,#8328);
#8330=EDGE_CURVE('',#7427,#7388,#8329,.T.);
#8331=ORIENTED_EDGE('',*,*,#8330,.T.);
#8332=ORIENTED_EDGE('',*,*,#7393,.T.);
#8333=ORIENTED_EDGE('',*,*,#7371,.T.);
#8334=EDGE_LOOP('',(#8325,#8331,#8332,#8333));
#8335=FACE_BOUND('',#8334,.T.);
#8336=ADVANCED_FACE('',(#8324,#8335),#8290,.F.);
#8337=CARTESIAN_POINT('',(120.7,179.,10.55));
#8338=DIRECTION('',(0.,-1.,0.));
#8339=DIRECTION('',(0.,0.,-1.));
#8340=AXIS2_PLACEMENT_3D('',#8337,#8338,#8339);
#8341=PLANE('',#8340);
#8342=ORIENTED_EDGE('',*,*,#8330,.F.);
#8343=ORIENTED_EDGE('',*,*,#7432,.F.);
#8344=ORIENTED_EDGE('',*,*,#8178,.T.);
#8345=ORIENTED_EDGE('',*,*,#7401,.F.);
#8346=EDGE_LOOP('',(#8342,#8343,#8344,#8345));
#8347=FACE_BOUND('',#8346,.T.);
#8348=ADVANCED_FACE('',(#8347),#8341,.F.);
#8349=CARTESIAN_POINT('',(14.9,18.2,9.75));
#8350=DIRECTION('',(0.,0.,1.));
#8351=DIRECTION('',(1.,0.,-0.));
#8352=AXIS2_PLACEMENT_3D('',#8349,#8350,#8351);
#8353=CYLINDRICAL_SURFACE('',#8352,1.2);
#8354=ORIENTED_EDGE('',*,*,#8281,.F.);
#8355=ORIENTED_EDGE('',*,*,#7243,.F.);
#8356=ORIENTED_EDGE('',*,*,#8321,.F.);
#8357=ORIENTED_EDGE('',*,*,#7203,.F.);
#8358=EDGE_LOOP('',(#8354,#8355,#8356,#8357));
#8359=FACE_BOUND('',#8358,.T.);
#8360=ADVANCED_FACE('',(#8359),#8353,.F.);
#8361=CARTESIAN_POINT('',(226.5,18.2,10.5));
#8362=DIRECTION('',(0.,0.,1.));
#8363=DIRECTION('',(1.,0.,-0.));
#8364=AXIS2_PLACEMENT_3D('',#8361,#8362,#8363);
#8365=CYLINDRICAL_SURFACE('',#8364,1.2);
#8366=ORIENTED_EDGE('',*,*,#8255,.F.);
#8367=ORIENTED_EDGE('',*,*,#7283,.F.);
#8368=ORIENTED_EDGE('',*,*,#8297,.F.);
#8369=ORIENTED_EDGE('',*,*,#7257,.F.);
#8370=EDGE_LOOP('',(#8366,#8367,#8368,#8369));
#8371=FACE_BOUND('',#8370,.T.);
#8372=ADVANCED_FACE('',(#8371),#8365,.F.);
#8373=CARTESIAN_POINT('',(14.9,175.3,9.75));
#8374=DIRECTION('',(0.,0.,-1.));
#8375=DIRECTION('',(-1.,0.,0.));
#8376=AXIS2_PLACEMENT_3D('',#8373,#8374,#8375);
#8377=CYLINDRICAL_SURFACE('',#8376,1.2);
#8378=ORIENTED_EDGE('',*,*,#8313,.F.);
#8379=ORIENTED_EDGE('',*,*,#7323,.F.);
#8380=ORIENTED_EDGE('',*,*,#8206,.F.);
#8381=ORIENTED_EDGE('',*,*,#7217,.F.);
#8382=EDGE_LOOP('',(#8378,#8379,#8380,#8381));
#8383=FACE_BOUND('',#8382,.T.);
#8384=ADVANCED_FACE('',(#8383),#8377,.F.);
#8385=CARTESIAN_POINT('',(226.5,175.3,9.365));
#8386=DIRECTION('',(0.,0.,-1.));
#8387=DIRECTION('',(-1.,0.,0.));
#8388=AXIS2_PLACEMENT_3D('',#8385,#8386,#8387);
#8389=CYLINDRICAL_SURFACE('',#8388,1.2);
#8390=ORIENTED_EDGE('',*,*,#8305,.F.);
#8391=ORIENTED_EDGE('',*,*,#7297,.F.);
#8392=ORIENTED_EDGE('',*,*,#8232,.F.);
#8393=ORIENTED_EDGE('',*,*,#7337,.F.);
#8394=EDGE_LOOP('',(#8390,#8391,#8392,#8393));
#8395=FACE_BOUND('',#8394,.T.);
#8396=ADVANCED_FACE('',(#8395),#8389,.F.);
#8397=CLOSED_SHELL('',(#7221,#7261,#7301,#7341,#7381,#7412,#7443,#8285,#8336,#8348,#8360,#8372,#8384,#8396));
#8398=MANIFOLD_SOLID_BREP('inner_bevel',#8397);
#7181=STYLED_ITEM('',(#7180),#8398);
#35=SHAPE_REPRESENTATION('bezel_cs',(#15),#33);
#36=ADVANCED_BREP_SHAPE_REPRESENTATION('bezel_cs',(#7173,#8398),#33);
#8406=SHAPE_REPRESENTATION_RELATIONSHIP('','',#35,#36);
#8407=CARTESIAN_POINT('',(0.,0.,0.));
#8408=DIRECTION('',(0.,0.,1.));
#8409=DIRECTION('',(1.,0.,0.));
#8410=AXIS2_PLACEMENT_3D('',#8407,#8408,#8409);
#8412=MAPPED_ITEM('',#8411,#8410);
#8411=REPRESENTATION_MAP(#8410,#35);
#8413=APPLICATION_CONTEXT('Managed model based 3d engineering');
#8414=APPLICATION_PROTOCOL_DEFINITION('international standard','ap242_managed_model_based_3d_engineering',2014,#8413);
#8415=PRODUCT_CONTEXT('',#8413,'mechanical');
#8416=PRODUCT_DEFINITION_CONTEXT('part definition',#8413,'design');
#43=PRODUCT('bezel_cs','bezel_cs','',(#8415));
#8417=PRODUCT_RELATED_PRODUCT_CATEGORY('part','',(#43));
#8418=PRODUCT_DEFINITION_FORMATION_WITH_SPECIFIED_SOURCE('','',#43,.NOT_KNOWN.);
#44=PRODUCT_DEFINITION('design','',#8418,#8416);
#42=PRODUCT_DEFINITION_SHAPE('','',#44);
#8419=SHAPE_DEFINITION_REPRESENTATION(#42,#35);
#34=DRAUGHTING_MODEL('',(#8412),#33);
#16=SHAPE_REPRESENTATION('root',(#15,#48),#10);
#8420=CARTESIAN_POINT('',(0.,0.,0.));
#8421=DIRECTION('',(0.,0.,1.));
#8422=DIRECTION('',(1.,0.,0.));
#8423=AXIS2_PLACEMENT_3D('',#8420,#8421,#8422);
#8425=MAPPED_ITEM('',#8424,#8423);
#8424=REPRESENTATION_MAP(#8423,#16);
#24=PRODUCT('root','root','',(#8415));
#8426=PRODUCT_RELATED_PRODUCT_CATEGORY('part','',(#24));
#8427=PRODUCT_DEFINITION_FORMATION_WITH_SPECIFIED_SOURCE('','',#24,.NOT_KNOWN.);
#25=PRODUCT_DEFINITION('design','',#8427,#8416);
#23=PRODUCT_DEFINITION_SHAPE('','',#25);
#8428=SHAPE_DEFINITION_REPRESENTATION(#23,#16);
#11=DRAUGHTING_MODEL('',(#8425),#10);
#8429=DESCRIPTIVE_REPRESENTATION_ITEM('KEY','/Users/hrushka/Library/Containers/com.shapr3d.shapr/Data/tmp/D38C3BB1-07C3-4321-BE3D-790B1A1AE2FB.tmp');
#8430=PROPERTY_DEFINITION('KEY','',#25);
#8431=REPRESENTATION('',(#8429),#10);
#8432=PROPERTY_DEFINITION_REPRESENTATION(#8430,#8431);
#8433=GENERAL_PROPERTY('','KEY','');
#8434=GENERAL_PROPERTY_ASSOCIATION('','',#8433,#8430);
#1=MECHANICAL_DESIGN_GEOMETRIC_PRESENTATION_REPRESENTATION('',(#54,#7181),#10);
ENDSEC;
END-ISO-10303-21;
