ISO-10303-21;
HEADER;

/* File generated by Shapr3D Version 26.143.0.11521 */

FILE_DESCRIPTION(('HOOPS Exchange Step'),'2;1');

FILE_NAME('/Users/hrushka/Library/Containers/com.shapr3d.shapr/Data/tmp/export/temp_export',
'2026-09-26T16:55:07-07:00',
('hrushka'),
('Shapr3D Limited'),
'HOOPS Exchange 2026.3',
'Shapr3D',
'Authorized');

FILE_SCHEMA( ('AP242_MANAGED_MODEL_BASED_3D_ENGINEERING_MIM_LF {1 0 10303 442 1 1 4}') );

ENDSEC;

DATA;
#3=(NAMED_UNIT(*)PLANE_ANGLE_UNIT()SI_UNIT($,.RADIAN.));
#4=PLANE_ANGLE_MEASURE_WITH_UNIT(PLANE_ANGLE_MEASURE(0.0174532925),#3);
#5=(CONVERSION_BASED_UNIT('DEGREE',#4)NAMED_UNIT(#6)PLANE_ANGLE_UNIT());
#6=DIMENSIONAL_EXPONENTS(0.,0.,0.,0.,0.,0.,0.);
#7=(NAMED_UNIT(*)SI_UNIT($,.STERADIAN.)SOLID_ANGLE_UNIT());
#8=(LENGTH_UNIT()NAMED_UNIT(*)SI_UNIT(.MILLI.,.METRE.));
#9=UNCERTAINTY_MEASURE_WITH_UNIT(LENGTH_MEASURE(1.000000E-05),#8,'DISTANCE_ACCURACY_VALUE','Maximum Tolerance applied to model');
#10=(GEOMETRIC_REPRESENTATION_CONTEXT(3)GLOBAL_UNCERTAINTY_ASSIGNED_CONTEXT((#9))GLOBAL_UNIT_ASSIGNED_CONTEXT((#8,#5,#7))REPRESENTATION_CONTEXT('','root'));
#12=CARTESIAN_POINT('',(0.,0.,0.));
#13=DIRECTION('',(0.,0.,1.));
#14=DIRECTION('',(1.,0.,0.));
#15=AXIS2_PLACEMENT_3D('TS3D_PRODUCT_CSYS',#12,#13,#14);
#27=CARTESIAN_POINT('',(-89.,18.,42.25));
#28=DIRECTION('',(0.,1.,0.));
#29=DIRECTION('',(1.,0.,0.));
#30=AXIS2_PLACEMENT_3D('',#27,#28,#29);
#31=PLANE('',#30);
#32=CARTESIAN_POINT('',(-78.,18.,43.75));
#33=VERTEX_POINT('',#32);
#34=CARTESIAN_POINT('',(-100.,18.,43.75));
#35=VERTEX_POINT('',#34);
#36=CARTESIAN_POINT('',(-78.,18.,43.75));
#37=DIRECTION('',(-1.,-0.,0.));
#38=VECTOR('',#37,22.);
#39=LINE('',#36,#38);
#40=EDGE_CURVE('',#33,#35,#39,.T.);
#41=ORIENTED_EDGE('',*,*,#40,.F.);
#42=CARTESIAN_POINT('',(-78.,18.,37.));
#43=VERTEX_POINT('',#42);
#44=CARTESIAN_POINT('',(-78.,18.,37.));
#45=DIRECTION('',(0.,0.,1.));
#46=VECTOR('',#45,6.75);
#47=LINE('',#44,#46);
#48=EDGE_CURVE('',#43,#33,#47,.T.);
#49=ORIENTED_EDGE('',*,*,#48,.F.);
#50=CARTESIAN_POINT('',(-100.,18.,37.));
#51=VERTEX_POINT('',#50);
#52=CARTESIAN_POINT('',(-100.,18.,37.));
#53=DIRECTION('',(1.,0.,-0.));
#54=VECTOR('',#53,22.);
#55=LINE('',#52,#54);
#56=EDGE_CURVE('',#51,#43,#55,.T.);
#57=ORIENTED_EDGE('',*,*,#56,.F.);
#58=CARTESIAN_POINT('',(-100.,18.,37.));
#59=DIRECTION('',(-0.,-0.,1.));
#60=VECTOR('',#59,6.75);
#61=LINE('',#58,#60);
#62=EDGE_CURVE('',#51,#35,#61,.T.);
#63=ORIENTED_EDGE('',*,*,#62,.T.);
#64=EDGE_LOOP('',(#41,#49,#57,#63));
#65=FACE_BOUND('',#64,.T.);
#66=ADVANCED_FACE('',(#65),#31,.T.);
#67=CARTESIAN_POINT('',(-89.,17.,42.25));
#68=DIRECTION('',(0.,1.,0.));
#69=DIRECTION('',(1.,0.,0.));
#70=AXIS2_PLACEMENT_3D('',#67,#68,#69);
#71=PLANE('',#70);
#72=CARTESIAN_POINT('',(-79.,17.,43.75));
#73=VERTEX_POINT('',#72);
#74=CARTESIAN_POINT('',(-99.4,17.,43.75));
#75=VERTEX_POINT('',#74);
#76=CARTESIAN_POINT('',(-79.,17.,43.75));
#77=DIRECTION('',(-1.,-0.,0.));
#78=VECTOR('',#77,20.4);
#79=LINE('',#76,#78);
#80=EDGE_CURVE('',#73,#75,#79,.T.);
#81=ORIENTED_EDGE('',*,*,#80,.T.);
#82=CARTESIAN_POINT('',(-99.4,17.,37.));
#83=VERTEX_POINT('',#82);
#84=CARTESIAN_POINT('',(-99.4,17.,37.));
#85=DIRECTION('',(0.,0.,1.));
#86=VECTOR('',#85,6.75);
#87=LINE('',#84,#86);
#88=EDGE_CURVE('',#83,#75,#87,.T.);
#89=ORIENTED_EDGE('',*,*,#88,.F.);
#90=CARTESIAN_POINT('',(-79.,17.,37.));
#91=VERTEX_POINT('',#90);
#92=CARTESIAN_POINT('',(-99.4,17.,37.));
#93=DIRECTION('',(1.,0.,-0.));
#94=VECTOR('',#93,20.4);
#95=LINE('',#92,#94);
#96=EDGE_CURVE('',#83,#91,#95,.T.);
#97=ORIENTED_EDGE('',*,*,#96,.T.);
#98=CARTESIAN_POINT('',(-79.,17.,37.));
#99=DIRECTION('',(-0.,-0.,1.));
#100=VECTOR('',#99,6.75);
#101=LINE('',#98,#100);
#102=EDGE_CURVE('',#91,#73,#101,.T.);
#103=ORIENTED_EDGE('',*,*,#102,.T.);
#104=EDGE_LOOP('',(#81,#89,#97,#103));
#105=FACE_BOUND('',#104,.T.);
#106=ADVANCED_FACE('',(#105),#71,.F.);
#107=CARTESIAN_POINT('',(-78.,5.,35.));
#108=DIRECTION('',(-1.,-0.,0.));
#109=DIRECTION('',(0.,0.,1.));
#110=AXIS2_PLACEMENT_3D('',#107,#108,#109);
#111=PLANE('',#110);
#112=CARTESIAN_POINT('',(-78.,14.25,47.5));
#113=VERTEX_POINT('',#112);
#114=CARTESIAN_POINT('',(-78.,14.25,43.75));
#115=DIRECTION('',(1.,0.,0.));
#116=DIRECTION('',(0.,0.,-1.));
#117=AXIS2_PLACEMENT_3D('',#114,#115,#116);
#118=CIRCLE('',#117,3.75);
#119=EDGE_CURVE('',#33,#113,#118,.T.);
#120=ORIENTED_EDGE('',*,*,#119,.T.);
#121=CARTESIAN_POINT('',(-78.,10.5,47.5));
#122=VERTEX_POINT('',#121);
#123=CARTESIAN_POINT('',(-78.,10.5,47.5));
#124=DIRECTION('',(0.,1.,0.));
#125=VECTOR('',#124,3.75);
#126=LINE('',#123,#125);
#127=EDGE_CURVE('',#122,#113,#126,.T.);
#128=ORIENTED_EDGE('',*,*,#127,.F.);
#129=CARTESIAN_POINT('',(-78.,6.,43.));
#130=VERTEX_POINT('',#129);
#131=CARTESIAN_POINT('',(-78.,10.5,47.5));
#132=DIRECTION('',(0.,-0.707106781,-0.707106781));
#133=VECTOR('',#132,6.363961031);
#134=LINE('',#131,#133);
#135=EDGE_CURVE('',#122,#130,#134,.T.);
#136=ORIENTED_EDGE('',*,*,#135,.T.);
#137=CARTESIAN_POINT('',(-78.,6.,36.));
#138=VERTEX_POINT('',#137);
#139=CARTESIAN_POINT('',(-78.,6.,43.));
#140=DIRECTION('',(0.,0.,-1.));
#141=VECTOR('',#140,7.);
#142=LINE('',#139,#141);
#143=EDGE_CURVE('',#130,#138,#142,.T.);
#144=ORIENTED_EDGE('',*,*,#143,.T.);
#145=CARTESIAN_POINT('',(-78.,1.5,36.));
#146=VERTEX_POINT('',#145);
#147=CARTESIAN_POINT('',(-78.,6.,36.));
#148=DIRECTION('',(0.,-1.,-0.));
#149=VECTOR('',#148,4.5);
#150=LINE('',#147,#149);
#151=EDGE_CURVE('',#138,#146,#150,.T.);
#152=ORIENTED_EDGE('',*,*,#151,.T.);
#153=CARTESIAN_POINT('',(-78.,1.5,34.));
#154=VERTEX_POINT('',#153);
#155=CARTESIAN_POINT('',(-78.,1.5,34.));
#156=DIRECTION('',(-0.,-0.,1.));
#157=VECTOR('',#156,2.);
#158=LINE('',#155,#157);
#159=EDGE_CURVE('',#154,#146,#158,.T.);
#160=ORIENTED_EDGE('',*,*,#159,.F.);
#161=CARTESIAN_POINT('',(-78.,8.5,34.));
#162=VERTEX_POINT('',#161);
#163=CARTESIAN_POINT('',(-78.,8.5,34.));
#164=DIRECTION('',(0.,-1.,0.));
#165=VECTOR('',#164,7.);
#166=LINE('',#163,#165);
#167=EDGE_CURVE('',#162,#154,#166,.T.);
#168=ORIENTED_EDGE('',*,*,#167,.F.);
#169=CARTESIAN_POINT('',(-78.,8.5,42.));
#170=VERTEX_POINT('',#169);
#171=CARTESIAN_POINT('',(-78.,8.5,42.));
#172=DIRECTION('',(0.,0.,-1.));
#173=VECTOR('',#172,8.);
#174=LINE('',#171,#173);
#175=EDGE_CURVE('',#170,#162,#174,.T.);
#176=ORIENTED_EDGE('',*,*,#175,.F.);
#177=CARTESIAN_POINT('',(-78.,16.75,42.));
#178=VERTEX_POINT('',#177);
#179=CARTESIAN_POINT('',(-78.,12.625,42.));
#180=DIRECTION('',(1.,0.,0.));
#181=DIRECTION('',(0.,0.,-1.));
#182=AXIS2_PLACEMENT_3D('',#179,#180,#181);
#183=CIRCLE('',#182,4.125);
#184=EDGE_CURVE('',#178,#170,#183,.T.);
#185=ORIENTED_EDGE('',*,*,#184,.F.);
#186=CARTESIAN_POINT('',(-78.,16.75,37.));
#187=VERTEX_POINT('',#186);
#188=CARTESIAN_POINT('',(-78.,16.75,37.));
#189=DIRECTION('',(0.,0.,1.));
#190=VECTOR('',#189,5.);
#191=LINE('',#188,#190);
#192=EDGE_CURVE('',#187,#178,#191,.T.);
#193=ORIENTED_EDGE('',*,*,#192,.F.);
#194=CARTESIAN_POINT('',(-78.,18.,37.));
#195=DIRECTION('',(-0.,-1.,-0.));
#196=VECTOR('',#195,1.25);
#197=LINE('',#194,#196);
#198=EDGE_CURVE('',#43,#187,#197,.T.);
#199=ORIENTED_EDGE('',*,*,#198,.F.);
#200=ORIENTED_EDGE('',*,*,#48,.T.);
#201=EDGE_LOOP('',(#120,#128,#136,#144,#152,#160,#168,#176,#185,#193,#199,#200));
#202=FACE_BOUND('',#201,.T.);
#203=ADVANCED_FACE('',(#202),#111,.F.);
#204=CARTESIAN_POINT('',(-100.,17.125,37.));
#205=DIRECTION('',(0.,0.,1.));
#206=DIRECTION('',(1.,0.,0.));
#207=AXIS2_PLACEMENT_3D('',#204,#205,#206);
#208=PLANE('',#207);
#209=ORIENTED_EDGE('',*,*,#198,.T.);
#210=CARTESIAN_POINT('',(-79.,16.75,37.));
#211=VERTEX_POINT('',#210);
#212=CARTESIAN_POINT('',(-78.,16.75,37.));
#213=DIRECTION('',(-1.,-0.,0.));
#214=VECTOR('',#213,1.);
#215=LINE('',#212,#214);
#216=EDGE_CURVE('',#187,#211,#215,.T.);
#217=ORIENTED_EDGE('',*,*,#216,.T.);
#218=CARTESIAN_POINT('',(-79.,17.,37.));
#219=DIRECTION('',(-0.,-1.,-0.));
#220=VECTOR('',#219,0.25);
#221=LINE('',#218,#220);
#222=EDGE_CURVE('',#91,#211,#221,.T.);
#223=ORIENTED_EDGE('',*,*,#222,.F.);
#224=ORIENTED_EDGE('',*,*,#96,.F.);
#225=CARTESIAN_POINT('',(-99.4,16.25,37.));
#226=VERTEX_POINT('',#225);
#227=CARTESIAN_POINT('',(-99.4,16.25,37.));
#228=DIRECTION('',(0.,1.,0.));
#229=VECTOR('',#228,0.75);
#230=LINE('',#227,#229);
#231=EDGE_CURVE('',#226,#83,#230,.T.);
#232=ORIENTED_EDGE('',*,*,#231,.F.);
#233=CARTESIAN_POINT('',(-100.,16.25,37.));
#234=VERTEX_POINT('',#233);
#235=CARTESIAN_POINT('',(-100.,16.25,37.));
#236=DIRECTION('',(1.,0.,-0.));
#237=VECTOR('',#236,0.6);
#238=LINE('',#235,#237);
#239=EDGE_CURVE('',#234,#226,#238,.T.);
#240=ORIENTED_EDGE('',*,*,#239,.F.);
#241=CARTESIAN_POINT('',(-100.,16.25,37.));
#242=DIRECTION('',(0.,1.,0.));
#243=VECTOR('',#242,1.75);
#244=LINE('',#241,#243);
#245=EDGE_CURVE('',#234,#51,#244,.T.);
#246=ORIENTED_EDGE('',*,*,#245,.T.);
#247=ORIENTED_EDGE('',*,*,#56,.T.);
#248=EDGE_LOOP('',(#209,#217,#223,#224,#232,#240,#246,#247));
#249=FACE_BOUND('',#248,.T.);
#250=ADVANCED_FACE('',(#249),#208,.F.);
#251=CARTESIAN_POINT('',(19.75,14.25,43.75));
#252=DIRECTION('',(1.,0.,0.));
#253=DIRECTION('',(-0.,1.,0.));
#254=AXIS2_PLACEMENT_3D('',#251,#252,#253);
#255=CYLINDRICAL_SURFACE('',#254,3.75);
#256=CARTESIAN_POINT('',(-100.,14.25,47.5));
#257=VERTEX_POINT('',#256);
#258=CARTESIAN_POINT('',(-100.,14.25,43.75));
#259=DIRECTION('',(-1.,-0.,-0.));
#260=DIRECTION('',(0.,0.,-1.));
#261=AXIS2_PLACEMENT_3D('',#258,#259,#260);
#262=CIRCLE('',#261,3.75);
#263=EDGE_CURVE('',#257,#35,#262,.T.);
#264=ORIENTED_EDGE('',*,*,#263,.F.);
#265=CARTESIAN_POINT('',(-78.,14.25,47.5));
#266=DIRECTION('',(-1.,-0.,0.));
#267=VECTOR('',#266,22.);
#268=LINE('',#265,#267);
#269=EDGE_CURVE('',#113,#257,#268,.T.);
#270=ORIENTED_EDGE('',*,*,#269,.F.);
#271=ORIENTED_EDGE('',*,*,#119,.F.);
#272=ORIENTED_EDGE('',*,*,#40,.T.);
#273=EDGE_LOOP('',(#264,#270,#271,#272));
#274=FACE_BOUND('',#273,.T.);
#275=ADVANCED_FACE('',(#274),#255,.T.);
#276=CARTESIAN_POINT('',(-100.,-19.75,35.));
#277=DIRECTION('',(1.,0.,0.));
#278=DIRECTION('',(0.,0.,-1.));
#279=AXIS2_PLACEMENT_3D('',#276,#277,#278);
#280=PLANE('',#279);
#281=ORIENTED_EDGE('',*,*,#245,.F.);
#282=CARTESIAN_POINT('',(-100.,16.25,42.));
#283=VERTEX_POINT('',#282);
#284=CARTESIAN_POINT('',(-100.,16.25,42.));
#285=DIRECTION('',(-0.,0.,-1.));
#286=VECTOR('',#285,5.);
#287=LINE('',#284,#286);
#288=EDGE_CURVE('',#283,#234,#287,.T.);
#289=ORIENTED_EDGE('',*,*,#288,.F.);
#290=CARTESIAN_POINT('',(-100.,10.251151418,42.083109447));
#291=VERTEX_POINT('',#290);
#292=CARTESIAN_POINT('',(-100.,13.25,42.));
#293=DIRECTION('',(1.,0.,0.));
#294=DIRECTION('',(0.,0.,-1.));
#295=AXIS2_PLACEMENT_3D('',#292,#293,#294);
#296=CIRCLE('',#295,3.);
#297=EDGE_CURVE('',#283,#291,#296,.T.);
#298=ORIENTED_EDGE('',*,*,#297,.T.);
#299=CARTESIAN_POINT('',(-100.,9.75,24.));
#300=VERTEX_POINT('',#299);
#301=CARTESIAN_POINT('',(-100.,9.75,24.));
#302=DIRECTION('',(-0.,0.027703149,0.999616194));
#303=VECTOR('',#302,18.090052515);
#304=LINE('',#301,#303);
#305=EDGE_CURVE('',#300,#291,#304,.T.);
#306=ORIENTED_EDGE('',*,*,#305,.F.);
#307=CARTESIAN_POINT('',(-100.,-30.75,24.));
#308=VERTEX_POINT('',#307);
#309=CARTESIAN_POINT('',(-100.,9.75,24.));
#310=DIRECTION('',(0.,-1.,-0.));
#311=VECTOR('',#310,40.5);
#312=LINE('',#309,#311);
#313=EDGE_CURVE('',#300,#308,#312,.T.);
#314=ORIENTED_EDGE('',*,*,#313,.T.);
#315=CARTESIAN_POINT('',(-100.,-30.75,34.));
#316=VERTEX_POINT('',#315);
#317=CARTESIAN_POINT('',(-100.,-30.75,34.));
#318=DIRECTION('',(-0.,-0.,-1.));
#319=VECTOR('',#318,10.);
#320=LINE('',#317,#319);
#321=EDGE_CURVE('',#316,#308,#320,.T.);
#322=ORIENTED_EDGE('',*,*,#321,.F.);
#323=CARTESIAN_POINT('',(-100.,-48.,34.));
#324=VERTEX_POINT('',#323);
#325=CARTESIAN_POINT('',(-100.,-48.,34.));
#326=DIRECTION('',(-0.,1.,0.));
#327=VECTOR('',#326,17.25);
#328=LINE('',#325,#327);
#329=EDGE_CURVE('',#324,#316,#328,.T.);
#330=ORIENTED_EDGE('',*,*,#329,.F.);
#331=CARTESIAN_POINT('',(-100.,-48.,35.5));
#332=VERTEX_POINT('',#331);
#333=CARTESIAN_POINT('',(-100.,-48.,34.));
#334=DIRECTION('',(-0.,-0.,1.));
#335=VECTOR('',#334,1.5);
#336=LINE('',#333,#335);
#337=EDGE_CURVE('',#324,#332,#336,.T.);
#338=ORIENTED_EDGE('',*,*,#337,.T.);
#339=CARTESIAN_POINT('',(-100.,-47.5,36.));
#340=VERTEX_POINT('',#339);
#341=CARTESIAN_POINT('',(-100.,-47.5,36.));
#342=DIRECTION('',(0.,-0.707106781,-0.707106781));
#343=VECTOR('',#342,0.707106781);
#344=LINE('',#341,#343);
#345=EDGE_CURVE('',#340,#332,#344,.T.);
#346=ORIENTED_EDGE('',*,*,#345,.F.);
#347=CARTESIAN_POINT('',(-100.,6.,36.));
#348=VERTEX_POINT('',#347);
#349=CARTESIAN_POINT('',(-100.,-47.5,36.));
#350=DIRECTION('',(-0.,1.,0.));
#351=VECTOR('',#350,53.5);
#352=LINE('',#349,#351);
#353=EDGE_CURVE('',#340,#348,#352,.T.);
#354=ORIENTED_EDGE('',*,*,#353,.T.);
#355=CARTESIAN_POINT('',(-100.,6.,43.));
#356=VERTEX_POINT('',#355);
#357=CARTESIAN_POINT('',(-100.,6.,43.));
#358=DIRECTION('',(0.,0.,-1.));
#359=VECTOR('',#358,7.);
#360=LINE('',#357,#359);
#361=EDGE_CURVE('',#356,#348,#360,.T.);
#362=ORIENTED_EDGE('',*,*,#361,.F.);
#363=CARTESIAN_POINT('',(-100.,10.5,47.5));
#364=VERTEX_POINT('',#363);
#365=CARTESIAN_POINT('',(-100.,6.,43.));
#366=DIRECTION('',(0.,0.707106781,0.707106781));
#367=VECTOR('',#366,6.363961031);
#368=LINE('',#365,#367);
#369=EDGE_CURVE('',#356,#364,#368,.T.);
#370=ORIENTED_EDGE('',*,*,#369,.T.);
#371=CARTESIAN_POINT('',(-100.,14.25,47.5));
#372=DIRECTION('',(-0.,-1.,-0.));
#373=VECTOR('',#372,3.75);
#374=LINE('',#371,#373);
#375=EDGE_CURVE('',#257,#364,#374,.T.);
#376=ORIENTED_EDGE('',*,*,#375,.F.);
#377=ORIENTED_EDGE('',*,*,#263,.T.);
#378=ORIENTED_EDGE('',*,*,#62,.F.);
#379=EDGE_LOOP('',(#281,#289,#298,#306,#314,#322,#330,#338,#346,#354,#362,#370,#376,#377,#378));
#380=FACE_BOUND('',#379,.T.);
#381=ADVANCED_FACE('',(#380),#280,.F.);
#382=CARTESIAN_POINT('',(20.85,17.5,33.4));
#383=DIRECTION('',(1.,0.,0.));
#384=DIRECTION('',(0.,0.,-1.));
#385=AXIS2_PLACEMENT_3D('',#382,#383,#384);
#386=PLANE('',#385);
#387=CARTESIAN_POINT('',(20.85,17.,32.9));
#388=VERTEX_POINT('',#387);
#389=CARTESIAN_POINT('',(20.85,17.,33.9));
#390=VERTEX_POINT('',#389);
#391=CARTESIAN_POINT('',(20.85,17.,32.9));
#392=DIRECTION('',(0.,0.,1.));
#393=VECTOR('',#392,1.);
#394=LINE('',#391,#393);
#395=EDGE_CURVE('',#388,#390,#394,.T.);
#396=ORIENTED_EDGE('',*,*,#395,.F.);
#397=CARTESIAN_POINT('',(20.85,18.,33.9));
#398=VERTEX_POINT('',#397);
#399=CARTESIAN_POINT('',(20.85,18.,33.9));
#400=DIRECTION('',(0.,-0.707106781,-0.707106781));
#401=VECTOR('',#400,1.414213562);
#402=LINE('',#399,#401);
#403=EDGE_CURVE('',#398,#388,#402,.T.);
#404=ORIENTED_EDGE('',*,*,#403,.F.);
#405=CARTESIAN_POINT('',(20.85,17.,33.9));
#406=DIRECTION('',(0.,1.,0.));
#407=VECTOR('',#406,1.);
#408=LINE('',#405,#407);
#409=EDGE_CURVE('',#390,#398,#408,.T.);
#410=ORIENTED_EDGE('',*,*,#409,.F.);
#411=EDGE_LOOP('',(#396,#404,#410));
#412=FACE_BOUND('',#411,.T.);
#413=ADVANCED_FACE('',(#412),#386,.T.);
#414=CARTESIAN_POINT('',(20.85,18.,33.9));
#415=DIRECTION('',(0.,0.707106781,-0.707106781));
#416=DIRECTION('',(0.,-0.707106781,-0.707106781));
#417=AXIS2_PLACEMENT_3D('',#414,#415,#416);
#418=PLANE('',#417);
#419=ORIENTED_EDGE('',*,*,#403,.T.);
#420=CARTESIAN_POINT('',(14.85,17.,32.9));
#421=VERTEX_POINT('',#420);
#422=CARTESIAN_POINT('',(14.85,17.,32.9));
#423=DIRECTION('',(1.,0.,-0.));
#424=VECTOR('',#423,6.);
#425=LINE('',#422,#424);
#426=EDGE_CURVE('',#421,#388,#425,.T.);
#427=ORIENTED_EDGE('',*,*,#426,.F.);
#428=CARTESIAN_POINT('',(14.85,18.,33.9));
#429=VERTEX_POINT('',#428);
#430=CARTESIAN_POINT('',(14.85,18.,33.9));
#431=DIRECTION('',(0.,-0.707106781,-0.707106781));
#432=VECTOR('',#431,1.414213562);
#433=LINE('',#430,#432);
#434=EDGE_CURVE('',#429,#421,#433,.T.);
#435=ORIENTED_EDGE('',*,*,#434,.F.);
#436=CARTESIAN_POINT('',(20.85,18.,33.9));
#437=DIRECTION('',(-1.,0.,0.));
#438=VECTOR('',#437,6.);
#439=LINE('',#436,#438);
#440=EDGE_CURVE('',#398,#429,#439,.T.);
#441=ORIENTED_EDGE('',*,*,#440,.F.);
#442=EDGE_LOOP('',(#419,#427,#435,#441));
#443=FACE_BOUND('',#442,.T.);
#444=ADVANCED_FACE('',(#443),#418,.T.);
#445=CARTESIAN_POINT('',(14.85,17.5,33.4));
#446=DIRECTION('',(-1.,0.,0.));
#447=DIRECTION('',(0.,0.,1.));
#448=AXIS2_PLACEMENT_3D('',#445,#446,#447);
#449=PLANE('',#448);
#450=CARTESIAN_POINT('',(14.85,17.,33.9));
#451=VERTEX_POINT('',#450);
#452=CARTESIAN_POINT('',(14.85,17.,33.9));
#453=DIRECTION('',(-0.,-0.,-1.));
#454=VECTOR('',#453,1.);
#455=LINE('',#452,#454);
#456=EDGE_CURVE('',#451,#421,#455,.T.);
#457=ORIENTED_EDGE('',*,*,#456,.F.);
#458=CARTESIAN_POINT('',(14.85,17.,33.9));
#459=DIRECTION('',(0.,1.,0.));
#460=VECTOR('',#459,1.);
#461=LINE('',#458,#460);
#462=EDGE_CURVE('',#451,#429,#461,.T.);
#463=ORIENTED_EDGE('',*,*,#462,.T.);
#464=ORIENTED_EDGE('',*,*,#434,.T.);
#465=EDGE_LOOP('',(#457,#463,#464));
#466=FACE_BOUND('',#465,.T.);
#467=ADVANCED_FACE('',(#466),#449,.T.);
#468=CARTESIAN_POINT('',(20.85,17.,33.9));
#469=DIRECTION('',(0.,0.,1.));
#470=DIRECTION('',(0.,1.,0.));
#471=AXIS2_PLACEMENT_3D('',#468,#469,#470);
#472=PLANE('',#471);
#473=ORIENTED_EDGE('',*,*,#409,.T.);
#474=ORIENTED_EDGE('',*,*,#440,.T.);
#475=ORIENTED_EDGE('',*,*,#462,.F.);
#476=CARTESIAN_POINT('',(20.85,17.,33.9));
#477=DIRECTION('',(-1.,-0.,0.));
#478=VECTOR('',#477,6.);
#479=LINE('',#476,#478);
#480=EDGE_CURVE('',#390,#451,#479,.T.);
#481=ORIENTED_EDGE('',*,*,#480,.F.);
#482=EDGE_LOOP('',(#473,#474,#475,#481));
#483=FACE_BOUND('',#482,.T.);
#484=ADVANCED_FACE('',(#483),#472,.T.);
#485=CARTESIAN_POINT('',(19.75,14.25,43.75));
#486=DIRECTION('',(1.,0.,0.));
#487=DIRECTION('',(-0.,1.,0.));
#488=AXIS2_PLACEMENT_3D('',#485,#486,#487);
#489=CYLINDRICAL_SURFACE('',#488,3.75);
#490=CARTESIAN_POINT('',(91.,18.,43.75));
#491=VERTEX_POINT('',#490);
#492=CARTESIAN_POINT('',(91.,14.25,47.5));
#493=VERTEX_POINT('',#492);
#494=CARTESIAN_POINT('',(91.,14.25,43.75));
#495=DIRECTION('',(1.,0.,0.));
#496=DIRECTION('',(0.,0.,-1.));
#497=AXIS2_PLACEMENT_3D('',#494,#495,#496);
#498=CIRCLE('',#497,3.75);
#499=EDGE_CURVE('',#491,#493,#498,.T.);
#500=ORIENTED_EDGE('',*,*,#499,.F.);
#501=CARTESIAN_POINT('',(4.8,18.,43.75));
#502=VERTEX_POINT('',#501);
#503=CARTESIAN_POINT('',(91.,18.,43.75));
#504=DIRECTION('',(-1.,-0.,0.));
#505=VECTOR('',#504,86.2);
#506=LINE('',#503,#505);
#507=EDGE_CURVE('',#491,#502,#506,.T.);
#508=ORIENTED_EDGE('',*,*,#507,.T.);
#509=CARTESIAN_POINT('',(-12.7,18.,43.75));
#510=VERTEX_POINT('',#509);
#511=CARTESIAN_POINT('',(-12.7,18.,43.75));
#512=DIRECTION('',(1.,0.,-0.));
#513=VECTOR('',#512,17.5);
#514=LINE('',#511,#513);
#515=EDGE_CURVE('',#510,#502,#514,.T.);
#516=ORIENTED_EDGE('',*,*,#515,.F.);
#517=CARTESIAN_POINT('',(-36.,18.,43.75));
#518=VERTEX_POINT('',#517);
#519=CARTESIAN_POINT('',(-12.7,18.,43.75));
#520=DIRECTION('',(-1.,-0.,0.));
#521=VECTOR('',#520,23.3);
#522=LINE('',#519,#521);
#523=EDGE_CURVE('',#510,#518,#522,.T.);
#524=ORIENTED_EDGE('',*,*,#523,.T.);
#525=CARTESIAN_POINT('',(-36.,14.25,47.5));
#526=VERTEX_POINT('',#525);
#527=CARTESIAN_POINT('',(-36.,14.25,43.75));
#528=DIRECTION('',(-1.,-0.,-0.));
#529=DIRECTION('',(0.,0.,-1.));
#530=AXIS2_PLACEMENT_3D('',#527,#528,#529);
#531=CIRCLE('',#530,3.75);
#532=EDGE_CURVE('',#526,#518,#531,.T.);
#533=ORIENTED_EDGE('',*,*,#532,.F.);
#534=CARTESIAN_POINT('',(91.,14.25,47.5));
#535=DIRECTION('',(-1.,-0.,0.));
#536=VECTOR('',#535,127.);
#537=LINE('',#534,#536);
#538=EDGE_CURVE('',#493,#526,#537,.T.);
#539=ORIENTED_EDGE('',*,*,#538,.F.);
#540=EDGE_LOOP('',(#500,#508,#516,#524,#533,#539));
#541=FACE_BOUND('',#540,.T.);
#542=ADVANCED_FACE('',(#541),#489,.T.);
#543=CARTESIAN_POINT('',(-36.,17.375,37.));
#544=DIRECTION('',(0.,0.,1.));
#545=DIRECTION('',(1.,0.,0.));
#546=AXIS2_PLACEMENT_3D('',#543,#544,#545);
#547=PLANE('',#546);
#548=CARTESIAN_POINT('',(90.,17.,37.));
#549=VERTEX_POINT('',#548);
#550=CARTESIAN_POINT('',(90.,16.25,37.));
#551=VERTEX_POINT('',#550);
#552=CARTESIAN_POINT('',(90.,17.,37.));
#553=DIRECTION('',(-0.,-1.,-0.));
#554=VECTOR('',#553,0.75);
#555=LINE('',#552,#554);
#556=EDGE_CURVE('',#549,#551,#555,.T.);
#557=ORIENTED_EDGE('',*,*,#556,.F.);
#558=CARTESIAN_POINT('',(88.25,17.,37.));
#559=VERTEX_POINT('',#558);
#560=CARTESIAN_POINT('',(88.25,17.,37.));
#561=DIRECTION('',(1.,0.,-0.));
#562=VECTOR('',#561,1.75);
#563=LINE('',#560,#562);
#564=EDGE_CURVE('',#559,#549,#563,.T.);
#565=ORIENTED_EDGE('',*,*,#564,.F.);
#566=CARTESIAN_POINT('',(8.85,17.,37.));
#567=VERTEX_POINT('',#566);
#568=CARTESIAN_POINT('',(8.85,17.,37.));
#569=DIRECTION('',(1.,0.,-0.));
#570=VECTOR('',#569,79.4);
#571=LINE('',#568,#570);
#572=EDGE_CURVE('',#567,#559,#571,.T.);
#573=ORIENTED_EDGE('',*,*,#572,.F.);
#574=CARTESIAN_POINT('',(6.8,17.,37.));
#575=VERTEX_POINT('',#574);
#576=CARTESIAN_POINT('',(6.8,17.,37.));
#577=DIRECTION('',(1.,0.,-0.));
#578=VECTOR('',#577,2.05);
#579=LINE('',#576,#578);
#580=EDGE_CURVE('',#575,#567,#579,.T.);
#581=ORIENTED_EDGE('',*,*,#580,.F.);
#582=CARTESIAN_POINT('',(6.8,18.,37.));
#583=VERTEX_POINT('',#582);
#584=CARTESIAN_POINT('',(6.8,18.,37.));
#585=DIRECTION('',(0.,-1.,0.));
#586=VECTOR('',#585,1.);
#587=LINE('',#584,#586);
#588=EDGE_CURVE('',#583,#575,#587,.T.);
#589=ORIENTED_EDGE('',*,*,#588,.F.);
#590=CARTESIAN_POINT('',(91.,18.,37.));
#591=VERTEX_POINT('',#590);
#592=CARTESIAN_POINT('',(6.8,18.,37.));
#593=DIRECTION('',(1.,0.,-0.));
#594=VECTOR('',#593,84.2);
#595=LINE('',#592,#594);
#596=EDGE_CURVE('',#583,#591,#595,.T.);
#597=ORIENTED_EDGE('',*,*,#596,.T.);
#598=CARTESIAN_POINT('',(91.,16.25,37.));
#599=VERTEX_POINT('',#598);
#600=CARTESIAN_POINT('',(91.,18.,37.));
#601=DIRECTION('',(-0.,-1.,-0.));
#602=VECTOR('',#601,1.75);
#603=LINE('',#600,#602);
#604=EDGE_CURVE('',#591,#599,#603,.T.);
#605=ORIENTED_EDGE('',*,*,#604,.T.);
#606=CARTESIAN_POINT('',(91.,16.25,37.));
#607=DIRECTION('',(-1.,-0.,0.));
#608=VECTOR('',#607,1.);
#609=LINE('',#606,#608);
#610=EDGE_CURVE('',#599,#551,#609,.T.);
#611=ORIENTED_EDGE('',*,*,#610,.T.);
#612=EDGE_LOOP('',(#557,#565,#573,#581,#589,#597,#605,#611));
#613=FACE_BOUND('',#612,.T.);
#614=ADVANCED_FACE('',(#613),#547,.F.);
#615=CARTESIAN_POINT('',(-36.,17.375,37.));
#616=DIRECTION('',(0.,0.,1.));
#617=DIRECTION('',(1.,0.,0.));
#618=AXIS2_PLACEMENT_3D('',#615,#616,#617);
#619=PLANE('',#618);
#620=CARTESIAN_POINT('',(-36.,18.,37.));
#621=VERTEX_POINT('',#620);
#622=CARTESIAN_POINT('',(-36.,16.75,37.));
#623=VERTEX_POINT('',#622);
#624=CARTESIAN_POINT('',(-36.,18.,37.));
#625=DIRECTION('',(0.,-1.,-0.));
#626=VECTOR('',#625,1.25);
#627=LINE('',#624,#626);
#628=EDGE_CURVE('',#621,#623,#627,.T.);
#629=ORIENTED_EDGE('',*,*,#628,.F.);
#630=CARTESIAN_POINT('',(-14.7,18.,37.));
#631=VERTEX_POINT('',#630);
#632=CARTESIAN_POINT('',(-36.,18.,37.));
#633=DIRECTION('',(1.,0.,-0.));
#634=VECTOR('',#633,21.3);
#635=LINE('',#632,#634);
#636=EDGE_CURVE('',#621,#631,#635,.T.);
#637=ORIENTED_EDGE('',*,*,#636,.T.);
#638=CARTESIAN_POINT('',(-14.7,17.,37.));
#639=VERTEX_POINT('',#638);
#640=CARTESIAN_POINT('',(-14.7,18.,37.));
#641=DIRECTION('',(0.,-1.,0.));
#642=VECTOR('',#641,1.);
#643=LINE('',#640,#642);
#644=EDGE_CURVE('',#631,#639,#643,.T.);
#645=ORIENTED_EDGE('',*,*,#644,.T.);
#646=CARTESIAN_POINT('',(-35.,17.,37.));
#647=VERTEX_POINT('',#646);
#648=CARTESIAN_POINT('',(-35.,17.,37.));
#649=DIRECTION('',(1.,0.,-0.));
#650=VECTOR('',#649,20.3);
#651=LINE('',#648,#650);
#652=EDGE_CURVE('',#647,#639,#651,.T.);
#653=ORIENTED_EDGE('',*,*,#652,.F.);
#654=CARTESIAN_POINT('',(-35.,16.75,37.));
#655=VERTEX_POINT('',#654);
#656=CARTESIAN_POINT('',(-35.,17.,37.));
#657=DIRECTION('',(-0.,-1.,-0.));
#658=VECTOR('',#657,0.25);
#659=LINE('',#656,#658);
#660=EDGE_CURVE('',#647,#655,#659,.T.);
#661=ORIENTED_EDGE('',*,*,#660,.T.);
#662=CARTESIAN_POINT('',(-36.,16.75,37.));
#663=DIRECTION('',(1.,0.,-0.));
#664=VECTOR('',#663,1.);
#665=LINE('',#662,#664);
#666=EDGE_CURVE('',#623,#655,#665,.T.);
#667=ORIENTED_EDGE('',*,*,#666,.F.);
#668=EDGE_LOOP('',(#629,#637,#645,#653,#661,#667));
#669=FACE_BOUND('',#668,.T.);
#670=ADVANCED_FACE('',(#669),#619,.F.);
#671=CARTESIAN_POINT('',(-36.,5.,35.));
#672=DIRECTION('',(1.,0.,0.));
#673=DIRECTION('',(0.,0.,-1.));
#674=AXIS2_PLACEMENT_3D('',#671,#672,#673);
#675=PLANE('',#674);
#676=ORIENTED_EDGE('',*,*,#532,.T.);
#677=CARTESIAN_POINT('',(-36.,18.,43.75));
#678=DIRECTION('',(0.,0.,-1.));
#679=VECTOR('',#678,6.75);
#680=LINE('',#677,#679);
#681=EDGE_CURVE('',#518,#621,#680,.T.);
#682=ORIENTED_EDGE('',*,*,#681,.T.);
#683=ORIENTED_EDGE('',*,*,#628,.T.);
#684=CARTESIAN_POINT('',(-36.,16.75,42.));
#685=VERTEX_POINT('',#684);
#686=CARTESIAN_POINT('',(-36.,16.75,37.));
#687=DIRECTION('',(-0.,-0.,1.));
#688=VECTOR('',#687,5.);
#689=LINE('',#686,#688);
#690=EDGE_CURVE('',#623,#685,#689,.T.);
#691=ORIENTED_EDGE('',*,*,#690,.T.);
#692=CARTESIAN_POINT('',(-36.,8.5,42.));
#693=VERTEX_POINT('',#692);
#694=CARTESIAN_POINT('',(-36.,12.625,42.));
#695=DIRECTION('',(1.,0.,0.));
#696=DIRECTION('',(0.,0.,-1.));
#697=AXIS2_PLACEMENT_3D('',#694,#695,#696);
#698=CIRCLE('',#697,4.125);
#699=EDGE_CURVE('',#685,#693,#698,.T.);
#700=ORIENTED_EDGE('',*,*,#699,.T.);
#701=CARTESIAN_POINT('',(-36.,8.5,34.));
#702=VERTEX_POINT('',#701);
#703=CARTESIAN_POINT('',(-36.,8.5,42.));
#704=DIRECTION('',(0.,0.,-1.));
#705=VECTOR('',#704,8.);
#706=LINE('',#703,#705);
#707=EDGE_CURVE('',#693,#702,#706,.T.);
#708=ORIENTED_EDGE('',*,*,#707,.T.);
#709=CARTESIAN_POINT('',(-36.,1.5,34.));
#710=VERTEX_POINT('',#709);
#711=CARTESIAN_POINT('',(-36.,1.5,34.));
#712=DIRECTION('',(-0.,1.,0.));
#713=VECTOR('',#712,7.);
#714=LINE('',#711,#713);
#715=EDGE_CURVE('',#710,#702,#714,.T.);
#716=ORIENTED_EDGE('',*,*,#715,.F.);
#717=CARTESIAN_POINT('',(-36.,1.5,36.));
#718=VERTEX_POINT('',#717);
#719=CARTESIAN_POINT('',(-36.,1.5,34.));
#720=DIRECTION('',(-0.,-0.,1.));
#721=VECTOR('',#720,2.);
#722=LINE('',#719,#721);
#723=EDGE_CURVE('',#710,#718,#722,.T.);
#724=ORIENTED_EDGE('',*,*,#723,.T.);
#725=CARTESIAN_POINT('',(-36.,6.,36.));
#726=VERTEX_POINT('',#725);
#727=CARTESIAN_POINT('',(-36.,1.5,36.));
#728=DIRECTION('',(-0.,1.,0.));
#729=VECTOR('',#728,4.5);
#730=LINE('',#727,#729);
#731=EDGE_CURVE('',#718,#726,#730,.T.);
#732=ORIENTED_EDGE('',*,*,#731,.T.);
#733=CARTESIAN_POINT('',(-36.,6.,43.));
#734=VERTEX_POINT('',#733);
#735=CARTESIAN_POINT('',(-36.,6.,36.));
#736=DIRECTION('',(0.,0.,1.));
#737=VECTOR('',#736,7.);
#738=LINE('',#735,#737);
#739=EDGE_CURVE('',#726,#734,#738,.T.);
#740=ORIENTED_EDGE('',*,*,#739,.T.);
#741=CARTESIAN_POINT('',(-36.,10.5,47.5));
#742=VERTEX_POINT('',#741);
#743=CARTESIAN_POINT('',(-36.,6.,43.));
#744=DIRECTION('',(-0.,0.707106781,0.707106781));
#745=VECTOR('',#744,6.363961031);
#746=LINE('',#743,#745);
#747=EDGE_CURVE('',#734,#742,#746,.T.);
#748=ORIENTED_EDGE('',*,*,#747,.T.);
#749=CARTESIAN_POINT('',(-36.,14.25,47.5));
#750=DIRECTION('',(-0.,-1.,-0.));
#751=VECTOR('',#750,3.75);
#752=LINE('',#749,#751);
#753=EDGE_CURVE('',#526,#742,#752,.T.);
#754=ORIENTED_EDGE('',*,*,#753,.F.);
#755=EDGE_LOOP('',(#676,#682,#683,#691,#700,#708,#716,#724,#732,#740,#748,#754));
#756=FACE_BOUND('',#755,.T.);
#757=ADVANCED_FACE('',(#756),#675,.F.);
#758=CARTESIAN_POINT('',(138.5,12.5,34.5625));
#759=DIRECTION('',(1.,0.,0.));
#760=DIRECTION('',(0.,1.,0.));
#761=AXIS2_PLACEMENT_3D('',#758,#759,#760);
#762=PLANE('',#761);
#763=CARTESIAN_POINT('',(138.5,10.675,24.7));
#764=VERTEX_POINT('',#763);
#765=CARTESIAN_POINT('',(138.5,10.675,26.2));
#766=VERTEX_POINT('',#765);
#767=CARTESIAN_POINT('',(138.5,10.675,24.7));
#768=DIRECTION('',(0.,0.,1.));
#769=VECTOR('',#768,1.5);
#770=LINE('',#767,#769);
#771=EDGE_CURVE('',#764,#766,#770,.T.);
#772=ORIENTED_EDGE('',*,*,#771,.F.);
#773=CARTESIAN_POINT('',(138.5,13.925,24.7));
#774=VERTEX_POINT('',#773);
#775=CARTESIAN_POINT('',(138.5,12.3,24.7));
#776=DIRECTION('',(-1.,-0.,-0.));
#777=DIRECTION('',(0.,0.,-1.));
#778=AXIS2_PLACEMENT_3D('',#775,#776,#777);
#779=CIRCLE('',#778,1.625);
#780=EDGE_CURVE('',#774,#764,#779,.T.);
#781=ORIENTED_EDGE('',*,*,#780,.F.);
#782=CARTESIAN_POINT('',(138.5,13.925,26.2));
#783=VERTEX_POINT('',#782);
#784=CARTESIAN_POINT('',(138.5,13.925,26.2));
#785=DIRECTION('',(0.,-0.,-1.));
#786=VECTOR('',#785,1.5);
#787=LINE('',#784,#786);
#788=EDGE_CURVE('',#783,#774,#787,.T.);
#789=ORIENTED_EDGE('',*,*,#788,.F.);
#790=CARTESIAN_POINT('',(138.5,12.3,26.2));
#791=DIRECTION('',(-1.,-0.,-0.));
#792=DIRECTION('',(0.,0.,-1.));
#793=AXIS2_PLACEMENT_3D('',#790,#791,#792);
#794=CIRCLE('',#793,1.625);
#795=EDGE_CURVE('',#766,#783,#794,.T.);
#796=ORIENTED_EDGE('',*,*,#795,.F.);
#797=EDGE_LOOP('',(#772,#781,#789,#796));
#798=FACE_BOUND('',#797,.T.);
#799=CARTESIAN_POINT('',(138.5,17.,37.));
#800=VERTEX_POINT('',#799);
#801=CARTESIAN_POINT('',(138.5,17.,43.75));
#802=VERTEX_POINT('',#801);
#803=CARTESIAN_POINT('',(138.5,17.,37.));
#804=DIRECTION('',(0.,0.,1.));
#805=VECTOR('',#804,6.75);
#806=LINE('',#803,#805);
#807=EDGE_CURVE('',#800,#802,#806,.T.);
#808=ORIENTED_EDGE('',*,*,#807,.F.);
#809=CARTESIAN_POINT('',(138.5,17.25,37.));
#810=VERTEX_POINT('',#809);
#811=CARTESIAN_POINT('',(138.5,17.25,37.));
#812=DIRECTION('',(0.,-1.,0.));
#813=VECTOR('',#812,0.25);
#814=LINE('',#811,#813);
#815=EDGE_CURVE('',#810,#800,#814,.T.);
#816=ORIENTED_EDGE('',*,*,#815,.F.);
#817=CARTESIAN_POINT('',(138.5,17.25,31.5));
#818=VERTEX_POINT('',#817);
#819=CARTESIAN_POINT('',(138.5,17.25,37.));
#820=DIRECTION('',(0.,0.,-1.));
#821=VECTOR('',#820,5.5);
#822=LINE('',#819,#821);
#823=EDGE_CURVE('',#810,#818,#822,.T.);
#824=ORIENTED_EDGE('',*,*,#823,.T.);
#825=CARTESIAN_POINT('',(138.5,15.25,31.5));
#826=VERTEX_POINT('',#825);
#827=CARTESIAN_POINT('',(138.5,17.25,31.5));
#828=DIRECTION('',(0.,-1.,0.));
#829=VECTOR('',#828,2.);
#830=LINE('',#827,#829);
#831=EDGE_CURVE('',#818,#826,#830,.T.);
#832=ORIENTED_EDGE('',*,*,#831,.T.);
#833=CARTESIAN_POINT('',(138.5,15.25,24.5));
#834=VERTEX_POINT('',#833);
#835=CARTESIAN_POINT('',(138.5,15.25,31.5));
#836=DIRECTION('',(0.,0.,-1.));
#837=VECTOR('',#836,7.);
#838=LINE('',#835,#837);
#839=EDGE_CURVE('',#826,#834,#838,.T.);
#840=ORIENTED_EDGE('',*,*,#839,.T.);
#841=CARTESIAN_POINT('',(138.5,9.5,24.5));
#842=VERTEX_POINT('',#841);
#843=CARTESIAN_POINT('',(138.5,12.375,24.5));
#844=DIRECTION('',(1.,0.,0.));
#845=DIRECTION('',(0.,0.,-1.));
#846=AXIS2_PLACEMENT_3D('',#843,#844,#845);
#847=CIRCLE('',#846,2.875);
#848=EDGE_CURVE('',#842,#834,#847,.T.);
#849=ORIENTED_EDGE('',*,*,#848,.F.);
#850=CARTESIAN_POINT('',(138.5,9.,24.5));
#851=VERTEX_POINT('',#850);
#852=CARTESIAN_POINT('',(138.5,9.5,24.5));
#853=DIRECTION('',(0.,-1.,0.));
#854=VECTOR('',#853,0.5);
#855=LINE('',#852,#854);
#856=EDGE_CURVE('',#842,#851,#855,.T.);
#857=ORIENTED_EDGE('',*,*,#856,.T.);
#858=CARTESIAN_POINT('',(138.5,9.,44.585786438));
#859=VERTEX_POINT('',#858);
#860=CARTESIAN_POINT('',(138.5,9.,44.585786438));
#861=DIRECTION('',(0.,0.,-1.));
#862=VECTOR('',#861,20.085786438);
#863=LINE('',#860,#862);
#864=EDGE_CURVE('',#859,#851,#863,.T.);
#865=ORIENTED_EDGE('',*,*,#864,.F.);
#866=CARTESIAN_POINT('',(138.5,10.914213562,46.5));
#867=VERTEX_POINT('',#866);
#868=CARTESIAN_POINT('',(138.5,9.,44.585786438));
#869=DIRECTION('',(0.,0.707106781,0.707106781));
#870=VECTOR('',#869,2.707106781);
#871=LINE('',#868,#870);
#872=EDGE_CURVE('',#859,#867,#871,.T.);
#873=ORIENTED_EDGE('',*,*,#872,.T.);
#874=CARTESIAN_POINT('',(138.5,14.25,46.5));
#875=VERTEX_POINT('',#874);
#876=CARTESIAN_POINT('',(138.5,10.914213562,46.5));
#877=DIRECTION('',(0.,1.,0.));
#878=VECTOR('',#877,3.335786438);
#879=LINE('',#876,#878);
#880=EDGE_CURVE('',#867,#875,#879,.T.);
#881=ORIENTED_EDGE('',*,*,#880,.T.);
#882=CARTESIAN_POINT('',(138.5,14.25,43.75));
#883=DIRECTION('',(1.,0.,0.));
#884=DIRECTION('',(0.,0.,-1.));
#885=AXIS2_PLACEMENT_3D('',#882,#883,#884);
#886=CIRCLE('',#885,2.75);
#887=EDGE_CURVE('',#802,#875,#886,.T.);
#888=ORIENTED_EDGE('',*,*,#887,.F.);
#889=EDGE_LOOP('',(#808,#816,#824,#832,#840,#849,#857,#865,#873,#881,#888));
#890=FACE_BOUND('',#889,.T.);
#891=ADVANCED_FACE('',(#798,#890),#762,.F.);
#892=CARTESIAN_POINT('',(19.75,14.25,43.75));
#893=DIRECTION('',(1.,0.,0.));
#894=DIRECTION('',(-0.,1.,0.));
#895=AXIS2_PLACEMENT_3D('',#892,#893,#894);
#896=CYLINDRICAL_SURFACE('',#895,3.75);
#897=CARTESIAN_POINT('',(139.5,18.,43.75));
#898=VERTEX_POINT('',#897);
#899=CARTESIAN_POINT('',(139.5,14.25,47.5));
#900=VERTEX_POINT('',#899);
#901=CARTESIAN_POINT('',(139.5,14.25,43.75));
#902=DIRECTION('',(1.,0.,0.));
#903=DIRECTION('',(0.,0.,-1.));
#904=AXIS2_PLACEMENT_3D('',#901,#902,#903);
#905=CIRCLE('',#904,3.75);
#906=EDGE_CURVE('',#898,#900,#905,.T.);
#907=ORIENTED_EDGE('',*,*,#906,.F.);
#908=CARTESIAN_POINT('',(117.5,18.,43.75));
#909=VERTEX_POINT('',#908);
#910=CARTESIAN_POINT('',(139.5,18.,43.75));
#911=DIRECTION('',(-1.,-0.,0.));
#912=VECTOR('',#911,22.);
#913=LINE('',#910,#912);
#914=EDGE_CURVE('',#898,#909,#913,.T.);
#915=ORIENTED_EDGE('',*,*,#914,.T.);
#916=CARTESIAN_POINT('',(117.5,14.25,47.5));
#917=VERTEX_POINT('',#916);
#918=CARTESIAN_POINT('',(117.5,14.25,43.75));
#919=DIRECTION('',(-1.,-0.,-0.));
#920=DIRECTION('',(0.,0.,-1.));
#921=AXIS2_PLACEMENT_3D('',#918,#919,#920);
#922=CIRCLE('',#921,3.75);
#923=EDGE_CURVE('',#917,#909,#922,.T.);
#924=ORIENTED_EDGE('',*,*,#923,.F.);
#925=CARTESIAN_POINT('',(139.5,14.25,47.5));
#926=DIRECTION('',(-1.,-0.,0.));
#927=VECTOR('',#926,22.);
#928=LINE('',#925,#927);
#929=EDGE_CURVE('',#900,#917,#928,.T.);
#930=ORIENTED_EDGE('',*,*,#929,.F.);
#931=EDGE_LOOP('',(#907,#915,#924,#930));
#932=FACE_BOUND('',#931,.T.);
#933=ADVANCED_FACE('',(#932),#896,.T.);
#934=CARTESIAN_POINT('',(139.5,16.25,31.5));
#935=DIRECTION('',(0.,0.,1.));
#936=DIRECTION('',(1.,0.,0.));
#937=AXIS2_PLACEMENT_3D('',#934,#935,#936);
#938=PLANE('',#937);
#939=ORIENTED_EDGE('',*,*,#831,.F.);
#940=CARTESIAN_POINT('',(139.5,17.25,31.5));
#941=VERTEX_POINT('',#940);
#942=CARTESIAN_POINT('',(139.5,17.25,31.5));
#943=DIRECTION('',(-1.,-0.,0.));
#944=VECTOR('',#943,1.);
#945=LINE('',#942,#944);
#946=EDGE_CURVE('',#941,#818,#945,.T.);
#947=ORIENTED_EDGE('',*,*,#946,.F.);
#948=CARTESIAN_POINT('',(139.5,15.25,31.5));
#949=VERTEX_POINT('',#948);
#950=CARTESIAN_POINT('',(139.5,17.25,31.5));
#951=DIRECTION('',(-0.,-1.,-0.));
#952=VECTOR('',#951,2.);
#953=LINE('',#950,#952);
#954=EDGE_CURVE('',#941,#949,#953,.T.);
#955=ORIENTED_EDGE('',*,*,#954,.T.);
#956=CARTESIAN_POINT('',(139.5,15.25,31.5));
#957=DIRECTION('',(-1.,-0.,0.));
#958=VECTOR('',#957,1.);
#959=LINE('',#956,#958);
#960=EDGE_CURVE('',#949,#826,#959,.T.);
#961=ORIENTED_EDGE('',*,*,#960,.T.);
#962=EDGE_LOOP('',(#939,#947,#955,#961));
#963=FACE_BOUND('',#962,.T.);
#964=ADVANCED_FACE('',(#963),#938,.F.);
#965=CARTESIAN_POINT('',(117.5,17.125,37.));
#966=DIRECTION('',(0.,0.,1.));
#967=DIRECTION('',(1.,0.,0.));
#968=AXIS2_PLACEMENT_3D('',#965,#966,#967);
#969=PLANE('',#968);
#970=CARTESIAN_POINT('',(117.5,18.,37.));
#971=VERTEX_POINT('',#970);
#972=CARTESIAN_POINT('',(117.5,16.25,37.));
#973=VERTEX_POINT('',#972);
#974=CARTESIAN_POINT('',(117.5,18.,37.));
#975=DIRECTION('',(-0.,-1.,-0.));
#976=VECTOR('',#975,1.75);
#977=LINE('',#974,#976);
#978=EDGE_CURVE('',#971,#973,#977,.T.);
#979=ORIENTED_EDGE('',*,*,#978,.F.);
#980=CARTESIAN_POINT('',(139.5,18.,37.));
#981=VERTEX_POINT('',#980);
#982=CARTESIAN_POINT('',(117.5,18.,37.));
#983=DIRECTION('',(1.,0.,-0.));
#984=VECTOR('',#983,22.);
#985=LINE('',#982,#984);
#986=EDGE_CURVE('',#971,#981,#985,.T.);
#987=ORIENTED_EDGE('',*,*,#986,.T.);
#988=CARTESIAN_POINT('',(139.5,17.25,37.));
#989=VERTEX_POINT('',#988);
#990=CARTESIAN_POINT('',(139.5,17.25,37.));
#991=DIRECTION('',(-0.,1.,0.));
#992=VECTOR('',#991,0.75);
#993=LINE('',#990,#992);
#994=EDGE_CURVE('',#989,#981,#993,.T.);
#995=ORIENTED_EDGE('',*,*,#994,.F.);
#996=CARTESIAN_POINT('',(139.5,17.25,37.));
#997=DIRECTION('',(-1.,-0.,0.));
#998=VECTOR('',#997,1.);
#999=LINE('',#996,#998);
#1000=EDGE_CURVE('',#989,#810,#999,.T.);
#1001=ORIENTED_EDGE('',*,*,#1000,.T.);
#1002=ORIENTED_EDGE('',*,*,#815,.T.);
#1003=CARTESIAN_POINT('',(118.5,17.,37.));
#1004=VERTEX_POINT('',#1003);
#1005=CARTESIAN_POINT('',(118.5,17.,37.));
#1006=DIRECTION('',(1.,0.,-0.));
#1007=VECTOR('',#1006,20.);
#1008=LINE('',#1005,#1007);
#1009=EDGE_CURVE('',#1004,#800,#1008,.T.);
#1010=ORIENTED_EDGE('',*,*,#1009,.F.);
#1011=CARTESIAN_POINT('',(118.5,16.25,37.));
#1012=VERTEX_POINT('',#1011);
#1013=CARTESIAN_POINT('',(118.5,17.,37.));
#1014=DIRECTION('',(-0.,-1.,-0.));
#1015=VECTOR('',#1014,0.75);
#1016=LINE('',#1013,#1015);
#1017=EDGE_CURVE('',#1004,#1012,#1016,.T.);
#1018=ORIENTED_EDGE('',*,*,#1017,.T.);
#1019=CARTESIAN_POINT('',(117.5,16.25,37.));
#1020=DIRECTION('',(1.,0.,-0.));
#1021=VECTOR('',#1020,1.);
#1022=LINE('',#1019,#1021);
#1023=EDGE_CURVE('',#973,#1012,#1022,.T.);
#1024=ORIENTED_EDGE('',*,*,#1023,.F.);
#1025=EDGE_LOOP('',(#979,#987,#995,#1001,#1002,#1010,#1018,#1024));
#1026=FACE_BOUND('',#1025,.T.);
#1027=ADVANCED_FACE('',(#1026),#969,.F.);
#1028=CARTESIAN_POINT('',(117.5,7.75,35.));
#1029=DIRECTION('',(1.,0.,0.));
#1030=DIRECTION('',(0.,0.,-1.));
#1031=AXIS2_PLACEMENT_3D('',#1028,#1029,#1030);
#1032=PLANE('',#1031);
#1033=ORIENTED_EDGE('',*,*,#923,.T.);
#1034=CARTESIAN_POINT('',(117.5,18.,43.75));
#1035=DIRECTION('',(0.,0.,-1.));
#1036=VECTOR('',#1035,6.75);
#1037=LINE('',#1034,#1036);
#1038=EDGE_CURVE('',#909,#971,#1037,.T.);
#1039=ORIENTED_EDGE('',*,*,#1038,.T.);
#1040=ORIENTED_EDGE('',*,*,#978,.T.);
#1041=CARTESIAN_POINT('',(117.5,16.25,41.75));
#1042=VERTEX_POINT('',#1041);
#1043=CARTESIAN_POINT('',(117.5,16.25,37.));
#1044=DIRECTION('',(-0.,-0.,1.));
#1045=VECTOR('',#1044,4.75);
#1046=LINE('',#1043,#1045);
#1047=EDGE_CURVE('',#973,#1042,#1046,.T.);
#1048=ORIENTED_EDGE('',*,*,#1047,.T.);
#1049=CARTESIAN_POINT('',(117.5,9.5,42.));
#1050=VERTEX_POINT('',#1049);
#1051=CARTESIAN_POINT('',(117.5,12.87037037,41.75));
#1052=DIRECTION('',(1.,0.,0.));
#1053=DIRECTION('',(0.,0.,-1.));
#1054=AXIS2_PLACEMENT_3D('',#1051,#1052,#1053);
#1055=CIRCLE('',#1054,3.37962963);
#1056=EDGE_CURVE('',#1042,#1050,#1055,.T.);
#1057=ORIENTED_EDGE('',*,*,#1056,.T.);
#1058=CARTESIAN_POINT('',(117.5,9.,42.));
#1059=VERTEX_POINT('',#1058);
#1060=CARTESIAN_POINT('',(117.5,9.5,42.));
#1061=DIRECTION('',(-0.,-1.,-0.));
#1062=VECTOR('',#1061,0.5);
#1063=LINE('',#1060,#1062);
#1064=EDGE_CURVE('',#1050,#1059,#1063,.T.);
#1065=ORIENTED_EDGE('',*,*,#1064,.T.);
#1066=CARTESIAN_POINT('',(117.5,9.,34.));
#1067=VERTEX_POINT('',#1066);
#1068=CARTESIAN_POINT('',(117.5,9.,42.));
#1069=DIRECTION('',(0.,0.,-1.));
#1070=VECTOR('',#1069,8.);
#1071=LINE('',#1068,#1070);
#1072=EDGE_CURVE('',#1059,#1067,#1071,.T.);
#1073=ORIENTED_EDGE('',*,*,#1072,.T.);
#1074=CARTESIAN_POINT('',(117.5,7.,34.));
#1075=VERTEX_POINT('',#1074);
#1076=CARTESIAN_POINT('',(117.5,7.,34.));
#1077=DIRECTION('',(0.,1.,0.));
#1078=VECTOR('',#1077,2.);
#1079=LINE('',#1076,#1078);
#1080=EDGE_CURVE('',#1075,#1067,#1079,.T.);
#1081=ORIENTED_EDGE('',*,*,#1080,.F.);
#1082=CARTESIAN_POINT('',(117.5,7.,36.));
#1083=VERTEX_POINT('',#1082);
#1084=CARTESIAN_POINT('',(117.5,7.,34.));
#1085=DIRECTION('',(-0.,-0.,1.));
#1086=VECTOR('',#1085,2.);
#1087=LINE('',#1084,#1086);
#1088=EDGE_CURVE('',#1075,#1083,#1087,.T.);
#1089=ORIENTED_EDGE('',*,*,#1088,.T.);
#1090=CARTESIAN_POINT('',(117.5,6.,36.));
#1091=VERTEX_POINT('',#1090);
#1092=CARTESIAN_POINT('',(117.5,7.,36.));
#1093=DIRECTION('',(0.,-1.,0.));
#1094=VECTOR('',#1093,1.);
#1095=LINE('',#1092,#1094);
#1096=EDGE_CURVE('',#1083,#1091,#1095,.T.);
#1097=ORIENTED_EDGE('',*,*,#1096,.T.);
#1098=CARTESIAN_POINT('',(117.5,6.,43.));
#1099=VERTEX_POINT('',#1098);
#1100=CARTESIAN_POINT('',(117.5,6.,36.));
#1101=DIRECTION('',(0.,0.,1.));
#1102=VECTOR('',#1101,7.);
#1103=LINE('',#1100,#1102);
#1104=EDGE_CURVE('',#1091,#1099,#1103,.T.);
#1105=ORIENTED_EDGE('',*,*,#1104,.T.);
#1106=CARTESIAN_POINT('',(117.5,10.5,47.5));
#1107=VERTEX_POINT('',#1106);
#1108=CARTESIAN_POINT('',(117.5,6.,43.));
#1109=DIRECTION('',(0.,0.707106781,0.707106781));
#1110=VECTOR('',#1109,6.363961031);
#1111=LINE('',#1108,#1110);
#1112=EDGE_CURVE('',#1099,#1107,#1111,.T.);
#1113=ORIENTED_EDGE('',*,*,#1112,.T.);
#1114=CARTESIAN_POINT('',(117.5,14.25,47.5));
#1115=DIRECTION('',(-0.,-1.,-0.));
#1116=VECTOR('',#1115,3.75);
#1117=LINE('',#1114,#1116);
#1118=EDGE_CURVE('',#917,#1107,#1117,.T.);
#1119=ORIENTED_EDGE('',*,*,#1118,.F.);
#1120=EDGE_LOOP('',(#1033,#1039,#1040,#1048,#1057,#1065,#1073,#1081,#1089,#1097,#1105,#1113,#1119));
#1121=FACE_BOUND('',#1120,.T.);
#1122=ADVANCED_FACE('',(#1121),#1032,.F.);
#1123=CARTESIAN_POINT('',(91.,7.75,35.));
#1124=DIRECTION('',(-1.,0.,0.));
#1125=DIRECTION('',(0.,0.,1.));
#1126=AXIS2_PLACEMENT_3D('',#1123,#1124,#1125);
#1127=PLANE('',#1126);
#1128=ORIENTED_EDGE('',*,*,#604,.F.);
#1129=CARTESIAN_POINT('',(91.,18.,37.));
#1130=DIRECTION('',(0.,0.,1.));
#1131=VECTOR('',#1130,6.75);
#1132=LINE('',#1129,#1131);
#1133=EDGE_CURVE('',#591,#491,#1132,.T.);
#1134=ORIENTED_EDGE('',*,*,#1133,.T.);
#1135=ORIENTED_EDGE('',*,*,#499,.T.);
#1136=CARTESIAN_POINT('',(91.,10.5,47.5));
#1137=VERTEX_POINT('',#1136);
#1138=CARTESIAN_POINT('',(91.,10.5,47.5));
#1139=DIRECTION('',(0.,1.,0.));
#1140=VECTOR('',#1139,3.75);
#1141=LINE('',#1138,#1140);
#1142=EDGE_CURVE('',#1137,#493,#1141,.T.);
#1143=ORIENTED_EDGE('',*,*,#1142,.F.);
#1144=CARTESIAN_POINT('',(91.,6.,43.));
#1145=VERTEX_POINT('',#1144);
#1146=CARTESIAN_POINT('',(91.,10.5,47.5));
#1147=DIRECTION('',(0.,-0.707106781,-0.707106781));
#1148=VECTOR('',#1147,6.363961031);
#1149=LINE('',#1146,#1148);
#1150=EDGE_CURVE('',#1137,#1145,#1149,.T.);
#1151=ORIENTED_EDGE('',*,*,#1150,.T.);
#1152=CARTESIAN_POINT('',(91.,6.,36.));
#1153=VERTEX_POINT('',#1152);
#1154=CARTESIAN_POINT('',(91.,6.,43.));
#1155=DIRECTION('',(0.,0.,-1.));
#1156=VECTOR('',#1155,7.);
#1157=LINE('',#1154,#1156);
#1158=EDGE_CURVE('',#1145,#1153,#1157,.T.);
#1159=ORIENTED_EDGE('',*,*,#1158,.T.);
#1160=CARTESIAN_POINT('',(91.,7.,36.));
#1161=VERTEX_POINT('',#1160);
#1162=CARTESIAN_POINT('',(91.,7.,36.));
#1163=DIRECTION('',(0.,-1.,0.));
#1164=VECTOR('',#1163,1.);
#1165=LINE('',#1162,#1164);
#1166=EDGE_CURVE('',#1161,#1153,#1165,.T.);
#1167=ORIENTED_EDGE('',*,*,#1166,.F.);
#1168=CARTESIAN_POINT('',(91.,7.,34.));
#1169=VERTEX_POINT('',#1168);
#1170=CARTESIAN_POINT('',(91.,7.,34.));
#1171=DIRECTION('',(-0.,-0.,1.));
#1172=VECTOR('',#1171,2.);
#1173=LINE('',#1170,#1172);
#1174=EDGE_CURVE('',#1169,#1161,#1173,.T.);
#1175=ORIENTED_EDGE('',*,*,#1174,.F.);
#1176=CARTESIAN_POINT('',(91.,8.5,34.));
#1177=VERTEX_POINT('',#1176);
#1178=CARTESIAN_POINT('',(91.,8.5,34.));
#1179=DIRECTION('',(0.,-1.,0.));
#1180=VECTOR('',#1179,1.5);
#1181=LINE('',#1178,#1180);
#1182=EDGE_CURVE('',#1177,#1169,#1181,.T.);
#1183=ORIENTED_EDGE('',*,*,#1182,.F.);
#1184=CARTESIAN_POINT('',(91.,8.5,42.));
#1185=VERTEX_POINT('',#1184);
#1186=CARTESIAN_POINT('',(91.,8.5,42.));
#1187=DIRECTION('',(0.,-0.,-1.));
#1188=VECTOR('',#1187,8.);
#1189=LINE('',#1186,#1188);
#1190=EDGE_CURVE('',#1185,#1177,#1189,.T.);
#1191=ORIENTED_EDGE('',*,*,#1190,.F.);
#1192=CARTESIAN_POINT('',(91.,9.5,42.));
#1193=VERTEX_POINT('',#1192);
#1194=CARTESIAN_POINT('',(91.,9.5,42.));
#1195=DIRECTION('',(-0.,-1.,-0.));
#1196=VECTOR('',#1195,1.);
#1197=LINE('',#1194,#1196);
#1198=EDGE_CURVE('',#1193,#1185,#1197,.T.);
#1199=ORIENTED_EDGE('',*,*,#1198,.F.);
#1200=CARTESIAN_POINT('',(91.,16.25,41.75));
#1201=VERTEX_POINT('',#1200);
#1202=CARTESIAN_POINT('',(91.,12.87037037,41.75));
#1203=DIRECTION('',(1.,0.,0.));
#1204=DIRECTION('',(0.,0.,-1.));
#1205=AXIS2_PLACEMENT_3D('',#1202,#1203,#1204);
#1206=CIRCLE('',#1205,3.37962963);
#1207=EDGE_CURVE('',#1201,#1193,#1206,.T.);
#1208=ORIENTED_EDGE('',*,*,#1207,.F.);
#1209=CARTESIAN_POINT('',(91.,16.25,37.));
#1210=DIRECTION('',(0.,0.,1.));
#1211=VECTOR('',#1210,4.75);
#1212=LINE('',#1209,#1211);
#1213=EDGE_CURVE('',#599,#1201,#1212,.T.);
#1214=ORIENTED_EDGE('',*,*,#1213,.F.);
#1215=EDGE_LOOP('',(#1128,#1134,#1135,#1143,#1151,#1159,#1167,#1175,#1183,#1191,#1199,#1208,#1214));
#1216=FACE_BOUND('',#1215,.T.);
#1217=ADVANCED_FACE('',(#1216),#1127,.F.);
#1218=CARTESIAN_POINT('',(139.5,-12.5,35.));
#1219=DIRECTION('',(-1.,-0.,0.));
#1220=DIRECTION('',(0.,0.,1.));
#1221=AXIS2_PLACEMENT_3D('',#1218,#1219,#1220);
#1222=PLANE('',#1221);
#1223=CARTESIAN_POINT('',(139.5,13.925,26.2));
#1224=VERTEX_POINT('',#1223);
#1225=CARTESIAN_POINT('',(139.5,13.925,24.7));
#1226=VERTEX_POINT('',#1225);
#1227=CARTESIAN_POINT('',(139.5,13.925,26.2));
#1228=DIRECTION('',(-0.,-0.,-1.));
#1229=VECTOR('',#1228,1.5);
#1230=LINE('',#1227,#1229);
#1231=EDGE_CURVE('',#1224,#1226,#1230,.T.);
#1232=ORIENTED_EDGE('',*,*,#1231,.T.);
#1233=CARTESIAN_POINT('',(139.5,10.675,24.7));
#1234=VERTEX_POINT('',#1233);
#1235=CARTESIAN_POINT('',(139.5,12.3,24.7));
#1236=DIRECTION('',(-1.,0.,0.));
#1237=DIRECTION('',(0.,0.,1.));
#1238=AXIS2_PLACEMENT_3D('',#1235,#1236,#1237);
#1239=CIRCLE('',#1238,1.625);
#1240=EDGE_CURVE('',#1226,#1234,#1239,.T.);
#1241=ORIENTED_EDGE('',*,*,#1240,.T.);
#1242=CARTESIAN_POINT('',(139.5,10.675,26.2));
#1243=VERTEX_POINT('',#1242);
#1244=CARTESIAN_POINT('',(139.5,10.675,24.7));
#1245=DIRECTION('',(0.,0.,1.));
#1246=VECTOR('',#1245,1.5);
#1247=LINE('',#1244,#1246);
#1248=EDGE_CURVE('',#1234,#1243,#1247,.T.);
#1249=ORIENTED_EDGE('',*,*,#1248,.T.);
#1250=CARTESIAN_POINT('',(139.5,12.3,26.2));
#1251=DIRECTION('',(-1.,0.,0.));
#1252=DIRECTION('',(0.,0.,1.));
#1253=AXIS2_PLACEMENT_3D('',#1250,#1251,#1252);
#1254=CIRCLE('',#1253,1.625);
#1255=EDGE_CURVE('',#1243,#1224,#1254,.T.);
#1256=ORIENTED_EDGE('',*,*,#1255,.T.);
#1257=EDGE_LOOP('',(#1232,#1241,#1249,#1256));
#1258=FACE_BOUND('',#1257,.T.);
#1259=ORIENTED_EDGE('',*,*,#954,.F.);
#1260=CARTESIAN_POINT('',(139.5,17.25,37.));
#1261=DIRECTION('',(0.,0.,-1.));
#1262=VECTOR('',#1261,5.5);
#1263=LINE('',#1260,#1262);
#1264=EDGE_CURVE('',#989,#941,#1263,.T.);
#1265=ORIENTED_EDGE('',*,*,#1264,.F.);
#1266=ORIENTED_EDGE('',*,*,#994,.T.);
#1267=CARTESIAN_POINT('',(139.5,18.,37.));
#1268=DIRECTION('',(0.,0.,1.));
#1269=VECTOR('',#1268,6.75);
#1270=LINE('',#1267,#1269);
#1271=EDGE_CURVE('',#981,#898,#1270,.T.);
#1272=ORIENTED_EDGE('',*,*,#1271,.T.);
#1273=ORIENTED_EDGE('',*,*,#906,.T.);
#1274=CARTESIAN_POINT('',(139.5,10.5,47.5));
#1275=VERTEX_POINT('',#1274);
#1276=CARTESIAN_POINT('',(139.5,10.5,47.5));
#1277=DIRECTION('',(0.,1.,0.));
#1278=VECTOR('',#1277,3.75);
#1279=LINE('',#1276,#1278);
#1280=EDGE_CURVE('',#1275,#900,#1279,.T.);
#1281=ORIENTED_EDGE('',*,*,#1280,.F.);
#1282=CARTESIAN_POINT('',(139.5,6.,43.));
#1283=VERTEX_POINT('',#1282);
#1284=CARTESIAN_POINT('',(139.5,6.,43.));
#1285=DIRECTION('',(0.,0.707106781,0.707106781));
#1286=VECTOR('',#1285,6.363961031);
#1287=LINE('',#1284,#1286);
#1288=EDGE_CURVE('',#1283,#1275,#1287,.T.);
#1289=ORIENTED_EDGE('',*,*,#1288,.F.);
#1290=CARTESIAN_POINT('',(139.5,6.,36.));
#1291=VERTEX_POINT('',#1290);
#1292=CARTESIAN_POINT('',(139.5,6.,43.));
#1293=DIRECTION('',(0.,0.,-1.));
#1294=VECTOR('',#1293,7.);
#1295=LINE('',#1292,#1294);
#1296=EDGE_CURVE('',#1283,#1291,#1295,.T.);
#1297=ORIENTED_EDGE('',*,*,#1296,.T.);
#1298=CARTESIAN_POINT('',(139.5,-33.,36.));
#1299=VERTEX_POINT('',#1298);
#1300=CARTESIAN_POINT('',(139.5,6.,36.));
#1301=DIRECTION('',(0.,-1.,-0.));
#1302=VECTOR('',#1301,39.);
#1303=LINE('',#1300,#1302);
#1304=EDGE_CURVE('',#1291,#1299,#1303,.T.);
#1305=ORIENTED_EDGE('',*,*,#1304,.T.);
#1306=CARTESIAN_POINT('',(139.5,-33.5,35.5));
#1307=VERTEX_POINT('',#1306);
#1308=CARTESIAN_POINT('',(139.5,-33.5,35.5));
#1309=DIRECTION('',(0.,0.707106781,0.707106781));
#1310=VECTOR('',#1309,0.707106781);
#1311=LINE('',#1308,#1310);
#1312=EDGE_CURVE('',#1307,#1299,#1311,.T.);
#1313=ORIENTED_EDGE('',*,*,#1312,.F.);
#1314=CARTESIAN_POINT('',(139.5,-33.5,34.));
#1315=VERTEX_POINT('',#1314);
#1316=CARTESIAN_POINT('',(139.5,-33.5,34.));
#1317=DIRECTION('',(0.,0.,1.));
#1318=VECTOR('',#1317,1.5);
#1319=LINE('',#1316,#1318);
#1320=EDGE_CURVE('',#1315,#1307,#1319,.T.);
#1321=ORIENTED_EDGE('',*,*,#1320,.F.);
#1322=CARTESIAN_POINT('',(139.5,5.,34.));
#1323=VERTEX_POINT('',#1322);
#1324=CARTESIAN_POINT('',(139.5,5.,34.));
#1325=DIRECTION('',(0.,-1.,0.));
#1326=VECTOR('',#1325,38.5);
#1327=LINE('',#1324,#1326);
#1328=EDGE_CURVE('',#1323,#1315,#1327,.T.);
#1329=ORIENTED_EDGE('',*,*,#1328,.F.);
#1330=CARTESIAN_POINT('',(139.5,6.414213562,33.414213562));
#1331=VERTEX_POINT('',#1330);
#1332=CARTESIAN_POINT('',(139.5,5.,32.));
#1333=DIRECTION('',(1.,0.,0.));
#1334=DIRECTION('',(0.,0.,-1.));
#1335=AXIS2_PLACEMENT_3D('',#1332,#1333,#1334);
#1336=CIRCLE('',#1335,2.);
#1337=EDGE_CURVE('',#1331,#1323,#1336,.T.);
#1338=ORIENTED_EDGE('',*,*,#1337,.F.);
#1339=CARTESIAN_POINT('',(139.5,7.,32.));
#1340=VERTEX_POINT('',#1339);
#1341=CARTESIAN_POINT('',(139.5,5.,32.));
#1342=DIRECTION('',(1.,0.,0.));
#1343=DIRECTION('',(0.,0.,-1.));
#1344=AXIS2_PLACEMENT_3D('',#1341,#1342,#1343);
#1345=CIRCLE('',#1344,2.);
#1346=EDGE_CURVE('',#1340,#1331,#1345,.T.);
#1347=ORIENTED_EDGE('',*,*,#1346,.F.);
#1348=CARTESIAN_POINT('',(139.5,7.,24.5));
#1349=VERTEX_POINT('',#1348);
#1350=CARTESIAN_POINT('',(139.5,7.,32.));
#1351=DIRECTION('',(-0.,-0.,-1.));
#1352=VECTOR('',#1351,7.5);
#1353=LINE('',#1350,#1352);
#1354=EDGE_CURVE('',#1340,#1349,#1353,.T.);
#1355=ORIENTED_EDGE('',*,*,#1354,.T.);
#1356=CARTESIAN_POINT('',(139.5,9.5,24.5));
#1357=VERTEX_POINT('',#1356);
#1358=CARTESIAN_POINT('',(139.5,9.5,24.5));
#1359=DIRECTION('',(-0.,-1.,-0.));
#1360=VECTOR('',#1359,2.5);
#1361=LINE('',#1358,#1360);
#1362=EDGE_CURVE('',#1357,#1349,#1361,.T.);
#1363=ORIENTED_EDGE('',*,*,#1362,.F.);
#1364=CARTESIAN_POINT('',(139.5,15.25,24.5));
#1365=VERTEX_POINT('',#1364);
#1366=CARTESIAN_POINT('',(139.5,12.375,24.5));
#1367=DIRECTION('',(1.,0.,0.));
#1368=DIRECTION('',(0.,0.,-1.));
#1369=AXIS2_PLACEMENT_3D('',#1366,#1367,#1368);
#1370=CIRCLE('',#1369,2.875);
#1371=EDGE_CURVE('',#1357,#1365,#1370,.T.);
#1372=ORIENTED_EDGE('',*,*,#1371,.T.);
#1373=CARTESIAN_POINT('',(139.5,15.25,31.5));
#1374=DIRECTION('',(0.,0.,-1.));
#1375=VECTOR('',#1374,7.);
#1376=LINE('',#1373,#1375);
#1377=EDGE_CURVE('',#949,#1365,#1376,.T.);
#1378=ORIENTED_EDGE('',*,*,#1377,.F.);
#1379=EDGE_LOOP('',(#1259,#1265,#1266,#1272,#1273,#1281,#1289,#1297,#1305,#1313,#1321,#1329,#1338,#1347,#1355,#1363,#1372,#1378));
#1380=FACE_BOUND('',#1379,.T.);
#1381=ADVANCED_FACE('',(#1258,#1380),#1222,.F.);
#1382=CARTESIAN_POINT('',(139.5,12.3,24.7));
#1383=DIRECTION('',(-1.,0.,0.));
#1384=DIRECTION('',(0.,-1.,0.));
#1385=AXIS2_PLACEMENT_3D('',#1382,#1383,#1384);
#1386=CYLINDRICAL_SURFACE('',#1385,1.625);
#1387=ORIENTED_EDGE('',*,*,#780,.T.);
#1388=CARTESIAN_POINT('',(139.5,10.675,24.7));
#1389=DIRECTION('',(-1.,-0.,0.));
#1390=VECTOR('',#1389,1.);
#1391=LINE('',#1388,#1390);
#1392=EDGE_CURVE('',#1234,#764,#1391,.T.);
#1393=ORIENTED_EDGE('',*,*,#1392,.F.);
#1394=ORIENTED_EDGE('',*,*,#1240,.F.);
#1395=CARTESIAN_POINT('',(139.5,13.925,24.7));
#1396=DIRECTION('',(-1.,0.,0.));
#1397=VECTOR('',#1396,1.);
#1398=LINE('',#1395,#1397);
#1399=EDGE_CURVE('',#1226,#774,#1398,.T.);
#1400=ORIENTED_EDGE('',*,*,#1399,.T.);
#1401=EDGE_LOOP('',(#1387,#1393,#1394,#1400));
#1402=FACE_BOUND('',#1401,.T.);
#1403=ADVANCED_FACE('',(#1402),#1386,.F.);
#1404=CARTESIAN_POINT('',(139.5,12.375,24.5));
#1405=DIRECTION('',(1.,0.,0.));
#1406=DIRECTION('',(0.,-1.,0.));
#1407=AXIS2_PLACEMENT_3D('',#1404,#1405,#1406);
#1408=CYLINDRICAL_SURFACE('',#1407,2.875);
#1409=ORIENTED_EDGE('',*,*,#848,.T.);
#1410=CARTESIAN_POINT('',(139.5,15.25,24.5));
#1411=DIRECTION('',(-1.,-0.,0.));
#1412=VECTOR('',#1411,1.);
#1413=LINE('',#1410,#1412);
#1414=EDGE_CURVE('',#1365,#834,#1413,.T.);
#1415=ORIENTED_EDGE('',*,*,#1414,.F.);
#1416=ORIENTED_EDGE('',*,*,#1371,.F.);
#1417=CARTESIAN_POINT('',(139.5,9.5,24.5));
#1418=DIRECTION('',(-1.,-0.,0.));
#1419=VECTOR('',#1418,1.);
#1420=LINE('',#1417,#1419);
#1421=EDGE_CURVE('',#1357,#842,#1420,.T.);
#1422=ORIENTED_EDGE('',*,*,#1421,.T.);
#1423=EDGE_LOOP('',(#1409,#1415,#1416,#1422));
#1424=FACE_BOUND('',#1423,.T.);
#1425=ADVANCED_FACE('',(#1424),#1408,.T.);
#1426=CARTESIAN_POINT('',(117.5,9.,42.));
#1427=DIRECTION('',(0.,-0.,1.));
#1428=DIRECTION('',(1.,0.,0.));
#1429=AXIS2_PLACEMENT_3D('',#1426,#1427,#1428);
#1430=PLANE('',#1429);
#1431=CARTESIAN_POINT('',(118.5,9.,42.));
#1432=VERTEX_POINT('',#1431);
#1433=CARTESIAN_POINT('',(117.5,9.,42.));
#1434=DIRECTION('',(1.,0.,0.));
#1435=VECTOR('',#1434,1.);
#1436=LINE('',#1433,#1435);
#1437=EDGE_CURVE('',#1059,#1432,#1436,.T.);
#1438=ORIENTED_EDGE('',*,*,#1437,.F.);
#1439=ORIENTED_EDGE('',*,*,#1064,.F.);
#1440=CARTESIAN_POINT('',(118.5,9.5,42.));
#1441=VERTEX_POINT('',#1440);
#1442=CARTESIAN_POINT('',(117.5,9.5,42.));
#1443=DIRECTION('',(1.,0.,-0.));
#1444=VECTOR('',#1443,1.);
#1445=LINE('',#1442,#1444);
#1446=EDGE_CURVE('',#1050,#1441,#1445,.T.);
#1447=ORIENTED_EDGE('',*,*,#1446,.T.);
#1448=CARTESIAN_POINT('',(118.5,9.5,42.));
#1449=DIRECTION('',(-0.,-1.,-0.));
#1450=VECTOR('',#1449,0.5);
#1451=LINE('',#1448,#1450);
#1452=EDGE_CURVE('',#1441,#1432,#1451,.T.);
#1453=ORIENTED_EDGE('',*,*,#1452,.T.);
#1454=EDGE_LOOP('',(#1438,#1439,#1447,#1453));
#1455=FACE_BOUND('',#1454,.T.);
#1456=ADVANCED_FACE('',(#1455),#1430,.F.);
#1457=CARTESIAN_POINT('',(27.5,12.5,46.5));
#1458=DIRECTION('',(0.,0.,1.));
#1459=DIRECTION('',(1.,0.,0.));
#1460=AXIS2_PLACEMENT_3D('',#1457,#1458,#1459);
#1461=PLANE('',#1460);
#1462=CARTESIAN_POINT('',(27.,13.742640687,46.5));
#1463=VERTEX_POINT('',#1462);
#1464=CARTESIAN_POINT('',(27.,12.242640687,46.5));
#1465=VERTEX_POINT('',#1464);
#1466=CARTESIAN_POINT('',(27.,13.742640687,46.5));
#1467=DIRECTION('',(-0.,-1.,-0.));
#1468=VECTOR('',#1467,1.5);
#1469=LINE('',#1466,#1468);
#1470=EDGE_CURVE('',#1463,#1465,#1469,.T.);
#1471=ORIENTED_EDGE('',*,*,#1470,.T.);
#1472=CARTESIAN_POINT('',(24.,12.242640687,46.5));
#1473=VERTEX_POINT('',#1472);
#1474=CARTESIAN_POINT('',(27.,12.242640687,46.5));
#1475=DIRECTION('',(-1.,-0.,0.));
#1476=VECTOR('',#1475,3.);
#1477=LINE('',#1474,#1476);
#1478=EDGE_CURVE('',#1465,#1473,#1477,.T.);
#1479=ORIENTED_EDGE('',*,*,#1478,.T.);
#1480=CARTESIAN_POINT('',(24.,13.742640687,46.5));
#1481=VERTEX_POINT('',#1480);
#1482=CARTESIAN_POINT('',(24.,12.242640687,46.5));
#1483=DIRECTION('',(0.,1.,0.));
#1484=VECTOR('',#1483,1.5);
#1485=LINE('',#1482,#1484);
#1486=EDGE_CURVE('',#1473,#1481,#1485,.T.);
#1487=ORIENTED_EDGE('',*,*,#1486,.T.);
#1488=CARTESIAN_POINT('',(18.25,13.742640687,46.5));
#1489=VERTEX_POINT('',#1488);
#1490=CARTESIAN_POINT('',(24.,13.742640687,46.5));
#1491=DIRECTION('',(-1.,-0.,0.));
#1492=VECTOR('',#1491,5.75);
#1493=LINE('',#1490,#1492);
#1494=EDGE_CURVE('',#1481,#1489,#1493,.T.);
#1495=ORIENTED_EDGE('',*,*,#1494,.T.);
#1496=CARTESIAN_POINT('',(18.25,10.914213562,46.5));
#1497=VERTEX_POINT('',#1496);
#1498=CARTESIAN_POINT('',(18.25,13.742640687,46.5));
#1499=DIRECTION('',(-0.,-1.,-0.));
#1500=VECTOR('',#1499,2.828427125);
#1501=LINE('',#1498,#1500);
#1502=EDGE_CURVE('',#1489,#1497,#1501,.T.);
#1503=ORIENTED_EDGE('',*,*,#1502,.T.);
#1504=CARTESIAN_POINT('',(-35.,10.914213562,46.5));
#1505=VERTEX_POINT('',#1504);
#1506=CARTESIAN_POINT('',(-35.,10.914213562,46.5));
#1507=DIRECTION('',(1.,0.,-0.));
#1508=VECTOR('',#1507,53.25);
#1509=LINE('',#1506,#1508);
#1510=EDGE_CURVE('',#1505,#1497,#1509,.T.);
#1511=ORIENTED_EDGE('',*,*,#1510,.F.);
#1512=CARTESIAN_POINT('',(-35.,14.25,46.5));
#1513=VERTEX_POINT('',#1512);
#1514=CARTESIAN_POINT('',(-35.,14.25,46.5));
#1515=DIRECTION('',(-0.,-1.,-0.));
#1516=VECTOR('',#1515,3.335786438);
#1517=LINE('',#1514,#1516);
#1518=EDGE_CURVE('',#1513,#1505,#1517,.T.);
#1519=ORIENTED_EDGE('',*,*,#1518,.F.);
#1520=CARTESIAN_POINT('',(90.,14.25,46.5));
#1521=VERTEX_POINT('',#1520);
#1522=CARTESIAN_POINT('',(90.,14.25,46.5));
#1523=DIRECTION('',(-1.,-0.,0.));
#1524=VECTOR('',#1523,125.);
#1525=LINE('',#1522,#1524);
#1526=EDGE_CURVE('',#1521,#1513,#1525,.T.);
#1527=ORIENTED_EDGE('',*,*,#1526,.F.);
#1528=CARTESIAN_POINT('',(90.,10.914213562,46.5));
#1529=VERTEX_POINT('',#1528);
#1530=CARTESIAN_POINT('',(90.,10.914213562,46.5));
#1531=DIRECTION('',(0.,1.,0.));
#1532=VECTOR('',#1531,3.335786438);
#1533=LINE('',#1530,#1532);
#1534=EDGE_CURVE('',#1529,#1521,#1533,.T.);
#1535=ORIENTED_EDGE('',*,*,#1534,.F.);
#1536=CARTESIAN_POINT('',(70.25,10.914213562,46.5));
#1537=VERTEX_POINT('',#1536);
#1538=CARTESIAN_POINT('',(70.25,10.914213562,46.5));
#1539=DIRECTION('',(1.,0.,-0.));
#1540=VECTOR('',#1539,19.75);
#1541=LINE('',#1538,#1540);
#1542=EDGE_CURVE('',#1537,#1529,#1541,.T.);
#1543=ORIENTED_EDGE('',*,*,#1542,.F.);
#1544=CARTESIAN_POINT('',(70.25,13.742640687,46.5));
#1545=VERTEX_POINT('',#1544);
#1546=CARTESIAN_POINT('',(70.25,10.914213562,46.5));
#1547=DIRECTION('',(0.,1.,0.));
#1548=VECTOR('',#1547,2.828427125);
#1549=LINE('',#1546,#1548);
#1550=EDGE_CURVE('',#1537,#1545,#1549,.T.);
#1551=ORIENTED_EDGE('',*,*,#1550,.T.);
#1552=CARTESIAN_POINT('',(67.,13.742640687,46.5));
#1553=VERTEX_POINT('',#1552);
#1554=CARTESIAN_POINT('',(70.25,13.742640687,46.5));
#1555=DIRECTION('',(-1.,-0.,0.));
#1556=VECTOR('',#1555,3.25);
#1557=LINE('',#1554,#1556);
#1558=EDGE_CURVE('',#1545,#1553,#1557,.T.);
#1559=ORIENTED_EDGE('',*,*,#1558,.T.);
#1560=CARTESIAN_POINT('',(67.,12.242640687,46.5));
#1561=VERTEX_POINT('',#1560);
#1562=CARTESIAN_POINT('',(67.,13.742640687,46.5));
#1563=DIRECTION('',(-0.,-1.,-0.));
#1564=VECTOR('',#1563,1.5);
#1565=LINE('',#1562,#1564);
#1566=EDGE_CURVE('',#1553,#1561,#1565,.T.);
#1567=ORIENTED_EDGE('',*,*,#1566,.T.);
#1568=CARTESIAN_POINT('',(64.,12.242640687,46.5));
#1569=VERTEX_POINT('',#1568);
#1570=CARTESIAN_POINT('',(67.,12.242640687,46.5));
#1571=DIRECTION('',(-1.,-0.,0.));
#1572=VECTOR('',#1571,3.);
#1573=LINE('',#1570,#1572);
#1574=EDGE_CURVE('',#1561,#1569,#1573,.T.);
#1575=ORIENTED_EDGE('',*,*,#1574,.T.);
#1576=CARTESIAN_POINT('',(64.,13.742640687,46.5));
#1577=VERTEX_POINT('',#1576);
#1578=CARTESIAN_POINT('',(64.,12.242640687,46.5));
#1579=DIRECTION('',(0.,1.,0.));
#1580=VECTOR('',#1579,1.5);
#1581=LINE('',#1578,#1580);
#1582=EDGE_CURVE('',#1569,#1577,#1581,.T.);
#1583=ORIENTED_EDGE('',*,*,#1582,.T.);
#1584=CARTESIAN_POINT('',(59.,13.742640687,46.5));
#1585=VERTEX_POINT('',#1584);
#1586=CARTESIAN_POINT('',(64.,13.742640687,46.5));
#1587=DIRECTION('',(-1.,-0.,0.));
#1588=VECTOR('',#1587,5.);
#1589=LINE('',#1586,#1588);
#1590=EDGE_CURVE('',#1577,#1585,#1589,.T.);
#1591=ORIENTED_EDGE('',*,*,#1590,.T.);
#1592=CARTESIAN_POINT('',(59.,12.242640687,46.5));
#1593=VERTEX_POINT('',#1592);
#1594=CARTESIAN_POINT('',(59.,13.742640687,46.5));
#1595=DIRECTION('',(-0.,-1.,-0.));
#1596=VECTOR('',#1595,1.5);
#1597=LINE('',#1594,#1596);
#1598=EDGE_CURVE('',#1585,#1593,#1597,.T.);
#1599=ORIENTED_EDGE('',*,*,#1598,.T.);
#1600=CARTESIAN_POINT('',(56.,12.242640687,46.5));
#1601=VERTEX_POINT('',#1600);
#1602=CARTESIAN_POINT('',(59.,12.242640687,46.5));
#1603=DIRECTION('',(-1.,-0.,0.));
#1604=VECTOR('',#1603,3.);
#1605=LINE('',#1602,#1604);
#1606=EDGE_CURVE('',#1593,#1601,#1605,.T.);
#1607=ORIENTED_EDGE('',*,*,#1606,.T.);
#1608=CARTESIAN_POINT('',(56.,13.742640687,46.5));
#1609=VERTEX_POINT('',#1608);
#1610=CARTESIAN_POINT('',(56.,12.242640687,46.5));
#1611=DIRECTION('',(0.,1.,0.));
#1612=VECTOR('',#1611,1.5);
#1613=LINE('',#1610,#1612);
#1614=EDGE_CURVE('',#1601,#1609,#1613,.T.);
#1615=ORIENTED_EDGE('',*,*,#1614,.T.);
#1616=CARTESIAN_POINT('',(51.,13.742640687,46.5));
#1617=VERTEX_POINT('',#1616);
#1618=CARTESIAN_POINT('',(56.,13.742640687,46.5));
#1619=DIRECTION('',(-1.,-0.,0.));
#1620=VECTOR('',#1619,5.);
#1621=LINE('',#1618,#1620);
#1622=EDGE_CURVE('',#1609,#1617,#1621,.T.);
#1623=ORIENTED_EDGE('',*,*,#1622,.T.);
#1624=CARTESIAN_POINT('',(51.,12.242640687,46.5));
#1625=VERTEX_POINT('',#1624);
#1626=CARTESIAN_POINT('',(51.,13.742640687,46.5));
#1627=DIRECTION('',(-0.,-1.,-0.));
#1628=VECTOR('',#1627,1.5);
#1629=LINE('',#1626,#1628);
#1630=EDGE_CURVE('',#1617,#1625,#1629,.T.);
#1631=ORIENTED_EDGE('',*,*,#1630,.T.);
#1632=CARTESIAN_POINT('',(48.,12.242640687,46.5));
#1633=VERTEX_POINT('',#1632);
#1634=CARTESIAN_POINT('',(51.,12.242640687,46.5));
#1635=DIRECTION('',(-1.,-0.,0.));
#1636=VECTOR('',#1635,3.);
#1637=LINE('',#1634,#1636);
#1638=EDGE_CURVE('',#1625,#1633,#1637,.T.);
#1639=ORIENTED_EDGE('',*,*,#1638,.T.);
#1640=CARTESIAN_POINT('',(48.,13.742640687,46.5));
#1641=VERTEX_POINT('',#1640);
#1642=CARTESIAN_POINT('',(48.,12.242640687,46.5));
#1643=DIRECTION('',(0.,1.,0.));
#1644=VECTOR('',#1643,1.5);
#1645=LINE('',#1642,#1644);
#1646=EDGE_CURVE('',#1633,#1641,#1645,.T.);
#1647=ORIENTED_EDGE('',*,*,#1646,.T.);
#1648=CARTESIAN_POINT('',(43.,13.742640687,46.5));
#1649=VERTEX_POINT('',#1648);
#1650=CARTESIAN_POINT('',(48.,13.742640687,46.5));
#1651=DIRECTION('',(-1.,-0.,0.));
#1652=VECTOR('',#1651,5.);
#1653=LINE('',#1650,#1652);
#1654=EDGE_CURVE('',#1641,#1649,#1653,.T.);
#1655=ORIENTED_EDGE('',*,*,#1654,.T.);
#1656=CARTESIAN_POINT('',(43.,12.242640687,46.5));
#1657=VERTEX_POINT('',#1656);
#1658=CARTESIAN_POINT('',(43.,13.742640687,46.5));
#1659=DIRECTION('',(-0.,-1.,-0.));
#1660=VECTOR('',#1659,1.5);
#1661=LINE('',#1658,#1660);
#1662=EDGE_CURVE('',#1649,#1657,#1661,.T.);
#1663=ORIENTED_EDGE('',*,*,#1662,.T.);
#1664=CARTESIAN_POINT('',(40.,12.242640687,46.5));
#1665=VERTEX_POINT('',#1664);
#1666=CARTESIAN_POINT('',(43.,12.242640687,46.5));
#1667=DIRECTION('',(-1.,-0.,0.));
#1668=VECTOR('',#1667,3.);
#1669=LINE('',#1666,#1668);
#1670=EDGE_CURVE('',#1657,#1665,#1669,.T.);
#1671=ORIENTED_EDGE('',*,*,#1670,.T.);
#1672=CARTESIAN_POINT('',(40.,13.742640687,46.5));
#1673=VERTEX_POINT('',#1672);
#1674=CARTESIAN_POINT('',(40.,12.242640687,46.5));
#1675=DIRECTION('',(0.,1.,0.));
#1676=VECTOR('',#1675,1.5);
#1677=LINE('',#1674,#1676);
#1678=EDGE_CURVE('',#1665,#1673,#1677,.T.);
#1679=ORIENTED_EDGE('',*,*,#1678,.T.);
#1680=CARTESIAN_POINT('',(35.,13.742640687,46.5));
#1681=VERTEX_POINT('',#1680);
#1682=CARTESIAN_POINT('',(40.,13.742640687,46.5));
#1683=DIRECTION('',(-1.,-0.,0.));
#1684=VECTOR('',#1683,5.);
#1685=LINE('',#1682,#1684);
#1686=EDGE_CURVE('',#1673,#1681,#1685,.T.);
#1687=ORIENTED_EDGE('',*,*,#1686,.T.);
#1688=CARTESIAN_POINT('',(35.,12.242640687,46.5));
#1689=VERTEX_POINT('',#1688);
#1690=CARTESIAN_POINT('',(35.,13.742640687,46.5));
#1691=DIRECTION('',(-0.,-1.,-0.));
#1692=VECTOR('',#1691,1.5);
#1693=LINE('',#1690,#1692);
#1694=EDGE_CURVE('',#1681,#1689,#1693,.T.);
#1695=ORIENTED_EDGE('',*,*,#1694,.T.);
#1696=CARTESIAN_POINT('',(32.,12.242640687,46.5));
#1697=VERTEX_POINT('',#1696);
#1698=CARTESIAN_POINT('',(35.,12.242640687,46.5));
#1699=DIRECTION('',(-1.,-0.,0.));
#1700=VECTOR('',#1699,3.);
#1701=LINE('',#1698,#1700);
#1702=EDGE_CURVE('',#1689,#1697,#1701,.T.);
#1703=ORIENTED_EDGE('',*,*,#1702,.T.);
#1704=CARTESIAN_POINT('',(32.,13.742640687,46.5));
#1705=VERTEX_POINT('',#1704);
#1706=CARTESIAN_POINT('',(32.,12.242640687,46.5));
#1707=DIRECTION('',(0.,1.,0.));
#1708=VECTOR('',#1707,1.5);
#1709=LINE('',#1706,#1708);
#1710=EDGE_CURVE('',#1697,#1705,#1709,.T.);
#1711=ORIENTED_EDGE('',*,*,#1710,.T.);
#1712=CARTESIAN_POINT('',(32.,13.742640687,46.5));
#1713=DIRECTION('',(-1.,-0.,0.));
#1714=VECTOR('',#1713,5.);
#1715=LINE('',#1712,#1714);
#1716=EDGE_CURVE('',#1705,#1463,#1715,.T.);
#1717=ORIENTED_EDGE('',*,*,#1716,.T.);
#1718=EDGE_LOOP('',(#1471,#1479,#1487,#1495,#1503,#1511,#1519,#1527,#1535,#1543,#1551,#1559,#1567,#1575,#1583,#1591,#1599,#1607,#1615,#1623,#1631,#1639,#1647,#1655,#1663,#1671,
#1679,#1687,#1695,#1703,#1711,#1717));
#1719=FACE_BOUND('',#1718,.T.);
#1720=ADVANCED_FACE('',(#1719),#1461,.F.);
#1721=CARTESIAN_POINT('',(44.25,10.871320344,43.628679656));
#1722=DIRECTION('',(0.,0.707106781,-0.707106781));
#1723=DIRECTION('',(-1.,0.,0.));
#1724=AXIS2_PLACEMENT_3D('',#1721,#1722,#1723);
#1725=PLANE('',#1724);
#1726=CARTESIAN_POINT('',(18.25,8.,40.757359313));
#1727=VERTEX_POINT('',#1726);
#1728=CARTESIAN_POINT('',(18.25,8.,40.757359313));
#1729=DIRECTION('',(0.,0.707106781,0.707106781));
#1730=VECTOR('',#1729,8.121320344);
#1731=LINE('',#1728,#1730);
#1732=EDGE_CURVE('',#1727,#1489,#1731,.T.);
#1733=ORIENTED_EDGE('',*,*,#1732,.T.);
#1734=ORIENTED_EDGE('',*,*,#1494,.F.);
#1735=CARTESIAN_POINT('',(24.,8.,40.757359313));
#1736=VERTEX_POINT('',#1735);
#1737=CARTESIAN_POINT('',(24.,13.742640687,46.5));
#1738=DIRECTION('',(-0.,-0.707106781,-0.707106781));
#1739=VECTOR('',#1738,8.121320344);
#1740=LINE('',#1737,#1739);
#1741=EDGE_CURVE('',#1481,#1736,#1740,.T.);
#1742=ORIENTED_EDGE('',*,*,#1741,.T.);
#1743=CARTESIAN_POINT('',(24.,8.,40.757359313));
#1744=DIRECTION('',(-1.,0.,0.));
#1745=VECTOR('',#1744,5.75);
#1746=LINE('',#1743,#1745);
#1747=EDGE_CURVE('',#1736,#1727,#1746,.T.);
#1748=ORIENTED_EDGE('',*,*,#1747,.T.);
#1749=EDGE_LOOP('',(#1733,#1734,#1742,#1748));
#1750=FACE_BOUND('',#1749,.T.);
#1751=ADVANCED_FACE('',(#1750),#1725,.T.);
#1752=CARTESIAN_POINT('',(44.25,10.871320344,43.628679656));
#1753=DIRECTION('',(0.,0.707106781,-0.707106781));
#1754=DIRECTION('',(-1.,0.,0.));
#1755=AXIS2_PLACEMENT_3D('',#1752,#1753,#1754);
#1756=PLANE('',#1755);
#1757=ORIENTED_EDGE('',*,*,#1716,.F.);
#1758=CARTESIAN_POINT('',(32.,8.,40.757359313));
#1759=VERTEX_POINT('',#1758);
#1760=CARTESIAN_POINT('',(32.,13.742640687,46.5));
#1761=DIRECTION('',(-0.,-0.707106781,-0.707106781));
#1762=VECTOR('',#1761,8.121320344);
#1763=LINE('',#1760,#1762);
#1764=EDGE_CURVE('',#1705,#1759,#1763,.T.);
#1765=ORIENTED_EDGE('',*,*,#1764,.T.);
#1766=CARTESIAN_POINT('',(27.,8.,40.757359313));
#1767=VERTEX_POINT('',#1766);
#1768=CARTESIAN_POINT('',(32.,8.,40.757359313));
#1769=DIRECTION('',(-1.,0.,0.));
#1770=VECTOR('',#1769,5.);
#1771=LINE('',#1768,#1770);
#1772=EDGE_CURVE('',#1759,#1767,#1771,.T.);
#1773=ORIENTED_EDGE('',*,*,#1772,.T.);
#1774=CARTESIAN_POINT('',(27.,8.,40.757359313));
#1775=DIRECTION('',(0.,0.707106781,0.707106781));
#1776=VECTOR('',#1775,8.121320344);
#1777=LINE('',#1774,#1776);
#1778=EDGE_CURVE('',#1767,#1463,#1777,.T.);
#1779=ORIENTED_EDGE('',*,*,#1778,.T.);
#1780=EDGE_LOOP('',(#1757,#1765,#1773,#1779));
#1781=FACE_BOUND('',#1780,.T.);
#1782=ADVANCED_FACE('',(#1781),#1756,.T.);
#1783=CARTESIAN_POINT('',(44.25,10.871320344,43.628679656));
#1784=DIRECTION('',(0.,0.707106781,-0.707106781));
#1785=DIRECTION('',(-1.,0.,0.));
#1786=AXIS2_PLACEMENT_3D('',#1783,#1784,#1785);
#1787=PLANE('',#1786);
#1788=ORIENTED_EDGE('',*,*,#1686,.F.);
#1789=CARTESIAN_POINT('',(40.,8.,40.757359313));
#1790=VERTEX_POINT('',#1789);
#1791=CARTESIAN_POINT('',(40.,13.742640687,46.5));
#1792=DIRECTION('',(-0.,-0.707106781,-0.707106781));
#1793=VECTOR('',#1792,8.121320344);
#1794=LINE('',#1791,#1793);
#1795=EDGE_CURVE('',#1673,#1790,#1794,.T.);
#1796=ORIENTED_EDGE('',*,*,#1795,.T.);
#1797=CARTESIAN_POINT('',(35.,8.,40.757359313));
#1798=VERTEX_POINT('',#1797);
#1799=CARTESIAN_POINT('',(40.,8.,40.757359313));
#1800=DIRECTION('',(-1.,0.,0.));
#1801=VECTOR('',#1800,5.);
#1802=LINE('',#1799,#1801);
#1803=EDGE_CURVE('',#1790,#1798,#1802,.T.);
#1804=ORIENTED_EDGE('',*,*,#1803,.T.);
#1805=CARTESIAN_POINT('',(35.,8.,40.757359313));
#1806=DIRECTION('',(0.,0.707106781,0.707106781));
#1807=VECTOR('',#1806,8.121320344);
#1808=LINE('',#1805,#1807);
#1809=EDGE_CURVE('',#1798,#1681,#1808,.T.);
#1810=ORIENTED_EDGE('',*,*,#1809,.T.);
#1811=EDGE_LOOP('',(#1788,#1796,#1804,#1810));
#1812=FACE_BOUND('',#1811,.T.);
#1813=ADVANCED_FACE('',(#1812),#1787,.T.);
#1814=CARTESIAN_POINT('',(44.25,10.871320344,43.628679656));
#1815=DIRECTION('',(0.,0.707106781,-0.707106781));
#1816=DIRECTION('',(-1.,0.,0.));
#1817=AXIS2_PLACEMENT_3D('',#1814,#1815,#1816);
#1818=PLANE('',#1817);
#1819=CARTESIAN_POINT('',(67.,8.,40.757359313));
#1820=VERTEX_POINT('',#1819);
#1821=CARTESIAN_POINT('',(67.,8.,40.757359313));
#1822=DIRECTION('',(0.,0.707106781,0.707106781));
#1823=VECTOR('',#1822,8.121320344);
#1824=LINE('',#1821,#1823);
#1825=EDGE_CURVE('',#1820,#1553,#1824,.T.);
#1826=ORIENTED_EDGE('',*,*,#1825,.T.);
#1827=ORIENTED_EDGE('',*,*,#1558,.F.);
#1828=CARTESIAN_POINT('',(70.25,8.,40.757359313));
#1829=VERTEX_POINT('',#1828);
#1830=CARTESIAN_POINT('',(70.25,13.742640687,46.5));
#1831=DIRECTION('',(-0.,-0.707106781,-0.707106781));
#1832=VECTOR('',#1831,8.121320344);
#1833=LINE('',#1830,#1832);
#1834=EDGE_CURVE('',#1545,#1829,#1833,.T.);
#1835=ORIENTED_EDGE('',*,*,#1834,.T.);
#1836=CARTESIAN_POINT('',(70.25,8.,40.757359313));
#1837=DIRECTION('',(-1.,0.,0.));
#1838=VECTOR('',#1837,3.25);
#1839=LINE('',#1836,#1838);
#1840=EDGE_CURVE('',#1829,#1820,#1839,.T.);
#1841=ORIENTED_EDGE('',*,*,#1840,.T.);
#1842=EDGE_LOOP('',(#1826,#1827,#1835,#1841));
#1843=FACE_BOUND('',#1842,.T.);
#1844=ADVANCED_FACE('',(#1843),#1818,.T.);
#1845=CARTESIAN_POINT('',(44.25,10.871320344,43.628679656));
#1846=DIRECTION('',(0.,0.707106781,-0.707106781));
#1847=DIRECTION('',(-1.,0.,0.));
#1848=AXIS2_PLACEMENT_3D('',#1845,#1846,#1847);
#1849=PLANE('',#1848);
#1850=ORIENTED_EDGE('',*,*,#1590,.F.);
#1851=CARTESIAN_POINT('',(64.,8.,40.757359313));
#1852=VERTEX_POINT('',#1851);
#1853=CARTESIAN_POINT('',(64.,13.742640687,46.5));
#1854=DIRECTION('',(-0.,-0.707106781,-0.707106781));
#1855=VECTOR('',#1854,8.121320344);
#1856=LINE('',#1853,#1855);
#1857=EDGE_CURVE('',#1577,#1852,#1856,.T.);
#1858=ORIENTED_EDGE('',*,*,#1857,.T.);
#1859=CARTESIAN_POINT('',(59.,8.,40.757359313));
#1860=VERTEX_POINT('',#1859);
#1861=CARTESIAN_POINT('',(64.,8.,40.757359313));
#1862=DIRECTION('',(-1.,0.,0.));
#1863=VECTOR('',#1862,5.);
#1864=LINE('',#1861,#1863);
#1865=EDGE_CURVE('',#1852,#1860,#1864,.T.);
#1866=ORIENTED_EDGE('',*,*,#1865,.T.);
#1867=CARTESIAN_POINT('',(59.,8.,40.757359313));
#1868=DIRECTION('',(0.,0.707106781,0.707106781));
#1869=VECTOR('',#1868,8.121320344);
#1870=LINE('',#1867,#1869);
#1871=EDGE_CURVE('',#1860,#1585,#1870,.T.);
#1872=ORIENTED_EDGE('',*,*,#1871,.T.);
#1873=EDGE_LOOP('',(#1850,#1858,#1866,#1872));
#1874=FACE_BOUND('',#1873,.T.);
#1875=ADVANCED_FACE('',(#1874),#1849,.T.);
#1876=CARTESIAN_POINT('',(44.25,10.871320344,43.628679656));
#1877=DIRECTION('',(0.,0.707106781,-0.707106781));
#1878=DIRECTION('',(-1.,0.,0.));
#1879=AXIS2_PLACEMENT_3D('',#1876,#1877,#1878);
#1880=PLANE('',#1879);
#1881=ORIENTED_EDGE('',*,*,#1622,.F.);
#1882=CARTESIAN_POINT('',(56.,8.,40.757359313));
#1883=VERTEX_POINT('',#1882);
#1884=CARTESIAN_POINT('',(56.,13.742640687,46.5));
#1885=DIRECTION('',(-0.,-0.707106781,-0.707106781));
#1886=VECTOR('',#1885,8.121320344);
#1887=LINE('',#1884,#1886);
#1888=EDGE_CURVE('',#1609,#1883,#1887,.T.);
#1889=ORIENTED_EDGE('',*,*,#1888,.T.);
#1890=CARTESIAN_POINT('',(51.,8.,40.757359313));
#1891=VERTEX_POINT('',#1890);
#1892=CARTESIAN_POINT('',(56.,8.,40.757359313));
#1893=DIRECTION('',(-1.,0.,0.));
#1894=VECTOR('',#1893,5.);
#1895=LINE('',#1892,#1894);
#1896=EDGE_CURVE('',#1883,#1891,#1895,.T.);
#1897=ORIENTED_EDGE('',*,*,#1896,.T.);
#1898=CARTESIAN_POINT('',(51.,8.,40.757359313));
#1899=DIRECTION('',(0.,0.707106781,0.707106781));
#1900=VECTOR('',#1899,8.121320344);
#1901=LINE('',#1898,#1900);
#1902=EDGE_CURVE('',#1891,#1617,#1901,.T.);
#1903=ORIENTED_EDGE('',*,*,#1902,.T.);
#1904=EDGE_LOOP('',(#1881,#1889,#1897,#1903));
#1905=FACE_BOUND('',#1904,.T.);
#1906=ADVANCED_FACE('',(#1905),#1880,.T.);
#1907=CARTESIAN_POINT('',(44.25,10.871320344,43.628679656));
#1908=DIRECTION('',(0.,0.707106781,-0.707106781));
#1909=DIRECTION('',(-1.,0.,0.));
#1910=AXIS2_PLACEMENT_3D('',#1907,#1908,#1909);
#1911=PLANE('',#1910);
#1912=ORIENTED_EDGE('',*,*,#1654,.F.);
#1913=CARTESIAN_POINT('',(48.,8.,40.757359313));
#1914=VERTEX_POINT('',#1913);
#1915=CARTESIAN_POINT('',(48.,13.742640687,46.5));
#1916=DIRECTION('',(-0.,-0.707106781,-0.707106781));
#1917=VECTOR('',#1916,8.121320344);
#1918=LINE('',#1915,#1917);
#1919=EDGE_CURVE('',#1641,#1914,#1918,.T.);
#1920=ORIENTED_EDGE('',*,*,#1919,.T.);
#1921=CARTESIAN_POINT('',(43.,8.,40.757359313));
#1922=VERTEX_POINT('',#1921);
#1923=CARTESIAN_POINT('',(48.,8.,40.757359313));
#1924=DIRECTION('',(-1.,0.,0.));
#1925=VECTOR('',#1924,5.);
#1926=LINE('',#1923,#1925);
#1927=EDGE_CURVE('',#1914,#1922,#1926,.T.);
#1928=ORIENTED_EDGE('',*,*,#1927,.T.);
#1929=CARTESIAN_POINT('',(43.,8.,40.757359313));
#1930=DIRECTION('',(0.,0.707106781,0.707106781));
#1931=VECTOR('',#1930,8.121320344);
#1932=LINE('',#1929,#1931);
#1933=EDGE_CURVE('',#1922,#1649,#1932,.T.);
#1934=ORIENTED_EDGE('',*,*,#1933,.T.);
#1935=EDGE_LOOP('',(#1912,#1920,#1928,#1934));
#1936=FACE_BOUND('',#1935,.T.);
#1937=ADVANCED_FACE('',(#1936),#1911,.T.);
#1938=CARTESIAN_POINT('',(20.5,7.,42.214466094));
#1939=DIRECTION('',(0.,0.,-1.));
#1940=DIRECTION('',(0.,1.,0.));
#1941=AXIS2_PLACEMENT_3D('',#1938,#1939,#1940);
#1942=PLANE('',#1941);
#1943=CARTESIAN_POINT('',(43.,8.,42.214466094));
#1944=VERTEX_POINT('',#1943);
#1945=CARTESIAN_POINT('',(43.,8.042893219,42.214466094));
#1946=VERTEX_POINT('',#1945);
#1947=CARTESIAN_POINT('',(43.,8.,42.214466094));
#1948=DIRECTION('',(0.,1.,0.));
#1949=VECTOR('',#1948,0.042893219);
#1950=LINE('',#1947,#1949);
#1951=EDGE_CURVE('',#1944,#1946,#1950,.T.);
#1952=ORIENTED_EDGE('',*,*,#1951,.F.);
#1953=CARTESIAN_POINT('',(40.,8.,42.214466094));
#1954=VERTEX_POINT('',#1953);
#1955=CARTESIAN_POINT('',(40.,8.,42.214466094));
#1956=DIRECTION('',(1.,0.,0.));
#1957=VECTOR('',#1956,3.);
#1958=LINE('',#1955,#1957);
#1959=EDGE_CURVE('',#1954,#1944,#1958,.T.);
#1960=ORIENTED_EDGE('',*,*,#1959,.F.);
#1961=CARTESIAN_POINT('',(40.,8.042893219,42.214466094));
#1962=VERTEX_POINT('',#1961);
#1963=CARTESIAN_POINT('',(40.,8.042893219,42.214466094));
#1964=DIRECTION('',(0.,-1.,-0.));
#1965=VECTOR('',#1964,0.042893219);
#1966=LINE('',#1963,#1965);
#1967=EDGE_CURVE('',#1962,#1954,#1966,.T.);
#1968=ORIENTED_EDGE('',*,*,#1967,.F.);
#1969=CARTESIAN_POINT('',(35.,8.042893219,42.214466094));
#1970=VERTEX_POINT('',#1969);
#1971=CARTESIAN_POINT('',(40.,8.042893219,42.214466094));
#1972=DIRECTION('',(-1.,-0.,0.));
#1973=VECTOR('',#1972,5.);
#1974=LINE('',#1971,#1973);
#1975=EDGE_CURVE('',#1962,#1970,#1974,.T.);
#1976=ORIENTED_EDGE('',*,*,#1975,.T.);
#1977=CARTESIAN_POINT('',(35.,8.,42.214466094));
#1978=VERTEX_POINT('',#1977);
#1979=CARTESIAN_POINT('',(35.,8.,42.214466094));
#1980=DIRECTION('',(0.,1.,0.));
#1981=VECTOR('',#1980,0.042893219);
#1982=LINE('',#1979,#1981);
#1983=EDGE_CURVE('',#1978,#1970,#1982,.T.);
#1984=ORIENTED_EDGE('',*,*,#1983,.F.);
#1985=CARTESIAN_POINT('',(32.,8.,42.214466094));
#1986=VERTEX_POINT('',#1985);
#1987=CARTESIAN_POINT('',(32.,8.,42.214466094));
#1988=DIRECTION('',(1.,0.,0.));
#1989=VECTOR('',#1988,3.);
#1990=LINE('',#1987,#1989);
#1991=EDGE_CURVE('',#1986,#1978,#1990,.T.);
#1992=ORIENTED_EDGE('',*,*,#1991,.F.);
#1993=CARTESIAN_POINT('',(32.,8.042893219,42.214466094));
#1994=VERTEX_POINT('',#1993);
#1995=CARTESIAN_POINT('',(32.,8.042893219,42.214466094));
#1996=DIRECTION('',(0.,-1.,-0.));
#1997=VECTOR('',#1996,0.042893219);
#1998=LINE('',#1995,#1997);
#1999=EDGE_CURVE('',#1994,#1986,#1998,.T.);
#2000=ORIENTED_EDGE('',*,*,#1999,.F.);
#2001=CARTESIAN_POINT('',(27.,8.042893219,42.214466094));
#2002=VERTEX_POINT('',#2001);
#2003=CARTESIAN_POINT('',(32.,8.042893219,42.214466094));
#2004=DIRECTION('',(-1.,-0.,0.));
#2005=VECTOR('',#2004,5.);
#2006=LINE('',#2003,#2005);
#2007=EDGE_CURVE('',#1994,#2002,#2006,.T.);
#2008=ORIENTED_EDGE('',*,*,#2007,.T.);
#2009=CARTESIAN_POINT('',(27.,8.,42.214466094));
#2010=VERTEX_POINT('',#2009);
#2011=CARTESIAN_POINT('',(27.,8.,42.214466094));
#2012=DIRECTION('',(0.,1.,0.));
#2013=VECTOR('',#2012,0.042893219);
#2014=LINE('',#2011,#2013);
#2015=EDGE_CURVE('',#2010,#2002,#2014,.T.);
#2016=ORIENTED_EDGE('',*,*,#2015,.F.);
#2017=CARTESIAN_POINT('',(24.,8.,42.214466094));
#2018=VERTEX_POINT('',#2017);
#2019=CARTESIAN_POINT('',(24.,8.,42.214466094));
#2020=DIRECTION('',(1.,0.,0.));
#2021=VECTOR('',#2020,3.);
#2022=LINE('',#2019,#2021);
#2023=EDGE_CURVE('',#2018,#2010,#2022,.T.);
#2024=ORIENTED_EDGE('',*,*,#2023,.F.);
#2025=CARTESIAN_POINT('',(24.,8.042893219,42.214466094));
#2026=VERTEX_POINT('',#2025);
#2027=CARTESIAN_POINT('',(24.,8.042893219,42.214466094));
#2028=DIRECTION('',(0.,-1.,-0.));
#2029=VECTOR('',#2028,0.042893219);
#2030=LINE('',#2027,#2029);
#2031=EDGE_CURVE('',#2026,#2018,#2030,.T.);
#2032=ORIENTED_EDGE('',*,*,#2031,.F.);
#2033=CARTESIAN_POINT('',(21.5,8.042893219,42.214466094));
#2034=VERTEX_POINT('',#2033);
#2035=CARTESIAN_POINT('',(24.,8.042893219,42.214466094));
#2036=DIRECTION('',(-1.,-0.,0.));
#2037=VECTOR('',#2036,2.5);
#2038=LINE('',#2035,#2037);
#2039=EDGE_CURVE('',#2026,#2034,#2038,.T.);
#2040=ORIENTED_EDGE('',*,*,#2039,.T.);
#2041=CARTESIAN_POINT('',(21.5,6.,42.214466094));
#2042=VERTEX_POINT('',#2041);
#2043=CARTESIAN_POINT('',(21.5,8.042893219,42.214466094));
#2044=DIRECTION('',(-0.,-1.,-0.));
#2045=VECTOR('',#2044,2.042893219);
#2046=LINE('',#2043,#2045);
#2047=EDGE_CURVE('',#2034,#2042,#2046,.T.);
#2048=ORIENTED_EDGE('',*,*,#2047,.T.);
#2049=CARTESIAN_POINT('',(69.,6.,42.214466094));
#2050=VERTEX_POINT('',#2049);
#2051=CARTESIAN_POINT('',(69.,6.,42.214466094));
#2052=DIRECTION('',(-1.,0.,0.));
#2053=VECTOR('',#2052,47.5);
#2054=LINE('',#2051,#2053);
#2055=EDGE_CURVE('',#2050,#2042,#2054,.T.);
#2056=ORIENTED_EDGE('',*,*,#2055,.F.);
#2057=CARTESIAN_POINT('',(69.,8.042893219,42.214466094));
#2058=VERTEX_POINT('',#2057);
#2059=CARTESIAN_POINT('',(69.,6.,42.214466094));
#2060=DIRECTION('',(0.,1.,0.));
#2061=VECTOR('',#2060,2.042893219);
#2062=LINE('',#2059,#2061);
#2063=EDGE_CURVE('',#2050,#2058,#2062,.T.);
#2064=ORIENTED_EDGE('',*,*,#2063,.T.);
#2065=CARTESIAN_POINT('',(67.,8.042893219,42.214466094));
#2066=VERTEX_POINT('',#2065);
#2067=CARTESIAN_POINT('',(69.,8.042893219,42.214466094));
#2068=DIRECTION('',(-1.,-0.,0.));
#2069=VECTOR('',#2068,2.);
#2070=LINE('',#2067,#2069);
#2071=EDGE_CURVE('',#2058,#2066,#2070,.T.);
#2072=ORIENTED_EDGE('',*,*,#2071,.T.);
#2073=CARTESIAN_POINT('',(67.,8.,42.214466094));
#2074=VERTEX_POINT('',#2073);
#2075=CARTESIAN_POINT('',(67.,8.,42.214466094));
#2076=DIRECTION('',(0.,1.,0.));
#2077=VECTOR('',#2076,0.042893219);
#2078=LINE('',#2075,#2077);
#2079=EDGE_CURVE('',#2074,#2066,#2078,.T.);
#2080=ORIENTED_EDGE('',*,*,#2079,.F.);
#2081=CARTESIAN_POINT('',(64.,8.,42.214466094));
#2082=VERTEX_POINT('',#2081);
#2083=CARTESIAN_POINT('',(64.,8.,42.214466094));
#2084=DIRECTION('',(1.,0.,0.));
#2085=VECTOR('',#2084,3.);
#2086=LINE('',#2083,#2085);
#2087=EDGE_CURVE('',#2082,#2074,#2086,.T.);
#2088=ORIENTED_EDGE('',*,*,#2087,.F.);
#2089=CARTESIAN_POINT('',(64.,8.042893219,42.214466094));
#2090=VERTEX_POINT('',#2089);
#2091=CARTESIAN_POINT('',(64.,8.042893219,42.214466094));
#2092=DIRECTION('',(0.,-1.,-0.));
#2093=VECTOR('',#2092,0.042893219);
#2094=LINE('',#2091,#2093);
#2095=EDGE_CURVE('',#2090,#2082,#2094,.T.);
#2096=ORIENTED_EDGE('',*,*,#2095,.F.);
#2097=CARTESIAN_POINT('',(59.,8.042893219,42.214466094));
#2098=VERTEX_POINT('',#2097);
#2099=CARTESIAN_POINT('',(64.,8.042893219,42.214466094));
#2100=DIRECTION('',(-1.,-0.,0.));
#2101=VECTOR('',#2100,5.);
#2102=LINE('',#2099,#2101);
#2103=EDGE_CURVE('',#2090,#2098,#2102,.T.);
#2104=ORIENTED_EDGE('',*,*,#2103,.T.);
#2105=CARTESIAN_POINT('',(59.,8.,42.214466094));
#2106=VERTEX_POINT('',#2105);
#2107=CARTESIAN_POINT('',(59.,8.,42.214466094));
#2108=DIRECTION('',(0.,1.,0.));
#2109=VECTOR('',#2108,0.042893219);
#2110=LINE('',#2107,#2109);
#2111=EDGE_CURVE('',#2106,#2098,#2110,.T.);
#2112=ORIENTED_EDGE('',*,*,#2111,.F.);
#2113=CARTESIAN_POINT('',(56.,8.,42.214466094));
#2114=VERTEX_POINT('',#2113);
#2115=CARTESIAN_POINT('',(56.,8.,42.214466094));
#2116=DIRECTION('',(1.,0.,0.));
#2117=VECTOR('',#2116,3.);
#2118=LINE('',#2115,#2117);
#2119=EDGE_CURVE('',#2114,#2106,#2118,.T.);
#2120=ORIENTED_EDGE('',*,*,#2119,.F.);
#2121=CARTESIAN_POINT('',(56.,8.042893219,42.214466094));
#2122=VERTEX_POINT('',#2121);
#2123=CARTESIAN_POINT('',(56.,8.042893219,42.214466094));
#2124=DIRECTION('',(0.,-1.,-0.));
#2125=VECTOR('',#2124,0.042893219);
#2126=LINE('',#2123,#2125);
#2127=EDGE_CURVE('',#2122,#2114,#2126,.T.);
#2128=ORIENTED_EDGE('',*,*,#2127,.F.);
#2129=CARTESIAN_POINT('',(51.,8.042893219,42.214466094));
#2130=VERTEX_POINT('',#2129);
#2131=CARTESIAN_POINT('',(56.,8.042893219,42.214466094));
#2132=DIRECTION('',(-1.,-0.,0.));
#2133=VECTOR('',#2132,5.);
#2134=LINE('',#2131,#2133);
#2135=EDGE_CURVE('',#2122,#2130,#2134,.T.);
#2136=ORIENTED_EDGE('',*,*,#2135,.T.);
#2137=CARTESIAN_POINT('',(51.,8.,42.214466094));
#2138=VERTEX_POINT('',#2137);
#2139=CARTESIAN_POINT('',(51.,8.,42.214466094));
#2140=DIRECTION('',(0.,1.,0.));
#2141=VECTOR('',#2140,0.042893219);
#2142=LINE('',#2139,#2141);
#2143=EDGE_CURVE('',#2138,#2130,#2142,.T.);
#2144=ORIENTED_EDGE('',*,*,#2143,.F.);
#2145=CARTESIAN_POINT('',(48.,8.,42.214466094));
#2146=VERTEX_POINT('',#2145);
#2147=CARTESIAN_POINT('',(48.,8.,42.214466094));
#2148=DIRECTION('',(1.,0.,0.));
#2149=VECTOR('',#2148,3.);
#2150=LINE('',#2147,#2149);
#2151=EDGE_CURVE('',#2146,#2138,#2150,.T.);
#2152=ORIENTED_EDGE('',*,*,#2151,.F.);
#2153=CARTESIAN_POINT('',(48.,8.042893219,42.214466094));
#2154=VERTEX_POINT('',#2153);
#2155=CARTESIAN_POINT('',(48.,8.042893219,42.214466094));
#2156=DIRECTION('',(0.,-1.,-0.));
#2157=VECTOR('',#2156,0.042893219);
#2158=LINE('',#2155,#2157);
#2159=EDGE_CURVE('',#2154,#2146,#2158,.T.);
#2160=ORIENTED_EDGE('',*,*,#2159,.F.);
#2161=CARTESIAN_POINT('',(48.,8.042893219,42.214466094));
#2162=DIRECTION('',(-1.,-0.,0.));
#2163=VECTOR('',#2162,5.);
#2164=LINE('',#2161,#2163);
#2165=EDGE_CURVE('',#2154,#1946,#2164,.T.);
#2166=ORIENTED_EDGE('',*,*,#2165,.T.);
#2167=EDGE_LOOP('',(#1952,#1960,#1968,#1976,#1984,#1992,#2000,#2008,#2016,#2024,#2032,#2040,#2048,#2056,#2064,#2072,#2080,#2088,#2096,#2104,#2112,#2120,#2128,#2136,#2144,#2152,
#2160,#2166));
#2168=FACE_BOUND('',#2167,.T.);
#2169=ADVANCED_FACE('',(#2168),#1942,.F.);
#2170=CARTESIAN_POINT('',(48.,11.861269837,47.447056275));
#2171=DIRECTION('',(1.,0.,0.));
#2172=DIRECTION('',(0.,-0.707106781,-0.707106781));
#2173=AXIS2_PLACEMENT_3D('',#2170,#2171,#2172);
#2174=PLANE('',#2173);
#2175=ORIENTED_EDGE('',*,*,#1919,.F.);
#2176=ORIENTED_EDGE('',*,*,#1646,.F.);
#2177=CARTESIAN_POINT('',(48.,12.285533906,46.457106781));
#2178=VERTEX_POINT('',#2177);
#2179=CARTESIAN_POINT('',(48.,12.242640687,46.5));
#2180=DIRECTION('',(0.,0.707106781,-0.707106781));
#2181=VECTOR('',#2180,0.060660172);
#2182=LINE('',#2179,#2181);
#2183=EDGE_CURVE('',#1633,#2178,#2182,.T.);
#2184=ORIENTED_EDGE('',*,*,#2183,.T.);
#2185=CARTESIAN_POINT('',(48.,12.285533906,46.457106781));
#2186=DIRECTION('',(0.,-0.707106781,-0.707106781));
#2187=VECTOR('',#2186,6.);
#2188=LINE('',#2185,#2187);
#2189=EDGE_CURVE('',#2178,#2154,#2188,.T.);
#2190=ORIENTED_EDGE('',*,*,#2189,.T.);
#2191=ORIENTED_EDGE('',*,*,#2159,.T.);
#2192=CARTESIAN_POINT('',(48.,8.,40.757359313));
#2193=DIRECTION('',(-0.,-0.,1.));
#2194=VECTOR('',#2193,1.457106781);
#2195=LINE('',#2192,#2194);
#2196=EDGE_CURVE('',#1914,#2146,#2195,.T.);
#2197=ORIENTED_EDGE('',*,*,#2196,.F.);
#2198=EDGE_LOOP('',(#2175,#2176,#2184,#2190,#2191,#2197));
#2199=FACE_BOUND('',#2198,.T.);
#2200=ADVANCED_FACE('',(#2199),#2174,.T.);
#2201=CARTESIAN_POINT('',(51.,7.052943725,42.638730163));
#2202=DIRECTION('',(-1.,0.,0.));
#2203=DIRECTION('',(0.,0.707106781,0.707106781));
#2204=AXIS2_PLACEMENT_3D('',#2201,#2202,#2203);
#2205=PLANE('',#2204);
#2206=ORIENTED_EDGE('',*,*,#1902,.F.);
#2207=CARTESIAN_POINT('',(51.,8.,42.214466094));
#2208=DIRECTION('',(0.,0.,-1.));
#2209=VECTOR('',#2208,1.457106781);
#2210=LINE('',#2207,#2209);
#2211=EDGE_CURVE('',#2138,#1891,#2210,.T.);
#2212=ORIENTED_EDGE('',*,*,#2211,.F.);
#2213=ORIENTED_EDGE('',*,*,#2143,.T.);
#2214=CARTESIAN_POINT('',(51.,12.285533906,46.457106781));
#2215=VERTEX_POINT('',#2214);
#2216=CARTESIAN_POINT('',(51.,8.042893219,42.214466094));
#2217=DIRECTION('',(0.,0.707106781,0.707106781));
#2218=VECTOR('',#2217,6.);
#2219=LINE('',#2216,#2218);
#2220=EDGE_CURVE('',#2130,#2215,#2219,.T.);
#2221=ORIENTED_EDGE('',*,*,#2220,.T.);
#2222=CARTESIAN_POINT('',(51.,12.285533906,46.457106781));
#2223=DIRECTION('',(-0.,-0.707106781,0.707106781));
#2224=VECTOR('',#2223,0.060660172);
#2225=LINE('',#2222,#2224);
#2226=EDGE_CURVE('',#2215,#1625,#2225,.T.);
#2227=ORIENTED_EDGE('',*,*,#2226,.T.);
#2228=ORIENTED_EDGE('',*,*,#1630,.F.);
#2229=EDGE_LOOP('',(#2206,#2212,#2213,#2221,#2227,#2228));
#2230=FACE_BOUND('',#2229,.T.);
#2231=ADVANCED_FACE('',(#2230),#2205,.T.);
#2232=CARTESIAN_POINT('',(56.,11.861269837,47.447056275));
#2233=DIRECTION('',(1.,0.,0.));
#2234=DIRECTION('',(0.,-0.707106781,-0.707106781));
#2235=AXIS2_PLACEMENT_3D('',#2232,#2233,#2234);
#2236=PLANE('',#2235);
#2237=ORIENTED_EDGE('',*,*,#1888,.F.);
#2238=ORIENTED_EDGE('',*,*,#1614,.F.);
#2239=CARTESIAN_POINT('',(56.,12.285533906,46.457106781));
#2240=VERTEX_POINT('',#2239);
#2241=CARTESIAN_POINT('',(56.,12.242640687,46.5));
#2242=DIRECTION('',(0.,0.707106781,-0.707106781));
#2243=VECTOR('',#2242,0.060660172);
#2244=LINE('',#2241,#2243);
#2245=EDGE_CURVE('',#1601,#2240,#2244,.T.);
#2246=ORIENTED_EDGE('',*,*,#2245,.T.);
#2247=CARTESIAN_POINT('',(56.,12.285533906,46.457106781));
#2248=DIRECTION('',(0.,-0.707106781,-0.707106781));
#2249=VECTOR('',#2248,6.);
#2250=LINE('',#2247,#2249);
#2251=EDGE_CURVE('',#2240,#2122,#2250,.T.);
#2252=ORIENTED_EDGE('',*,*,#2251,.T.);
#2253=ORIENTED_EDGE('',*,*,#2127,.T.);
#2254=CARTESIAN_POINT('',(56.,8.,40.757359313));
#2255=DIRECTION('',(-0.,-0.,1.));
#2256=VECTOR('',#2255,1.457106781);
#2257=LINE('',#2254,#2256);
#2258=EDGE_CURVE('',#1883,#2114,#2257,.T.);
#2259=ORIENTED_EDGE('',*,*,#2258,.F.);
#2260=EDGE_LOOP('',(#2237,#2238,#2246,#2252,#2253,#2259));
#2261=FACE_BOUND('',#2260,.T.);
#2262=ADVANCED_FACE('',(#2261),#2236,.T.);
#2263=CARTESIAN_POINT('',(59.,7.052943725,42.638730163));
#2264=DIRECTION('',(-1.,0.,0.));
#2265=DIRECTION('',(0.,0.707106781,0.707106781));
#2266=AXIS2_PLACEMENT_3D('',#2263,#2264,#2265);
#2267=PLANE('',#2266);
#2268=ORIENTED_EDGE('',*,*,#1871,.F.);
#2269=CARTESIAN_POINT('',(59.,8.,42.214466094));
#2270=DIRECTION('',(0.,0.,-1.));
#2271=VECTOR('',#2270,1.457106781);
#2272=LINE('',#2269,#2271);
#2273=EDGE_CURVE('',#2106,#1860,#2272,.T.);
#2274=ORIENTED_EDGE('',*,*,#2273,.F.);
#2275=ORIENTED_EDGE('',*,*,#2111,.T.);
#2276=CARTESIAN_POINT('',(59.,12.285533906,46.457106781));
#2277=VERTEX_POINT('',#2276);
#2278=CARTESIAN_POINT('',(59.,8.042893219,42.214466094));
#2279=DIRECTION('',(0.,0.707106781,0.707106781));
#2280=VECTOR('',#2279,6.);
#2281=LINE('',#2278,#2280);
#2282=EDGE_CURVE('',#2098,#2277,#2281,.T.);
#2283=ORIENTED_EDGE('',*,*,#2282,.T.);
#2284=CARTESIAN_POINT('',(59.,12.285533906,46.457106781));
#2285=DIRECTION('',(-0.,-0.707106781,0.707106781));
#2286=VECTOR('',#2285,0.060660172);
#2287=LINE('',#2284,#2286);
#2288=EDGE_CURVE('',#2277,#1593,#2287,.T.);
#2289=ORIENTED_EDGE('',*,*,#2288,.T.);
#2290=ORIENTED_EDGE('',*,*,#1598,.F.);
#2291=EDGE_LOOP('',(#2268,#2274,#2275,#2283,#2289,#2290));
#2292=FACE_BOUND('',#2291,.T.);
#2293=ADVANCED_FACE('',(#2292),#2267,.T.);
#2294=CARTESIAN_POINT('',(64.,11.861269837,47.447056275));
#2295=DIRECTION('',(1.,0.,0.));
#2296=DIRECTION('',(0.,-0.707106781,-0.707106781));
#2297=AXIS2_PLACEMENT_3D('',#2294,#2295,#2296);
#2298=PLANE('',#2297);
#2299=ORIENTED_EDGE('',*,*,#1857,.F.);
#2300=ORIENTED_EDGE('',*,*,#1582,.F.);
#2301=CARTESIAN_POINT('',(64.,12.285533906,46.457106781));
#2302=VERTEX_POINT('',#2301);
#2303=CARTESIAN_POINT('',(64.,12.242640687,46.5));
#2304=DIRECTION('',(0.,0.707106781,-0.707106781));
#2305=VECTOR('',#2304,0.060660172);
#2306=LINE('',#2303,#2305);
#2307=EDGE_CURVE('',#1569,#2302,#2306,.T.);
#2308=ORIENTED_EDGE('',*,*,#2307,.T.);
#2309=CARTESIAN_POINT('',(64.,12.285533906,46.457106781));
#2310=DIRECTION('',(0.,-0.707106781,-0.707106781));
#2311=VECTOR('',#2310,6.);
#2312=LINE('',#2309,#2311);
#2313=EDGE_CURVE('',#2302,#2090,#2312,.T.);
#2314=ORIENTED_EDGE('',*,*,#2313,.T.);
#2315=ORIENTED_EDGE('',*,*,#2095,.T.);
#2316=CARTESIAN_POINT('',(64.,8.,40.757359313));
#2317=DIRECTION('',(-0.,-0.,1.));
#2318=VECTOR('',#2317,1.457106781);
#2319=LINE('',#2316,#2318);
#2320=EDGE_CURVE('',#1852,#2082,#2319,.T.);
#2321=ORIENTED_EDGE('',*,*,#2320,.F.);
#2322=EDGE_LOOP('',(#2299,#2300,#2308,#2314,#2315,#2321));
#2323=FACE_BOUND('',#2322,.T.);
#2324=ADVANCED_FACE('',(#2323),#2298,.T.);
#2325=CARTESIAN_POINT('',(67.,7.052943725,42.638730163));
#2326=DIRECTION('',(-1.,0.,0.));
#2327=DIRECTION('',(0.,0.707106781,0.707106781));
#2328=AXIS2_PLACEMENT_3D('',#2325,#2326,#2327);
#2329=PLANE('',#2328);
#2330=CARTESIAN_POINT('',(67.,12.285533906,46.457106781));
#2331=VERTEX_POINT('',#2330);
#2332=CARTESIAN_POINT('',(67.,8.042893219,42.214466094));
#2333=DIRECTION('',(0.,0.707106781,0.707106781));
#2334=VECTOR('',#2333,6.);
#2335=LINE('',#2332,#2334);
#2336=EDGE_CURVE('',#2066,#2331,#2335,.T.);
#2337=ORIENTED_EDGE('',*,*,#2336,.T.);
#2338=CARTESIAN_POINT('',(67.,12.285533906,46.457106781));
#2339=DIRECTION('',(-0.,-0.707106781,0.707106781));
#2340=VECTOR('',#2339,0.060660172);
#2341=LINE('',#2338,#2340);
#2342=EDGE_CURVE('',#2331,#1561,#2341,.T.);
#2343=ORIENTED_EDGE('',*,*,#2342,.T.);
#2344=ORIENTED_EDGE('',*,*,#1566,.F.);
#2345=ORIENTED_EDGE('',*,*,#1825,.F.);
#2346=CARTESIAN_POINT('',(67.,8.,42.214466094));
#2347=DIRECTION('',(0.,0.,-1.));
#2348=VECTOR('',#2347,1.457106781);
#2349=LINE('',#2346,#2348);
#2350=EDGE_CURVE('',#2074,#1820,#2349,.T.);
#2351=ORIENTED_EDGE('',*,*,#2350,.F.);
#2352=ORIENTED_EDGE('',*,*,#2079,.T.);
#2353=EDGE_LOOP('',(#2337,#2343,#2344,#2345,#2351,#2352));
#2354=FACE_BOUND('',#2353,.T.);
#2355=ADVANCED_FACE('',(#2354),#2329,.T.);
#2356=CARTESIAN_POINT('',(23.5,-31.25,34.));
#2357=DIRECTION('',(0.,0.,1.));
#2358=DIRECTION('',(1.,0.,0.));
#2359=AXIS2_PLACEMENT_3D('',#2356,#2357,#2358);
#2360=PLANE('',#2359);
#2361=ORIENTED_EDGE('',*,*,#1080,.T.);
#2362=CARTESIAN_POINT('',(120.,9.,34.));
#2363=VERTEX_POINT('',#2362);
#2364=CARTESIAN_POINT('',(117.5,9.,34.));
#2365=DIRECTION('',(1.,0.,0.));
#2366=VECTOR('',#2365,2.5);
#2367=LINE('',#2364,#2366);
#2368=EDGE_CURVE('',#1067,#2363,#2367,.T.);
#2369=ORIENTED_EDGE('',*,*,#2368,.T.);
#2370=CARTESIAN_POINT('',(120.,5.,34.));
#2371=VERTEX_POINT('',#2370);
#2372=CARTESIAN_POINT('',(120.,9.,34.));
#2373=DIRECTION('',(0.,-1.,0.));
#2374=VECTOR('',#2373,4.);
#2375=LINE('',#2372,#2374);
#2376=EDGE_CURVE('',#2363,#2371,#2375,.T.);
#2377=ORIENTED_EDGE('',*,*,#2376,.T.);
#2378=CARTESIAN_POINT('',(139.5,5.,34.));
#2379=DIRECTION('',(-1.,-0.,0.));
#2380=VECTOR('',#2379,19.5);
#2381=LINE('',#2378,#2380);
#2382=EDGE_CURVE('',#1323,#2371,#2381,.T.);
#2383=ORIENTED_EDGE('',*,*,#2382,.F.);
#2384=ORIENTED_EDGE('',*,*,#1328,.T.);
#2385=CARTESIAN_POINT('',(47.5,-33.5,34.));
#2386=VERTEX_POINT('',#2385);
#2387=CARTESIAN_POINT('',(139.5,-33.5,34.));
#2388=DIRECTION('',(-1.,0.,0.));
#2389=VECTOR('',#2388,92.);
#2390=LINE('',#2387,#2389);
#2391=EDGE_CURVE('',#1315,#2386,#2390,.T.);
#2392=ORIENTED_EDGE('',*,*,#2391,.T.);
#2393=CARTESIAN_POINT('',(47.5,-48.,34.));
#2394=VERTEX_POINT('',#2393);
#2395=CARTESIAN_POINT('',(47.5,-33.5,34.));
#2396=DIRECTION('',(0.,-1.,0.));
#2397=VECTOR('',#2396,14.5);
#2398=LINE('',#2395,#2397);
#2399=EDGE_CURVE('',#2386,#2394,#2398,.T.);
#2400=ORIENTED_EDGE('',*,*,#2399,.T.);
#2401=CARTESIAN_POINT('',(47.5,-48.,34.));
#2402=DIRECTION('',(-1.,0.,0.));
#2403=VECTOR('',#2402,147.5);
#2404=LINE('',#2401,#2403);
#2405=EDGE_CURVE('',#2394,#324,#2404,.T.);
#2406=ORIENTED_EDGE('',*,*,#2405,.T.);
#2407=ORIENTED_EDGE('',*,*,#329,.T.);
#2408=CARTESIAN_POINT('',(-96.,-30.75,34.));
#2409=VERTEX_POINT('',#2408);
#2410=CARTESIAN_POINT('',(-100.,-30.75,34.));
#2411=DIRECTION('',(1.,0.,-0.));
#2412=VECTOR('',#2411,4.);
#2413=LINE('',#2410,#2412);
#2414=EDGE_CURVE('',#316,#2409,#2413,.T.);
#2415=ORIENTED_EDGE('',*,*,#2414,.T.);
#2416=CARTESIAN_POINT('',(-96.,-7.,34.));
#2417=VERTEX_POINT('',#2416);
#2418=CARTESIAN_POINT('',(-96.,-7.,34.));
#2419=DIRECTION('',(-0.,-1.,-0.));
#2420=VECTOR('',#2419,23.75);
#2421=LINE('',#2418,#2420);
#2422=EDGE_CURVE('',#2417,#2409,#2421,.T.);
#2423=ORIENTED_EDGE('',*,*,#2422,.F.);
#2424=CARTESIAN_POINT('',(-95.5,-7.,34.));
#2425=VERTEX_POINT('',#2424);
#2426=CARTESIAN_POINT('',(-95.5,-7.,34.));
#2427=DIRECTION('',(-1.,-0.,0.));
#2428=VECTOR('',#2427,0.5);
#2429=LINE('',#2426,#2428);
#2430=EDGE_CURVE('',#2425,#2417,#2429,.T.);
#2431=ORIENTED_EDGE('',*,*,#2430,.F.);
#2432=CARTESIAN_POINT('',(-88.5,0.000003156,34.));
#2433=VERTEX_POINT('',#2432);
#2434=CARTESIAN_POINT('',(-95.5,0.,34.));
#2435=DIRECTION('',(-0.,-0.,-1.));
#2436=DIRECTION('',(1.,0.,-0.));
#2437=AXIS2_PLACEMENT_3D('',#2434,#2435,#2436);
#2438=CIRCLE('',#2437,7.);
#2439=EDGE_CURVE('',#2433,#2425,#2438,.T.);
#2440=ORIENTED_EDGE('',*,*,#2439,.F.);
#2441=CARTESIAN_POINT('',(-88.500001804,4.,34.));
#2442=VERTEX_POINT('',#2441);
#2443=CARTESIAN_POINT('',(-88.500001804,4.,34.));
#2444=DIRECTION('',(0.000000451,-1.,-0.));
#2445=VECTOR('',#2444,3.999996844);
#2446=LINE('',#2443,#2445);
#2447=EDGE_CURVE('',#2442,#2433,#2446,.T.);
#2448=ORIENTED_EDGE('',*,*,#2447,.F.);
#2449=CARTESIAN_POINT('',(-80.,4.,34.));
#2450=VERTEX_POINT('',#2449);
#2451=CARTESIAN_POINT('',(-80.,4.,34.));
#2452=DIRECTION('',(-1.,-0.,0.));
#2453=VECTOR('',#2452,8.500001804);
#2454=LINE('',#2451,#2453);
#2455=EDGE_CURVE('',#2450,#2442,#2454,.T.);
#2456=ORIENTED_EDGE('',*,*,#2455,.F.);
#2457=CARTESIAN_POINT('',(-80.,8.,34.));
#2458=VERTEX_POINT('',#2457);
#2459=CARTESIAN_POINT('',(-80.,4.,34.));
#2460=DIRECTION('',(0.,1.,0.));
#2461=VECTOR('',#2460,4.);
#2462=LINE('',#2459,#2461);
#2463=EDGE_CURVE('',#2450,#2458,#2462,.T.);
#2464=ORIENTED_EDGE('',*,*,#2463,.T.);
#2465=CARTESIAN_POINT('',(-79.,8.,34.));
#2466=VERTEX_POINT('',#2465);
#2467=CARTESIAN_POINT('',(-80.,8.,34.));
#2468=DIRECTION('',(1.,0.,-0.));
#2469=VECTOR('',#2468,1.);
#2470=LINE('',#2467,#2469);
#2471=EDGE_CURVE('',#2458,#2466,#2470,.T.);
#2472=ORIENTED_EDGE('',*,*,#2471,.T.);
#2473=CARTESIAN_POINT('',(-79.,8.5,34.));
#2474=VERTEX_POINT('',#2473);
#2475=CARTESIAN_POINT('',(-79.,8.5,34.));
#2476=DIRECTION('',(0.,-1.,0.));
#2477=VECTOR('',#2476,0.5);
#2478=LINE('',#2475,#2477);
#2479=EDGE_CURVE('',#2474,#2466,#2478,.T.);
#2480=ORIENTED_EDGE('',*,*,#2479,.F.);
#2481=CARTESIAN_POINT('',(-78.,8.5,34.));
#2482=DIRECTION('',(-1.,0.,0.));
#2483=VECTOR('',#2482,1.);
#2484=LINE('',#2481,#2483);
#2485=EDGE_CURVE('',#162,#2474,#2484,.T.);
#2486=ORIENTED_EDGE('',*,*,#2485,.F.);
#2487=ORIENTED_EDGE('',*,*,#167,.T.);
#2488=CARTESIAN_POINT('',(-78.,1.5,34.));
#2489=DIRECTION('',(1.,0.,0.));
#2490=VECTOR('',#2489,42.);
#2491=LINE('',#2488,#2490);
#2492=EDGE_CURVE('',#154,#710,#2491,.T.);
#2493=ORIENTED_EDGE('',*,*,#2492,.T.);
#2494=ORIENTED_EDGE('',*,*,#715,.T.);
#2495=CARTESIAN_POINT('',(-35.,8.5,34.));
#2496=VERTEX_POINT('',#2495);
#2497=CARTESIAN_POINT('',(-36.,8.5,34.));
#2498=DIRECTION('',(1.,0.,-0.));
#2499=VECTOR('',#2498,1.);
#2500=LINE('',#2497,#2499);
#2501=EDGE_CURVE('',#702,#2496,#2500,.T.);
#2502=ORIENTED_EDGE('',*,*,#2501,.T.);
#2503=CARTESIAN_POINT('',(-35.,8.,34.));
#2504=VERTEX_POINT('',#2503);
#2505=CARTESIAN_POINT('',(-35.,8.,34.));
#2506=DIRECTION('',(0.,1.,0.));
#2507=VECTOR('',#2506,0.5);
#2508=LINE('',#2505,#2507);
#2509=EDGE_CURVE('',#2504,#2496,#2508,.T.);
#2510=ORIENTED_EDGE('',*,*,#2509,.F.);
#2511=CARTESIAN_POINT('',(90.,8.,34.));
#2512=VERTEX_POINT('',#2511);
#2513=CARTESIAN_POINT('',(-35.,8.,34.));
#2514=DIRECTION('',(1.,0.,0.));
#2515=VECTOR('',#2514,125.);
#2516=LINE('',#2513,#2515);
#2517=EDGE_CURVE('',#2504,#2512,#2516,.T.);
#2518=ORIENTED_EDGE('',*,*,#2517,.T.);
#2519=CARTESIAN_POINT('',(90.,8.5,34.));
#2520=VERTEX_POINT('',#2519);
#2521=CARTESIAN_POINT('',(90.,8.,34.));
#2522=DIRECTION('',(0.,1.,0.));
#2523=VECTOR('',#2522,0.5);
#2524=LINE('',#2521,#2523);
#2525=EDGE_CURVE('',#2512,#2520,#2524,.T.);
#2526=ORIENTED_EDGE('',*,*,#2525,.T.);
#2527=CARTESIAN_POINT('',(91.,8.5,34.));
#2528=DIRECTION('',(-1.,0.,0.));
#2529=VECTOR('',#2528,1.);
#2530=LINE('',#2527,#2529);
#2531=EDGE_CURVE('',#1177,#2520,#2530,.T.);
#2532=ORIENTED_EDGE('',*,*,#2531,.F.);
#2533=ORIENTED_EDGE('',*,*,#1182,.T.);
#2534=CARTESIAN_POINT('',(91.,7.,34.));
#2535=DIRECTION('',(1.,0.,-0.));
#2536=VECTOR('',#2535,26.5);
#2537=LINE('',#2534,#2536);
#2538=EDGE_CURVE('',#1169,#1075,#2537,.T.);
#2539=ORIENTED_EDGE('',*,*,#2538,.T.);
#2540=EDGE_LOOP('',(#2361,#2369,#2377,#2383,#2384,#2392,#2400,#2406,#2407,#2415,#2423,#2431,#2440,#2448,#2456,#2464,#2472,#2480,#2486,#2487,#2493,#2494,#2502,#2510,#2518,#2526,
#2532,#2533,#2539));
#2541=FACE_BOUND('',#2540,.T.);
#2542=ADVANCED_FACE('',(#2541),#2360,.F.);
#2543=CARTESIAN_POINT('',(88.25,17.,32.));
#2544=DIRECTION('',(1.,0.,0.));
#2545=DIRECTION('',(0.,0.,1.));
#2546=AXIS2_PLACEMENT_3D('',#2543,#2544,#2545);
#2547=PLANE('',#2546);
#2548=CARTESIAN_POINT('',(88.25,17.,43.75));
#2549=VERTEX_POINT('',#2548);
#2550=CARTESIAN_POINT('',(88.25,17.,43.75));
#2551=DIRECTION('',(0.,0.,-1.));
#2552=VECTOR('',#2551,6.75);
#2553=LINE('',#2550,#2552);
#2554=EDGE_CURVE('',#2549,#559,#2553,.T.);
#2555=ORIENTED_EDGE('',*,*,#2554,.F.);
#2556=CARTESIAN_POINT('',(88.25,16.,45.871320344));
#2557=VERTEX_POINT('',#2556);
#2558=CARTESIAN_POINT('',(88.25,14.25,43.75));
#2559=DIRECTION('',(-1.,-0.,-0.));
#2560=DIRECTION('',(0.,0.,-1.));
#2561=AXIS2_PLACEMENT_3D('',#2558,#2559,#2560);
#2562=CIRCLE('',#2561,2.75);
#2563=EDGE_CURVE('',#2557,#2549,#2562,.T.);
#2564=ORIENTED_EDGE('',*,*,#2563,.F.);
#2565=CARTESIAN_POINT('',(88.25,16.,32.));
#2566=VERTEX_POINT('',#2565);
#2567=CARTESIAN_POINT('',(88.25,16.,32.));
#2568=DIRECTION('',(-0.,-0.,1.));
#2569=VECTOR('',#2568,13.871320344);
#2570=LINE('',#2567,#2569);
#2571=EDGE_CURVE('',#2566,#2557,#2570,.T.);
#2572=ORIENTED_EDGE('',*,*,#2571,.F.);
#2573=CARTESIAN_POINT('',(88.25,17.,32.));
#2574=VERTEX_POINT('',#2573);
#2575=CARTESIAN_POINT('',(88.25,17.,32.));
#2576=DIRECTION('',(0.,-1.,0.));
#2577=VECTOR('',#2576,1.);
#2578=LINE('',#2575,#2577);
#2579=EDGE_CURVE('',#2574,#2566,#2578,.T.);
#2580=ORIENTED_EDGE('',*,*,#2579,.F.);
#2581=CARTESIAN_POINT('',(88.25,17.,37.));
#2582=DIRECTION('',(-0.,-0.,-1.));
#2583=VECTOR('',#2582,5.);
#2584=LINE('',#2581,#2583);
#2585=EDGE_CURVE('',#559,#2574,#2584,.T.);
#2586=ORIENTED_EDGE('',*,*,#2585,.F.);
#2587=EDGE_LOOP('',(#2555,#2564,#2572,#2580,#2586));
#2588=FACE_BOUND('',#2587,.T.);
#2589=ADVANCED_FACE('',(#2588),#2547,.T.);
#2590=CARTESIAN_POINT('',(80.25,17.,32.));
#2591=DIRECTION('',(0.,0.,-1.));
#2592=DIRECTION('',(1.,0.,0.));
#2593=AXIS2_PLACEMENT_3D('',#2590,#2591,#2592);
#2594=PLANE('',#2593);
#2595=CARTESIAN_POINT('',(80.25,17.,32.));
#2596=VERTEX_POINT('',#2595);
#2597=CARTESIAN_POINT('',(88.25,17.,32.));
#2598=DIRECTION('',(-1.,-0.,0.));
#2599=VECTOR('',#2598,8.);
#2600=LINE('',#2597,#2599);
#2601=EDGE_CURVE('',#2574,#2596,#2600,.T.);
#2602=ORIENTED_EDGE('',*,*,#2601,.F.);
#2603=ORIENTED_EDGE('',*,*,#2579,.T.);
#2604=CARTESIAN_POINT('',(80.25,16.,32.));
#2605=VERTEX_POINT('',#2604);
#2606=CARTESIAN_POINT('',(80.25,16.,32.));
#2607=DIRECTION('',(1.,0.,-0.));
#2608=VECTOR('',#2607,8.);
#2609=LINE('',#2606,#2608);
#2610=EDGE_CURVE('',#2605,#2566,#2609,.T.);
#2611=ORIENTED_EDGE('',*,*,#2610,.F.);
#2612=CARTESIAN_POINT('',(80.25,17.,32.));
#2613=DIRECTION('',(0.,-1.,0.));
#2614=VECTOR('',#2613,1.);
#2615=LINE('',#2612,#2614);
#2616=EDGE_CURVE('',#2596,#2605,#2615,.T.);
#2617=ORIENTED_EDGE('',*,*,#2616,.F.);
#2618=EDGE_LOOP('',(#2602,#2603,#2611,#2617));
#2619=FACE_BOUND('',#2618,.T.);
#2620=ADVANCED_FACE('',(#2619),#2594,.T.);
#2621=CARTESIAN_POINT('',(80.25,17.,36.));
#2622=DIRECTION('',(-1.,0.,0.));
#2623=DIRECTION('',(0.,0.,-1.));
#2624=AXIS2_PLACEMENT_3D('',#2621,#2622,#2623);
#2625=PLANE('',#2624);
#2626=CARTESIAN_POINT('',(80.25,17.,36.));
#2627=VERTEX_POINT('',#2626);
#2628=CARTESIAN_POINT('',(80.25,17.,32.));
#2629=DIRECTION('',(0.,0.,1.));
#2630=VECTOR('',#2629,4.);
#2631=LINE('',#2628,#2630);
#2632=EDGE_CURVE('',#2596,#2627,#2631,.T.);
#2633=ORIENTED_EDGE('',*,*,#2632,.F.);
#2634=ORIENTED_EDGE('',*,*,#2616,.T.);
#2635=CARTESIAN_POINT('',(80.25,16.,36.));
#2636=VERTEX_POINT('',#2635);
#2637=CARTESIAN_POINT('',(80.25,16.,36.));
#2638=DIRECTION('',(0.,0.,-1.));
#2639=VECTOR('',#2638,4.);
#2640=LINE('',#2637,#2639);
#2641=EDGE_CURVE('',#2636,#2605,#2640,.T.);
#2642=ORIENTED_EDGE('',*,*,#2641,.F.);
#2643=CARTESIAN_POINT('',(80.25,17.,36.));
#2644=DIRECTION('',(0.,-1.,0.));
#2645=VECTOR('',#2644,1.);
#2646=LINE('',#2643,#2645);
#2647=EDGE_CURVE('',#2627,#2636,#2646,.T.);
#2648=ORIENTED_EDGE('',*,*,#2647,.F.);
#2649=EDGE_LOOP('',(#2633,#2634,#2642,#2648));
#2650=FACE_BOUND('',#2649,.T.);
#2651=ADVANCED_FACE('',(#2650),#2625,.T.);
#2652=CARTESIAN_POINT('',(21.85,17.,36.));
#2653=DIRECTION('',(0.,0.,-1.));
#2654=DIRECTION('',(1.,0.,0.));
#2655=AXIS2_PLACEMENT_3D('',#2652,#2653,#2654);
#2656=PLANE('',#2655);
#2657=CARTESIAN_POINT('',(21.85,17.,36.));
#2658=VERTEX_POINT('',#2657);
#2659=CARTESIAN_POINT('',(80.25,17.,36.));
#2660=DIRECTION('',(-1.,-0.,0.));
#2661=VECTOR('',#2660,58.4);
#2662=LINE('',#2659,#2661);
#2663=EDGE_CURVE('',#2627,#2658,#2662,.T.);
#2664=ORIENTED_EDGE('',*,*,#2663,.F.);
#2665=ORIENTED_EDGE('',*,*,#2647,.T.);
#2666=CARTESIAN_POINT('',(21.85,16.,36.));
#2667=VERTEX_POINT('',#2666);
#2668=CARTESIAN_POINT('',(21.85,16.,36.));
#2669=DIRECTION('',(1.,0.,-0.));
#2670=VECTOR('',#2669,58.4);
#2671=LINE('',#2668,#2670);
#2672=EDGE_CURVE('',#2667,#2636,#2671,.T.);
#2673=ORIENTED_EDGE('',*,*,#2672,.F.);
#2674=CARTESIAN_POINT('',(21.85,17.,36.));
#2675=DIRECTION('',(0.,-1.,0.));
#2676=VECTOR('',#2675,1.);
#2677=LINE('',#2674,#2676);
#2678=EDGE_CURVE('',#2658,#2667,#2677,.T.);
#2679=ORIENTED_EDGE('',*,*,#2678,.F.);
#2680=EDGE_LOOP('',(#2664,#2665,#2673,#2679));
#2681=FACE_BOUND('',#2680,.T.);
#2682=ADVANCED_FACE('',(#2681),#2656,.T.);
#2683=CARTESIAN_POINT('',(21.85,17.,32.));
#2684=DIRECTION('',(1.,0.,0.));
#2685=DIRECTION('',(0.,0.,1.));
#2686=AXIS2_PLACEMENT_3D('',#2683,#2684,#2685);
#2687=PLANE('',#2686);
#2688=CARTESIAN_POINT('',(21.85,17.,32.));
#2689=VERTEX_POINT('',#2688);
#2690=CARTESIAN_POINT('',(21.85,17.,36.));
#2691=DIRECTION('',(-0.,-0.,-1.));
#2692=VECTOR('',#2691,4.);
#2693=LINE('',#2690,#2692);
#2694=EDGE_CURVE('',#2658,#2689,#2693,.T.);
#2695=ORIENTED_EDGE('',*,*,#2694,.F.);
#2696=ORIENTED_EDGE('',*,*,#2678,.T.);
#2697=CARTESIAN_POINT('',(21.85,16.,32.));
#2698=VERTEX_POINT('',#2697);
#2699=CARTESIAN_POINT('',(21.85,16.,32.));
#2700=DIRECTION('',(-0.,-0.,1.));
#2701=VECTOR('',#2700,4.);
#2702=LINE('',#2699,#2701);
#2703=EDGE_CURVE('',#2698,#2667,#2702,.T.);
#2704=ORIENTED_EDGE('',*,*,#2703,.F.);
#2705=CARTESIAN_POINT('',(21.85,17.,32.));
#2706=DIRECTION('',(0.,-1.,0.));
#2707=VECTOR('',#2706,1.);
#2708=LINE('',#2705,#2707);
#2709=EDGE_CURVE('',#2689,#2698,#2708,.T.);
#2710=ORIENTED_EDGE('',*,*,#2709,.F.);
#2711=EDGE_LOOP('',(#2695,#2696,#2704,#2710));
#2712=FACE_BOUND('',#2711,.T.);
#2713=ADVANCED_FACE('',(#2712),#2687,.T.);
#2714=CARTESIAN_POINT('',(13.85,17.,32.));
#2715=DIRECTION('',(0.,0.,-1.));
#2716=DIRECTION('',(1.,0.,0.));
#2717=AXIS2_PLACEMENT_3D('',#2714,#2715,#2716);
#2718=PLANE('',#2717);
#2719=CARTESIAN_POINT('',(13.85,17.,32.));
#2720=VERTEX_POINT('',#2719);
#2721=CARTESIAN_POINT('',(21.85,17.,32.));
#2722=DIRECTION('',(-1.,-0.,0.));
#2723=VECTOR('',#2722,8.);
#2724=LINE('',#2721,#2723);
#2725=EDGE_CURVE('',#2689,#2720,#2724,.T.);
#2726=ORIENTED_EDGE('',*,*,#2725,.F.);
#2727=ORIENTED_EDGE('',*,*,#2709,.T.);
#2728=CARTESIAN_POINT('',(13.85,16.,32.));
#2729=VERTEX_POINT('',#2728);
#2730=CARTESIAN_POINT('',(13.85,16.,32.));
#2731=DIRECTION('',(1.,0.,-0.));
#2732=VECTOR('',#2731,8.);
#2733=LINE('',#2730,#2732);
#2734=EDGE_CURVE('',#2729,#2698,#2733,.T.);
#2735=ORIENTED_EDGE('',*,*,#2734,.F.);
#2736=CARTESIAN_POINT('',(13.85,17.,32.));
#2737=DIRECTION('',(0.,-1.,0.));
#2738=VECTOR('',#2737,1.);
#2739=LINE('',#2736,#2738);
#2740=EDGE_CURVE('',#2720,#2729,#2739,.T.);
#2741=ORIENTED_EDGE('',*,*,#2740,.F.);
#2742=EDGE_LOOP('',(#2726,#2727,#2735,#2741));
#2743=FACE_BOUND('',#2742,.T.);
#2744=ADVANCED_FACE('',(#2743),#2718,.T.);
#2745=CARTESIAN_POINT('',(13.85,17.,36.));
#2746=DIRECTION('',(-1.,0.,0.));
#2747=DIRECTION('',(0.,0.,-1.));
#2748=AXIS2_PLACEMENT_3D('',#2745,#2746,#2747);
#2749=PLANE('',#2748);
#2750=CARTESIAN_POINT('',(13.85,17.,36.));
#2751=VERTEX_POINT('',#2750);
#2752=CARTESIAN_POINT('',(13.85,17.,32.));
#2753=DIRECTION('',(0.,0.,1.));
#2754=VECTOR('',#2753,4.);
#2755=LINE('',#2752,#2754);
#2756=EDGE_CURVE('',#2720,#2751,#2755,.T.);
#2757=ORIENTED_EDGE('',*,*,#2756,.F.);
#2758=ORIENTED_EDGE('',*,*,#2740,.T.);
#2759=CARTESIAN_POINT('',(13.85,16.,36.));
#2760=VERTEX_POINT('',#2759);
#2761=CARTESIAN_POINT('',(13.85,16.,36.));
#2762=DIRECTION('',(0.,0.,-1.));
#2763=VECTOR('',#2762,4.);
#2764=LINE('',#2761,#2763);
#2765=EDGE_CURVE('',#2760,#2729,#2764,.T.);
#2766=ORIENTED_EDGE('',*,*,#2765,.F.);
#2767=CARTESIAN_POINT('',(13.85,17.,36.));
#2768=DIRECTION('',(0.,-1.,0.));
#2769=VECTOR('',#2768,1.);
#2770=LINE('',#2767,#2769);
#2771=EDGE_CURVE('',#2751,#2760,#2770,.T.);
#2772=ORIENTED_EDGE('',*,*,#2771,.F.);
#2773=EDGE_LOOP('',(#2757,#2758,#2766,#2772));
#2774=FACE_BOUND('',#2773,.T.);
#2775=ADVANCED_FACE('',(#2774),#2749,.T.);
#2776=CARTESIAN_POINT('',(8.85,17.,36.));
#2777=DIRECTION('',(-0.,0.,-1.));
#2778=DIRECTION('',(1.,0.,-0.));
#2779=AXIS2_PLACEMENT_3D('',#2776,#2777,#2778);
#2780=PLANE('',#2779);
#2781=CARTESIAN_POINT('',(8.85,17.,36.));
#2782=VERTEX_POINT('',#2781);
#2783=CARTESIAN_POINT('',(13.85,17.,36.));
#2784=DIRECTION('',(-1.,-0.,0.));
#2785=VECTOR('',#2784,5.);
#2786=LINE('',#2783,#2785);
#2787=EDGE_CURVE('',#2751,#2782,#2786,.T.);
#2788=ORIENTED_EDGE('',*,*,#2787,.F.);
#2789=ORIENTED_EDGE('',*,*,#2771,.T.);
#2790=CARTESIAN_POINT('',(8.85,16.,36.));
#2791=VERTEX_POINT('',#2790);
#2792=CARTESIAN_POINT('',(8.85,16.,36.));
#2793=DIRECTION('',(1.,0.,-0.));
#2794=VECTOR('',#2793,5.);
#2795=LINE('',#2792,#2794);
#2796=EDGE_CURVE('',#2791,#2760,#2795,.T.);
#2797=ORIENTED_EDGE('',*,*,#2796,.F.);
#2798=CARTESIAN_POINT('',(8.85,17.,36.));
#2799=DIRECTION('',(0.,-1.,0.));
#2800=VECTOR('',#2799,1.);
#2801=LINE('',#2798,#2800);
#2802=EDGE_CURVE('',#2782,#2791,#2801,.T.);
#2803=ORIENTED_EDGE('',*,*,#2802,.F.);
#2804=EDGE_LOOP('',(#2788,#2789,#2797,#2803));
#2805=FACE_BOUND('',#2804,.T.);
#2806=ADVANCED_FACE('',(#2805),#2780,.T.);
#2807=CARTESIAN_POINT('',(8.85,17.,43.75));
#2808=DIRECTION('',(-1.,0.,0.));
#2809=DIRECTION('',(0.,0.,-1.));
#2810=AXIS2_PLACEMENT_3D('',#2807,#2808,#2809);
#2811=PLANE('',#2810);
#2812=CARTESIAN_POINT('',(8.85,17.,36.));
#2813=DIRECTION('',(0.,0.,1.));
#2814=VECTOR('',#2813,1.);
#2815=LINE('',#2812,#2814);
#2816=EDGE_CURVE('',#2782,#567,#2815,.T.);
#2817=ORIENTED_EDGE('',*,*,#2816,.F.);
#2818=ORIENTED_EDGE('',*,*,#2802,.T.);
#2819=CARTESIAN_POINT('',(8.85,16.,45.871320344));
#2820=VERTEX_POINT('',#2819);
#2821=CARTESIAN_POINT('',(8.85,16.,45.871320344));
#2822=DIRECTION('',(0.,0.,-1.));
#2823=VECTOR('',#2822,9.871320344);
#2824=LINE('',#2821,#2823);
#2825=EDGE_CURVE('',#2820,#2791,#2824,.T.);
#2826=ORIENTED_EDGE('',*,*,#2825,.F.);
#2827=CARTESIAN_POINT('',(8.85,17.,43.75));
#2828=VERTEX_POINT('',#2827);
#2829=CARTESIAN_POINT('',(8.85,14.25,43.75));
#2830=DIRECTION('',(1.,0.,0.));
#2831=DIRECTION('',(0.,0.,-1.));
#2832=AXIS2_PLACEMENT_3D('',#2829,#2830,#2831);
#2833=CIRCLE('',#2832,2.75);
#2834=EDGE_CURVE('',#2828,#2820,#2833,.T.);
#2835=ORIENTED_EDGE('',*,*,#2834,.F.);
#2836=CARTESIAN_POINT('',(8.85,17.,37.));
#2837=DIRECTION('',(-0.,-0.,1.));
#2838=VECTOR('',#2837,6.75);
#2839=LINE('',#2836,#2838);
#2840=EDGE_CURVE('',#567,#2828,#2839,.T.);
#2841=ORIENTED_EDGE('',*,*,#2840,.F.);
#2842=EDGE_LOOP('',(#2817,#2818,#2826,#2835,#2841));
#2843=FACE_BOUND('',#2842,.T.);
#2844=ADVANCED_FACE('',(#2843),#2811,.T.);
#2845=CARTESIAN_POINT('',(48.55,16.,37.875));
#2846=DIRECTION('',(0.,-1.,0.));
#2847=DIRECTION('',(0.,0.,-1.));
#2848=AXIS2_PLACEMENT_3D('',#2845,#2846,#2847);
#2849=PLANE('',#2848);
#2850=ORIENTED_EDGE('',*,*,#2825,.T.);
#2851=ORIENTED_EDGE('',*,*,#2796,.T.);
#2852=ORIENTED_EDGE('',*,*,#2765,.T.);
#2853=ORIENTED_EDGE('',*,*,#2734,.T.);
#2854=ORIENTED_EDGE('',*,*,#2703,.T.);
#2855=ORIENTED_EDGE('',*,*,#2672,.T.);
#2856=ORIENTED_EDGE('',*,*,#2641,.T.);
#2857=ORIENTED_EDGE('',*,*,#2610,.T.);
#2858=ORIENTED_EDGE('',*,*,#2571,.T.);
#2859=CARTESIAN_POINT('',(8.85,16.,45.871320344));
#2860=DIRECTION('',(1.,0.,-0.));
#2861=VECTOR('',#2860,79.4);
#2862=LINE('',#2859,#2861);
#2863=EDGE_CURVE('',#2820,#2557,#2862,.T.);
#2864=ORIENTED_EDGE('',*,*,#2863,.F.);
#2865=EDGE_LOOP('',(#2850,#2851,#2852,#2853,#2854,#2855,#2856,#2857,#2858,#2864));
#2866=FACE_BOUND('',#2865,.T.);
#2867=ADVANCED_FACE('',(#2866),#2849,.T.);
#2868=CARTESIAN_POINT('',(48.55,17.,37.875));
#2869=DIRECTION('',(0.,-1.,0.));
#2870=DIRECTION('',(1.,0.,0.));
#2871=AXIS2_PLACEMENT_3D('',#2868,#2869,#2870);
#2872=PLANE('',#2871);
#2873=ORIENTED_EDGE('',*,*,#572,.T.);
#2874=ORIENTED_EDGE('',*,*,#2585,.T.);
#2875=ORIENTED_EDGE('',*,*,#2601,.T.);
#2876=ORIENTED_EDGE('',*,*,#2632,.T.);
#2877=ORIENTED_EDGE('',*,*,#2663,.T.);
#2878=ORIENTED_EDGE('',*,*,#2694,.T.);
#2879=ORIENTED_EDGE('',*,*,#2725,.T.);
#2880=ORIENTED_EDGE('',*,*,#2756,.T.);
#2881=ORIENTED_EDGE('',*,*,#2787,.T.);
#2882=ORIENTED_EDGE('',*,*,#2816,.T.);
#2883=EDGE_LOOP('',(#2873,#2874,#2875,#2876,#2877,#2878,#2879,#2880,#2881,#2882));
#2884=FACE_BOUND('',#2883,.T.);
#2885=ORIENTED_EDGE('',*,*,#480,.T.);
#2886=ORIENTED_EDGE('',*,*,#456,.T.);
#2887=ORIENTED_EDGE('',*,*,#426,.T.);
#2888=ORIENTED_EDGE('',*,*,#395,.T.);
#2889=EDGE_LOOP('',(#2885,#2886,#2887,#2888));
#2890=FACE_BOUND('',#2889,.T.);
#2891=CARTESIAN_POINT('',(87.25,17.,33.9));
#2892=VERTEX_POINT('',#2891);
#2893=CARTESIAN_POINT('',(81.25,17.,33.9));
#2894=VERTEX_POINT('',#2893);
#2895=CARTESIAN_POINT('',(87.25,17.,33.9));
#2896=DIRECTION('',(-1.,-0.,0.));
#2897=VECTOR('',#2896,6.);
#2898=LINE('',#2895,#2897);
#2899=EDGE_CURVE('',#2892,#2894,#2898,.T.);
#2900=ORIENTED_EDGE('',*,*,#2899,.T.);
#2901=CARTESIAN_POINT('',(81.25,17.,32.9));
#2902=VERTEX_POINT('',#2901);
#2903=CARTESIAN_POINT('',(81.25,17.,33.9));
#2904=DIRECTION('',(-0.,-0.,-1.));
#2905=VECTOR('',#2904,1.);
#2906=LINE('',#2903,#2905);
#2907=EDGE_CURVE('',#2894,#2902,#2906,.T.);
#2908=ORIENTED_EDGE('',*,*,#2907,.T.);
#2909=CARTESIAN_POINT('',(87.25,17.,32.9));
#2910=VERTEX_POINT('',#2909);
#2911=CARTESIAN_POINT('',(81.25,17.,32.9));
#2912=DIRECTION('',(1.,0.,-0.));
#2913=VECTOR('',#2912,6.);
#2914=LINE('',#2911,#2913);
#2915=EDGE_CURVE('',#2902,#2910,#2914,.T.);
#2916=ORIENTED_EDGE('',*,*,#2915,.T.);
#2917=CARTESIAN_POINT('',(87.25,17.,32.9));
#2918=DIRECTION('',(0.,0.,1.));
#2919=VECTOR('',#2918,1.);
#2920=LINE('',#2917,#2919);
#2921=EDGE_CURVE('',#2910,#2892,#2920,.T.);
#2922=ORIENTED_EDGE('',*,*,#2921,.T.);
#2923=EDGE_LOOP('',(#2900,#2908,#2916,#2922));
#2924=FACE_BOUND('',#2923,.T.);
#2925=ADVANCED_FACE('',(#2884,#2890,#2924),#2872,.F.);
#2926=CARTESIAN_POINT('',(44.25,10.164213562,44.335786438));
#2927=DIRECTION('',(0.,0.707106781,-0.707106781));
#2928=DIRECTION('',(-1.,0.,0.));
#2929=AXIS2_PLACEMENT_3D('',#2926,#2927,#2928);
#2930=PLANE('',#2929);
#2931=ORIENTED_EDGE('',*,*,#2071,.F.);
#2932=CARTESIAN_POINT('',(69.,12.285533906,46.457106781));
#2933=VERTEX_POINT('',#2932);
#2934=CARTESIAN_POINT('',(69.,12.285533906,46.457106781));
#2935=DIRECTION('',(0.,-0.707106781,-0.707106781));
#2936=VECTOR('',#2935,6.);
#2937=LINE('',#2934,#2936);
#2938=EDGE_CURVE('',#2933,#2058,#2937,.T.);
#2939=ORIENTED_EDGE('',*,*,#2938,.F.);
#2940=CARTESIAN_POINT('',(67.,12.285533906,46.457106781));
#2941=DIRECTION('',(1.,0.,-0.));
#2942=VECTOR('',#2941,2.);
#2943=LINE('',#2940,#2942);
#2944=EDGE_CURVE('',#2331,#2933,#2943,.T.);
#2945=ORIENTED_EDGE('',*,*,#2944,.F.);
#2946=ORIENTED_EDGE('',*,*,#2336,.F.);
#2947=EDGE_LOOP('',(#2931,#2939,#2945,#2946));
#2948=FACE_BOUND('',#2947,.T.);
#2949=ADVANCED_FACE('',(#2948),#2930,.F.);
#2950=CARTESIAN_POINT('',(44.25,10.164213562,44.335786438));
#2951=DIRECTION('',(0.,0.707106781,-0.707106781));
#2952=DIRECTION('',(-1.,0.,0.));
#2953=AXIS2_PLACEMENT_3D('',#2950,#2951,#2952);
#2954=PLANE('',#2953);
#2955=ORIENTED_EDGE('',*,*,#2282,.F.);
#2956=ORIENTED_EDGE('',*,*,#2103,.F.);
#2957=ORIENTED_EDGE('',*,*,#2313,.F.);
#2958=CARTESIAN_POINT('',(59.,12.285533906,46.457106781));
#2959=DIRECTION('',(1.,0.,-0.));
#2960=VECTOR('',#2959,5.);
#2961=LINE('',#2958,#2960);
#2962=EDGE_CURVE('',#2277,#2302,#2961,.T.);
#2963=ORIENTED_EDGE('',*,*,#2962,.F.);
#2964=EDGE_LOOP('',(#2955,#2956,#2957,#2963));
#2965=FACE_BOUND('',#2964,.T.);
#2966=ADVANCED_FACE('',(#2965),#2954,.F.);
#2967=CARTESIAN_POINT('',(44.25,10.164213562,44.335786438));
#2968=DIRECTION('',(0.,0.707106781,-0.707106781));
#2969=DIRECTION('',(-1.,0.,0.));
#2970=AXIS2_PLACEMENT_3D('',#2967,#2968,#2969);
#2971=PLANE('',#2970);
#2972=ORIENTED_EDGE('',*,*,#2220,.F.);
#2973=ORIENTED_EDGE('',*,*,#2135,.F.);
#2974=ORIENTED_EDGE('',*,*,#2251,.F.);
#2975=CARTESIAN_POINT('',(51.,12.285533906,46.457106781));
#2976=DIRECTION('',(1.,0.,-0.));
#2977=VECTOR('',#2976,5.);
#2978=LINE('',#2975,#2977);
#2979=EDGE_CURVE('',#2215,#2240,#2978,.T.);
#2980=ORIENTED_EDGE('',*,*,#2979,.F.);
#2981=EDGE_LOOP('',(#2972,#2973,#2974,#2980));
#2982=FACE_BOUND('',#2981,.T.);
#2983=ADVANCED_FACE('',(#2982),#2971,.F.);
#2984=CARTESIAN_POINT('',(44.25,10.164213562,44.335786438));
#2985=DIRECTION('',(0.,0.707106781,-0.707106781));
#2986=DIRECTION('',(-1.,0.,0.));
#2987=AXIS2_PLACEMENT_3D('',#2984,#2985,#2986);
#2988=PLANE('',#2987);
#2989=CARTESIAN_POINT('',(43.,12.285533906,46.457106781));
#2990=VERTEX_POINT('',#2989);
#2991=CARTESIAN_POINT('',(43.,8.042893219,42.214466094));
#2992=DIRECTION('',(0.,0.707106781,0.707106781));
#2993=VECTOR('',#2992,6.);
#2994=LINE('',#2991,#2993);
#2995=EDGE_CURVE('',#1946,#2990,#2994,.T.);
#2996=ORIENTED_EDGE('',*,*,#2995,.F.);
#2997=ORIENTED_EDGE('',*,*,#2165,.F.);
#2998=ORIENTED_EDGE('',*,*,#2189,.F.);
#2999=CARTESIAN_POINT('',(43.,12.285533906,46.457106781));
#3000=DIRECTION('',(1.,0.,-0.));
#3001=VECTOR('',#3000,5.);
#3002=LINE('',#2999,#3001);
#3003=EDGE_CURVE('',#2990,#2178,#3002,.T.);
#3004=ORIENTED_EDGE('',*,*,#3003,.F.);
#3005=EDGE_LOOP('',(#2996,#2997,#2998,#3004));
#3006=FACE_BOUND('',#3005,.T.);
#3007=ADVANCED_FACE('',(#3006),#2988,.F.);
#3008=CARTESIAN_POINT('',(44.25,10.164213562,44.335786438));
#3009=DIRECTION('',(0.,0.707106781,-0.707106781));
#3010=DIRECTION('',(-1.,0.,0.));
#3011=AXIS2_PLACEMENT_3D('',#3008,#3009,#3010);
#3012=PLANE('',#3011);
#3013=CARTESIAN_POINT('',(35.,12.285533906,46.457106781));
#3014=VERTEX_POINT('',#3013);
#3015=CARTESIAN_POINT('',(35.,8.042893219,42.214466094));
#3016=DIRECTION('',(0.,0.707106781,0.707106781));
#3017=VECTOR('',#3016,6.);
#3018=LINE('',#3015,#3017);
#3019=EDGE_CURVE('',#1970,#3014,#3018,.T.);
#3020=ORIENTED_EDGE('',*,*,#3019,.F.);
#3021=ORIENTED_EDGE('',*,*,#1975,.F.);
#3022=CARTESIAN_POINT('',(40.,12.285533906,46.457106781));
#3023=VERTEX_POINT('',#3022);
#3024=CARTESIAN_POINT('',(40.,12.285533906,46.457106781));
#3025=DIRECTION('',(0.,-0.707106781,-0.707106781));
#3026=VECTOR('',#3025,6.);
#3027=LINE('',#3024,#3026);
#3028=EDGE_CURVE('',#3023,#1962,#3027,.T.);
#3029=ORIENTED_EDGE('',*,*,#3028,.F.);
#3030=CARTESIAN_POINT('',(35.,12.285533906,46.457106781));
#3031=DIRECTION('',(1.,0.,-0.));
#3032=VECTOR('',#3031,5.);
#3033=LINE('',#3030,#3032);
#3034=EDGE_CURVE('',#3014,#3023,#3033,.T.);
#3035=ORIENTED_EDGE('',*,*,#3034,.F.);
#3036=EDGE_LOOP('',(#3020,#3021,#3029,#3035));
#3037=FACE_BOUND('',#3036,.T.);
#3038=ADVANCED_FACE('',(#3037),#3012,.F.);
#3039=CARTESIAN_POINT('',(44.25,10.164213562,44.335786438));
#3040=DIRECTION('',(0.,0.707106781,-0.707106781));
#3041=DIRECTION('',(-1.,0.,0.));
#3042=AXIS2_PLACEMENT_3D('',#3039,#3040,#3041);
#3043=PLANE('',#3042);
#3044=CARTESIAN_POINT('',(27.,12.285533906,46.457106781));
#3045=VERTEX_POINT('',#3044);
#3046=CARTESIAN_POINT('',(27.,8.042893219,42.214466094));
#3047=DIRECTION('',(0.,0.707106781,0.707106781));
#3048=VECTOR('',#3047,6.);
#3049=LINE('',#3046,#3048);
#3050=EDGE_CURVE('',#2002,#3045,#3049,.T.);
#3051=ORIENTED_EDGE('',*,*,#3050,.F.);
#3052=ORIENTED_EDGE('',*,*,#2007,.F.);
#3053=CARTESIAN_POINT('',(32.,12.285533906,46.457106781));
#3054=VERTEX_POINT('',#3053);
#3055=CARTESIAN_POINT('',(32.,12.285533906,46.457106781));
#3056=DIRECTION('',(0.,-0.707106781,-0.707106781));
#3057=VECTOR('',#3056,6.);
#3058=LINE('',#3055,#3057);
#3059=EDGE_CURVE('',#3054,#1994,#3058,.T.);
#3060=ORIENTED_EDGE('',*,*,#3059,.F.);
#3061=CARTESIAN_POINT('',(27.,12.285533906,46.457106781));
#3062=DIRECTION('',(1.,0.,-0.));
#3063=VECTOR('',#3062,5.);
#3064=LINE('',#3061,#3063);
#3065=EDGE_CURVE('',#3045,#3054,#3064,.T.);
#3066=ORIENTED_EDGE('',*,*,#3065,.F.);
#3067=EDGE_LOOP('',(#3051,#3052,#3060,#3066));
#3068=FACE_BOUND('',#3067,.T.);
#3069=ADVANCED_FACE('',(#3068),#3043,.F.);
#3070=CARTESIAN_POINT('',(69.,10.871320344,47.871320344));
#3071=DIRECTION('',(1.,0.,0.));
#3072=DIRECTION('',(0.,-0.707106781,-0.707106781));
#3073=AXIS2_PLACEMENT_3D('',#3070,#3071,#3072);
#3074=PLANE('',#3073);
#3075=ORIENTED_EDGE('',*,*,#2938,.T.);
#3076=ORIENTED_EDGE('',*,*,#2063,.F.);
#3077=CARTESIAN_POINT('',(69.,6.,43.));
#3078=VERTEX_POINT('',#3077);
#3079=CARTESIAN_POINT('',(69.,6.,43.));
#3080=DIRECTION('',(0.,0.,-1.));
#3081=VECTOR('',#3080,0.785533906);
#3082=LINE('',#3079,#3081);
#3083=EDGE_CURVE('',#3078,#2050,#3082,.T.);
#3084=ORIENTED_EDGE('',*,*,#3083,.F.);
#3085=CARTESIAN_POINT('',(69.,10.5,47.5));
#3086=VERTEX_POINT('',#3085);
#3087=CARTESIAN_POINT('',(69.,10.5,47.5));
#3088=DIRECTION('',(-0.,-0.707106781,-0.707106781));
#3089=VECTOR('',#3088,6.363961031);
#3090=LINE('',#3087,#3089);
#3091=EDGE_CURVE('',#3086,#3078,#3090,.T.);
#3092=ORIENTED_EDGE('',*,*,#3091,.F.);
#3093=CARTESIAN_POINT('',(69.,11.242640687,47.5));
#3094=VERTEX_POINT('',#3093);
#3095=CARTESIAN_POINT('',(69.,11.242640687,47.5));
#3096=DIRECTION('',(-0.,-1.,-0.));
#3097=VECTOR('',#3096,0.742640687);
#3098=LINE('',#3095,#3097);
#3099=EDGE_CURVE('',#3094,#3086,#3098,.T.);
#3100=ORIENTED_EDGE('',*,*,#3099,.F.);
#3101=CARTESIAN_POINT('',(69.,11.242640687,47.5));
#3102=DIRECTION('',(0.,0.707106781,-0.707106781));
#3103=VECTOR('',#3102,1.474873734);
#3104=LINE('',#3101,#3103);
#3105=EDGE_CURVE('',#3094,#2933,#3104,.T.);
#3106=ORIENTED_EDGE('',*,*,#3105,.T.);
#3107=EDGE_LOOP('',(#3075,#3076,#3084,#3092,#3100,#3106));
#3108=FACE_BOUND('',#3107,.T.);
#3109=ADVANCED_FACE('',(#3108),#3074,.F.);
#3110=CARTESIAN_POINT('',(21.5,6.628679656,43.628679656));
#3111=DIRECTION('',(-1.,0.,0.));
#3112=DIRECTION('',(0.,0.707106781,0.707106781));
#3113=AXIS2_PLACEMENT_3D('',#3110,#3111,#3112);
#3114=PLANE('',#3113);
#3115=CARTESIAN_POINT('',(21.5,6.,43.));
#3116=VERTEX_POINT('',#3115);
#3117=CARTESIAN_POINT('',(21.5,6.,42.214466094));
#3118=DIRECTION('',(0.,0.,1.));
#3119=VECTOR('',#3118,0.785533906);
#3120=LINE('',#3117,#3119);
#3121=EDGE_CURVE('',#2042,#3116,#3120,.T.);
#3122=ORIENTED_EDGE('',*,*,#3121,.F.);
#3123=ORIENTED_EDGE('',*,*,#2047,.F.);
#3124=CARTESIAN_POINT('',(21.5,12.285533906,46.457106781));
#3125=VERTEX_POINT('',#3124);
#3126=CARTESIAN_POINT('',(21.5,8.042893219,42.214466094));
#3127=DIRECTION('',(0.,0.707106781,0.707106781));
#3128=VECTOR('',#3127,6.);
#3129=LINE('',#3126,#3128);
#3130=EDGE_CURVE('',#2034,#3125,#3129,.T.);
#3131=ORIENTED_EDGE('',*,*,#3130,.T.);
#3132=CARTESIAN_POINT('',(21.5,11.242640687,47.5));
#3133=VERTEX_POINT('',#3132);
#3134=CARTESIAN_POINT('',(21.5,11.242640687,47.5));
#3135=DIRECTION('',(0.,0.707106781,-0.707106781));
#3136=VECTOR('',#3135,1.474873734);
#3137=LINE('',#3134,#3136);
#3138=EDGE_CURVE('',#3133,#3125,#3137,.T.);
#3139=ORIENTED_EDGE('',*,*,#3138,.F.);
#3140=CARTESIAN_POINT('',(21.5,10.5,47.5));
#3141=VERTEX_POINT('',#3140);
#3142=CARTESIAN_POINT('',(21.5,10.5,47.5));
#3143=DIRECTION('',(0.,1.,0.));
#3144=VECTOR('',#3143,0.742640687);
#3145=LINE('',#3142,#3144);
#3146=EDGE_CURVE('',#3141,#3133,#3145,.T.);
#3147=ORIENTED_EDGE('',*,*,#3146,.F.);
#3148=CARTESIAN_POINT('',(21.5,6.,43.));
#3149=DIRECTION('',(0.,0.707106781,0.707106781));
#3150=VECTOR('',#3149,6.363961031);
#3151=LINE('',#3148,#3150);
#3152=EDGE_CURVE('',#3116,#3141,#3151,.T.);
#3153=ORIENTED_EDGE('',*,*,#3152,.F.);
#3154=EDGE_LOOP('',(#3122,#3123,#3131,#3139,#3147,#3153));
#3155=FACE_BOUND('',#3154,.T.);
#3156=ADVANCED_FACE('',(#3155),#3114,.F.);
#3157=CARTESIAN_POINT('',(44.25,10.164213562,44.335786438));
#3158=DIRECTION('',(0.,0.707106781,-0.707106781));
#3159=DIRECTION('',(-1.,0.,0.));
#3160=AXIS2_PLACEMENT_3D('',#3157,#3158,#3159);
#3161=PLANE('',#3160);
#3162=ORIENTED_EDGE('',*,*,#2039,.F.);
#3163=CARTESIAN_POINT('',(24.,12.285533906,46.457106781));
#3164=VERTEX_POINT('',#3163);
#3165=CARTESIAN_POINT('',(24.,12.285533906,46.457106781));
#3166=DIRECTION('',(0.,-0.707106781,-0.707106781));
#3167=VECTOR('',#3166,6.);
#3168=LINE('',#3165,#3167);
#3169=EDGE_CURVE('',#3164,#2026,#3168,.T.);
#3170=ORIENTED_EDGE('',*,*,#3169,.F.);
#3171=CARTESIAN_POINT('',(21.5,12.285533906,46.457106781));
#3172=DIRECTION('',(1.,0.,-0.));
#3173=VECTOR('',#3172,2.5);
#3174=LINE('',#3171,#3173);
#3175=EDGE_CURVE('',#3125,#3164,#3174,.T.);
#3176=ORIENTED_EDGE('',*,*,#3175,.F.);
#3177=ORIENTED_EDGE('',*,*,#3130,.F.);
#3178=EDGE_LOOP('',(#3162,#3170,#3176,#3177));
#3179=FACE_BOUND('',#3178,.T.);
#3180=ADVANCED_FACE('',(#3179),#3161,.F.);
#3181=CARTESIAN_POINT('',(-100.,7.,44.));
#3182=DIRECTION('',(0.,-0.707106781,0.707106781));
#3183=DIRECTION('',(1.,0.,0.));
#3184=AXIS2_PLACEMENT_3D('',#3181,#3182,#3183);
#3185=PLANE('',#3184);
#3186=ORIENTED_EDGE('',*,*,#3152,.T.);
#3187=CARTESIAN_POINT('',(-36.,10.5,47.5));
#3188=DIRECTION('',(1.,0.,-0.));
#3189=VECTOR('',#3188,57.5);
#3190=LINE('',#3187,#3189);
#3191=EDGE_CURVE('',#742,#3141,#3190,.T.);
#3192=ORIENTED_EDGE('',*,*,#3191,.F.);
#3193=ORIENTED_EDGE('',*,*,#747,.F.);
#3194=CARTESIAN_POINT('',(-36.,6.,43.));
#3195=DIRECTION('',(1.,0.,-0.));
#3196=VECTOR('',#3195,57.5);
#3197=LINE('',#3194,#3196);
#3198=EDGE_CURVE('',#734,#3116,#3197,.T.);
#3199=ORIENTED_EDGE('',*,*,#3198,.T.);
#3200=EDGE_LOOP('',(#3186,#3192,#3193,#3199));
#3201=FACE_BOUND('',#3200,.T.);
#3202=ADVANCED_FACE('',(#3201),#3185,.T.);
#3203=CARTESIAN_POINT('',(27.,7.052943725,42.638730163));
#3204=DIRECTION('',(-1.,0.,0.));
#3205=DIRECTION('',(0.,0.707106781,0.707106781));
#3206=AXIS2_PLACEMENT_3D('',#3203,#3204,#3205);
#3207=PLANE('',#3206);
#3208=ORIENTED_EDGE('',*,*,#1778,.F.);
#3209=CARTESIAN_POINT('',(27.,8.,42.214466094));
#3210=DIRECTION('',(0.,0.,-1.));
#3211=VECTOR('',#3210,1.457106781);
#3212=LINE('',#3209,#3211);
#3213=EDGE_CURVE('',#2010,#1767,#3212,.T.);
#3214=ORIENTED_EDGE('',*,*,#3213,.F.);
#3215=ORIENTED_EDGE('',*,*,#2015,.T.);
#3216=ORIENTED_EDGE('',*,*,#3050,.T.);
#3217=CARTESIAN_POINT('',(27.,12.285533906,46.457106781));
#3218=DIRECTION('',(-0.,-0.707106781,0.707106781));
#3219=VECTOR('',#3218,0.060660172);
#3220=LINE('',#3217,#3219);
#3221=EDGE_CURVE('',#3045,#1465,#3220,.T.);
#3222=ORIENTED_EDGE('',*,*,#3221,.T.);
#3223=ORIENTED_EDGE('',*,*,#1470,.F.);
#3224=EDGE_LOOP('',(#3208,#3214,#3215,#3216,#3222,#3223));
#3225=FACE_BOUND('',#3224,.T.);
#3226=ADVANCED_FACE('',(#3225),#3207,.T.);
#3227=CARTESIAN_POINT('',(35.,7.052943725,42.638730163));
#3228=DIRECTION('',(-1.,0.,0.));
#3229=DIRECTION('',(0.,0.707106781,0.707106781));
#3230=AXIS2_PLACEMENT_3D('',#3227,#3228,#3229);
#3231=PLANE('',#3230);
#3232=ORIENTED_EDGE('',*,*,#1809,.F.);
#3233=CARTESIAN_POINT('',(35.,8.,42.214466094));
#3234=DIRECTION('',(0.,0.,-1.));
#3235=VECTOR('',#3234,1.457106781);
#3236=LINE('',#3233,#3235);
#3237=EDGE_CURVE('',#1978,#1798,#3236,.T.);
#3238=ORIENTED_EDGE('',*,*,#3237,.F.);
#3239=ORIENTED_EDGE('',*,*,#1983,.T.);
#3240=ORIENTED_EDGE('',*,*,#3019,.T.);
#3241=CARTESIAN_POINT('',(35.,12.285533906,46.457106781));
#3242=DIRECTION('',(-0.,-0.707106781,0.707106781));
#3243=VECTOR('',#3242,0.060660172);
#3244=LINE('',#3241,#3243);
#3245=EDGE_CURVE('',#3014,#1689,#3244,.T.);
#3246=ORIENTED_EDGE('',*,*,#3245,.T.);
#3247=ORIENTED_EDGE('',*,*,#1694,.F.);
#3248=EDGE_LOOP('',(#3232,#3238,#3239,#3240,#3246,#3247));
#3249=FACE_BOUND('',#3248,.T.);
#3250=ADVANCED_FACE('',(#3249),#3231,.T.);
#3251=CARTESIAN_POINT('',(43.,7.052943725,42.638730163));
#3252=DIRECTION('',(-1.,0.,0.));
#3253=DIRECTION('',(0.,0.707106781,0.707106781));
#3254=AXIS2_PLACEMENT_3D('',#3251,#3252,#3253);
#3255=PLANE('',#3254);
#3256=ORIENTED_EDGE('',*,*,#1933,.F.);
#3257=CARTESIAN_POINT('',(43.,8.,42.214466094));
#3258=DIRECTION('',(0.,0.,-1.));
#3259=VECTOR('',#3258,1.457106781);
#3260=LINE('',#3257,#3259);
#3261=EDGE_CURVE('',#1944,#1922,#3260,.T.);
#3262=ORIENTED_EDGE('',*,*,#3261,.F.);
#3263=ORIENTED_EDGE('',*,*,#1951,.T.);
#3264=ORIENTED_EDGE('',*,*,#2995,.T.);
#3265=CARTESIAN_POINT('',(43.,12.285533906,46.457106781));
#3266=DIRECTION('',(-0.,-0.707106781,0.707106781));
#3267=VECTOR('',#3266,0.060660172);
#3268=LINE('',#3265,#3267);
#3269=EDGE_CURVE('',#2990,#1657,#3268,.T.);
#3270=ORIENTED_EDGE('',*,*,#3269,.T.);
#3271=ORIENTED_EDGE('',*,*,#1662,.F.);
#3272=EDGE_LOOP('',(#3256,#3262,#3263,#3264,#3270,#3271));
#3273=FACE_BOUND('',#3272,.T.);
#3274=ADVANCED_FACE('',(#3273),#3255,.T.);
#3275=CARTESIAN_POINT('',(27.5,12.5,47.5));
#3276=DIRECTION('',(0.,0.,1.));
#3277=DIRECTION('',(1.,0.,0.));
#3278=AXIS2_PLACEMENT_3D('',#3275,#3276,#3277);
#3279=PLANE('',#3278);
#3280=ORIENTED_EDGE('',*,*,#3146,.T.);
#3281=CARTESIAN_POINT('',(21.5,11.242640687,47.5));
#3282=DIRECTION('',(1.,0.,-0.));
#3283=VECTOR('',#3282,47.5);
#3284=LINE('',#3281,#3283);
#3285=EDGE_CURVE('',#3133,#3094,#3284,.T.);
#3286=ORIENTED_EDGE('',*,*,#3285,.T.);
#3287=ORIENTED_EDGE('',*,*,#3099,.T.);
#3288=CARTESIAN_POINT('',(69.,10.5,47.5));
#3289=DIRECTION('',(1.,0.,-0.));
#3290=VECTOR('',#3289,22.);
#3291=LINE('',#3288,#3290);
#3292=EDGE_CURVE('',#3086,#1137,#3291,.T.);
#3293=ORIENTED_EDGE('',*,*,#3292,.T.);
#3294=ORIENTED_EDGE('',*,*,#1142,.T.);
#3295=ORIENTED_EDGE('',*,*,#538,.T.);
#3296=ORIENTED_EDGE('',*,*,#753,.T.);
#3297=ORIENTED_EDGE('',*,*,#3191,.T.);
#3298=EDGE_LOOP('',(#3280,#3286,#3287,#3293,#3294,#3295,#3296,#3297));
#3299=FACE_BOUND('',#3298,.T.);
#3300=ADVANCED_FACE('',(#3299),#3279,.T.);
#3301=CARTESIAN_POINT('',(23.,10.871320344,47.871320344));
#3302=DIRECTION('',(0.,0.707106781,0.707106781));
#3303=DIRECTION('',(1.,0.,0.));
#3304=AXIS2_PLACEMENT_3D('',#3301,#3302,#3303);
#3305=PLANE('',#3304);
#3306=ORIENTED_EDGE('',*,*,#1478,.F.);
#3307=ORIENTED_EDGE('',*,*,#3221,.F.);
#3308=ORIENTED_EDGE('',*,*,#3065,.T.);
#3309=CARTESIAN_POINT('',(32.,12.242640687,46.5));
#3310=DIRECTION('',(0.,0.707106781,-0.707106781));
#3311=VECTOR('',#3310,0.060660172);
#3312=LINE('',#3309,#3311);
#3313=EDGE_CURVE('',#1697,#3054,#3312,.T.);
#3314=ORIENTED_EDGE('',*,*,#3313,.F.);
#3315=ORIENTED_EDGE('',*,*,#1702,.F.);
#3316=ORIENTED_EDGE('',*,*,#3245,.F.);
#3317=ORIENTED_EDGE('',*,*,#3034,.T.);
#3318=CARTESIAN_POINT('',(40.,12.242640687,46.5));
#3319=DIRECTION('',(0.,0.707106781,-0.707106781));
#3320=VECTOR('',#3319,0.060660172);
#3321=LINE('',#3318,#3320);
#3322=EDGE_CURVE('',#1665,#3023,#3321,.T.);
#3323=ORIENTED_EDGE('',*,*,#3322,.F.);
#3324=ORIENTED_EDGE('',*,*,#1670,.F.);
#3325=ORIENTED_EDGE('',*,*,#3269,.F.);
#3326=ORIENTED_EDGE('',*,*,#3003,.T.);
#3327=ORIENTED_EDGE('',*,*,#2183,.F.);
#3328=ORIENTED_EDGE('',*,*,#1638,.F.);
#3329=ORIENTED_EDGE('',*,*,#2226,.F.);
#3330=ORIENTED_EDGE('',*,*,#2979,.T.);
#3331=ORIENTED_EDGE('',*,*,#2245,.F.);
#3332=ORIENTED_EDGE('',*,*,#1606,.F.);
#3333=ORIENTED_EDGE('',*,*,#2288,.F.);
#3334=ORIENTED_EDGE('',*,*,#2962,.T.);
#3335=ORIENTED_EDGE('',*,*,#2307,.F.);
#3336=ORIENTED_EDGE('',*,*,#1574,.F.);
#3337=ORIENTED_EDGE('',*,*,#2342,.F.);
#3338=ORIENTED_EDGE('',*,*,#2944,.T.);
#3339=ORIENTED_EDGE('',*,*,#3105,.F.);
#3340=ORIENTED_EDGE('',*,*,#3285,.F.);
#3341=ORIENTED_EDGE('',*,*,#3138,.T.);
#3342=ORIENTED_EDGE('',*,*,#3175,.T.);
#3343=CARTESIAN_POINT('',(24.,12.242640687,46.5));
#3344=DIRECTION('',(0.,0.707106781,-0.707106781));
#3345=VECTOR('',#3344,0.060660172);
#3346=LINE('',#3343,#3345);
#3347=EDGE_CURVE('',#1473,#3164,#3346,.T.);
#3348=ORIENTED_EDGE('',*,*,#3347,.F.);
#3349=EDGE_LOOP('',(#3306,#3307,#3308,#3314,#3315,#3316,#3317,#3323,#3324,#3325,#3326,#3327,#3328,#3329,#3330,#3331,#3332,#3333,#3334,#3335,#3336,#3337,#3338,#3339,#3340,#3341,
#3342,#3348));
#3350=FACE_BOUND('',#3349,.T.);
#3351=ADVANCED_FACE('',(#3350),#3305,.F.);
#3352=CARTESIAN_POINT('',(27.5,8.,35.));
#3353=DIRECTION('',(0.,-1.,0.));
#3354=DIRECTION('',(0.,0.,-1.));
#3355=AXIS2_PLACEMENT_3D('',#3352,#3353,#3354);
#3356=PLANE('',#3355);
#3357=CARTESIAN_POINT('',(70.25,8.,43.585786438));
#3358=VERTEX_POINT('',#3357);
#3359=CARTESIAN_POINT('',(70.25,8.,40.757359313));
#3360=DIRECTION('',(-0.,-0.,1.));
#3361=VECTOR('',#3360,2.828427125);
#3362=LINE('',#3359,#3361);
#3363=EDGE_CURVE('',#1829,#3358,#3362,.T.);
#3364=ORIENTED_EDGE('',*,*,#3363,.T.);
#3365=CARTESIAN_POINT('',(90.,8.,43.585786438));
#3366=VERTEX_POINT('',#3365);
#3367=CARTESIAN_POINT('',(70.25,8.,43.585786438));
#3368=DIRECTION('',(1.,0.,0.));
#3369=VECTOR('',#3368,19.75);
#3370=LINE('',#3367,#3369);
#3371=EDGE_CURVE('',#3358,#3366,#3370,.T.);
#3372=ORIENTED_EDGE('',*,*,#3371,.T.);
#3373=CARTESIAN_POINT('',(90.,8.,43.585786438));
#3374=DIRECTION('',(0.,0.,-1.));
#3375=VECTOR('',#3374,9.585786438);
#3376=LINE('',#3373,#3375);
#3377=EDGE_CURVE('',#3366,#2512,#3376,.T.);
#3378=ORIENTED_EDGE('',*,*,#3377,.T.);
#3379=ORIENTED_EDGE('',*,*,#2517,.F.);
#3380=CARTESIAN_POINT('',(-35.,8.,43.585786438));
#3381=VERTEX_POINT('',#3380);
#3382=CARTESIAN_POINT('',(-35.,8.,34.));
#3383=DIRECTION('',(-0.,-0.,1.));
#3384=VECTOR('',#3383,9.585786438);
#3385=LINE('',#3382,#3384);
#3386=EDGE_CURVE('',#2504,#3381,#3385,.T.);
#3387=ORIENTED_EDGE('',*,*,#3386,.T.);
#3388=CARTESIAN_POINT('',(18.25,8.,43.585786438));
#3389=VERTEX_POINT('',#3388);
#3390=CARTESIAN_POINT('',(-35.,8.,43.585786438));
#3391=DIRECTION('',(1.,0.,0.));
#3392=VECTOR('',#3391,53.25);
#3393=LINE('',#3390,#3392);
#3394=EDGE_CURVE('',#3381,#3389,#3393,.T.);
#3395=ORIENTED_EDGE('',*,*,#3394,.T.);
#3396=CARTESIAN_POINT('',(18.25,8.,43.585786438));
#3397=DIRECTION('',(0.,0.,-1.));
#3398=VECTOR('',#3397,2.828427125);
#3399=LINE('',#3396,#3398);
#3400=EDGE_CURVE('',#3389,#1727,#3399,.T.);
#3401=ORIENTED_EDGE('',*,*,#3400,.T.);
#3402=ORIENTED_EDGE('',*,*,#1747,.F.);
#3403=CARTESIAN_POINT('',(24.,8.,40.757359313));
#3404=DIRECTION('',(-0.,-0.,1.));
#3405=VECTOR('',#3404,1.457106781);
#3406=LINE('',#3403,#3405);
#3407=EDGE_CURVE('',#1736,#2018,#3406,.T.);
#3408=ORIENTED_EDGE('',*,*,#3407,.T.);
#3409=ORIENTED_EDGE('',*,*,#2023,.T.);
#3410=ORIENTED_EDGE('',*,*,#3213,.T.);
#3411=ORIENTED_EDGE('',*,*,#1772,.F.);
#3412=CARTESIAN_POINT('',(32.,8.,40.757359313));
#3413=DIRECTION('',(-0.,-0.,1.));
#3414=VECTOR('',#3413,1.457106781);
#3415=LINE('',#3412,#3414);
#3416=EDGE_CURVE('',#1759,#1986,#3415,.T.);
#3417=ORIENTED_EDGE('',*,*,#3416,.T.);
#3418=ORIENTED_EDGE('',*,*,#1991,.T.);
#3419=ORIENTED_EDGE('',*,*,#3237,.T.);
#3420=ORIENTED_EDGE('',*,*,#1803,.F.);
#3421=CARTESIAN_POINT('',(40.,8.,40.757359313));
#3422=DIRECTION('',(-0.,-0.,1.));
#3423=VECTOR('',#3422,1.457106781);
#3424=LINE('',#3421,#3423);
#3425=EDGE_CURVE('',#1790,#1954,#3424,.T.);
#3426=ORIENTED_EDGE('',*,*,#3425,.T.);
#3427=ORIENTED_EDGE('',*,*,#1959,.T.);
#3428=ORIENTED_EDGE('',*,*,#3261,.T.);
#3429=ORIENTED_EDGE('',*,*,#1927,.F.);
#3430=ORIENTED_EDGE('',*,*,#2196,.T.);
#3431=ORIENTED_EDGE('',*,*,#2151,.T.);
#3432=ORIENTED_EDGE('',*,*,#2211,.T.);
#3433=ORIENTED_EDGE('',*,*,#1896,.F.);
#3434=ORIENTED_EDGE('',*,*,#2258,.T.);
#3435=ORIENTED_EDGE('',*,*,#2119,.T.);
#3436=ORIENTED_EDGE('',*,*,#2273,.T.);
#3437=ORIENTED_EDGE('',*,*,#1865,.F.);
#3438=ORIENTED_EDGE('',*,*,#2320,.T.);
#3439=ORIENTED_EDGE('',*,*,#2087,.T.);
#3440=ORIENTED_EDGE('',*,*,#2350,.T.);
#3441=ORIENTED_EDGE('',*,*,#1840,.F.);
#3442=EDGE_LOOP('',(#3364,#3372,#3378,#3379,#3387,#3395,#3401,#3402,#3408,#3409,#3410,#3411,#3417,#3418,#3419,#3420,#3426,#3427,#3428,#3429,#3430,#3431,#3432,#3433,#3434,#3435,
#3436,#3437,#3438,#3439,#3440,#3441));
#3443=FACE_BOUND('',#3442,.T.);
#3444=ADVANCED_FACE('',(#3443),#3356,.F.);
#3445=CARTESIAN_POINT('',(27.5,6.,41.25));
#3446=DIRECTION('',(0.,-1.,0.));
#3447=DIRECTION('',(1.,0.,0.));
#3448=AXIS2_PLACEMENT_3D('',#3445,#3446,#3447);
#3449=PLANE('',#3448);
#3450=ORIENTED_EDGE('',*,*,#3121,.T.);
#3451=ORIENTED_EDGE('',*,*,#3198,.F.);
#3452=ORIENTED_EDGE('',*,*,#739,.F.);
#3453=CARTESIAN_POINT('',(91.,6.,36.));
#3454=DIRECTION('',(-1.,0.,0.));
#3455=VECTOR('',#3454,127.);
#3456=LINE('',#3453,#3455);
#3457=EDGE_CURVE('',#1153,#726,#3456,.T.);
#3458=ORIENTED_EDGE('',*,*,#3457,.F.);
#3459=ORIENTED_EDGE('',*,*,#1158,.F.);
#3460=CARTESIAN_POINT('',(69.,6.,43.));
#3461=DIRECTION('',(1.,0.,-0.));
#3462=VECTOR('',#3461,22.);
#3463=LINE('',#3460,#3462);
#3464=EDGE_CURVE('',#3078,#1145,#3463,.T.);
#3465=ORIENTED_EDGE('',*,*,#3464,.F.);
#3466=ORIENTED_EDGE('',*,*,#3083,.T.);
#3467=ORIENTED_EDGE('',*,*,#2055,.T.);
#3468=EDGE_LOOP('',(#3450,#3451,#3452,#3458,#3459,#3465,#3466,#3467));
#3469=FACE_BOUND('',#3468,.T.);
#3470=ADVANCED_FACE('',(#3469),#3449,.T.);
#3471=CARTESIAN_POINT('',(-100.,7.,44.));
#3472=DIRECTION('',(0.,-0.707106781,0.707106781));
#3473=DIRECTION('',(1.,0.,0.));
#3474=AXIS2_PLACEMENT_3D('',#3471,#3472,#3473);
#3475=PLANE('',#3474);
#3476=ORIENTED_EDGE('',*,*,#3091,.T.);
#3477=ORIENTED_EDGE('',*,*,#3464,.T.);
#3478=ORIENTED_EDGE('',*,*,#1150,.F.);
#3479=ORIENTED_EDGE('',*,*,#3292,.F.);
#3480=EDGE_LOOP('',(#3476,#3477,#3478,#3479));
#3481=FACE_BOUND('',#3480,.T.);
#3482=ADVANCED_FACE('',(#3481),#3475,.T.);
#3483=CARTESIAN_POINT('',(40.,11.861269837,47.447056275));
#3484=DIRECTION('',(1.,0.,0.));
#3485=DIRECTION('',(0.,-0.707106781,-0.707106781));
#3486=AXIS2_PLACEMENT_3D('',#3483,#3484,#3485);
#3487=PLANE('',#3486);
#3488=ORIENTED_EDGE('',*,*,#1795,.F.);
#3489=ORIENTED_EDGE('',*,*,#1678,.F.);
#3490=ORIENTED_EDGE('',*,*,#3322,.T.);
#3491=ORIENTED_EDGE('',*,*,#3028,.T.);
#3492=ORIENTED_EDGE('',*,*,#1967,.T.);
#3493=ORIENTED_EDGE('',*,*,#3425,.F.);
#3494=EDGE_LOOP('',(#3488,#3489,#3490,#3491,#3492,#3493));
#3495=FACE_BOUND('',#3494,.T.);
#3496=ADVANCED_FACE('',(#3495),#3487,.T.);
#3497=CARTESIAN_POINT('',(18.25,7.052943725,42.638730163));
#3498=DIRECTION('',(-1.,0.,0.));
#3499=DIRECTION('',(0.,0.707106781,0.707106781));
#3500=AXIS2_PLACEMENT_3D('',#3497,#3498,#3499);
#3501=PLANE('',#3500);
#3502=ORIENTED_EDGE('',*,*,#3400,.F.);
#3503=CARTESIAN_POINT('',(18.25,10.914213562,46.5));
#3504=DIRECTION('',(-0.,-0.707106781,-0.707106781));
#3505=VECTOR('',#3504,4.121320344);
#3506=LINE('',#3503,#3505);
#3507=EDGE_CURVE('',#1497,#3389,#3506,.T.);
#3508=ORIENTED_EDGE('',*,*,#3507,.F.);
#3509=ORIENTED_EDGE('',*,*,#1502,.F.);
#3510=ORIENTED_EDGE('',*,*,#1732,.F.);
#3511=EDGE_LOOP('',(#3502,#3508,#3509,#3510));
#3512=FACE_BOUND('',#3511,.T.);
#3513=ADVANCED_FACE('',(#3512),#3501,.T.);
#3514=CARTESIAN_POINT('',(24.,11.861269837,47.447056275));
#3515=DIRECTION('',(1.,0.,0.));
#3516=DIRECTION('',(0.,-0.707106781,-0.707106781));
#3517=AXIS2_PLACEMENT_3D('',#3514,#3515,#3516);
#3518=PLANE('',#3517);
#3519=ORIENTED_EDGE('',*,*,#3407,.F.);
#3520=ORIENTED_EDGE('',*,*,#1741,.F.);
#3521=ORIENTED_EDGE('',*,*,#1486,.F.);
#3522=ORIENTED_EDGE('',*,*,#3347,.T.);
#3523=ORIENTED_EDGE('',*,*,#3169,.T.);
#3524=ORIENTED_EDGE('',*,*,#2031,.T.);
#3525=EDGE_LOOP('',(#3519,#3520,#3521,#3522,#3523,#3524));
#3526=FACE_BOUND('',#3525,.T.);
#3527=ADVANCED_FACE('',(#3526),#3518,.T.);
#3528=CARTESIAN_POINT('',(32.,11.861269837,47.447056275));
#3529=DIRECTION('',(1.,0.,0.));
#3530=DIRECTION('',(0.,-0.707106781,-0.707106781));
#3531=AXIS2_PLACEMENT_3D('',#3528,#3529,#3530);
#3532=PLANE('',#3531);
#3533=ORIENTED_EDGE('',*,*,#1764,.F.);
#3534=ORIENTED_EDGE('',*,*,#1710,.F.);
#3535=ORIENTED_EDGE('',*,*,#3313,.T.);
#3536=ORIENTED_EDGE('',*,*,#3059,.T.);
#3537=ORIENTED_EDGE('',*,*,#1999,.T.);
#3538=ORIENTED_EDGE('',*,*,#3416,.F.);
#3539=EDGE_LOOP('',(#3533,#3534,#3535,#3536,#3537,#3538));
#3540=FACE_BOUND('',#3539,.T.);
#3541=ADVANCED_FACE('',(#3540),#3532,.T.);
#3542=CARTESIAN_POINT('',(70.25,11.861269837,47.447056275));
#3543=DIRECTION('',(1.,0.,0.));
#3544=DIRECTION('',(0.,-0.707106781,-0.707106781));
#3545=AXIS2_PLACEMENT_3D('',#3542,#3543,#3544);
#3546=PLANE('',#3545);
#3547=ORIENTED_EDGE('',*,*,#3363,.F.);
#3548=ORIENTED_EDGE('',*,*,#1834,.F.);
#3549=ORIENTED_EDGE('',*,*,#1550,.F.);
#3550=CARTESIAN_POINT('',(70.25,8.,43.585786438));
#3551=DIRECTION('',(0.,0.707106781,0.707106781));
#3552=VECTOR('',#3551,4.121320344);
#3553=LINE('',#3550,#3552);
#3554=EDGE_CURVE('',#3358,#1537,#3553,.T.);
#3555=ORIENTED_EDGE('',*,*,#3554,.F.);
#3556=EDGE_LOOP('',(#3547,#3548,#3549,#3555));
#3557=FACE_BOUND('',#3556,.T.);
#3558=ADVANCED_FACE('',(#3557),#3546,.T.);
#3559=CARTESIAN_POINT('',(-100.,7.707106781,43.292893219));
#3560=DIRECTION('',(0.,-0.707106781,0.707106781));
#3561=DIRECTION('',(1.,0.,0.));
#3562=AXIS2_PLACEMENT_3D('',#3559,#3560,#3561);
#3563=PLANE('',#3562);
#3564=ORIENTED_EDGE('',*,*,#3554,.T.);
#3565=ORIENTED_EDGE('',*,*,#1542,.T.);
#3566=CARTESIAN_POINT('',(90.,10.914213562,46.5));
#3567=DIRECTION('',(-0.,-0.707106781,-0.707106781));
#3568=VECTOR('',#3567,4.121320344);
#3569=LINE('',#3566,#3568);
#3570=EDGE_CURVE('',#1529,#3366,#3569,.T.);
#3571=ORIENTED_EDGE('',*,*,#3570,.T.);
#3572=ORIENTED_EDGE('',*,*,#3371,.F.);
#3573=EDGE_LOOP('',(#3564,#3565,#3571,#3572));
#3574=FACE_BOUND('',#3573,.T.);
#3575=ADVANCED_FACE('',(#3574),#3563,.F.);
#3576=CARTESIAN_POINT('',(-22.75,-22.625,36.875));
#3577=DIRECTION('',(0.,-0.707106781,0.707106781));
#3578=DIRECTION('',(1.,0.,0.));
#3579=AXIS2_PLACEMENT_3D('',#3576,#3577,#3578);
#3580=PLANE('',#3579);
#3581=CARTESIAN_POINT('',(-61.,-22.75,36.75));
#3582=VERTEX_POINT('',#3581);
#3583=CARTESIAN_POINT('',(-61.,-22.5,37.));
#3584=VERTEX_POINT('',#3583);
#3585=CARTESIAN_POINT('',(-61.,-22.75,36.75));
#3586=DIRECTION('',(0.,0.707106781,0.707106781));
#3587=VECTOR('',#3586,0.353553391);
#3588=LINE('',#3585,#3587);
#3589=EDGE_CURVE('',#3582,#3584,#3588,.T.);
#3590=ORIENTED_EDGE('',*,*,#3589,.T.);
#3591=CARTESIAN_POINT('',(-69.,-22.5,37.));
#3592=VERTEX_POINT('',#3591);
#3593=CARTESIAN_POINT('',(-61.,-22.5,37.));
#3594=DIRECTION('',(-1.,-0.,0.));
#3595=VECTOR('',#3594,8.);
#3596=LINE('',#3593,#3595);
#3597=EDGE_CURVE('',#3584,#3592,#3596,.T.);
#3598=ORIENTED_EDGE('',*,*,#3597,.T.);
#3599=CARTESIAN_POINT('',(-69.,-22.75,36.75));
#3600=VERTEX_POINT('',#3599);
#3601=CARTESIAN_POINT('',(-69.,-22.5,37.));
#3602=DIRECTION('',(-0.,-0.707106781,-0.707106781));
#3603=VECTOR('',#3602,0.353553391);
#3604=LINE('',#3601,#3603);
#3605=EDGE_CURVE('',#3592,#3600,#3604,.T.);
#3606=ORIENTED_EDGE('',*,*,#3605,.T.);
#3607=CARTESIAN_POINT('',(-69.,-22.75,36.75));
#3608=DIRECTION('',(1.,0.,-0.));
#3609=VECTOR('',#3608,8.);
#3610=LINE('',#3607,#3609);
#3611=EDGE_CURVE('',#3600,#3582,#3610,.T.);
#3612=ORIENTED_EDGE('',*,*,#3611,.T.);
#3613=EDGE_LOOP('',(#3590,#3598,#3606,#3612));
#3614=FACE_BOUND('',#3613,.T.);
#3615=ADVANCED_FACE('',(#3614),#3580,.T.);
#3616=CARTESIAN_POINT('',(-61.,-31.25,36.875));
#3617=DIRECTION('',(0.,0.,1.));
#3618=DIRECTION('',(0.,-1.,0.));
#3619=AXIS2_PLACEMENT_3D('',#3616,#3617,#3618);
#3620=CONICAL_SURFACE('',#3619,8.625,45.);
#3621=CARTESIAN_POINT('',(-61.,-39.75,36.75));
#3622=VERTEX_POINT('',#3621);
#3623=CARTESIAN_POINT('',(-61.,-40.,37.));
#3624=VERTEX_POINT('',#3623);
#3625=CARTESIAN_POINT('',(-61.,-39.75,36.75));
#3626=DIRECTION('',(-0.,-0.707106781,0.707106781));
#3627=VECTOR('',#3626,0.353553391);
#3628=LINE('',#3625,#3627);
#3629=EDGE_CURVE('',#3622,#3624,#3628,.T.);
#3630=ORIENTED_EDGE('',*,*,#3629,.T.);
#3631=CARTESIAN_POINT('',(-61.,-31.25,37.));
#3632=DIRECTION('',(0.,0.,1.));
#3633=DIRECTION('',(1.,0.,-0.));
#3634=AXIS2_PLACEMENT_3D('',#3631,#3632,#3633);
#3635=CIRCLE('',#3634,8.75);
#3636=EDGE_CURVE('',#3624,#3584,#3635,.T.);
#3637=ORIENTED_EDGE('',*,*,#3636,.T.);
#3638=ORIENTED_EDGE('',*,*,#3589,.F.);
#3639=CARTESIAN_POINT('',(-61.,-31.25,36.75));
#3640=DIRECTION('',(-0.,-0.,-1.));
#3641=DIRECTION('',(1.,0.,-0.));
#3642=AXIS2_PLACEMENT_3D('',#3639,#3640,#3641);
#3643=CIRCLE('',#3642,8.5);
#3644=EDGE_CURVE('',#3582,#3622,#3643,.T.);
#3645=ORIENTED_EDGE('',*,*,#3644,.T.);
#3646=EDGE_LOOP('',(#3630,#3637,#3638,#3645));
#3647=FACE_BOUND('',#3646,.T.);
#3648=ADVANCED_FACE('',(#3647),#3620,.F.);
#3649=CARTESIAN_POINT('',(-18.75,-39.875,36.875));
#3650=DIRECTION('',(0.,0.707106781,0.707106781));
#3651=DIRECTION('',(1.,0.,0.));
#3652=AXIS2_PLACEMENT_3D('',#3649,#3650,#3651);
#3653=PLANE('',#3652);
#3654=CARTESIAN_POINT('',(-69.,-39.75,36.75));
#3655=VERTEX_POINT('',#3654);
#3656=CARTESIAN_POINT('',(-69.,-40.,37.));
#3657=VERTEX_POINT('',#3656);
#3658=CARTESIAN_POINT('',(-69.,-39.75,36.75));
#3659=DIRECTION('',(-0.,-0.707106781,0.707106781));
#3660=VECTOR('',#3659,0.353553391);
#3661=LINE('',#3658,#3660);
#3662=EDGE_CURVE('',#3655,#3657,#3661,.T.);
#3663=ORIENTED_EDGE('',*,*,#3662,.T.);
#3664=CARTESIAN_POINT('',(-69.,-40.,37.));
#3665=DIRECTION('',(1.,0.,-0.));
#3666=VECTOR('',#3665,8.);
#3667=LINE('',#3664,#3666);
#3668=EDGE_CURVE('',#3657,#3624,#3667,.T.);
#3669=ORIENTED_EDGE('',*,*,#3668,.T.);
#3670=ORIENTED_EDGE('',*,*,#3629,.F.);
#3671=CARTESIAN_POINT('',(-61.,-39.75,36.75));
#3672=DIRECTION('',(-1.,-0.,0.));
#3673=VECTOR('',#3672,8.);
#3674=LINE('',#3671,#3673);
#3675=EDGE_CURVE('',#3622,#3655,#3674,.T.);
#3676=ORIENTED_EDGE('',*,*,#3675,.T.);
#3677=EDGE_LOOP('',(#3663,#3669,#3670,#3676));
#3678=FACE_BOUND('',#3677,.T.);
#3679=ADVANCED_FACE('',(#3678),#3653,.T.);
#3680=CARTESIAN_POINT('',(-69.,-31.25,36.875));
#3681=DIRECTION('',(0.,-0.,1.));
#3682=DIRECTION('',(0.,1.,0.));
#3683=AXIS2_PLACEMENT_3D('',#3680,#3681,#3682);
#3684=CONICAL_SURFACE('',#3683,8.625,45.);
#3685=ORIENTED_EDGE('',*,*,#3605,.F.);
#3686=CARTESIAN_POINT('',(-69.,-31.25,37.));
#3687=DIRECTION('',(0.,0.,1.));
#3688=DIRECTION('',(1.,0.,-0.));
#3689=AXIS2_PLACEMENT_3D('',#3686,#3687,#3688);
#3690=CIRCLE('',#3689,8.75);
#3691=EDGE_CURVE('',#3592,#3657,#3690,.T.);
#3692=ORIENTED_EDGE('',*,*,#3691,.T.);
#3693=ORIENTED_EDGE('',*,*,#3662,.F.);
#3694=CARTESIAN_POINT('',(-69.,-31.25,36.75));
#3695=DIRECTION('',(-0.,-0.,-1.));
#3696=DIRECTION('',(1.,0.,-0.));
#3697=AXIS2_PLACEMENT_3D('',#3694,#3695,#3696);
#3698=CIRCLE('',#3697,8.5);
#3699=EDGE_CURVE('',#3655,#3600,#3698,.T.);
#3700=ORIENTED_EDGE('',*,*,#3699,.T.);
#3701=EDGE_LOOP('',(#3685,#3692,#3693,#3700));
#3702=FACE_BOUND('',#3701,.T.);
#3703=ADVANCED_FACE('',(#3702),#3684,.F.);
#3704=CARTESIAN_POINT('',(23.5,-31.5,37.));
#3705=DIRECTION('',(0.,0.,1.));
#3706=DIRECTION('',(1.,0.,0.));
#3707=AXIS2_PLACEMENT_3D('',#3704,#3705,#3706);
#3708=PLANE('',#3707);
#3709=CARTESIAN_POINT('',(-81.,-46.5,37.));
#3710=VERTEX_POINT('',#3709);
#3711=CARTESIAN_POINT('',(-81.,-16.,37.));
#3712=VERTEX_POINT('',#3711);
#3713=CARTESIAN_POINT('',(-81.,-46.5,37.));
#3714=DIRECTION('',(0.,1.,-0.));
#3715=VECTOR('',#3714,30.5);
#3716=LINE('',#3713,#3715);
#3717=EDGE_CURVE('',#3710,#3712,#3716,.T.);
#3718=ORIENTED_EDGE('',*,*,#3717,.F.);
#3719=CARTESIAN_POINT('',(46.,-46.5,37.));
#3720=VERTEX_POINT('',#3719);
#3721=CARTESIAN_POINT('',(46.,-46.5,37.));
#3722=DIRECTION('',(-1.,0.,-0.));
#3723=VECTOR('',#3722,127.);
#3724=LINE('',#3721,#3723);
#3725=EDGE_CURVE('',#3720,#3710,#3724,.T.);
#3726=ORIENTED_EDGE('',*,*,#3725,.F.);
#3727=CARTESIAN_POINT('',(46.,-32.,37.));
#3728=VERTEX_POINT('',#3727);
#3729=CARTESIAN_POINT('',(46.,-32.,37.));
#3730=DIRECTION('',(-0.,-1.,-0.));
#3731=VECTOR('',#3730,14.5);
#3732=LINE('',#3729,#3731);
#3733=EDGE_CURVE('',#3728,#3720,#3732,.T.);
#3734=ORIENTED_EDGE('',*,*,#3733,.F.);
#3735=CARTESIAN_POINT('',(128.,-32.,37.));
#3736=VERTEX_POINT('',#3735);
#3737=CARTESIAN_POINT('',(128.,-32.,37.));
#3738=DIRECTION('',(-1.,-0.,0.));
#3739=VECTOR('',#3738,82.);
#3740=LINE('',#3737,#3739);
#3741=EDGE_CURVE('',#3736,#3728,#3740,.T.);
#3742=ORIENTED_EDGE('',*,*,#3741,.F.);
#3743=CARTESIAN_POINT('',(128.,-16.,37.));
#3744=VERTEX_POINT('',#3743);
#3745=CARTESIAN_POINT('',(128.,-16.,37.));
#3746=DIRECTION('',(-0.,-1.,-0.));
#3747=VECTOR('',#3746,16.);
#3748=LINE('',#3745,#3747);
#3749=EDGE_CURVE('',#3744,#3736,#3748,.T.);
#3750=ORIENTED_EDGE('',*,*,#3749,.F.);
#3751=CARTESIAN_POINT('',(-81.,-16.,37.));
#3752=DIRECTION('',(1.,0.,-0.));
#3753=VECTOR('',#3752,209.);
#3754=LINE('',#3751,#3753);
#3755=EDGE_CURVE('',#3712,#3744,#3754,.T.);
#3756=ORIENTED_EDGE('',*,*,#3755,.F.);
#3757=EDGE_LOOP('',(#3718,#3726,#3734,#3742,#3750,#3756));
#3758=FACE_BOUND('',#3757,.T.);
#3759=ORIENTED_EDGE('',*,*,#3597,.F.);
#3760=ORIENTED_EDGE('',*,*,#3636,.F.);
#3761=ORIENTED_EDGE('',*,*,#3668,.F.);
#3762=ORIENTED_EDGE('',*,*,#3691,.F.);
#3763=EDGE_LOOP('',(#3759,#3760,#3761,#3762));
#3764=FACE_BOUND('',#3763,.T.);
#3765=ADVANCED_FACE('',(#3758,#3764),#3708,.T.);
#3766=CARTESIAN_POINT('',(-65.,-31.25,36.75));
#3767=DIRECTION('',(0.,0.,1.));
#3768=DIRECTION('',(-1.,0.,0.));
#3769=AXIS2_PLACEMENT_3D('',#3766,#3767,#3768);
#3770=PLANE('',#3769);
#3771=ORIENTED_EDGE('',*,*,#3699,.F.);
#3772=ORIENTED_EDGE('',*,*,#3675,.F.);
#3773=ORIENTED_EDGE('',*,*,#3644,.F.);
#3774=ORIENTED_EDGE('',*,*,#3611,.F.);
#3775=EDGE_LOOP('',(#3771,#3772,#3773,#3774));
#3776=FACE_BOUND('',#3775,.T.);
#3777=ADVANCED_FACE('',(#3776),#3770,.T.);
#3778=CARTESIAN_POINT('',(-34.625,4.,32.));
#3779=DIRECTION('',(1.,0.,-0.));
#3780=DIRECTION('',(0.,0.707106781,0.707106781));
#3781=AXIS2_PLACEMENT_3D('',#3778,#3779,#3780);
#3782=CYLINDRICAL_SURFACE('',#3781,2.);
#3783=CARTESIAN_POINT('',(-80.,5.414213562,33.414213562));
#3784=VERTEX_POINT('',#3783);
#3785=CARTESIAN_POINT('',(-89.914216004,5.414213562,33.414213562));
#3786=VERTEX_POINT('',#3785);
#3787=CARTESIAN_POINT('',(-80.,5.414213562,33.414213562));
#3788=DIRECTION('',(-1.,-0.,-0.));
#3789=VECTOR('',#3788,9.914216004);
#3790=LINE('',#3787,#3789);
#3791=EDGE_CURVE('',#3784,#3786,#3790,.T.);
#3792=ORIENTED_EDGE('',*,*,#3791,.F.);
#3793=CARTESIAN_POINT('',(-80.,4.,32.));
#3794=DIRECTION('',(1.,0.,0.));
#3795=DIRECTION('',(0.,0.,-1.));
#3796=AXIS2_PLACEMENT_3D('',#3793,#3794,#3795);
#3797=CIRCLE('',#3796,2.);
#3798=EDGE_CURVE('',#3784,#2450,#3797,.T.);
#3799=ORIENTED_EDGE('',*,*,#3798,.T.);
#3800=ORIENTED_EDGE('',*,*,#2455,.T.);
#3801=CARTESIAN_POINT('',(-88.500001804,4.,32.));
#3802=DIRECTION('',(-0.707106622,-0.707106941,-0.));
#3803=DIRECTION('',(-0.707106941,0.707106622,0.));
#3804=AXIS2_PLACEMENT_3D('',#3801,#3802,#3803);
#3805=ELLIPSE('',#3804,2.828427762,2.);
#3806=EDGE_CURVE('',#2442,#3786,#3805,.T.);
#3807=ORIENTED_EDGE('',*,*,#3806,.T.);
#3808=EDGE_LOOP('',(#3792,#3799,#3800,#3807));
#3809=FACE_BOUND('',#3808,.T.);
#3810=ADVANCED_FACE('',(#3809),#3782,.F.);
#3811=CARTESIAN_POINT('',(-37.875,-7.,32.));
#3812=DIRECTION('',(1.,0.,-0.));
#3813=DIRECTION('',(0.,0.707106781,0.707106781));
#3814=AXIS2_PLACEMENT_3D('',#3811,#3812,#3813);
#3815=CYLINDRICAL_SURFACE('',#3814,2.);
#3816=CARTESIAN_POINT('',(-95.5,-5.585786438,33.414213562));
#3817=VERTEX_POINT('',#3816);
#3818=CARTESIAN_POINT('',(-97.414213562,-5.585786438,33.414213562));
#3819=VERTEX_POINT('',#3818);
#3820=CARTESIAN_POINT('',(-95.5,-5.585786438,33.414213562));
#3821=DIRECTION('',(-1.,-0.,-0.));
#3822=VECTOR('',#3821,1.914213562);
#3823=LINE('',#3820,#3822);
#3824=EDGE_CURVE('',#3817,#3819,#3823,.T.);
#3825=ORIENTED_EDGE('',*,*,#3824,.F.);
#3826=CARTESIAN_POINT('',(-95.5,-7.,32.));
#3827=DIRECTION('',(1.,0.,0.));
#3828=DIRECTION('',(0.,0.,-1.));
#3829=AXIS2_PLACEMENT_3D('',#3826,#3827,#3828);
#3830=CIRCLE('',#3829,2.);
#3831=EDGE_CURVE('',#3817,#2425,#3830,.T.);
#3832=ORIENTED_EDGE('',*,*,#3831,.T.);
#3833=ORIENTED_EDGE('',*,*,#2430,.T.);
#3834=CARTESIAN_POINT('',(-96.,-7.,32.));
#3835=DIRECTION('',(-0.707106781,-0.707106781,-0.));
#3836=DIRECTION('',(-0.707106781,0.707106781,0.));
#3837=AXIS2_PLACEMENT_3D('',#3834,#3835,#3836);
#3838=ELLIPSE('',#3837,2.828427125,2.);
#3839=EDGE_CURVE('',#2417,#3819,#3838,.T.);
#3840=ORIENTED_EDGE('',*,*,#3839,.T.);
#3841=EDGE_LOOP('',(#3825,#3832,#3833,#3840));
#3842=FACE_BOUND('',#3841,.T.);
#3843=ADVANCED_FACE('',(#3842),#3815,.F.);
#3844=CARTESIAN_POINT('',(-95.5,0.,32.));
#3845=DIRECTION('',(0.,0.,1.));
#3846=DIRECTION('',(1.,0.,-0.));
#3847=AXIS2_PLACEMENT_3D('',#3844,#3845,#3846);
#3848=TOROIDAL_SURFACE('',#3847,7.,2.);
#3849=CARTESIAN_POINT('',(-90.5,0.,32.));
#3850=VERTEX_POINT('',#3849);
#3851=CARTESIAN_POINT('',(-89.914213562,0.000002519,33.414213562));
#3852=VERTEX_POINT('',#3851);
#3853=CARTESIAN_POINT('',(-88.5,0.000003156,32.));
#3854=DIRECTION('',(-0.000000451,1.,0.));
#3855=DIRECTION('',(-1.,-0.000000451,0.));
#3856=AXIS2_PLACEMENT_3D('',#3853,#3854,#3855);
#3857=CIRCLE('',#3856,2.);
#3858=EDGE_CURVE('',#3850,#3852,#3857,.T.);
#3859=ORIENTED_EDGE('',*,*,#3858,.T.);
#3860=CARTESIAN_POINT('',(-88.5,0.000003156,32.));
#3861=DIRECTION('',(-0.000000451,1.,0.));
#3862=DIRECTION('',(-1.,-0.000000451,0.));
#3863=AXIS2_PLACEMENT_3D('',#3860,#3861,#3862);
#3864=CIRCLE('',#3863,2.);
#3865=EDGE_CURVE('',#3852,#2433,#3864,.T.);
#3866=ORIENTED_EDGE('',*,*,#3865,.T.);
#3867=ORIENTED_EDGE('',*,*,#2439,.T.);
#3868=ORIENTED_EDGE('',*,*,#3831,.F.);
#3869=CARTESIAN_POINT('',(-95.5,-5.,32.));
#3870=VERTEX_POINT('',#3869);
#3871=CARTESIAN_POINT('',(-95.5,-7.,32.));
#3872=DIRECTION('',(1.,0.,0.));
#3873=DIRECTION('',(0.,0.,-1.));
#3874=AXIS2_PLACEMENT_3D('',#3871,#3872,#3873);
#3875=CIRCLE('',#3874,2.);
#3876=EDGE_CURVE('',#3870,#3817,#3875,.T.);
#3877=ORIENTED_EDGE('',*,*,#3876,.F.);
#3878=CARTESIAN_POINT('',(-95.5,0.,32.));
#3879=DIRECTION('',(0.,0.,1.));
#3880=DIRECTION('',(1.,0.,-0.));
#3881=AXIS2_PLACEMENT_3D('',#3878,#3879,#3880);
#3882=CIRCLE('',#3881,5.);
#3883=EDGE_CURVE('',#3870,#3850,#3882,.T.);
#3884=ORIENTED_EDGE('',*,*,#3883,.T.);
#3885=EDGE_LOOP('',(#3859,#3866,#3867,#3868,#3877,#3884));
#3886=FACE_BOUND('',#3885,.T.);
#3887=ADVANCED_FACE('',(#3886),#3848,.F.);
#3888=CARTESIAN_POINT('',(-88.499997351,-5.875023953,32.));
#3889=DIRECTION('',(-0.000000451,1.,-0.));
#3890=DIRECTION('',(-0.707106781,-0.000000319,0.707106781));
#3891=AXIS2_PLACEMENT_3D('',#3888,#3889,#3890);
#3892=CYLINDRICAL_SURFACE('',#3891,2.);
#3893=CARTESIAN_POINT('',(-89.914216004,5.414213562,33.414213562));
#3894=DIRECTION('',(0.000000451,-1.,-0.));
#3895=VECTOR('',#3894,5.414211044);
#3896=LINE('',#3893,#3895);
#3897=EDGE_CURVE('',#3786,#3852,#3896,.T.);
#3898=ORIENTED_EDGE('',*,*,#3897,.F.);
#3899=ORIENTED_EDGE('',*,*,#3806,.F.);
#3900=ORIENTED_EDGE('',*,*,#2447,.T.);
#3901=ORIENTED_EDGE('',*,*,#3865,.F.);
#3902=EDGE_LOOP('',(#3898,#3899,#3900,#3901));
#3903=FACE_BOUND('',#3902,.T.);
#3904=ADVANCED_FACE('',(#3903),#3892,.F.);
#3905=CARTESIAN_POINT('',(-96.,-3.625,32.));
#3906=DIRECTION('',(0.,1.,0.));
#3907=DIRECTION('',(-0.707106781,0.,0.707106781));
#3908=AXIS2_PLACEMENT_3D('',#3905,#3906,#3907);
#3909=CYLINDRICAL_SURFACE('',#3908,2.);
#3910=CARTESIAN_POINT('',(-97.414213562,-30.75,33.414213562));
#3911=VERTEX_POINT('',#3910);
#3912=CARTESIAN_POINT('',(-97.414213562,-5.585786438,33.414213562));
#3913=DIRECTION('',(-0.,-1.,-0.));
#3914=VECTOR('',#3913,25.164213562);
#3915=LINE('',#3912,#3914);
#3916=EDGE_CURVE('',#3819,#3911,#3915,.T.);
#3917=ORIENTED_EDGE('',*,*,#3916,.F.);
#3918=ORIENTED_EDGE('',*,*,#3839,.F.);
#3919=ORIENTED_EDGE('',*,*,#2422,.T.);
#3920=CARTESIAN_POINT('',(-96.,-30.75,32.));
#3921=DIRECTION('',(-0.,-1.,-0.));
#3922=DIRECTION('',(0.,-0.,1.));
#3923=AXIS2_PLACEMENT_3D('',#3920,#3921,#3922);
#3924=CIRCLE('',#3923,2.);
#3925=EDGE_CURVE('',#2409,#3911,#3924,.T.);
#3926=ORIENTED_EDGE('',*,*,#3925,.T.);
#3927=EDGE_LOOP('',(#3917,#3918,#3919,#3926));
#3928=FACE_BOUND('',#3927,.T.);
#3929=ADVANCED_FACE('',(#3928),#3909,.F.);
#3930=CARTESIAN_POINT('',(-89.,6.,41.25));
#3931=DIRECTION('',(0.,-1.,0.));
#3932=DIRECTION('',(1.,0.,0.));
#3933=AXIS2_PLACEMENT_3D('',#3930,#3931,#3932);
#3934=PLANE('',#3933);
#3935=CARTESIAN_POINT('',(-90.500002705,6.,32.));
#3936=VERTEX_POINT('',#3935);
#3937=CARTESIAN_POINT('',(-90.500002705,6.,24.));
#3938=VERTEX_POINT('',#3937);
#3939=CARTESIAN_POINT('',(-90.500002705,6.,32.));
#3940=DIRECTION('',(0.,0.,-1.));
#3941=VECTOR('',#3940,8.);
#3942=LINE('',#3939,#3941);
#3943=EDGE_CURVE('',#3936,#3938,#3942,.T.);
#3944=ORIENTED_EDGE('',*,*,#3943,.T.);
#3945=CARTESIAN_POINT('',(-98.5,6.,24.));
#3946=VERTEX_POINT('',#3945);
#3947=CARTESIAN_POINT('',(-98.5,6.,24.));
#3948=DIRECTION('',(1.,0.,-0.));
#3949=VECTOR('',#3948,7.999997295);
#3950=LINE('',#3947,#3949);
#3951=EDGE_CURVE('',#3946,#3938,#3950,.T.);
#3952=ORIENTED_EDGE('',*,*,#3951,.F.);
#3953=CARTESIAN_POINT('',(-98.5,6.,20.5));
#3954=VERTEX_POINT('',#3953);
#3955=CARTESIAN_POINT('',(-98.5,6.,20.5));
#3956=DIRECTION('',(0.,0.,1.));
#3957=VECTOR('',#3956,3.5);
#3958=LINE('',#3955,#3957);
#3959=EDGE_CURVE('',#3954,#3946,#3958,.T.);
#3960=ORIENTED_EDGE('',*,*,#3959,.F.);
#3961=CARTESIAN_POINT('',(-80.,6.,20.5));
#3962=VERTEX_POINT('',#3961);
#3963=CARTESIAN_POINT('',(-98.5,6.,20.5));
#3964=DIRECTION('',(1.,0.,0.));
#3965=VECTOR('',#3964,18.5);
#3966=LINE('',#3963,#3965);
#3967=EDGE_CURVE('',#3954,#3962,#3966,.T.);
#3968=ORIENTED_EDGE('',*,*,#3967,.T.);
#3969=CARTESIAN_POINT('',(-80.,6.,32.));
#3970=VERTEX_POINT('',#3969);
#3971=CARTESIAN_POINT('',(-80.,6.,20.5));
#3972=DIRECTION('',(0.,0.,1.));
#3973=VECTOR('',#3972,11.5);
#3974=LINE('',#3971,#3973);
#3975=EDGE_CURVE('',#3962,#3970,#3974,.T.);
#3976=ORIENTED_EDGE('',*,*,#3975,.T.);
#3977=CARTESIAN_POINT('',(-90.500002705,6.,32.));
#3978=DIRECTION('',(1.,0.,-0.));
#3979=VECTOR('',#3978,10.500002705);
#3980=LINE('',#3977,#3979);
#3981=EDGE_CURVE('',#3936,#3970,#3980,.T.);
#3982=ORIENTED_EDGE('',*,*,#3981,.F.);
#3983=EDGE_LOOP('',(#3944,#3952,#3960,#3968,#3976,#3982));
#3984=FACE_BOUND('',#3983,.T.);
#3985=ADVANCED_FACE('',(#3984),#3934,.T.);
#3986=CARTESIAN_POINT('',(-90.500003607,8.,35.));
#3987=DIRECTION('',(1.,0.000000451,0.));
#3988=DIRECTION('',(0.000000451,-1.,0.));
#3989=AXIS2_PLACEMENT_3D('',#3986,#3987,#3988);
#3990=PLANE('',#3989);
#3991=CARTESIAN_POINT('',(-90.5,0.,32.));
#3992=DIRECTION('',(-0.000000451,1.,0.));
#3993=VECTOR('',#3992,6.);
#3994=LINE('',#3991,#3993);
#3995=EDGE_CURVE('',#3850,#3936,#3994,.T.);
#3996=ORIENTED_EDGE('',*,*,#3995,.F.);
#3997=CARTESIAN_POINT('',(-90.5,0.000001127,24.));
#3998=VERTEX_POINT('',#3997);
#3999=CARTESIAN_POINT('',(-90.5,0.,32.));
#4000=DIRECTION('',(0.,0.,-1.));
#4001=VECTOR('',#4000,8.);
#4002=LINE('',#3999,#4001);
#4003=EDGE_CURVE('',#3850,#3998,#4002,.T.);
#4004=ORIENTED_EDGE('',*,*,#4003,.T.);
#4005=CARTESIAN_POINT('',(-90.5,0.000001127,24.));
#4006=DIRECTION('',(-0.000000451,1.,-0.));
#4007=VECTOR('',#4006,5.999998873);
#4008=LINE('',#4005,#4007);
#4009=EDGE_CURVE('',#3998,#3938,#4008,.T.);
#4010=ORIENTED_EDGE('',*,*,#4009,.T.);
#4011=ORIENTED_EDGE('',*,*,#3943,.F.);
#4012=EDGE_LOOP('',(#3996,#4004,#4010,#4011));
#4013=FACE_BOUND('',#4012,.T.);
#4014=ADVANCED_FACE('',(#4013),#3990,.T.);
#4015=CARTESIAN_POINT('',(-95.5,0.,35.));
#4016=DIRECTION('',(0.,0.,-1.));
#4017=DIRECTION('',(1.,0.,0.));
#4018=AXIS2_PLACEMENT_3D('',#4015,#4016,#4017);
#4019=CYLINDRICAL_SURFACE('',#4018,5.);
#4020=ORIENTED_EDGE('',*,*,#3883,.F.);
#4021=CARTESIAN_POINT('',(-95.5,-5.,24.));
#4022=VERTEX_POINT('',#4021);
#4023=CARTESIAN_POINT('',(-95.5,-5.,32.));
#4024=DIRECTION('',(0.,0.,-1.));
#4025=VECTOR('',#4024,8.);
#4026=LINE('',#4023,#4025);
#4027=EDGE_CURVE('',#3870,#4022,#4026,.T.);
#4028=ORIENTED_EDGE('',*,*,#4027,.T.);
#4029=CARTESIAN_POINT('',(-95.5,0.,24.));
#4030=DIRECTION('',(-0.,-0.,1.));
#4031=DIRECTION('',(-1.,0.,0.));
#4032=AXIS2_PLACEMENT_3D('',#4029,#4030,#4031);
#4033=CIRCLE('',#4032,5.);
#4034=EDGE_CURVE('',#4022,#3998,#4033,.T.);
#4035=ORIENTED_EDGE('',*,*,#4034,.T.);
#4036=ORIENTED_EDGE('',*,*,#4003,.F.);
#4037=EDGE_LOOP('',(#4020,#4028,#4035,#4036));
#4038=FACE_BOUND('',#4037,.T.);
#4039=ADVANCED_FACE('',(#4038),#4019,.T.);
#4040=CARTESIAN_POINT('',(-95.5,-5.,35.));
#4041=DIRECTION('',(0.,-1.,0.));
#4042=DIRECTION('',(-1.,0.,0.));
#4043=AXIS2_PLACEMENT_3D('',#4040,#4041,#4042);
#4044=PLANE('',#4043);
#4045=CARTESIAN_POINT('',(-98.,-5.,32.));
#4046=VERTEX_POINT('',#4045);
#4047=CARTESIAN_POINT('',(-98.,-5.,32.));
#4048=DIRECTION('',(1.,0.,-0.));
#4049=VECTOR('',#4048,2.5);
#4050=LINE('',#4047,#4049);
#4051=EDGE_CURVE('',#4046,#3870,#4050,.T.);
#4052=ORIENTED_EDGE('',*,*,#4051,.F.);
#4053=CARTESIAN_POINT('',(-98.,-5.,24.));
#4054=VERTEX_POINT('',#4053);
#4055=CARTESIAN_POINT('',(-98.,-5.,24.));
#4056=DIRECTION('',(0.,0.,1.));
#4057=VECTOR('',#4056,8.);
#4058=LINE('',#4055,#4057);
#4059=EDGE_CURVE('',#4054,#4046,#4058,.T.);
#4060=ORIENTED_EDGE('',*,*,#4059,.F.);
#4061=CARTESIAN_POINT('',(-98.,-5.,24.));
#4062=DIRECTION('',(1.,-0.,-0.));
#4063=VECTOR('',#4062,2.5);
#4064=LINE('',#4061,#4063);
#4065=EDGE_CURVE('',#4054,#4022,#4064,.T.);
#4066=ORIENTED_EDGE('',*,*,#4065,.T.);
#4067=ORIENTED_EDGE('',*,*,#4027,.F.);
#4068=EDGE_LOOP('',(#4052,#4060,#4066,#4067));
#4069=FACE_BOUND('',#4068,.T.);
#4070=ADVANCED_FACE('',(#4069),#4044,.T.);
#4071=CARTESIAN_POINT('',(-98.,12.5,35.75));
#4072=DIRECTION('',(1.,0.,0.));
#4073=DIRECTION('',(0.,1.,0.));
#4074=AXIS2_PLACEMENT_3D('',#4071,#4072,#4073);
#4075=PLANE('',#4074);
#4076=CARTESIAN_POINT('',(-98.,-30.75,32.));
#4077=VERTEX_POINT('',#4076);
#4078=CARTESIAN_POINT('',(-98.,-30.75,32.));
#4079=DIRECTION('',(0.,1.,0.));
#4080=VECTOR('',#4079,25.75);
#4081=LINE('',#4078,#4080);
#4082=EDGE_CURVE('',#4077,#4046,#4081,.T.);
#4083=ORIENTED_EDGE('',*,*,#4082,.F.);
#4084=CARTESIAN_POINT('',(-98.,-30.75,24.));
#4085=VERTEX_POINT('',#4084);
#4086=CARTESIAN_POINT('',(-98.,-30.75,32.));
#4087=DIRECTION('',(0.,0.,-1.));
#4088=VECTOR('',#4087,8.);
#4089=LINE('',#4086,#4088);
#4090=EDGE_CURVE('',#4077,#4085,#4089,.T.);
#4091=ORIENTED_EDGE('',*,*,#4090,.T.);
#4092=CARTESIAN_POINT('',(-98.,-30.75,24.));
#4093=DIRECTION('',(0.,1.,0.));
#4094=VECTOR('',#4093,25.75);
#4095=LINE('',#4092,#4094);
#4096=EDGE_CURVE('',#4085,#4054,#4095,.T.);
#4097=ORIENTED_EDGE('',*,*,#4096,.T.);
#4098=ORIENTED_EDGE('',*,*,#4059,.T.);
#4099=EDGE_LOOP('',(#4083,#4091,#4097,#4098));
#4100=FACE_BOUND('',#4099,.T.);
#4101=ADVANCED_FACE('',(#4100),#4075,.T.);
#4102=CARTESIAN_POINT('',(74.125,5.,32.));
#4103=DIRECTION('',(1.,0.,-0.));
#4104=DIRECTION('',(0.,0.707106781,0.707106781));
#4105=AXIS2_PLACEMENT_3D('',#4102,#4103,#4104);
#4106=CYLINDRICAL_SURFACE('',#4105,2.);
#4107=CARTESIAN_POINT('',(120.,6.414213562,33.414213562));
#4108=VERTEX_POINT('',#4107);
#4109=CARTESIAN_POINT('',(139.5,6.414213562,33.414213562));
#4110=DIRECTION('',(-1.,-0.,-0.));
#4111=VECTOR('',#4110,19.5);
#4112=LINE('',#4109,#4111);
#4113=EDGE_CURVE('',#1331,#4108,#4112,.T.);
#4114=ORIENTED_EDGE('',*,*,#4113,.F.);
#4115=ORIENTED_EDGE('',*,*,#1337,.T.);
#4116=ORIENTED_EDGE('',*,*,#2382,.T.);
#4117=CARTESIAN_POINT('',(120.,5.,32.));
#4118=DIRECTION('',(-1.,-0.,-0.));
#4119=DIRECTION('',(0.,0.,-1.));
#4120=AXIS2_PLACEMENT_3D('',#4117,#4118,#4119);
#4121=CIRCLE('',#4120,2.);
#4122=EDGE_CURVE('',#2371,#4108,#4121,.T.);
#4123=ORIENTED_EDGE('',*,*,#4122,.T.);
#4124=EDGE_LOOP('',(#4114,#4115,#4116,#4123));
#4125=FACE_BOUND('',#4124,.T.);
#4126=ADVANCED_FACE('',(#4125),#4106,.F.);
#4127=CARTESIAN_POINT('',(128.5,7.,41.25));
#4128=DIRECTION('',(0.,-1.,0.));
#4129=DIRECTION('',(1.,0.,0.));
#4130=AXIS2_PLACEMENT_3D('',#4127,#4128,#4129);
#4131=PLANE('',#4130);
#4132=CARTESIAN_POINT('',(120.,7.,20.5));
#4133=VERTEX_POINT('',#4132);
#4134=CARTESIAN_POINT('',(120.,7.,32.));
#4135=VERTEX_POINT('',#4134);
#4136=CARTESIAN_POINT('',(120.,7.,20.5));
#4137=DIRECTION('',(0.,-0.,1.));
#4138=VECTOR('',#4137,11.5);
#4139=LINE('',#4136,#4138);
#4140=EDGE_CURVE('',#4133,#4135,#4139,.T.);
#4141=ORIENTED_EDGE('',*,*,#4140,.F.);
#4142=CARTESIAN_POINT('',(136.2,7.,20.5));
#4143=VERTEX_POINT('',#4142);
#4144=CARTESIAN_POINT('',(136.2,7.,20.5));
#4145=DIRECTION('',(-1.,-0.,-0.));
#4146=VECTOR('',#4145,16.2);
#4147=LINE('',#4144,#4146);
#4148=EDGE_CURVE('',#4143,#4133,#4147,.T.);
#4149=ORIENTED_EDGE('',*,*,#4148,.F.);
#4150=CARTESIAN_POINT('',(136.2,7.,24.5));
#4151=VERTEX_POINT('',#4150);
#4152=CARTESIAN_POINT('',(136.2,7.,24.5));
#4153=DIRECTION('',(-0.,-0.,-1.));
#4154=VECTOR('',#4153,4.);
#4155=LINE('',#4152,#4154);
#4156=EDGE_CURVE('',#4151,#4143,#4155,.T.);
#4157=ORIENTED_EDGE('',*,*,#4156,.F.);
#4158=CARTESIAN_POINT('',(139.5,7.,24.5));
#4159=DIRECTION('',(-1.,-0.,0.));
#4160=VECTOR('',#4159,3.3);
#4161=LINE('',#4158,#4160);
#4162=EDGE_CURVE('',#1349,#4151,#4161,.T.);
#4163=ORIENTED_EDGE('',*,*,#4162,.F.);
#4164=ORIENTED_EDGE('',*,*,#1354,.F.);
#4165=CARTESIAN_POINT('',(120.,7.,32.));
#4166=DIRECTION('',(1.,0.,-0.));
#4167=VECTOR('',#4166,19.5);
#4168=LINE('',#4165,#4167);
#4169=EDGE_CURVE('',#4135,#1340,#4168,.T.);
#4170=ORIENTED_EDGE('',*,*,#4169,.F.);
#4171=EDGE_LOOP('',(#4141,#4149,#4157,#4163,#4164,#4170));
#4172=FACE_BOUND('',#4171,.T.);
#4173=ADVANCED_FACE('',(#4172),#4131,.T.);
#4174=CARTESIAN_POINT('',(-81.5,-23.25,36.5));
#4175=DIRECTION('',(-0.707106781,0.,0.707106781));
#4176=DIRECTION('',(0.707106781,0.,0.707106781));
#4177=AXIS2_PLACEMENT_3D('',#4174,#4175,#4176);
#4178=PLANE('',#4177);
#4179=CARTESIAN_POINT('',(-82.,-47.5,36.));
#4180=VERTEX_POINT('',#4179);
#4181=CARTESIAN_POINT('',(-82.,-15.,36.));
#4182=VERTEX_POINT('',#4181);
#4183=CARTESIAN_POINT('',(-82.,-47.5,36.));
#4184=DIRECTION('',(0.,1.,0.));
#4185=VECTOR('',#4184,32.5);
#4186=LINE('',#4183,#4185);
#4187=EDGE_CURVE('',#4180,#4182,#4186,.T.);
#4188=ORIENTED_EDGE('',*,*,#4187,.F.);
#4189=CARTESIAN_POINT('',(-82.,-47.5,36.));
#4190=DIRECTION('',(0.577350269,0.577350269,0.577350269));
#4191=VECTOR('',#4190,1.732050808);
#4192=LINE('',#4189,#4191);
#4193=EDGE_CURVE('',#4180,#3710,#4192,.T.);
#4194=ORIENTED_EDGE('',*,*,#4193,.T.);
#4195=ORIENTED_EDGE('',*,*,#3717,.T.);
#4196=CARTESIAN_POINT('',(-81.,-16.,37.));
#4197=DIRECTION('',(-0.577350269,0.577350269,-0.577350269));
#4198=VECTOR('',#4197,1.732050808);
#4199=LINE('',#4196,#4198);
#4200=EDGE_CURVE('',#3712,#4182,#4199,.T.);
#4201=ORIENTED_EDGE('',*,*,#4200,.T.);
#4202=EDGE_LOOP('',(#4188,#4194,#4195,#4201));
#4203=FACE_BOUND('',#4202,.T.);
#4204=ADVANCED_FACE('',(#4203),#4178,.T.);
#4205=CARTESIAN_POINT('',(76.25,-15.5,36.5));
#4206=DIRECTION('',(0.,0.707106781,0.707106781));
#4207=DIRECTION('',(1.,0.,-0.));
#4208=AXIS2_PLACEMENT_3D('',#4205,#4206,#4207);
#4209=PLANE('',#4208);
#4210=ORIENTED_EDGE('',*,*,#3755,.T.);
#4211=CARTESIAN_POINT('',(129.,-15.,36.));
#4212=VERTEX_POINT('',#4211);
#4213=CARTESIAN_POINT('',(128.,-16.,37.));
#4214=DIRECTION('',(0.577350269,0.577350269,-0.577350269));
#4215=VECTOR('',#4214,1.732050808);
#4216=LINE('',#4213,#4215);
#4217=EDGE_CURVE('',#3744,#4212,#4216,.T.);
#4218=ORIENTED_EDGE('',*,*,#4217,.T.);
#4219=CARTESIAN_POINT('',(-82.,-15.,36.));
#4220=DIRECTION('',(1.,0.,-0.));
#4221=VECTOR('',#4220,211.);
#4222=LINE('',#4219,#4221);
#4223=EDGE_CURVE('',#4182,#4212,#4222,.T.);
#4224=ORIENTED_EDGE('',*,*,#4223,.F.);
#4225=ORIENTED_EDGE('',*,*,#4200,.F.);
#4226=EDGE_LOOP('',(#4210,#4218,#4224,#4225));
#4227=FACE_BOUND('',#4226,.T.);
#4228=ADVANCED_FACE('',(#4227),#4209,.T.);
#4229=CARTESIAN_POINT('',(128.5,-32.5,36.5));
#4230=DIRECTION('',(0.707106781,0.,0.707106781));
#4231=DIRECTION('',(0.707106781,0.,-0.707106781));
#4232=AXIS2_PLACEMENT_3D('',#4229,#4230,#4231);
#4233=PLANE('',#4232);
#4234=ORIENTED_EDGE('',*,*,#3749,.T.);
#4235=CARTESIAN_POINT('',(129.,-33.,36.));
#4236=VERTEX_POINT('',#4235);
#4237=CARTESIAN_POINT('',(128.,-32.,37.));
#4238=DIRECTION('',(0.577350269,-0.577350269,-0.577350269));
#4239=VECTOR('',#4238,1.732050808);
#4240=LINE('',#4237,#4239);
#4241=EDGE_CURVE('',#3736,#4236,#4240,.T.);
#4242=ORIENTED_EDGE('',*,*,#4241,.T.);
#4243=CARTESIAN_POINT('',(129.,-15.,36.));
#4244=DIRECTION('',(-0.,-1.,-0.));
#4245=VECTOR('',#4244,18.);
#4246=LINE('',#4243,#4245);
#4247=EDGE_CURVE('',#4212,#4236,#4246,.T.);
#4248=ORIENTED_EDGE('',*,*,#4247,.F.);
#4249=ORIENTED_EDGE('',*,*,#4217,.F.);
#4250=EDGE_LOOP('',(#4234,#4242,#4248,#4249));
#4251=FACE_BOUND('',#4250,.T.);
#4252=ADVANCED_FACE('',(#4251),#4233,.T.);
#4253=CARTESIAN_POINT('',(58.5,-32.75,36.25));
#4254=DIRECTION('',(0.,-0.707106781,0.707106781));
#4255=DIRECTION('',(1.,0.,0.));
#4256=AXIS2_PLACEMENT_3D('',#4253,#4254,#4255);
#4257=PLANE('',#4256);
#4258=ORIENTED_EDGE('',*,*,#4241,.F.);
#4259=ORIENTED_EDGE('',*,*,#3741,.T.);
#4260=CARTESIAN_POINT('',(47.5,-33.5,35.5));
#4261=VERTEX_POINT('',#4260);
#4262=CARTESIAN_POINT('',(46.,-32.,37.));
#4263=DIRECTION('',(0.577350269,-0.577350269,-0.577350269));
#4264=VECTOR('',#4263,2.598076211);
#4265=LINE('',#4262,#4264);
#4266=EDGE_CURVE('',#3728,#4261,#4265,.T.);
#4267=ORIENTED_EDGE('',*,*,#4266,.T.);
#4268=CARTESIAN_POINT('',(47.5,-33.5,35.5));
#4269=DIRECTION('',(1.,0.,-0.));
#4270=VECTOR('',#4269,92.);
#4271=LINE('',#4268,#4270);
#4272=EDGE_CURVE('',#4261,#1307,#4271,.T.);
#4273=ORIENTED_EDGE('',*,*,#4272,.T.);
#4274=ORIENTED_EDGE('',*,*,#1312,.T.);
#4275=CARTESIAN_POINT('',(139.5,-33.,36.));
#4276=DIRECTION('',(-1.,-0.,0.));
#4277=VECTOR('',#4276,10.5);
#4278=LINE('',#4275,#4277);
#4279=EDGE_CURVE('',#1299,#4236,#4278,.T.);
#4280=ORIENTED_EDGE('',*,*,#4279,.T.);
#4281=EDGE_LOOP('',(#4258,#4259,#4267,#4273,#4274,#4280));
#4282=FACE_BOUND('',#4281,.T.);
#4283=ADVANCED_FACE('',(#4282),#4257,.T.);
#4284=CARTESIAN_POINT('',(46.75,-36.125,36.25));
#4285=DIRECTION('',(0.707106781,0.,0.707106781));
#4286=DIRECTION('',(0.707106781,0.,-0.707106781));
#4287=AXIS2_PLACEMENT_3D('',#4284,#4285,#4286);
#4288=PLANE('',#4287);
#4289=CARTESIAN_POINT('',(47.5,-48.,35.5));
#4290=VERTEX_POINT('',#4289);
#4291=CARTESIAN_POINT('',(47.5,-48.,35.5));
#4292=DIRECTION('',(0.,1.,0.));
#4293=VECTOR('',#4292,14.5);
#4294=LINE('',#4291,#4293);
#4295=EDGE_CURVE('',#4290,#4261,#4294,.T.);
#4296=ORIENTED_EDGE('',*,*,#4295,.T.);
#4297=ORIENTED_EDGE('',*,*,#4266,.F.);
#4298=ORIENTED_EDGE('',*,*,#3733,.T.);
#4299=CARTESIAN_POINT('',(46.,-46.5,37.));
#4300=DIRECTION('',(0.577350269,-0.577350269,-0.577350269));
#4301=VECTOR('',#4300,2.598076211);
#4302=LINE('',#4299,#4301);
#4303=EDGE_CURVE('',#3720,#4290,#4302,.T.);
#4304=ORIENTED_EDGE('',*,*,#4303,.T.);
#4305=EDGE_LOOP('',(#4296,#4297,#4298,#4304));
#4306=FACE_BOUND('',#4305,.T.);
#4307=ADVANCED_FACE('',(#4306),#4288,.T.);
#4308=CARTESIAN_POINT('',(-1.375,-47.25,36.25));
#4309=DIRECTION('',(-0.,-0.707106781,0.707106781));
#4310=DIRECTION('',(1.,-0.,0.));
#4311=AXIS2_PLACEMENT_3D('',#4308,#4309,#4310);
#4312=PLANE('',#4311);
#4313=ORIENTED_EDGE('',*,*,#4193,.F.);
#4314=CARTESIAN_POINT('',(-82.,-47.5,36.));
#4315=DIRECTION('',(-1.,0.,-0.));
#4316=VECTOR('',#4315,18.);
#4317=LINE('',#4314,#4316);
#4318=EDGE_CURVE('',#4180,#340,#4317,.T.);
#4319=ORIENTED_EDGE('',*,*,#4318,.T.);
#4320=ORIENTED_EDGE('',*,*,#345,.T.);
#4321=CARTESIAN_POINT('',(-100.,-48.,35.5));
#4322=DIRECTION('',(1.,-0.,0.));
#4323=VECTOR('',#4322,147.5);
#4324=LINE('',#4321,#4323);
#4325=EDGE_CURVE('',#332,#4290,#4324,.T.);
#4326=ORIENTED_EDGE('',*,*,#4325,.T.);
#4327=ORIENTED_EDGE('',*,*,#4303,.F.);
#4328=ORIENTED_EDGE('',*,*,#3725,.T.);
#4329=EDGE_LOOP('',(#4313,#4319,#4320,#4326,#4327,#4328));
#4330=FACE_BOUND('',#4329,.T.);
#4331=ADVANCED_FACE('',(#4330),#4312,.T.);
#4332=CARTESIAN_POINT('',(93.5,-33.5,35.));
#4333=DIRECTION('',(0.,1.,0.));
#4334=DIRECTION('',(0.,0.,1.));
#4335=AXIS2_PLACEMENT_3D('',#4332,#4333,#4334);
#4336=PLANE('',#4335);
#4337=ORIENTED_EDGE('',*,*,#4272,.F.);
#4338=CARTESIAN_POINT('',(47.5,-33.5,34.));
#4339=DIRECTION('',(0.,0.,1.));
#4340=VECTOR('',#4339,1.5);
#4341=LINE('',#4338,#4340);
#4342=EDGE_CURVE('',#2386,#4261,#4341,.T.);
#4343=ORIENTED_EDGE('',*,*,#4342,.F.);
#4344=ORIENTED_EDGE('',*,*,#2391,.F.);
#4345=ORIENTED_EDGE('',*,*,#1320,.T.);
#4346=EDGE_LOOP('',(#4337,#4343,#4344,#4345));
#4347=FACE_BOUND('',#4346,.T.);
#4348=ADVANCED_FACE('',(#4347),#4336,.F.);
#4349=CARTESIAN_POINT('',(47.5,-40.75,35.));
#4350=DIRECTION('',(-1.,0.,0.));
#4351=DIRECTION('',(0.,0.,1.));
#4352=AXIS2_PLACEMENT_3D('',#4349,#4350,#4351);
#4353=PLANE('',#4352);
#4354=ORIENTED_EDGE('',*,*,#4295,.F.);
#4355=CARTESIAN_POINT('',(47.5,-48.,34.));
#4356=DIRECTION('',(0.,0.,1.));
#4357=VECTOR('',#4356,1.5);
#4358=LINE('',#4355,#4357);
#4359=EDGE_CURVE('',#2394,#4290,#4358,.T.);
#4360=ORIENTED_EDGE('',*,*,#4359,.F.);
#4361=ORIENTED_EDGE('',*,*,#2399,.F.);
#4362=ORIENTED_EDGE('',*,*,#4342,.T.);
#4363=EDGE_LOOP('',(#4354,#4360,#4361,#4362));
#4364=FACE_BOUND('',#4363,.T.);
#4365=ADVANCED_FACE('',(#4364),#4353,.F.);
#4366=CARTESIAN_POINT('',(-26.25,-48.,35.));
#4367=DIRECTION('',(0.,1.,0.));
#4368=DIRECTION('',(0.,0.,1.));
#4369=AXIS2_PLACEMENT_3D('',#4366,#4367,#4368);
#4370=PLANE('',#4369);
#4371=ORIENTED_EDGE('',*,*,#4325,.F.);
#4372=ORIENTED_EDGE('',*,*,#337,.F.);
#4373=ORIENTED_EDGE('',*,*,#2405,.F.);
#4374=ORIENTED_EDGE('',*,*,#4359,.T.);
#4375=EDGE_LOOP('',(#4371,#4372,#4373,#4374));
#4376=FACE_BOUND('',#4375,.T.);
#4377=ADVANCED_FACE('',(#4376),#4370,.F.);
#4378=CARTESIAN_POINT('',(-95.5,0.,24.));
#4379=DIRECTION('',(0.,-0.,1.));
#4380=DIRECTION('',(-1.,0.,0.));
#4381=AXIS2_PLACEMENT_3D('',#4378,#4379,#4380);
#4382=PLANE('',#4381);
#4383=CARTESIAN_POINT('',(-95.8,-2.65,24.));
#4384=VERTEX_POINT('',#4383);
#4385=CARTESIAN_POINT('',(-97.45,-1.,24.));
#4386=VERTEX_POINT('',#4385);
#4387=CARTESIAN_POINT('',(-95.8,-1.,24.));
#4388=DIRECTION('',(0.,-0.,1.));
#4389=DIRECTION('',(0.,-1.,-0.));
#4390=AXIS2_PLACEMENT_3D('',#4387,#4388,#4389);
#4391=CIRCLE('',#4390,1.65);
#4392=EDGE_CURVE('',#4384,#4386,#4391,.T.);
#4393=ORIENTED_EDGE('',*,*,#4392,.T.);
#4394=CARTESIAN_POINT('',(-95.8,-1.,24.));
#4395=DIRECTION('',(0.,-0.,1.));
#4396=DIRECTION('',(0.,-1.,-0.));
#4397=AXIS2_PLACEMENT_3D('',#4394,#4395,#4396);
#4398=CIRCLE('',#4397,1.65);
#4399=EDGE_CURVE('',#4386,#4384,#4398,.T.);
#4400=ORIENTED_EDGE('',*,*,#4399,.T.);
#4401=EDGE_LOOP('',(#4393,#4400));
#4402=FACE_BOUND('',#4401,.T.);
#4403=CARTESIAN_POINT('',(-98.5,8.,24.));
#4404=VERTEX_POINT('',#4403);
#4405=CARTESIAN_POINT('',(-98.5,8.,24.));
#4406=DIRECTION('',(0.,-1.,-0.));
#4407=VECTOR('',#4406,2.);
#4408=LINE('',#4405,#4407);
#4409=EDGE_CURVE('',#4404,#3946,#4408,.T.);
#4410=ORIENTED_EDGE('',*,*,#4409,.T.);
#4411=ORIENTED_EDGE('',*,*,#3951,.T.);
#4412=ORIENTED_EDGE('',*,*,#4009,.F.);
#4413=ORIENTED_EDGE('',*,*,#4034,.F.);
#4414=ORIENTED_EDGE('',*,*,#4065,.F.);
#4415=ORIENTED_EDGE('',*,*,#4096,.F.);
#4416=CARTESIAN_POINT('',(-100.,-30.75,24.));
#4417=DIRECTION('',(1.,0.,-0.));
#4418=VECTOR('',#4417,2.);
#4419=LINE('',#4416,#4418);
#4420=EDGE_CURVE('',#308,#4085,#4419,.T.);
#4421=ORIENTED_EDGE('',*,*,#4420,.F.);
#4422=ORIENTED_EDGE('',*,*,#313,.F.);
#4423=CARTESIAN_POINT('',(-99.4,9.75,24.));
#4424=VERTEX_POINT('',#4423);
#4425=CARTESIAN_POINT('',(-100.,9.75,24.));
#4426=DIRECTION('',(1.,0.,-0.));
#4427=VECTOR('',#4426,0.6);
#4428=LINE('',#4425,#4427);
#4429=EDGE_CURVE('',#300,#4424,#4428,.T.);
#4430=ORIENTED_EDGE('',*,*,#4429,.T.);
#4431=CARTESIAN_POINT('',(-99.4,8.,24.));
#4432=VERTEX_POINT('',#4431);
#4433=CARTESIAN_POINT('',(-99.4,8.,24.));
#4434=DIRECTION('',(0.,1.,0.));
#4435=VECTOR('',#4434,1.75);
#4436=LINE('',#4433,#4435);
#4437=EDGE_CURVE('',#4432,#4424,#4436,.T.);
#4438=ORIENTED_EDGE('',*,*,#4437,.F.);
#4439=CARTESIAN_POINT('',(-98.5,8.,24.));
#4440=DIRECTION('',(-1.,0.,0.));
#4441=VECTOR('',#4440,0.9);
#4442=LINE('',#4439,#4441);
#4443=EDGE_CURVE('',#4404,#4432,#4442,.T.);
#4444=ORIENTED_EDGE('',*,*,#4443,.F.);
#4445=EDGE_LOOP('',(#4410,#4411,#4412,#4413,#4414,#4415,#4421,#4422,#4430,#4438,#4444));
#4446=FACE_BOUND('',#4445,.T.);
#4447=ADVANCED_FACE('',(#4402,#4446),#4382,.F.);
#4448=CARTESIAN_POINT('',(-95.8,-1.,30.05));
#4449=DIRECTION('',(0.,-0.,1.));
#4450=DIRECTION('',(-1.,0.,0.));
#4451=AXIS2_PLACEMENT_3D('',#4448,#4449,#4450);
#4452=CYLINDRICAL_SURFACE('',#4451,1.65);
#4453=CARTESIAN_POINT('',(-97.45,-1.,35.));
#4454=VERTEX_POINT('',#4453);
#4455=CARTESIAN_POINT('',(-97.45,-1.,35.));
#4456=DIRECTION('',(-0.,0.,-1.));
#4457=VECTOR('',#4456,11.);
#4458=LINE('',#4455,#4457);
#4459=EDGE_CURVE('',#4454,#4386,#4458,.T.);
#4460=ORIENTED_EDGE('',*,*,#4459,.F.);
#4461=CARTESIAN_POINT('',(-95.8,-1.,35.));
#4462=DIRECTION('',(-0.,-0.,1.));
#4463=DIRECTION('',(-1.,0.,0.));
#4464=AXIS2_PLACEMENT_3D('',#4461,#4462,#4463);
#4465=CIRCLE('',#4464,1.65);
#4466=EDGE_CURVE('',#4454,#4454,#4465,.T.);
#4467=ORIENTED_EDGE('',*,*,#4466,.T.);
#4468=ORIENTED_EDGE('',*,*,#4459,.T.);
#4469=ORIENTED_EDGE('',*,*,#4392,.F.);
#4470=ORIENTED_EDGE('',*,*,#4399,.F.);
#4471=EDGE_LOOP('',(#4460,#4467,#4468,#4469,#4470));
#4472=FACE_BOUND('',#4471,.T.);
#4473=ADVANCED_FACE('',(#4472),#4452,.F.);
#4474=CARTESIAN_POINT('',(-95.5,0.,35.));
#4475=DIRECTION('',(0.,0.,-1.));
#4476=DIRECTION('',(-1.,0.,0.));
#4477=AXIS2_PLACEMENT_3D('',#4474,#4475,#4476);
#4478=PLANE('',#4477);
#4479=ORIENTED_EDGE('',*,*,#4466,.F.);
#4480=EDGE_LOOP('',(#4479));
#4481=FACE_BOUND('',#4480,.T.);
#4482=ADVANCED_FACE('',(#4481),#4478,.T.);
#4483=CARTESIAN_POINT('',(-89.,6.,41.25));
#4484=DIRECTION('',(0.,-1.,0.));
#4485=DIRECTION('',(1.,0.,0.));
#4486=AXIS2_PLACEMENT_3D('',#4483,#4484,#4485);
#4487=PLANE('',#4486);
#4488=CARTESIAN_POINT('',(-78.,6.,36.));
#4489=DIRECTION('',(-1.,0.,0.));
#4490=VECTOR('',#4489,22.);
#4491=LINE('',#4488,#4490);
#4492=EDGE_CURVE('',#138,#348,#4491,.T.);
#4493=ORIENTED_EDGE('',*,*,#4492,.F.);
#4494=ORIENTED_EDGE('',*,*,#143,.F.);
#4495=CARTESIAN_POINT('',(-100.,6.,43.));
#4496=DIRECTION('',(1.,0.,-0.));
#4497=VECTOR('',#4496,22.);
#4498=LINE('',#4495,#4497);
#4499=EDGE_CURVE('',#356,#130,#4498,.T.);
#4500=ORIENTED_EDGE('',*,*,#4499,.F.);
#4501=ORIENTED_EDGE('',*,*,#361,.T.);
#4502=EDGE_LOOP('',(#4493,#4494,#4500,#4501));
#4503=FACE_BOUND('',#4502,.T.);
#4504=ADVANCED_FACE('',(#4503),#4487,.T.);
#4505=CARTESIAN_POINT('',(-100.,-30.75,29.5));
#4506=DIRECTION('',(0.,1.,0.));
#4507=DIRECTION('',(0.,0.,1.));
#4508=AXIS2_PLACEMENT_3D('',#4505,#4506,#4507);
#4509=PLANE('',#4508);
#4510=ORIENTED_EDGE('',*,*,#321,.T.);
#4511=ORIENTED_EDGE('',*,*,#4420,.T.);
#4512=ORIENTED_EDGE('',*,*,#4090,.F.);
#4513=CARTESIAN_POINT('',(-96.,-30.75,32.));
#4514=DIRECTION('',(-0.,-1.,-0.));
#4515=DIRECTION('',(0.,-0.,1.));
#4516=AXIS2_PLACEMENT_3D('',#4513,#4514,#4515);
#4517=CIRCLE('',#4516,2.);
#4518=EDGE_CURVE('',#3911,#4077,#4517,.T.);
#4519=ORIENTED_EDGE('',*,*,#4518,.F.);
#4520=ORIENTED_EDGE('',*,*,#3925,.F.);
#4521=ORIENTED_EDGE('',*,*,#2414,.F.);
#4522=EDGE_LOOP('',(#4510,#4511,#4512,#4519,#4520,#4521));
#4523=FACE_BOUND('',#4522,.T.);
#4524=ADVANCED_FACE('',(#4523),#4509,.F.);
#4525=CARTESIAN_POINT('',(-100.,7.,44.));
#4526=DIRECTION('',(0.,-0.707106781,0.707106781));
#4527=DIRECTION('',(1.,0.,0.));
#4528=AXIS2_PLACEMENT_3D('',#4525,#4526,#4527);
#4529=PLANE('',#4528);
#4530=ORIENTED_EDGE('',*,*,#135,.F.);
#4531=CARTESIAN_POINT('',(-100.,10.5,47.5));
#4532=DIRECTION('',(1.,0.,-0.));
#4533=VECTOR('',#4532,22.);
#4534=LINE('',#4531,#4533);
#4535=EDGE_CURVE('',#364,#122,#4534,.T.);
#4536=ORIENTED_EDGE('',*,*,#4535,.F.);
#4537=ORIENTED_EDGE('',*,*,#369,.F.);
#4538=ORIENTED_EDGE('',*,*,#4499,.T.);
#4539=EDGE_LOOP('',(#4530,#4536,#4537,#4538));
#4540=FACE_BOUND('',#4539,.T.);
#4541=ADVANCED_FACE('',(#4540),#4529,.T.);
#4542=CARTESIAN_POINT('',(-89.,12.5,47.5));
#4543=DIRECTION('',(0.,0.,1.));
#4544=DIRECTION('',(1.,0.,0.));
#4545=AXIS2_PLACEMENT_3D('',#4542,#4543,#4544);
#4546=PLANE('',#4545);
#4547=ORIENTED_EDGE('',*,*,#269,.T.);
#4548=ORIENTED_EDGE('',*,*,#375,.T.);
#4549=ORIENTED_EDGE('',*,*,#4535,.T.);
#4550=ORIENTED_EDGE('',*,*,#127,.T.);
#4551=EDGE_LOOP('',(#4547,#4548,#4549,#4550));
#4552=FACE_BOUND('',#4551,.T.);
#4553=ADVANCED_FACE('',(#4552),#4546,.T.);
#4554=CARTESIAN_POINT('',(-78.,8.5,38.5));
#4555=DIRECTION('',(0.,-1.,0.));
#4556=DIRECTION('',(0.,0.,-1.));
#4557=AXIS2_PLACEMENT_3D('',#4554,#4555,#4556);
#4558=PLANE('',#4557);
#4559=ORIENTED_EDGE('',*,*,#175,.T.);
#4560=ORIENTED_EDGE('',*,*,#2485,.T.);
#4561=CARTESIAN_POINT('',(-79.,8.5,42.));
#4562=VERTEX_POINT('',#4561);
#4563=CARTESIAN_POINT('',(-79.,8.5,42.));
#4564=DIRECTION('',(-0.,-0.,-1.));
#4565=VECTOR('',#4564,8.);
#4566=LINE('',#4563,#4565);
#4567=EDGE_CURVE('',#4562,#2474,#4566,.T.);
#4568=ORIENTED_EDGE('',*,*,#4567,.F.);
#4569=CARTESIAN_POINT('',(-78.,8.5,42.));
#4570=DIRECTION('',(-1.,-0.,0.));
#4571=VECTOR('',#4570,1.);
#4572=LINE('',#4569,#4571);
#4573=EDGE_CURVE('',#170,#4562,#4572,.T.);
#4574=ORIENTED_EDGE('',*,*,#4573,.F.);
#4575=EDGE_LOOP('',(#4559,#4560,#4568,#4574));
#4576=FACE_BOUND('',#4575,.T.);
#4577=ADVANCED_FACE('',(#4576),#4558,.F.);
#4578=CARTESIAN_POINT('',(-78.,12.625,42.));
#4579=DIRECTION('',(1.,0.,0.));
#4580=DIRECTION('',(-0.,1.,0.));
#4581=AXIS2_PLACEMENT_3D('',#4578,#4579,#4580);
#4582=CYLINDRICAL_SURFACE('',#4581,4.125);
#4583=ORIENTED_EDGE('',*,*,#4573,.T.);
#4584=CARTESIAN_POINT('',(-79.,16.75,42.));
#4585=VERTEX_POINT('',#4584);
#4586=CARTESIAN_POINT('',(-79.,12.625,42.));
#4587=DIRECTION('',(1.,0.,0.));
#4588=DIRECTION('',(0.,0.,-1.));
#4589=AXIS2_PLACEMENT_3D('',#4586,#4587,#4588);
#4590=CIRCLE('',#4589,4.125);
#4591=EDGE_CURVE('',#4585,#4562,#4590,.T.);
#4592=ORIENTED_EDGE('',*,*,#4591,.F.);
#4593=CARTESIAN_POINT('',(-78.,16.75,42.));
#4594=DIRECTION('',(-1.,-0.,0.));
#4595=VECTOR('',#4594,1.);
#4596=LINE('',#4593,#4595);
#4597=EDGE_CURVE('',#178,#4585,#4596,.T.);
#4598=ORIENTED_EDGE('',*,*,#4597,.F.);
#4599=ORIENTED_EDGE('',*,*,#184,.T.);
#4600=EDGE_LOOP('',(#4583,#4592,#4598,#4599));
#4601=FACE_BOUND('',#4600,.T.);
#4602=ADVANCED_FACE('',(#4601),#4582,.F.);
#4603=CARTESIAN_POINT('',(-78.,16.75,39.5));
#4604=DIRECTION('',(0.,1.,0.));
#4605=DIRECTION('',(0.,0.,1.));
#4606=AXIS2_PLACEMENT_3D('',#4603,#4604,#4605);
#4607=PLANE('',#4606);
#4608=ORIENTED_EDGE('',*,*,#192,.T.);
#4609=ORIENTED_EDGE('',*,*,#4597,.T.);
#4610=CARTESIAN_POINT('',(-79.,16.75,37.));
#4611=DIRECTION('',(0.,0.,1.));
#4612=VECTOR('',#4611,5.);
#4613=LINE('',#4610,#4612);
#4614=EDGE_CURVE('',#211,#4585,#4613,.T.);
#4615=ORIENTED_EDGE('',*,*,#4614,.F.);
#4616=ORIENTED_EDGE('',*,*,#216,.F.);
#4617=EDGE_LOOP('',(#4608,#4609,#4615,#4616));
#4618=FACE_BOUND('',#4617,.T.);
#4619=ADVANCED_FACE('',(#4618),#4607,.F.);
#4620=CARTESIAN_POINT('',(-89.,12.5,46.5));
#4621=DIRECTION('',(0.,0.,1.));
#4622=DIRECTION('',(1.,0.,0.));
#4623=AXIS2_PLACEMENT_3D('',#4620,#4621,#4622);
#4624=PLANE('',#4623);
#4625=CARTESIAN_POINT('',(-79.,14.25,46.5));
#4626=VERTEX_POINT('',#4625);
#4627=CARTESIAN_POINT('',(-99.4,14.25,46.5));
#4628=VERTEX_POINT('',#4627);
#4629=CARTESIAN_POINT('',(-79.,14.25,46.5));
#4630=DIRECTION('',(-1.,-0.,0.));
#4631=VECTOR('',#4630,20.4);
#4632=LINE('',#4629,#4631);
#4633=EDGE_CURVE('',#4626,#4628,#4632,.T.);
#4634=ORIENTED_EDGE('',*,*,#4633,.F.);
#4635=CARTESIAN_POINT('',(-79.,10.914213562,46.5));
#4636=VERTEX_POINT('',#4635);
#4637=CARTESIAN_POINT('',(-79.,10.914213562,46.5));
#4638=DIRECTION('',(0.,1.,0.));
#4639=VECTOR('',#4638,3.335786438);
#4640=LINE('',#4637,#4639);
#4641=EDGE_CURVE('',#4636,#4626,#4640,.T.);
#4642=ORIENTED_EDGE('',*,*,#4641,.F.);
#4643=CARTESIAN_POINT('',(-99.4,10.914213562,46.5));
#4644=VERTEX_POINT('',#4643);
#4645=CARTESIAN_POINT('',(-99.4,10.914213562,46.5));
#4646=DIRECTION('',(1.,0.,-0.));
#4647=VECTOR('',#4646,20.4);
#4648=LINE('',#4645,#4647);
#4649=EDGE_CURVE('',#4644,#4636,#4648,.T.);
#4650=ORIENTED_EDGE('',*,*,#4649,.F.);
#4651=CARTESIAN_POINT('',(-99.4,14.25,46.5));
#4652=DIRECTION('',(0.,-1.,0.));
#4653=VECTOR('',#4652,3.335786438);
#4654=LINE('',#4651,#4653);
#4655=EDGE_CURVE('',#4628,#4644,#4654,.T.);
#4656=ORIENTED_EDGE('',*,*,#4655,.F.);
#4657=EDGE_LOOP('',(#4634,#4642,#4650,#4656));
#4658=FACE_BOUND('',#4657,.T.);
#4659=ADVANCED_FACE('',(#4658),#4624,.F.);
#4660=CARTESIAN_POINT('',(19.75,14.25,43.75));
#4661=DIRECTION('',(1.,0.,0.));
#4662=DIRECTION('',(-0.,1.,0.));
#4663=AXIS2_PLACEMENT_3D('',#4660,#4661,#4662);
#4664=CYLINDRICAL_SURFACE('',#4663,2.75);
#4665=CARTESIAN_POINT('',(-79.,14.25,43.75));
#4666=DIRECTION('',(1.,0.,0.));
#4667=DIRECTION('',(0.,0.,-1.));
#4668=AXIS2_PLACEMENT_3D('',#4665,#4666,#4667);
#4669=CIRCLE('',#4668,2.75);
#4670=EDGE_CURVE('',#73,#4626,#4669,.T.);
#4671=ORIENTED_EDGE('',*,*,#4670,.T.);
#4672=ORIENTED_EDGE('',*,*,#4633,.T.);
#4673=CARTESIAN_POINT('',(-99.4,14.25,43.75));
#4674=DIRECTION('',(-1.,-0.,-0.));
#4675=DIRECTION('',(0.,0.,-1.));
#4676=AXIS2_PLACEMENT_3D('',#4673,#4674,#4675);
#4677=CIRCLE('',#4676,2.75);
#4678=EDGE_CURVE('',#4628,#75,#4677,.T.);
#4679=ORIENTED_EDGE('',*,*,#4678,.T.);
#4680=ORIENTED_EDGE('',*,*,#80,.F.);
#4681=EDGE_LOOP('',(#4671,#4672,#4679,#4680));
#4682=FACE_BOUND('',#4681,.T.);
#4683=ADVANCED_FACE('',(#4682),#4664,.F.);
#4684=CARTESIAN_POINT('',(-100.,16.25,39.5));
#4685=DIRECTION('',(0.,1.,0.));
#4686=DIRECTION('',(0.,-0.,1.));
#4687=AXIS2_PLACEMENT_3D('',#4684,#4685,#4686);
#4688=PLANE('',#4687);
#4689=ORIENTED_EDGE('',*,*,#288,.T.);
#4690=ORIENTED_EDGE('',*,*,#239,.T.);
#4691=CARTESIAN_POINT('',(-99.4,16.25,42.));
#4692=VERTEX_POINT('',#4691);
#4693=CARTESIAN_POINT('',(-99.4,16.25,42.));
#4694=DIRECTION('',(0.,0.,-1.));
#4695=VECTOR('',#4694,5.);
#4696=LINE('',#4693,#4695);
#4697=EDGE_CURVE('',#4692,#226,#4696,.T.);
#4698=ORIENTED_EDGE('',*,*,#4697,.F.);
#4699=CARTESIAN_POINT('',(-100.,16.25,42.));
#4700=DIRECTION('',(1.,0.,-0.));
#4701=VECTOR('',#4700,0.6);
#4702=LINE('',#4699,#4701);
#4703=EDGE_CURVE('',#283,#4692,#4702,.T.);
#4704=ORIENTED_EDGE('',*,*,#4703,.F.);
#4705=EDGE_LOOP('',(#4689,#4690,#4698,#4704));
#4706=FACE_BOUND('',#4705,.T.);
#4707=ADVANCED_FACE('',(#4706),#4688,.F.);
#4708=CARTESIAN_POINT('',(-100.,13.25,42.));
#4709=DIRECTION('',(1.,0.,0.));
#4710=DIRECTION('',(-0.,1.,0.));
#4711=AXIS2_PLACEMENT_3D('',#4708,#4709,#4710);
#4712=CYLINDRICAL_SURFACE('',#4711,3.);
#4713=ORIENTED_EDGE('',*,*,#297,.F.);
#4714=ORIENTED_EDGE('',*,*,#4703,.T.);
#4715=CARTESIAN_POINT('',(-99.4,10.251151347,42.083106887));
#4716=VERTEX_POINT('',#4715);
#4717=CARTESIAN_POINT('',(-99.4,13.25,42.));
#4718=DIRECTION('',(1.,0.,0.));
#4719=DIRECTION('',(0.,0.,-1.));
#4720=AXIS2_PLACEMENT_3D('',#4717,#4718,#4719);
#4721=CIRCLE('',#4720,3.);
#4722=EDGE_CURVE('',#4692,#4716,#4721,.T.);
#4723=ORIENTED_EDGE('',*,*,#4722,.T.);
#4724=CARTESIAN_POINT('',(-100.,10.251151418,42.083109447));
#4725=DIRECTION('',(1.,0.,-0.));
#4726=VECTOR('',#4725,0.6);
#4727=LINE('',#4724,#4726);
#4728=EDGE_CURVE('',#291,#4716,#4727,.T.);
#4729=ORIENTED_EDGE('',*,*,#4728,.F.);
#4730=EDGE_LOOP('',(#4713,#4714,#4723,#4729));
#4731=FACE_BOUND('',#4730,.T.);
#4732=ADVANCED_FACE('',(#4731),#4712,.F.);
#4733=CARTESIAN_POINT('',(-100.,10.000575709,33.041554723));
#4734=DIRECTION('',(0.,-0.999616194,0.027703149));
#4735=DIRECTION('',(0.,-0.027703149,-0.999616194));
#4736=AXIS2_PLACEMENT_3D('',#4733,#4734,#4735);
#4737=PLANE('',#4736);
#4738=ORIENTED_EDGE('',*,*,#305,.T.);
#4739=ORIENTED_EDGE('',*,*,#4728,.T.);
#4740=CARTESIAN_POINT('',(-99.4,9.75,24.));
#4741=DIRECTION('',(0.,0.027703149,0.999616194));
#4742=VECTOR('',#4741,18.090049955);
#4743=LINE('',#4740,#4742);
#4744=EDGE_CURVE('',#4424,#4716,#4743,.T.);
#4745=ORIENTED_EDGE('',*,*,#4744,.F.);
#4746=ORIENTED_EDGE('',*,*,#4429,.F.);
#4747=EDGE_LOOP('',(#4738,#4739,#4745,#4746));
#4748=FACE_BOUND('',#4747,.T.);
#4749=ADVANCED_FACE('',(#4748),#4737,.F.);
#4750=CARTESIAN_POINT('',(-80.,7.,27.75));
#4751=DIRECTION('',(-1.,0.,0.));
#4752=DIRECTION('',(0.,0.,1.));
#4753=AXIS2_PLACEMENT_3D('',#4750,#4751,#4752);
#4754=PLANE('',#4753);
#4755=ORIENTED_EDGE('',*,*,#3975,.F.);
#4756=CARTESIAN_POINT('',(-80.,8.,20.5));
#4757=VERTEX_POINT('',#4756);
#4758=CARTESIAN_POINT('',(-80.,6.,20.5));
#4759=DIRECTION('',(0.,1.,0.));
#4760=VECTOR('',#4759,2.);
#4761=LINE('',#4758,#4760);
#4762=EDGE_CURVE('',#3962,#4757,#4761,.T.);
#4763=ORIENTED_EDGE('',*,*,#4762,.T.);
#4764=CARTESIAN_POINT('',(-80.,8.,20.5));
#4765=DIRECTION('',(0.,0.,1.));
#4766=VECTOR('',#4765,13.5);
#4767=LINE('',#4764,#4766);
#4768=EDGE_CURVE('',#4757,#2458,#4767,.T.);
#4769=ORIENTED_EDGE('',*,*,#4768,.T.);
#4770=ORIENTED_EDGE('',*,*,#2463,.F.);
#4771=ORIENTED_EDGE('',*,*,#3798,.F.);
#4772=CARTESIAN_POINT('',(-80.,4.,32.));
#4773=DIRECTION('',(1.,0.,0.));
#4774=DIRECTION('',(0.,0.,-1.));
#4775=AXIS2_PLACEMENT_3D('',#4772,#4773,#4774);
#4776=CIRCLE('',#4775,2.);
#4777=EDGE_CURVE('',#3970,#3784,#4776,.T.);
#4778=ORIENTED_EDGE('',*,*,#4777,.F.);
#4779=EDGE_LOOP('',(#4755,#4763,#4769,#4770,#4771,#4778));
#4780=FACE_BOUND('',#4779,.T.);
#4781=ADVANCED_FACE('',(#4780),#4754,.F.);
#4782=CARTESIAN_POINT('',(-79.,12.5,41.25));
#4783=DIRECTION('',(1.,0.,0.));
#4784=DIRECTION('',(0.,1.,0.));
#4785=AXIS2_PLACEMENT_3D('',#4782,#4783,#4784);
#4786=PLANE('',#4785);
#4787=CARTESIAN_POINT('',(-79.,8.,43.585786438));
#4788=VERTEX_POINT('',#4787);
#4789=CARTESIAN_POINT('',(-79.,8.,43.585786438));
#4790=DIRECTION('',(0.,0.,-1.));
#4791=VECTOR('',#4790,9.585786438);
#4792=LINE('',#4789,#4791);
#4793=EDGE_CURVE('',#4788,#2466,#4792,.T.);
#4794=ORIENTED_EDGE('',*,*,#4793,.F.);
#4795=CARTESIAN_POINT('',(-79.,10.914213562,46.5));
#4796=DIRECTION('',(-0.,-0.707106781,-0.707106781));
#4797=VECTOR('',#4796,4.121320344);
#4798=LINE('',#4795,#4797);
#4799=EDGE_CURVE('',#4636,#4788,#4798,.T.);
#4800=ORIENTED_EDGE('',*,*,#4799,.F.);
#4801=ORIENTED_EDGE('',*,*,#4641,.T.);
#4802=ORIENTED_EDGE('',*,*,#4670,.F.);
#4803=ORIENTED_EDGE('',*,*,#102,.F.);
#4804=ORIENTED_EDGE('',*,*,#222,.T.);
#4805=ORIENTED_EDGE('',*,*,#4614,.T.);
#4806=ORIENTED_EDGE('',*,*,#4591,.T.);
#4807=ORIENTED_EDGE('',*,*,#4567,.T.);
#4808=ORIENTED_EDGE('',*,*,#2479,.T.);
#4809=EDGE_LOOP('',(#4794,#4800,#4801,#4802,#4803,#4804,#4805,#4806,#4807,#4808));
#4810=FACE_BOUND('',#4809,.T.);
#4811=ADVANCED_FACE('',(#4810),#4786,.F.);
#4812=CARTESIAN_POINT('',(-100.,7.707106781,43.292893219));
#4813=DIRECTION('',(0.,-0.707106781,0.707106781));
#4814=DIRECTION('',(1.,0.,0.));
#4815=AXIS2_PLACEMENT_3D('',#4812,#4813,#4814);
#4816=PLANE('',#4815);
#4817=CARTESIAN_POINT('',(-99.4,8.,43.585786438));
#4818=VERTEX_POINT('',#4817);
#4819=CARTESIAN_POINT('',(-99.4,8.,43.585786438));
#4820=DIRECTION('',(0.,0.707106781,0.707106781));
#4821=VECTOR('',#4820,4.121320344);
#4822=LINE('',#4819,#4821);
#4823=EDGE_CURVE('',#4818,#4644,#4822,.T.);
#4824=ORIENTED_EDGE('',*,*,#4823,.T.);
#4825=ORIENTED_EDGE('',*,*,#4649,.T.);
#4826=ORIENTED_EDGE('',*,*,#4799,.T.);
#4827=CARTESIAN_POINT('',(-99.4,8.,43.585786438));
#4828=DIRECTION('',(1.,0.,-0.));
#4829=VECTOR('',#4828,20.4);
#4830=LINE('',#4827,#4829);
#4831=EDGE_CURVE('',#4818,#4788,#4830,.T.);
#4832=ORIENTED_EDGE('',*,*,#4831,.F.);
#4833=EDGE_LOOP('',(#4824,#4825,#4826,#4832));
#4834=FACE_BOUND('',#4833,.T.);
#4835=ADVANCED_FACE('',(#4834),#4816,.F.);
#4836=CARTESIAN_POINT('',(-99.4,12.5,35.75));
#4837=DIRECTION('',(1.,0.,0.));
#4838=DIRECTION('',(0.,1.,0.));
#4839=AXIS2_PLACEMENT_3D('',#4836,#4837,#4838);
#4840=PLANE('',#4839);
#4841=CARTESIAN_POINT('',(-99.4,8.,43.585786438));
#4842=DIRECTION('',(0.,0.,-1.));
#4843=VECTOR('',#4842,19.585786438);
#4844=LINE('',#4841,#4843);
#4845=EDGE_CURVE('',#4818,#4432,#4844,.T.);
#4846=ORIENTED_EDGE('',*,*,#4845,.T.);
#4847=ORIENTED_EDGE('',*,*,#4437,.T.);
#4848=ORIENTED_EDGE('',*,*,#4744,.T.);
#4849=ORIENTED_EDGE('',*,*,#4722,.F.);
#4850=ORIENTED_EDGE('',*,*,#4697,.T.);
#4851=ORIENTED_EDGE('',*,*,#231,.T.);
#4852=ORIENTED_EDGE('',*,*,#88,.T.);
#4853=ORIENTED_EDGE('',*,*,#4678,.F.);
#4854=ORIENTED_EDGE('',*,*,#4655,.T.);
#4855=ORIENTED_EDGE('',*,*,#4823,.F.);
#4856=EDGE_LOOP('',(#4846,#4847,#4848,#4849,#4850,#4851,#4852,#4853,#4854,#4855));
#4857=FACE_BOUND('',#4856,.T.);
#4858=ADVANCED_FACE('',(#4857),#4840,.T.);
#4859=CARTESIAN_POINT('',(-100.,7.707106781,43.292893219));
#4860=DIRECTION('',(0.,-0.707106781,0.707106781));
#4861=DIRECTION('',(1.,0.,0.));
#4862=AXIS2_PLACEMENT_3D('',#4859,#4860,#4861);
#4863=PLANE('',#4862);
#4864=CARTESIAN_POINT('',(-35.,8.,43.585786438));
#4865=DIRECTION('',(0.,0.707106781,0.707106781));
#4866=VECTOR('',#4865,4.121320344);
#4867=LINE('',#4864,#4866);
#4868=EDGE_CURVE('',#3381,#1505,#4867,.T.);
#4869=ORIENTED_EDGE('',*,*,#4868,.T.);
#4870=ORIENTED_EDGE('',*,*,#1510,.T.);
#4871=ORIENTED_EDGE('',*,*,#3507,.T.);
#4872=ORIENTED_EDGE('',*,*,#3394,.F.);
#4873=EDGE_LOOP('',(#4869,#4870,#4871,#4872));
#4874=FACE_BOUND('',#4873,.T.);
#4875=ADVANCED_FACE('',(#4874),#4863,.F.);
#4876=CARTESIAN_POINT('',(90.,12.5,41.25));
#4877=DIRECTION('',(1.,0.,0.));
#4878=DIRECTION('',(0.,1.,0.));
#4879=AXIS2_PLACEMENT_3D('',#4876,#4877,#4878);
#4880=PLANE('',#4879);
#4881=ORIENTED_EDGE('',*,*,#3377,.F.);
#4882=ORIENTED_EDGE('',*,*,#3570,.F.);
#4883=ORIENTED_EDGE('',*,*,#1534,.T.);
#4884=CARTESIAN_POINT('',(90.,17.,43.75));
#4885=VERTEX_POINT('',#4884);
#4886=CARTESIAN_POINT('',(90.,14.25,43.75));
#4887=DIRECTION('',(1.,0.,0.));
#4888=DIRECTION('',(0.,0.,-1.));
#4889=AXIS2_PLACEMENT_3D('',#4886,#4887,#4888);
#4890=CIRCLE('',#4889,2.75);
#4891=EDGE_CURVE('',#4885,#1521,#4890,.T.);
#4892=ORIENTED_EDGE('',*,*,#4891,.F.);
#4893=CARTESIAN_POINT('',(90.,17.,37.));
#4894=DIRECTION('',(-0.,-0.,1.));
#4895=VECTOR('',#4894,6.75);
#4896=LINE('',#4893,#4895);
#4897=EDGE_CURVE('',#549,#4885,#4896,.T.);
#4898=ORIENTED_EDGE('',*,*,#4897,.F.);
#4899=ORIENTED_EDGE('',*,*,#556,.T.);
#4900=CARTESIAN_POINT('',(90.,16.25,41.75));
#4901=VERTEX_POINT('',#4900);
#4902=CARTESIAN_POINT('',(90.,16.25,37.));
#4903=DIRECTION('',(0.,0.,1.));
#4904=VECTOR('',#4903,4.75);
#4905=LINE('',#4902,#4904);
#4906=EDGE_CURVE('',#551,#4901,#4905,.T.);
#4907=ORIENTED_EDGE('',*,*,#4906,.T.);
#4908=CARTESIAN_POINT('',(90.,9.5,42.));
#4909=VERTEX_POINT('',#4908);
#4910=CARTESIAN_POINT('',(90.,12.87037037,41.75));
#4911=DIRECTION('',(1.,0.,0.));
#4912=DIRECTION('',(0.,0.,-1.));
#4913=AXIS2_PLACEMENT_3D('',#4910,#4911,#4912);
#4914=CIRCLE('',#4913,3.37962963);
#4915=EDGE_CURVE('',#4901,#4909,#4914,.T.);
#4916=ORIENTED_EDGE('',*,*,#4915,.T.);
#4917=CARTESIAN_POINT('',(90.,8.5,42.));
#4918=VERTEX_POINT('',#4917);
#4919=CARTESIAN_POINT('',(90.,9.5,42.));
#4920=DIRECTION('',(-0.,-1.,-0.));
#4921=VECTOR('',#4920,1.);
#4922=LINE('',#4919,#4921);
#4923=EDGE_CURVE('',#4909,#4918,#4922,.T.);
#4924=ORIENTED_EDGE('',*,*,#4923,.T.);
#4925=CARTESIAN_POINT('',(90.,8.5,42.));
#4926=DIRECTION('',(-0.,-0.,-1.));
#4927=VECTOR('',#4926,8.);
#4928=LINE('',#4925,#4927);
#4929=EDGE_CURVE('',#4918,#2520,#4928,.T.);
#4930=ORIENTED_EDGE('',*,*,#4929,.T.);
#4931=ORIENTED_EDGE('',*,*,#2525,.F.);
#4932=EDGE_LOOP('',(#4881,#4882,#4883,#4892,#4898,#4899,#4907,#4916,#4924,#4930,#4931));
#4933=FACE_BOUND('',#4932,.T.);
#4934=ADVANCED_FACE('',(#4933),#4880,.F.);
#4935=CARTESIAN_POINT('',(-35.,12.5,41.25));
#4936=DIRECTION('',(1.,0.,0.));
#4937=DIRECTION('',(0.,1.,0.));
#4938=AXIS2_PLACEMENT_3D('',#4935,#4936,#4937);
#4939=PLANE('',#4938);
#4940=CARTESIAN_POINT('',(-35.,8.5,42.));
#4941=VERTEX_POINT('',#4940);
#4942=CARTESIAN_POINT('',(-35.,8.5,42.));
#4943=DIRECTION('',(0.,-0.,-1.));
#4944=VECTOR('',#4943,8.);
#4945=LINE('',#4942,#4944);
#4946=EDGE_CURVE('',#4941,#2496,#4945,.T.);
#4947=ORIENTED_EDGE('',*,*,#4946,.F.);
#4948=CARTESIAN_POINT('',(-35.,16.75,42.));
#4949=VERTEX_POINT('',#4948);
#4950=CARTESIAN_POINT('',(-35.,12.625,42.));
#4951=DIRECTION('',(1.,0.,0.));
#4952=DIRECTION('',(0.,0.,-1.));
#4953=AXIS2_PLACEMENT_3D('',#4950,#4951,#4952);
#4954=CIRCLE('',#4953,4.125);
#4955=EDGE_CURVE('',#4949,#4941,#4954,.T.);
#4956=ORIENTED_EDGE('',*,*,#4955,.F.);
#4957=CARTESIAN_POINT('',(-35.,16.75,37.));
#4958=DIRECTION('',(0.,-0.,1.));
#4959=VECTOR('',#4958,5.);
#4960=LINE('',#4957,#4959);
#4961=EDGE_CURVE('',#655,#4949,#4960,.T.);
#4962=ORIENTED_EDGE('',*,*,#4961,.F.);
#4963=ORIENTED_EDGE('',*,*,#660,.F.);
#4964=CARTESIAN_POINT('',(-35.,17.,43.75));
#4965=VERTEX_POINT('',#4964);
#4966=CARTESIAN_POINT('',(-35.,17.,43.75));
#4967=DIRECTION('',(0.,0.,-1.));
#4968=VECTOR('',#4967,6.75);
#4969=LINE('',#4966,#4968);
#4970=EDGE_CURVE('',#4965,#647,#4969,.T.);
#4971=ORIENTED_EDGE('',*,*,#4970,.F.);
#4972=CARTESIAN_POINT('',(-35.,14.25,43.75));
#4973=DIRECTION('',(-1.,-0.,-0.));
#4974=DIRECTION('',(0.,0.,-1.));
#4975=AXIS2_PLACEMENT_3D('',#4972,#4973,#4974);
#4976=CIRCLE('',#4975,2.75);
#4977=EDGE_CURVE('',#1513,#4965,#4976,.T.);
#4978=ORIENTED_EDGE('',*,*,#4977,.F.);
#4979=ORIENTED_EDGE('',*,*,#1518,.T.);
#4980=ORIENTED_EDGE('',*,*,#4868,.F.);
#4981=ORIENTED_EDGE('',*,*,#3386,.F.);
#4982=ORIENTED_EDGE('',*,*,#2509,.T.);
#4983=EDGE_LOOP('',(#4947,#4956,#4962,#4963,#4971,#4978,#4979,#4980,#4981,#4982));
#4984=FACE_BOUND('',#4983,.T.);
#4985=ADVANCED_FACE('',(#4984),#4939,.T.);
#4986=CARTESIAN_POINT('',(19.75,14.25,43.75));
#4987=DIRECTION('',(1.,0.,0.));
#4988=DIRECTION('',(-0.,1.,0.));
#4989=AXIS2_PLACEMENT_3D('',#4986,#4987,#4988);
#4990=CYLINDRICAL_SURFACE('',#4989,2.75);
#4991=ORIENTED_EDGE('',*,*,#2563,.T.);
#4992=CARTESIAN_POINT('',(90.,17.,43.75));
#4993=DIRECTION('',(-1.,-0.,0.));
#4994=VECTOR('',#4993,1.75);
#4995=LINE('',#4992,#4994);
#4996=EDGE_CURVE('',#4885,#2549,#4995,.T.);
#4997=ORIENTED_EDGE('',*,*,#4996,.F.);
#4998=ORIENTED_EDGE('',*,*,#4891,.T.);
#4999=ORIENTED_EDGE('',*,*,#1526,.T.);
#5000=ORIENTED_EDGE('',*,*,#4977,.T.);
#5001=CARTESIAN_POINT('',(-12.7,17.,43.75));
#5002=VERTEX_POINT('',#5001);
#5003=CARTESIAN_POINT('',(-12.7,17.,43.75));
#5004=DIRECTION('',(-1.,-0.,0.));
#5005=VECTOR('',#5004,22.3);
#5006=LINE('',#5003,#5005);
#5007=EDGE_CURVE('',#5002,#4965,#5006,.T.);
#5008=ORIENTED_EDGE('',*,*,#5007,.F.);
#5009=CARTESIAN_POINT('',(4.8,17.,43.75));
#5010=VERTEX_POINT('',#5009);
#5011=CARTESIAN_POINT('',(4.8,17.,43.75));
#5012=DIRECTION('',(-1.,-0.,0.));
#5013=VECTOR('',#5012,17.5);
#5014=LINE('',#5011,#5013);
#5015=EDGE_CURVE('',#5010,#5002,#5014,.T.);
#5016=ORIENTED_EDGE('',*,*,#5015,.F.);
#5017=CARTESIAN_POINT('',(8.85,17.,43.75));
#5018=DIRECTION('',(-1.,-0.,0.));
#5019=VECTOR('',#5018,4.05);
#5020=LINE('',#5017,#5019);
#5021=EDGE_CURVE('',#2828,#5010,#5020,.T.);
#5022=ORIENTED_EDGE('',*,*,#5021,.F.);
#5023=ORIENTED_EDGE('',*,*,#2834,.T.);
#5024=ORIENTED_EDGE('',*,*,#2863,.T.);
#5025=EDGE_LOOP('',(#4991,#4997,#4998,#4999,#5000,#5008,#5016,#5022,#5023,#5024));
#5026=FACE_BOUND('',#5025,.T.);
#5027=ADVANCED_FACE('',(#5026),#4990,.F.);
#5028=CARTESIAN_POINT('',(91.,16.25,39.375));
#5029=DIRECTION('',(0.,1.,0.));
#5030=DIRECTION('',(0.,0.,1.));
#5031=AXIS2_PLACEMENT_3D('',#5028,#5029,#5030);
#5032=PLANE('',#5031);
#5033=ORIENTED_EDGE('',*,*,#1213,.T.);
#5034=CARTESIAN_POINT('',(91.,16.25,41.75));
#5035=DIRECTION('',(-1.,-0.,0.));
#5036=VECTOR('',#5035,1.);
#5037=LINE('',#5034,#5036);
#5038=EDGE_CURVE('',#1201,#4901,#5037,.T.);
#5039=ORIENTED_EDGE('',*,*,#5038,.T.);
#5040=ORIENTED_EDGE('',*,*,#4906,.F.);
#5041=ORIENTED_EDGE('',*,*,#610,.F.);
#5042=EDGE_LOOP('',(#5033,#5039,#5040,#5041));
#5043=FACE_BOUND('',#5042,.T.);
#5044=ADVANCED_FACE('',(#5043),#5032,.F.);
#5045=CARTESIAN_POINT('',(91.,12.87037037,41.75));
#5046=DIRECTION('',(1.,0.,0.));
#5047=DIRECTION('',(-0.,1.,0.));
#5048=AXIS2_PLACEMENT_3D('',#5045,#5046,#5047);
#5049=CYLINDRICAL_SURFACE('',#5048,3.37962963);
#5050=ORIENTED_EDGE('',*,*,#1207,.T.);
#5051=CARTESIAN_POINT('',(91.,9.5,42.));
#5052=DIRECTION('',(-1.,-0.,0.));
#5053=VECTOR('',#5052,1.);
#5054=LINE('',#5051,#5053);
#5055=EDGE_CURVE('',#1193,#4909,#5054,.T.);
#5056=ORIENTED_EDGE('',*,*,#5055,.T.);
#5057=ORIENTED_EDGE('',*,*,#4915,.F.);
#5058=ORIENTED_EDGE('',*,*,#5038,.F.);
#5059=EDGE_LOOP('',(#5050,#5056,#5057,#5058));
#5060=FACE_BOUND('',#5059,.T.);
#5061=ADVANCED_FACE('',(#5060),#5049,.F.);
#5062=CARTESIAN_POINT('',(91.,9.,42.));
#5063=DIRECTION('',(0.,-0.,1.));
#5064=DIRECTION('',(1.,0.,0.));
#5065=AXIS2_PLACEMENT_3D('',#5062,#5063,#5064);
#5066=PLANE('',#5065);
#5067=CARTESIAN_POINT('',(91.,8.5,42.));
#5068=DIRECTION('',(-1.,-0.,0.));
#5069=VECTOR('',#5068,1.);
#5070=LINE('',#5067,#5069);
#5071=EDGE_CURVE('',#1185,#4918,#5070,.T.);
#5072=ORIENTED_EDGE('',*,*,#5071,.T.);
#5073=ORIENTED_EDGE('',*,*,#4923,.F.);
#5074=ORIENTED_EDGE('',*,*,#5055,.F.);
#5075=ORIENTED_EDGE('',*,*,#1198,.T.);
#5076=EDGE_LOOP('',(#5072,#5073,#5074,#5075));
#5077=FACE_BOUND('',#5076,.T.);
#5078=ADVANCED_FACE('',(#5077),#5066,.F.);
#5079=CARTESIAN_POINT('',(91.,8.5,38.5));
#5080=DIRECTION('',(0.,-1.,0.));
#5081=DIRECTION('',(0.,-0.,-1.));
#5082=AXIS2_PLACEMENT_3D('',#5079,#5080,#5081);
#5083=PLANE('',#5082);
#5084=ORIENTED_EDGE('',*,*,#1190,.T.);
#5085=ORIENTED_EDGE('',*,*,#2531,.T.);
#5086=ORIENTED_EDGE('',*,*,#4929,.F.);
#5087=ORIENTED_EDGE('',*,*,#5071,.F.);
#5088=EDGE_LOOP('',(#5084,#5085,#5086,#5087));
#5089=FACE_BOUND('',#5088,.T.);
#5090=ADVANCED_FACE('',(#5089),#5083,.F.);
#5091=CARTESIAN_POINT('',(-36.,8.5,38.5));
#5092=DIRECTION('',(0.,-1.,0.));
#5093=DIRECTION('',(0.,-0.,-1.));
#5094=AXIS2_PLACEMENT_3D('',#5091,#5092,#5093);
#5095=PLANE('',#5094);
#5096=ORIENTED_EDGE('',*,*,#707,.F.);
#5097=CARTESIAN_POINT('',(-36.,8.5,42.));
#5098=DIRECTION('',(1.,0.,-0.));
#5099=VECTOR('',#5098,1.);
#5100=LINE('',#5097,#5099);
#5101=EDGE_CURVE('',#693,#4941,#5100,.T.);
#5102=ORIENTED_EDGE('',*,*,#5101,.T.);
#5103=ORIENTED_EDGE('',*,*,#4946,.T.);
#5104=ORIENTED_EDGE('',*,*,#2501,.F.);
#5105=EDGE_LOOP('',(#5096,#5102,#5103,#5104));
#5106=FACE_BOUND('',#5105,.T.);
#5107=ADVANCED_FACE('',(#5106),#5095,.F.);
#5108=CARTESIAN_POINT('',(-36.,12.625,42.));
#5109=DIRECTION('',(1.,0.,0.));
#5110=DIRECTION('',(-0.,1.,0.));
#5111=AXIS2_PLACEMENT_3D('',#5108,#5109,#5110);
#5112=CYLINDRICAL_SURFACE('',#5111,4.125);
#5113=ORIENTED_EDGE('',*,*,#5101,.F.);
#5114=ORIENTED_EDGE('',*,*,#699,.F.);
#5115=CARTESIAN_POINT('',(-36.,16.75,42.));
#5116=DIRECTION('',(1.,0.,-0.));
#5117=VECTOR('',#5116,1.);
#5118=LINE('',#5115,#5117);
#5119=EDGE_CURVE('',#685,#4949,#5118,.T.);
#5120=ORIENTED_EDGE('',*,*,#5119,.T.);
#5121=ORIENTED_EDGE('',*,*,#4955,.T.);
#5122=EDGE_LOOP('',(#5113,#5114,#5120,#5121));
#5123=FACE_BOUND('',#5122,.T.);
#5124=ADVANCED_FACE('',(#5123),#5112,.F.);
#5125=CARTESIAN_POINT('',(-36.,16.75,39.5));
#5126=DIRECTION('',(0.,1.,0.));
#5127=DIRECTION('',(0.,-0.,1.));
#5128=AXIS2_PLACEMENT_3D('',#5125,#5126,#5127);
#5129=PLANE('',#5128);
#5130=ORIENTED_EDGE('',*,*,#690,.F.);
#5131=ORIENTED_EDGE('',*,*,#666,.T.);
#5132=ORIENTED_EDGE('',*,*,#4961,.T.);
#5133=ORIENTED_EDGE('',*,*,#5119,.F.);
#5134=EDGE_LOOP('',(#5130,#5131,#5132,#5133));
#5135=FACE_BOUND('',#5134,.T.);
#5136=ADVANCED_FACE('',(#5135),#5129,.F.);
#5137=CARTESIAN_POINT('',(19.75,-19.75,36.));
#5138=DIRECTION('',(0.,0.,1.));
#5139=DIRECTION('',(1.,0.,0.));
#5140=AXIS2_PLACEMENT_3D('',#5137,#5138,#5139);
#5141=PLANE('',#5140);
#5142=ORIENTED_EDGE('',*,*,#4279,.F.);
#5143=ORIENTED_EDGE('',*,*,#1304,.F.);
#5144=CARTESIAN_POINT('',(139.5,6.,36.));
#5145=DIRECTION('',(-1.,0.,0.));
#5146=VECTOR('',#5145,22.);
#5147=LINE('',#5144,#5146);
#5148=EDGE_CURVE('',#1291,#1091,#5147,.T.);
#5149=ORIENTED_EDGE('',*,*,#5148,.T.);
#5150=ORIENTED_EDGE('',*,*,#1096,.F.);
#5151=CARTESIAN_POINT('',(91.,7.,36.));
#5152=DIRECTION('',(1.,0.,-0.));
#5153=VECTOR('',#5152,26.5);
#5154=LINE('',#5151,#5153);
#5155=EDGE_CURVE('',#1161,#1083,#5154,.T.);
#5156=ORIENTED_EDGE('',*,*,#5155,.F.);
#5157=ORIENTED_EDGE('',*,*,#1166,.T.);
#5158=ORIENTED_EDGE('',*,*,#3457,.T.);
#5159=ORIENTED_EDGE('',*,*,#731,.F.);
#5160=CARTESIAN_POINT('',(-78.,1.5,36.));
#5161=DIRECTION('',(1.,0.,0.));
#5162=VECTOR('',#5161,42.);
#5163=LINE('',#5160,#5162);
#5164=EDGE_CURVE('',#146,#718,#5163,.T.);
#5165=ORIENTED_EDGE('',*,*,#5164,.F.);
#5166=ORIENTED_EDGE('',*,*,#151,.F.);
#5167=ORIENTED_EDGE('',*,*,#4492,.T.);
#5168=ORIENTED_EDGE('',*,*,#353,.F.);
#5169=ORIENTED_EDGE('',*,*,#4318,.F.);
#5170=ORIENTED_EDGE('',*,*,#4187,.T.);
#5171=ORIENTED_EDGE('',*,*,#4223,.T.);
#5172=ORIENTED_EDGE('',*,*,#4247,.T.);
#5173=EDGE_LOOP('',(#5142,#5143,#5149,#5150,#5156,#5157,#5158,#5159,#5165,#5166,#5167,#5168,#5169,#5170,#5171,#5172));
#5174=FACE_BOUND('',#5173,.T.);
#5175=ADVANCED_FACE('',(#5174),#5141,.T.);
#5176=CARTESIAN_POINT('',(-100.,7.707106781,43.292893219));
#5177=DIRECTION('',(0.,-0.707106781,0.707106781));
#5178=DIRECTION('',(1.,0.,0.));
#5179=AXIS2_PLACEMENT_3D('',#5176,#5177,#5178);
#5180=PLANE('',#5179);
#5181=CARTESIAN_POINT('',(118.5,9.,44.585786438));
#5182=VERTEX_POINT('',#5181);
#5183=CARTESIAN_POINT('',(118.5,10.914213562,46.5));
#5184=VERTEX_POINT('',#5183);
#5185=CARTESIAN_POINT('',(118.5,9.,44.585786438));
#5186=DIRECTION('',(0.,0.707106781,0.707106781));
#5187=VECTOR('',#5186,2.707106781);
#5188=LINE('',#5185,#5187);
#5189=EDGE_CURVE('',#5182,#5184,#5188,.T.);
#5190=ORIENTED_EDGE('',*,*,#5189,.T.);
#5191=CARTESIAN_POINT('',(118.5,10.914213562,46.5));
#5192=DIRECTION('',(1.,0.,-0.));
#5193=VECTOR('',#5192,20.);
#5194=LINE('',#5191,#5193);
#5195=EDGE_CURVE('',#5184,#867,#5194,.T.);
#5196=ORIENTED_EDGE('',*,*,#5195,.T.);
#5197=ORIENTED_EDGE('',*,*,#872,.F.);
#5198=CARTESIAN_POINT('',(118.5,9.,44.585786438));
#5199=DIRECTION('',(1.,0.,0.));
#5200=VECTOR('',#5199,20.);
#5201=LINE('',#5198,#5200);
#5202=EDGE_CURVE('',#5182,#859,#5201,.T.);
#5203=ORIENTED_EDGE('',*,*,#5202,.F.);
#5204=EDGE_LOOP('',(#5190,#5196,#5197,#5203));
#5205=FACE_BOUND('',#5204,.T.);
#5206=ADVANCED_FACE('',(#5205),#5180,.F.);
#5207=CARTESIAN_POINT('',(128.5,12.5,46.5));
#5208=DIRECTION('',(0.,0.,1.));
#5209=DIRECTION('',(1.,0.,0.));
#5210=AXIS2_PLACEMENT_3D('',#5207,#5208,#5209);
#5211=PLANE('',#5210);
#5212=CARTESIAN_POINT('',(118.5,14.25,46.5));
#5213=VERTEX_POINT('',#5212);
#5214=CARTESIAN_POINT('',(138.5,14.25,46.5));
#5215=DIRECTION('',(-1.,-0.,0.));
#5216=VECTOR('',#5215,20.);
#5217=LINE('',#5214,#5216);
#5218=EDGE_CURVE('',#875,#5213,#5217,.T.);
#5219=ORIENTED_EDGE('',*,*,#5218,.F.);
#5220=ORIENTED_EDGE('',*,*,#880,.F.);
#5221=ORIENTED_EDGE('',*,*,#5195,.F.);
#5222=CARTESIAN_POINT('',(118.5,14.25,46.5));
#5223=DIRECTION('',(-0.,-1.,-0.));
#5224=VECTOR('',#5223,3.335786438);
#5225=LINE('',#5222,#5224);
#5226=EDGE_CURVE('',#5213,#5184,#5225,.T.);
#5227=ORIENTED_EDGE('',*,*,#5226,.F.);
#5228=EDGE_LOOP('',(#5219,#5220,#5221,#5227));
#5229=FACE_BOUND('',#5228,.T.);
#5230=ADVANCED_FACE('',(#5229),#5211,.F.);
#5231=CARTESIAN_POINT('',(118.5,12.5,41.25));
#5232=DIRECTION('',(1.,0.,0.));
#5233=DIRECTION('',(0.,1.,0.));
#5234=AXIS2_PLACEMENT_3D('',#5231,#5232,#5233);
#5235=PLANE('',#5234);
#5236=CARTESIAN_POINT('',(118.5,17.,43.75));
#5237=VERTEX_POINT('',#5236);
#5238=CARTESIAN_POINT('',(118.5,14.25,43.75));
#5239=DIRECTION('',(-1.,-0.,-0.));
#5240=DIRECTION('',(0.,0.,-1.));
#5241=AXIS2_PLACEMENT_3D('',#5238,#5239,#5240);
#5242=CIRCLE('',#5241,2.75);
#5243=EDGE_CURVE('',#5213,#5237,#5242,.T.);
#5244=ORIENTED_EDGE('',*,*,#5243,.F.);
#5245=ORIENTED_EDGE('',*,*,#5226,.T.);
#5246=ORIENTED_EDGE('',*,*,#5189,.F.);
#5247=CARTESIAN_POINT('',(118.5,9.,42.));
#5248=DIRECTION('',(0.,0.,1.));
#5249=VECTOR('',#5248,2.585786438);
#5250=LINE('',#5247,#5249);
#5251=EDGE_CURVE('',#1432,#5182,#5250,.T.);
#5252=ORIENTED_EDGE('',*,*,#5251,.F.);
#5253=ORIENTED_EDGE('',*,*,#1452,.F.);
#5254=CARTESIAN_POINT('',(118.5,16.25,41.75));
#5255=VERTEX_POINT('',#5254);
#5256=CARTESIAN_POINT('',(118.5,12.87037037,41.75));
#5257=DIRECTION('',(1.,0.,0.));
#5258=DIRECTION('',(0.,0.,-1.));
#5259=AXIS2_PLACEMENT_3D('',#5256,#5257,#5258);
#5260=CIRCLE('',#5259,3.37962963);
#5261=EDGE_CURVE('',#5255,#1441,#5260,.T.);
#5262=ORIENTED_EDGE('',*,*,#5261,.F.);
#5263=CARTESIAN_POINT('',(118.5,16.25,37.));
#5264=DIRECTION('',(0.,0.,1.));
#5265=VECTOR('',#5264,4.75);
#5266=LINE('',#5263,#5265);
#5267=EDGE_CURVE('',#1012,#5255,#5266,.T.);
#5268=ORIENTED_EDGE('',*,*,#5267,.F.);
#5269=ORIENTED_EDGE('',*,*,#1017,.F.);
#5270=CARTESIAN_POINT('',(118.5,17.,43.75));
#5271=DIRECTION('',(0.,0.,-1.));
#5272=VECTOR('',#5271,6.75);
#5273=LINE('',#5270,#5272);
#5274=EDGE_CURVE('',#5237,#1004,#5273,.T.);
#5275=ORIENTED_EDGE('',*,*,#5274,.F.);
#5276=EDGE_LOOP('',(#5244,#5245,#5246,#5252,#5253,#5262,#5268,#5269,#5275));
#5277=FACE_BOUND('',#5276,.T.);
#5278=ADVANCED_FACE('',(#5277),#5235,.T.);
#5279=CARTESIAN_POINT('',(19.75,14.25,43.75));
#5280=DIRECTION('',(1.,0.,0.));
#5281=DIRECTION('',(-0.,1.,0.));
#5282=AXIS2_PLACEMENT_3D('',#5279,#5280,#5281);
#5283=CYLINDRICAL_SURFACE('',#5282,2.75);
#5284=ORIENTED_EDGE('',*,*,#5243,.T.);
#5285=CARTESIAN_POINT('',(138.5,17.,43.75));
#5286=DIRECTION('',(-1.,-0.,0.));
#5287=VECTOR('',#5286,20.);
#5288=LINE('',#5285,#5287);
#5289=EDGE_CURVE('',#802,#5237,#5288,.T.);
#5290=ORIENTED_EDGE('',*,*,#5289,.F.);
#5291=ORIENTED_EDGE('',*,*,#887,.T.);
#5292=ORIENTED_EDGE('',*,*,#5218,.T.);
#5293=EDGE_LOOP('',(#5284,#5290,#5291,#5292));
#5294=FACE_BOUND('',#5293,.T.);
#5295=ADVANCED_FACE('',(#5294),#5283,.F.);
#5296=CARTESIAN_POINT('',(-100.,7.,44.));
#5297=DIRECTION('',(0.,-0.707106781,0.707106781));
#5298=DIRECTION('',(1.,0.,0.));
#5299=AXIS2_PLACEMENT_3D('',#5296,#5297,#5298);
#5300=PLANE('',#5299);
#5301=ORIENTED_EDGE('',*,*,#1112,.F.);
#5302=CARTESIAN_POINT('',(117.5,6.,43.));
#5303=DIRECTION('',(1.,0.,-0.));
#5304=VECTOR('',#5303,22.);
#5305=LINE('',#5302,#5304);
#5306=EDGE_CURVE('',#1099,#1283,#5305,.T.);
#5307=ORIENTED_EDGE('',*,*,#5306,.T.);
#5308=ORIENTED_EDGE('',*,*,#1288,.T.);
#5309=CARTESIAN_POINT('',(117.5,10.5,47.5));
#5310=DIRECTION('',(1.,0.,-0.));
#5311=VECTOR('',#5310,22.);
#5312=LINE('',#5309,#5311);
#5313=EDGE_CURVE('',#1107,#1275,#5312,.T.);
#5314=ORIENTED_EDGE('',*,*,#5313,.F.);
#5315=EDGE_LOOP('',(#5301,#5307,#5308,#5314));
#5316=FACE_BOUND('',#5315,.T.);
#5317=ADVANCED_FACE('',(#5316),#5300,.T.);
#5318=CARTESIAN_POINT('',(128.5,12.5,47.5));
#5319=DIRECTION('',(0.,0.,1.));
#5320=DIRECTION('',(1.,0.,0.));
#5321=AXIS2_PLACEMENT_3D('',#5318,#5319,#5320);
#5322=PLANE('',#5321);
#5323=ORIENTED_EDGE('',*,*,#929,.T.);
#5324=ORIENTED_EDGE('',*,*,#1118,.T.);
#5325=ORIENTED_EDGE('',*,*,#5313,.T.);
#5326=ORIENTED_EDGE('',*,*,#1280,.T.);
#5327=EDGE_LOOP('',(#5323,#5324,#5325,#5326));
#5328=FACE_BOUND('',#5327,.T.);
#5329=ADVANCED_FACE('',(#5328),#5322,.T.);
#5330=CARTESIAN_POINT('',(128.5,6.,41.25));
#5331=DIRECTION('',(0.,-1.,0.));
#5332=DIRECTION('',(1.,0.,0.));
#5333=AXIS2_PLACEMENT_3D('',#5330,#5331,#5332);
#5334=PLANE('',#5333);
#5335=ORIENTED_EDGE('',*,*,#5148,.F.);
#5336=ORIENTED_EDGE('',*,*,#1296,.F.);
#5337=ORIENTED_EDGE('',*,*,#5306,.F.);
#5338=ORIENTED_EDGE('',*,*,#1104,.F.);
#5339=EDGE_LOOP('',(#5335,#5336,#5337,#5338));
#5340=FACE_BOUND('',#5339,.T.);
#5341=ADVANCED_FACE('',(#5340),#5334,.T.);
#5342=CARTESIAN_POINT('',(139.5,12.3,26.2));
#5343=DIRECTION('',(-1.,0.,0.));
#5344=DIRECTION('',(0.,1.,-0.));
#5345=AXIS2_PLACEMENT_3D('',#5342,#5343,#5344);
#5346=CYLINDRICAL_SURFACE('',#5345,1.625);
#5347=ORIENTED_EDGE('',*,*,#1255,.F.);
#5348=CARTESIAN_POINT('',(139.5,10.675,26.2));
#5349=DIRECTION('',(-1.,0.,0.));
#5350=VECTOR('',#5349,1.);
#5351=LINE('',#5348,#5350);
#5352=EDGE_CURVE('',#1243,#766,#5351,.T.);
#5353=ORIENTED_EDGE('',*,*,#5352,.T.);
#5354=ORIENTED_EDGE('',*,*,#795,.T.);
#5355=CARTESIAN_POINT('',(139.5,13.925,26.2));
#5356=DIRECTION('',(-1.,-0.,0.));
#5357=VECTOR('',#5356,1.);
#5358=LINE('',#5355,#5357);
#5359=EDGE_CURVE('',#1224,#783,#5358,.T.);
#5360=ORIENTED_EDGE('',*,*,#5359,.F.);
#5361=EDGE_LOOP('',(#5347,#5353,#5354,#5360));
#5362=FACE_BOUND('',#5361,.T.);
#5363=ADVANCED_FACE('',(#5362),#5346,.F.);
#5364=CARTESIAN_POINT('',(139.5,10.675,25.45));
#5365=DIRECTION('',(0.,-1.,0.));
#5366=DIRECTION('',(0.,0.,-1.));
#5367=AXIS2_PLACEMENT_3D('',#5364,#5365,#5366);
#5368=PLANE('',#5367);
#5369=ORIENTED_EDGE('',*,*,#1248,.F.);
#5370=ORIENTED_EDGE('',*,*,#1392,.T.);
#5371=ORIENTED_EDGE('',*,*,#771,.T.);
#5372=ORIENTED_EDGE('',*,*,#5352,.F.);
#5373=EDGE_LOOP('',(#5369,#5370,#5371,#5372));
#5374=FACE_BOUND('',#5373,.T.);
#5375=ADVANCED_FACE('',(#5374),#5368,.F.);
#5376=CARTESIAN_POINT('',(139.5,13.925,25.45));
#5377=DIRECTION('',(0.,1.,-0.));
#5378=DIRECTION('',(0.,0.,1.));
#5379=AXIS2_PLACEMENT_3D('',#5376,#5377,#5378);
#5380=PLANE('',#5379);
#5381=ORIENTED_EDGE('',*,*,#1231,.F.);
#5382=ORIENTED_EDGE('',*,*,#5359,.T.);
#5383=ORIENTED_EDGE('',*,*,#788,.T.);
#5384=ORIENTED_EDGE('',*,*,#1399,.F.);
#5385=EDGE_LOOP('',(#5381,#5382,#5383,#5384));
#5386=FACE_BOUND('',#5385,.T.);
#5387=ADVANCED_FACE('',(#5386),#5380,.F.);
#5388=CARTESIAN_POINT('',(139.5,15.25,28.));
#5389=DIRECTION('',(0.,-1.,0.));
#5390=DIRECTION('',(0.,0.,-1.));
#5391=AXIS2_PLACEMENT_3D('',#5388,#5389,#5390);
#5392=PLANE('',#5391);
#5393=ORIENTED_EDGE('',*,*,#1377,.T.);
#5394=ORIENTED_EDGE('',*,*,#1414,.T.);
#5395=ORIENTED_EDGE('',*,*,#839,.F.);
#5396=ORIENTED_EDGE('',*,*,#960,.F.);
#5397=EDGE_LOOP('',(#5393,#5394,#5395,#5396));
#5398=FACE_BOUND('',#5397,.T.);
#5399=ADVANCED_FACE('',(#5398),#5392,.F.);
#5400=CARTESIAN_POINT('',(139.5,8.25,24.5));
#5401=DIRECTION('',(0.,0.,1.));
#5402=DIRECTION('',(1.,0.,0.));
#5403=AXIS2_PLACEMENT_3D('',#5400,#5401,#5402);
#5404=PLANE('',#5403);
#5405=CARTESIAN_POINT('',(136.2,9.,24.5));
#5406=VERTEX_POINT('',#5405);
#5407=CARTESIAN_POINT('',(136.2,7.,24.5));
#5408=DIRECTION('',(0.,1.,0.));
#5409=VECTOR('',#5408,2.);
#5410=LINE('',#5407,#5409);
#5411=EDGE_CURVE('',#4151,#5406,#5410,.T.);
#5412=ORIENTED_EDGE('',*,*,#5411,.T.);
#5413=CARTESIAN_POINT('',(138.5,9.,24.5));
#5414=DIRECTION('',(-1.,-0.,0.));
#5415=VECTOR('',#5414,2.3);
#5416=LINE('',#5413,#5415);
#5417=EDGE_CURVE('',#851,#5406,#5416,.T.);
#5418=ORIENTED_EDGE('',*,*,#5417,.F.);
#5419=ORIENTED_EDGE('',*,*,#856,.F.);
#5420=ORIENTED_EDGE('',*,*,#1421,.F.);
#5421=ORIENTED_EDGE('',*,*,#1362,.T.);
#5422=ORIENTED_EDGE('',*,*,#4162,.T.);
#5423=EDGE_LOOP('',(#5412,#5418,#5419,#5420,#5421,#5422));
#5424=FACE_BOUND('',#5423,.T.);
#5425=ADVANCED_FACE('',(#5424),#5404,.F.);
#5426=CARTESIAN_POINT('',(136.2,7.,22.5));
#5427=DIRECTION('',(-1.,0.,0.));
#5428=DIRECTION('',(0.,0.,1.));
#5429=AXIS2_PLACEMENT_3D('',#5426,#5427,#5428);
#5430=PLANE('',#5429);
#5431=ORIENTED_EDGE('',*,*,#4156,.T.);
#5432=CARTESIAN_POINT('',(136.2,9.,20.5));
#5433=VERTEX_POINT('',#5432);
#5434=CARTESIAN_POINT('',(136.2,7.,20.5));
#5435=DIRECTION('',(0.,1.,0.));
#5436=VECTOR('',#5435,2.);
#5437=LINE('',#5434,#5436);
#5438=EDGE_CURVE('',#4143,#5433,#5437,.T.);
#5439=ORIENTED_EDGE('',*,*,#5438,.T.);
#5440=CARTESIAN_POINT('',(136.2,9.,24.5));
#5441=DIRECTION('',(0.,0.,-1.));
#5442=VECTOR('',#5441,4.);
#5443=LINE('',#5440,#5442);
#5444=EDGE_CURVE('',#5406,#5433,#5443,.T.);
#5445=ORIENTED_EDGE('',*,*,#5444,.F.);
#5446=ORIENTED_EDGE('',*,*,#5411,.F.);
#5447=EDGE_LOOP('',(#5431,#5439,#5445,#5446));
#5448=FACE_BOUND('',#5447,.T.);
#5449=ADVANCED_FACE('',(#5448),#5430,.F.);
#5450=CARTESIAN_POINT('',(120.,7.,27.75));
#5451=DIRECTION('',(1.,0.,-0.));
#5452=DIRECTION('',(-0.,0.,-1.));
#5453=AXIS2_PLACEMENT_3D('',#5450,#5451,#5452);
#5454=PLANE('',#5453);
#5455=CARTESIAN_POINT('',(120.,9.,20.5));
#5456=VERTEX_POINT('',#5455);
#5457=CARTESIAN_POINT('',(120.,9.,20.5));
#5458=DIRECTION('',(0.,0.,1.));
#5459=VECTOR('',#5458,13.5);
#5460=LINE('',#5457,#5459);
#5461=EDGE_CURVE('',#5456,#2363,#5460,.T.);
#5462=ORIENTED_EDGE('',*,*,#5461,.F.);
#5463=CARTESIAN_POINT('',(120.,7.,20.5));
#5464=DIRECTION('',(0.,1.,0.));
#5465=VECTOR('',#5464,2.);
#5466=LINE('',#5463,#5465);
#5467=EDGE_CURVE('',#4133,#5456,#5466,.T.);
#5468=ORIENTED_EDGE('',*,*,#5467,.F.);
#5469=ORIENTED_EDGE('',*,*,#4140,.T.);
#5470=CARTESIAN_POINT('',(120.,5.,32.));
#5471=DIRECTION('',(-1.,-0.,-0.));
#5472=DIRECTION('',(0.,0.,-1.));
#5473=AXIS2_PLACEMENT_3D('',#5470,#5471,#5472);
#5474=CIRCLE('',#5473,2.);
#5475=EDGE_CURVE('',#4108,#4135,#5474,.T.);
#5476=ORIENTED_EDGE('',*,*,#5475,.F.);
#5477=ORIENTED_EDGE('',*,*,#4122,.F.);
#5478=ORIENTED_EDGE('',*,*,#2376,.F.);
#5479=EDGE_LOOP('',(#5462,#5468,#5469,#5476,#5477,#5478));
#5480=FACE_BOUND('',#5479,.T.);
#5481=ADVANCED_FACE('',(#5480),#5454,.F.);
#5482=CARTESIAN_POINT('',(117.5,12.87037037,41.75));
#5483=DIRECTION('',(1.,0.,0.));
#5484=DIRECTION('',(-0.,1.,0.));
#5485=AXIS2_PLACEMENT_3D('',#5482,#5483,#5484);
#5486=CYLINDRICAL_SURFACE('',#5485,3.37962963);
#5487=ORIENTED_EDGE('',*,*,#1446,.F.);
#5488=ORIENTED_EDGE('',*,*,#1056,.F.);
#5489=CARTESIAN_POINT('',(117.5,16.25,41.75));
#5490=DIRECTION('',(1.,0.,-0.));
#5491=VECTOR('',#5490,1.);
#5492=LINE('',#5489,#5491);
#5493=EDGE_CURVE('',#1042,#5255,#5492,.T.);
#5494=ORIENTED_EDGE('',*,*,#5493,.T.);
#5495=ORIENTED_EDGE('',*,*,#5261,.T.);
#5496=EDGE_LOOP('',(#5487,#5488,#5494,#5495));
#5497=FACE_BOUND('',#5496,.T.);
#5498=ADVANCED_FACE('',(#5497),#5486,.F.);
#5499=CARTESIAN_POINT('',(117.5,16.25,39.375));
#5500=DIRECTION('',(0.,1.,0.));
#5501=DIRECTION('',(0.,0.,1.));
#5502=AXIS2_PLACEMENT_3D('',#5499,#5500,#5501);
#5503=PLANE('',#5502);
#5504=ORIENTED_EDGE('',*,*,#1047,.F.);
#5505=ORIENTED_EDGE('',*,*,#1023,.T.);
#5506=ORIENTED_EDGE('',*,*,#5267,.T.);
#5507=ORIENTED_EDGE('',*,*,#5493,.F.);
#5508=EDGE_LOOP('',(#5504,#5505,#5506,#5507));
#5509=FACE_BOUND('',#5508,.T.);
#5510=ADVANCED_FACE('',(#5509),#5503,.F.);
#5511=CARTESIAN_POINT('',(128.5,9.,35.));
#5512=DIRECTION('',(0.,-1.,0.));
#5513=DIRECTION('',(0.,0.,-1.));
#5514=AXIS2_PLACEMENT_3D('',#5511,#5512,#5513);
#5515=PLANE('',#5514);
#5516=ORIENTED_EDGE('',*,*,#5444,.T.);
#5517=CARTESIAN_POINT('',(136.2,9.,20.5));
#5518=DIRECTION('',(-1.,-0.,-0.));
#5519=VECTOR('',#5518,16.2);
#5520=LINE('',#5517,#5519);
#5521=EDGE_CURVE('',#5433,#5456,#5520,.T.);
#5522=ORIENTED_EDGE('',*,*,#5521,.T.);
#5523=ORIENTED_EDGE('',*,*,#5461,.T.);
#5524=ORIENTED_EDGE('',*,*,#2368,.F.);
#5525=ORIENTED_EDGE('',*,*,#1072,.F.);
#5526=ORIENTED_EDGE('',*,*,#1437,.T.);
#5527=ORIENTED_EDGE('',*,*,#5251,.T.);
#5528=ORIENTED_EDGE('',*,*,#5202,.T.);
#5529=ORIENTED_EDGE('',*,*,#864,.T.);
#5530=ORIENTED_EDGE('',*,*,#5417,.T.);
#5531=EDGE_LOOP('',(#5516,#5522,#5523,#5524,#5525,#5526,#5527,#5528,#5529,#5530));
#5532=FACE_BOUND('',#5531,.T.);
#5533=ADVANCED_FACE('',(#5532),#5515,.F.);
#5534=CARTESIAN_POINT('',(104.25,7.,35.));
#5535=DIRECTION('',(0.,-1.,0.));
#5536=DIRECTION('',(0.,0.,-1.));
#5537=AXIS2_PLACEMENT_3D('',#5534,#5535,#5536);
#5538=PLANE('',#5537);
#5539=ORIENTED_EDGE('',*,*,#2538,.F.);
#5540=ORIENTED_EDGE('',*,*,#1174,.T.);
#5541=ORIENTED_EDGE('',*,*,#5155,.T.);
#5542=ORIENTED_EDGE('',*,*,#1088,.F.);
#5543=EDGE_LOOP('',(#5539,#5540,#5541,#5542));
#5544=FACE_BOUND('',#5543,.T.);
#5545=ADVANCED_FACE('',(#5544),#5538,.F.);
#5546=CARTESIAN_POINT('',(-57.,1.5,35.));
#5547=DIRECTION('',(0.,-1.,0.));
#5548=DIRECTION('',(0.,0.,-1.));
#5549=AXIS2_PLACEMENT_3D('',#5546,#5547,#5548);
#5550=PLANE('',#5549);
#5551=ORIENTED_EDGE('',*,*,#2492,.F.);
#5552=ORIENTED_EDGE('',*,*,#159,.T.);
#5553=ORIENTED_EDGE('',*,*,#5164,.T.);
#5554=ORIENTED_EDGE('',*,*,#723,.F.);
#5555=EDGE_LOOP('',(#5551,#5552,#5553,#5554));
#5556=FACE_BOUND('',#5555,.T.);
#5557=ADVANCED_FACE('',(#5556),#5550,.F.);
#5558=CARTESIAN_POINT('',(-89.,8.,35.));
#5559=DIRECTION('',(0.,-1.,0.));
#5560=DIRECTION('',(0.,0.,-1.));
#5561=AXIS2_PLACEMENT_3D('',#5558,#5559,#5560);
#5562=PLANE('',#5561);
#5563=ORIENTED_EDGE('',*,*,#4768,.F.);
#5564=CARTESIAN_POINT('',(-98.5,8.,20.5));
#5565=VERTEX_POINT('',#5564);
#5566=CARTESIAN_POINT('',(-98.5,8.,20.5));
#5567=DIRECTION('',(1.,0.,0.));
#5568=VECTOR('',#5567,18.5);
#5569=LINE('',#5566,#5568);
#5570=EDGE_CURVE('',#5565,#4757,#5569,.T.);
#5571=ORIENTED_EDGE('',*,*,#5570,.F.);
#5572=CARTESIAN_POINT('',(-98.5,8.,20.5));
#5573=DIRECTION('',(0.,0.,1.));
#5574=VECTOR('',#5573,3.5);
#5575=LINE('',#5572,#5574);
#5576=EDGE_CURVE('',#5565,#4404,#5575,.T.);
#5577=ORIENTED_EDGE('',*,*,#5576,.T.);
#5578=ORIENTED_EDGE('',*,*,#4443,.T.);
#5579=ORIENTED_EDGE('',*,*,#4845,.F.);
#5580=ORIENTED_EDGE('',*,*,#4831,.T.);
#5581=ORIENTED_EDGE('',*,*,#4793,.T.);
#5582=ORIENTED_EDGE('',*,*,#2471,.F.);
#5583=EDGE_LOOP('',(#5563,#5571,#5577,#5578,#5579,#5580,#5581,#5582));
#5584=FACE_BOUND('',#5583,.T.);
#5585=ADVANCED_FACE('',(#5584),#5562,.F.);
#5586=CARTESIAN_POINT('',(-90.,7.,20.5));
#5587=DIRECTION('',(-0.,0.,1.));
#5588=DIRECTION('',(1.,0.,0.));
#5589=AXIS2_PLACEMENT_3D('',#5586,#5587,#5588);
#5590=PLANE('',#5589);
#5591=ORIENTED_EDGE('',*,*,#3967,.F.);
#5592=CARTESIAN_POINT('',(-98.5,6.,20.5));
#5593=DIRECTION('',(-0.,1.,-0.));
#5594=VECTOR('',#5593,2.);
#5595=LINE('',#5592,#5594);
#5596=EDGE_CURVE('',#3954,#5565,#5595,.T.);
#5597=ORIENTED_EDGE('',*,*,#5596,.T.);
#5598=ORIENTED_EDGE('',*,*,#5570,.T.);
#5599=ORIENTED_EDGE('',*,*,#4762,.F.);
#5600=EDGE_LOOP('',(#5591,#5597,#5598,#5599));
#5601=FACE_BOUND('',#5600,.T.);
#5602=ADVANCED_FACE('',(#5601),#5590,.F.);
#5603=CARTESIAN_POINT('',(-98.5,-19.75,35.));
#5604=DIRECTION('',(1.,0.,0.));
#5605=DIRECTION('',(0.,0.,-1.));
#5606=AXIS2_PLACEMENT_3D('',#5603,#5604,#5605);
#5607=PLANE('',#5606);
#5608=ORIENTED_EDGE('',*,*,#4409,.F.);
#5609=ORIENTED_EDGE('',*,*,#5576,.F.);
#5610=ORIENTED_EDGE('',*,*,#5596,.F.);
#5611=ORIENTED_EDGE('',*,*,#3959,.T.);
#5612=EDGE_LOOP('',(#5608,#5609,#5610,#5611));
#5613=FACE_BOUND('',#5612,.T.);
#5614=ADVANCED_FACE('',(#5613),#5607,.F.);
#5615=CARTESIAN_POINT('',(87.25,17.5,33.4));
#5616=DIRECTION('',(1.,0.,0.));
#5617=DIRECTION('',(0.,1.,0.));
#5618=AXIS2_PLACEMENT_3D('',#5615,#5616,#5617);
#5619=PLANE('',#5618);
#5620=CARTESIAN_POINT('',(87.25,18.,33.9));
#5621=VERTEX_POINT('',#5620);
#5622=CARTESIAN_POINT('',(87.25,17.,33.9));
#5623=DIRECTION('',(0.,1.,0.));
#5624=VECTOR('',#5623,1.);
#5625=LINE('',#5622,#5624);
#5626=EDGE_CURVE('',#2892,#5621,#5625,.T.);
#5627=ORIENTED_EDGE('',*,*,#5626,.F.);
#5628=ORIENTED_EDGE('',*,*,#2921,.F.);
#5629=CARTESIAN_POINT('',(87.25,18.,33.9));
#5630=DIRECTION('',(0.,-0.707106781,-0.707106781));
#5631=VECTOR('',#5630,1.414213562);
#5632=LINE('',#5629,#5631);
#5633=EDGE_CURVE('',#5621,#2910,#5632,.T.);
#5634=ORIENTED_EDGE('',*,*,#5633,.F.);
#5635=EDGE_LOOP('',(#5627,#5628,#5634));
#5636=FACE_BOUND('',#5635,.T.);
#5637=ADVANCED_FACE('',(#5636),#5619,.T.);
#5638=CARTESIAN_POINT('',(87.25,18.,33.9));
#5639=DIRECTION('',(0.,0.707106781,-0.707106781));
#5640=DIRECTION('',(0.,-0.707106781,-0.707106781));
#5641=AXIS2_PLACEMENT_3D('',#5638,#5639,#5640);
#5642=PLANE('',#5641);
#5643=ORIENTED_EDGE('',*,*,#5633,.T.);
#5644=ORIENTED_EDGE('',*,*,#2915,.F.);
#5645=CARTESIAN_POINT('',(81.25,18.,33.9));
#5646=VERTEX_POINT('',#5645);
#5647=CARTESIAN_POINT('',(81.25,18.,33.9));
#5648=DIRECTION('',(0.,-0.707106781,-0.707106781));
#5649=VECTOR('',#5648,1.414213562);
#5650=LINE('',#5647,#5649);
#5651=EDGE_CURVE('',#5646,#2902,#5650,.T.);
#5652=ORIENTED_EDGE('',*,*,#5651,.F.);
#5653=CARTESIAN_POINT('',(87.25,18.,33.9));
#5654=DIRECTION('',(-1.,0.,0.));
#5655=VECTOR('',#5654,6.);
#5656=LINE('',#5653,#5655);
#5657=EDGE_CURVE('',#5621,#5646,#5656,.T.);
#5658=ORIENTED_EDGE('',*,*,#5657,.F.);
#5659=EDGE_LOOP('',(#5643,#5644,#5652,#5658));
#5660=FACE_BOUND('',#5659,.T.);
#5661=ADVANCED_FACE('',(#5660),#5642,.T.);
#5662=CARTESIAN_POINT('',(81.25,17.5,33.4));
#5663=DIRECTION('',(-1.,0.,0.));
#5664=DIRECTION('',(0.,0.,1.));
#5665=AXIS2_PLACEMENT_3D('',#5662,#5663,#5664);
#5666=PLANE('',#5665);
#5667=CARTESIAN_POINT('',(81.25,17.,33.9));
#5668=DIRECTION('',(0.,1.,0.));
#5669=VECTOR('',#5668,1.);
#5670=LINE('',#5667,#5669);
#5671=EDGE_CURVE('',#2894,#5646,#5670,.T.);
#5672=ORIENTED_EDGE('',*,*,#5671,.T.);
#5673=ORIENTED_EDGE('',*,*,#5651,.T.);
#5674=ORIENTED_EDGE('',*,*,#2907,.F.);
#5675=EDGE_LOOP('',(#5672,#5673,#5674));
#5676=FACE_BOUND('',#5675,.T.);
#5677=ADVANCED_FACE('',(#5676),#5666,.T.);
#5678=CARTESIAN_POINT('',(87.25,17.,33.9));
#5679=DIRECTION('',(0.,0.,1.));
#5680=DIRECTION('',(0.,1.,0.));
#5681=AXIS2_PLACEMENT_3D('',#5678,#5679,#5680);
#5682=PLANE('',#5681);
#5683=ORIENTED_EDGE('',*,*,#5626,.T.);
#5684=ORIENTED_EDGE('',*,*,#5657,.T.);
#5685=ORIENTED_EDGE('',*,*,#5671,.F.);
#5686=ORIENTED_EDGE('',*,*,#2899,.F.);
#5687=EDGE_LOOP('',(#5683,#5684,#5685,#5686));
#5688=FACE_BOUND('',#5687,.T.);
#5689=ADVANCED_FACE('',(#5688),#5682,.T.);
#5690=CARTESIAN_POINT('',(128.5,18.,42.25));
#5691=DIRECTION('',(0.,1.,0.));
#5692=DIRECTION('',(1.,0.,0.));
#5693=AXIS2_PLACEMENT_3D('',#5690,#5691,#5692);
#5694=PLANE('',#5693);
#5695=ORIENTED_EDGE('',*,*,#914,.F.);
#5696=ORIENTED_EDGE('',*,*,#1271,.F.);
#5697=ORIENTED_EDGE('',*,*,#986,.F.);
#5698=ORIENTED_EDGE('',*,*,#1038,.F.);
#5699=EDGE_LOOP('',(#5695,#5696,#5697,#5698));
#5700=FACE_BOUND('',#5699,.T.);
#5701=ADVANCED_FACE('',(#5700),#5694,.T.);
#5702=CARTESIAN_POINT('',(139.5,17.25,34.25));
#5703=DIRECTION('',(0.,-1.,0.));
#5704=DIRECTION('',(0.,0.,-1.));
#5705=AXIS2_PLACEMENT_3D('',#5702,#5703,#5704);
#5706=PLANE('',#5705);
#5707=ORIENTED_EDGE('',*,*,#1264,.T.);
#5708=ORIENTED_EDGE('',*,*,#946,.T.);
#5709=ORIENTED_EDGE('',*,*,#823,.F.);
#5710=ORIENTED_EDGE('',*,*,#1000,.F.);
#5711=EDGE_LOOP('',(#5707,#5708,#5709,#5710));
#5712=FACE_BOUND('',#5711,.T.);
#5713=ADVANCED_FACE('',(#5712),#5706,.F.);
#5714=CARTESIAN_POINT('',(128.5,17.,42.25));
#5715=DIRECTION('',(0.,1.,0.));
#5716=DIRECTION('',(1.,0.,0.));
#5717=AXIS2_PLACEMENT_3D('',#5714,#5715,#5716);
#5718=PLANE('',#5717);
#5719=ORIENTED_EDGE('',*,*,#5274,.T.);
#5720=ORIENTED_EDGE('',*,*,#1009,.T.);
#5721=ORIENTED_EDGE('',*,*,#807,.T.);
#5722=ORIENTED_EDGE('',*,*,#5289,.T.);
#5723=EDGE_LOOP('',(#5719,#5720,#5721,#5722));
#5724=FACE_BOUND('',#5723,.T.);
#5725=ADVANCED_FACE('',(#5724),#5718,.F.);
#5726=CARTESIAN_POINT('',(27.5,18.,42.25));
#5727=DIRECTION('',(0.,1.,0.));
#5728=DIRECTION('',(1.,0.,0.));
#5729=AXIS2_PLACEMENT_3D('',#5726,#5727,#5728);
#5730=PLANE('',#5729);
#5731=ORIENTED_EDGE('',*,*,#596,.F.);
#5732=CARTESIAN_POINT('',(6.8,18.,41.75));
#5733=VERTEX_POINT('',#5732);
#5734=CARTESIAN_POINT('',(6.8,18.,37.));
#5735=DIRECTION('',(0.,0.,1.));
#5736=VECTOR('',#5735,4.75);
#5737=LINE('',#5734,#5736);
#5738=EDGE_CURVE('',#583,#5733,#5737,.T.);
#5739=ORIENTED_EDGE('',*,*,#5738,.T.);
#5740=CARTESIAN_POINT('',(4.8,18.,41.75));
#5741=DIRECTION('',(-0.,-1.,-0.));
#5742=DIRECTION('',(0.,-0.,1.));
#5743=AXIS2_PLACEMENT_3D('',#5740,#5741,#5742);
#5744=CIRCLE('',#5743,2.);
#5745=EDGE_CURVE('',#5733,#502,#5744,.T.);
#5746=ORIENTED_EDGE('',*,*,#5745,.T.);
#5747=ORIENTED_EDGE('',*,*,#507,.F.);
#5748=ORIENTED_EDGE('',*,*,#1133,.F.);
#5749=EDGE_LOOP('',(#5731,#5739,#5746,#5747,#5748));
#5750=FACE_BOUND('',#5749,.T.);
#5751=ADVANCED_FACE('',(#5750),#5730,.T.);
#5752=CARTESIAN_POINT('',(27.5,17.,42.25));
#5753=DIRECTION('',(0.,1.,0.));
#5754=DIRECTION('',(1.,0.,0.));
#5755=AXIS2_PLACEMENT_3D('',#5752,#5753,#5754);
#5756=PLANE('',#5755);
#5757=CARTESIAN_POINT('',(6.8,17.,41.75));
#5758=VERTEX_POINT('',#5757);
#5759=CARTESIAN_POINT('',(6.8,17.,37.));
#5760=DIRECTION('',(0.,0.,1.));
#5761=VECTOR('',#5760,4.75);
#5762=LINE('',#5759,#5761);
#5763=EDGE_CURVE('',#575,#5758,#5762,.T.);
#5764=ORIENTED_EDGE('',*,*,#5763,.F.);
#5765=ORIENTED_EDGE('',*,*,#580,.T.);
#5766=ORIENTED_EDGE('',*,*,#2840,.T.);
#5767=ORIENTED_EDGE('',*,*,#5021,.T.);
#5768=CARTESIAN_POINT('',(4.8,17.,41.75));
#5769=DIRECTION('',(0.,1.,0.));
#5770=DIRECTION('',(0.,-0.,1.));
#5771=AXIS2_PLACEMENT_3D('',#5768,#5769,#5770);
#5772=CIRCLE('',#5771,2.);
#5773=EDGE_CURVE('',#5010,#5758,#5772,.T.);
#5774=ORIENTED_EDGE('',*,*,#5773,.T.);
#5775=EDGE_LOOP('',(#5764,#5765,#5766,#5767,#5774));
#5776=FACE_BOUND('',#5775,.T.);
#5777=ADVANCED_FACE('',(#5776),#5756,.F.);
#5778=CARTESIAN_POINT('',(27.5,17.,42.25));
#5779=DIRECTION('',(0.,1.,0.));
#5780=DIRECTION('',(1.,0.,0.));
#5781=AXIS2_PLACEMENT_3D('',#5778,#5779,#5780);
#5782=PLANE('',#5781);
#5783=ORIENTED_EDGE('',*,*,#2554,.T.);
#5784=ORIENTED_EDGE('',*,*,#564,.T.);
#5785=ORIENTED_EDGE('',*,*,#4897,.T.);
#5786=ORIENTED_EDGE('',*,*,#4996,.T.);
#5787=EDGE_LOOP('',(#5783,#5784,#5785,#5786));
#5788=FACE_BOUND('',#5787,.T.);
#5789=ADVANCED_FACE('',(#5788),#5782,.F.);
#5790=CARTESIAN_POINT('',(6.8,10.006193663,40.721254086));
#5791=DIRECTION('',(-1.,-0.,0.));
#5792=DIRECTION('',(0.,-1.,0.));
#5793=AXIS2_PLACEMENT_3D('',#5790,#5791,#5792);
#5794=PLANE('',#5793);
#5795=ORIENTED_EDGE('',*,*,#5763,.T.);
#5796=CARTESIAN_POINT('',(6.8,17.,41.75));
#5797=DIRECTION('',(-0.,1.,-0.));
#5798=VECTOR('',#5797,1.);
#5799=LINE('',#5796,#5798);
#5800=EDGE_CURVE('',#5758,#5733,#5799,.T.);
#5801=ORIENTED_EDGE('',*,*,#5800,.T.);
#5802=ORIENTED_EDGE('',*,*,#5738,.F.);
#5803=ORIENTED_EDGE('',*,*,#588,.T.);
#5804=EDGE_LOOP('',(#5795,#5801,#5802,#5803));
#5805=FACE_BOUND('',#5804,.T.);
#5806=ADVANCED_FACE('',(#5805),#5794,.T.);
#5807=CARTESIAN_POINT('',(27.5,17.,42.25));
#5808=DIRECTION('',(0.,1.,0.));
#5809=DIRECTION('',(1.,0.,0.));
#5810=AXIS2_PLACEMENT_3D('',#5807,#5808,#5809);
#5811=PLANE('',#5810);
#5812=ORIENTED_EDGE('',*,*,#652,.T.);
#5813=CARTESIAN_POINT('',(-14.7,17.,41.75));
#5814=VERTEX_POINT('',#5813);
#5815=CARTESIAN_POINT('',(-14.7,17.,37.));
#5816=DIRECTION('',(0.,0.,1.));
#5817=VECTOR('',#5816,4.75);
#5818=LINE('',#5815,#5817);
#5819=EDGE_CURVE('',#639,#5814,#5818,.T.);
#5820=ORIENTED_EDGE('',*,*,#5819,.T.);
#5821=CARTESIAN_POINT('',(-12.7,17.,41.75));
#5822=DIRECTION('',(0.,1.,0.));
#5823=DIRECTION('',(0.,-0.,1.));
#5824=AXIS2_PLACEMENT_3D('',#5821,#5822,#5823);
#5825=CIRCLE('',#5824,2.);
#5826=EDGE_CURVE('',#5814,#5002,#5825,.T.);
#5827=ORIENTED_EDGE('',*,*,#5826,.T.);
#5828=ORIENTED_EDGE('',*,*,#5007,.T.);
#5829=ORIENTED_EDGE('',*,*,#4970,.T.);
#5830=EDGE_LOOP('',(#5812,#5820,#5827,#5828,#5829));
#5831=FACE_BOUND('',#5830,.T.);
#5832=ADVANCED_FACE('',(#5831),#5811,.F.);
#5833=CARTESIAN_POINT('',(27.5,18.,42.25));
#5834=DIRECTION('',(0.,1.,0.));
#5835=DIRECTION('',(1.,0.,0.));
#5836=AXIS2_PLACEMENT_3D('',#5833,#5834,#5835);
#5837=PLANE('',#5836);
#5838=CARTESIAN_POINT('',(-14.7,18.,41.75));
#5839=VERTEX_POINT('',#5838);
#5840=CARTESIAN_POINT('',(-14.7,18.,37.));
#5841=DIRECTION('',(0.,0.,1.));
#5842=VECTOR('',#5841,4.75);
#5843=LINE('',#5840,#5842);
#5844=EDGE_CURVE('',#631,#5839,#5843,.T.);
#5845=ORIENTED_EDGE('',*,*,#5844,.F.);
#5846=ORIENTED_EDGE('',*,*,#636,.F.);
#5847=ORIENTED_EDGE('',*,*,#681,.F.);
#5848=ORIENTED_EDGE('',*,*,#523,.F.);
#5849=CARTESIAN_POINT('',(-12.7,18.,41.75));
#5850=DIRECTION('',(-0.,-1.,-0.));
#5851=DIRECTION('',(0.,-0.,1.));
#5852=AXIS2_PLACEMENT_3D('',#5849,#5850,#5851);
#5853=CIRCLE('',#5852,2.);
#5854=EDGE_CURVE('',#510,#5839,#5853,.T.);
#5855=ORIENTED_EDGE('',*,*,#5854,.T.);
#5856=EDGE_LOOP('',(#5845,#5846,#5847,#5848,#5855));
#5857=FACE_BOUND('',#5856,.T.);
#5858=ADVANCED_FACE('',(#5857),#5837,.T.);
#5859=CARTESIAN_POINT('',(-14.7,10.006193663,40.721254086));
#5860=DIRECTION('',(-1.,-0.,0.));
#5861=DIRECTION('',(0.,-1.,0.));
#5862=AXIS2_PLACEMENT_3D('',#5859,#5860,#5861);
#5863=PLANE('',#5862);
#5864=ORIENTED_EDGE('',*,*,#5844,.T.);
#5865=CARTESIAN_POINT('',(-14.7,18.,41.75));
#5866=DIRECTION('',(0.,-1.,0.));
#5867=VECTOR('',#5866,1.);
#5868=LINE('',#5865,#5867);
#5869=EDGE_CURVE('',#5839,#5814,#5868,.T.);
#5870=ORIENTED_EDGE('',*,*,#5869,.T.);
#5871=ORIENTED_EDGE('',*,*,#5819,.F.);
#5872=ORIENTED_EDGE('',*,*,#644,.F.);
#5873=EDGE_LOOP('',(#5864,#5870,#5871,#5872));
#5874=FACE_BOUND('',#5873,.T.);
#5875=ADVANCED_FACE('',(#5874),#5863,.F.);
#5876=CARTESIAN_POINT('',(-36.,17.375,43.75));
#5877=DIRECTION('',(0.,0.,1.));
#5878=DIRECTION('',(1.,0.,0.));
#5879=AXIS2_PLACEMENT_3D('',#5876,#5877,#5878);
#5880=PLANE('',#5879);
#5881=ORIENTED_EDGE('',*,*,#5015,.T.);
#5882=CARTESIAN_POINT('',(-12.7,17.,43.75));
#5883=DIRECTION('',(-0.,1.,-0.));
#5884=VECTOR('',#5883,1.);
#5885=LINE('',#5882,#5884);
#5886=EDGE_CURVE('',#5002,#510,#5885,.T.);
#5887=ORIENTED_EDGE('',*,*,#5886,.T.);
#5888=ORIENTED_EDGE('',*,*,#515,.T.);
#5889=CARTESIAN_POINT('',(4.8,18.,43.75));
#5890=DIRECTION('',(0.,-1.,0.));
#5891=VECTOR('',#5890,1.);
#5892=LINE('',#5889,#5891);
#5893=EDGE_CURVE('',#502,#5010,#5892,.T.);
#5894=ORIENTED_EDGE('',*,*,#5893,.T.);
#5895=EDGE_LOOP('',(#5881,#5887,#5888,#5894));
#5896=FACE_BOUND('',#5895,.T.);
#5897=ADVANCED_FACE('',(#5896),#5880,.F.);
#5898=CARTESIAN_POINT('',(128.1,7.,20.5));
#5899=DIRECTION('',(-0.,0.,1.));
#5900=DIRECTION('',(1.,0.,0.));
#5901=AXIS2_PLACEMENT_3D('',#5898,#5899,#5900);
#5902=PLANE('',#5901);
#5903=ORIENTED_EDGE('',*,*,#5467,.T.);
#5904=ORIENTED_EDGE('',*,*,#5521,.F.);
#5905=ORIENTED_EDGE('',*,*,#5438,.F.);
#5906=ORIENTED_EDGE('',*,*,#4148,.T.);
#5907=EDGE_LOOP('',(#5903,#5904,#5905,#5906));
#5908=FACE_BOUND('',#5907,.T.);
#5909=ADVANCED_FACE('',(#5908),#5902,.F.);
#5910=CARTESIAN_POINT('',(-12.7,10.006193663,41.75));
#5911=DIRECTION('',(-0.,1.,0.));
#5912=DIRECTION('',(-1.,-0.,0.));
#5913=AXIS2_PLACEMENT_3D('',#5910,#5911,#5912);
#5914=CYLINDRICAL_SURFACE('',#5913,2.);
#5915=ORIENTED_EDGE('',*,*,#5854,.F.);
#5916=ORIENTED_EDGE('',*,*,#5886,.F.);
#5917=ORIENTED_EDGE('',*,*,#5826,.F.);
#5918=ORIENTED_EDGE('',*,*,#5869,.F.);
#5919=EDGE_LOOP('',(#5915,#5916,#5917,#5918));
#5920=FACE_BOUND('',#5919,.T.);
#5921=ADVANCED_FACE('',(#5920),#5914,.F.);
#5922=CARTESIAN_POINT('',(4.8,17.375,41.75));
#5923=DIRECTION('',(0.,-1.,0.));
#5924=DIRECTION('',(1.,0.,0.));
#5925=AXIS2_PLACEMENT_3D('',#5922,#5923,#5924);
#5926=CYLINDRICAL_SURFACE('',#5925,2.);
#5927=ORIENTED_EDGE('',*,*,#5745,.F.);
#5928=ORIENTED_EDGE('',*,*,#5800,.F.);
#5929=ORIENTED_EDGE('',*,*,#5773,.F.);
#5930=ORIENTED_EDGE('',*,*,#5893,.F.);
#5931=EDGE_LOOP('',(#5927,#5928,#5929,#5930));
#5932=FACE_BOUND('',#5931,.T.);
#5933=ADVANCED_FACE('',(#5932),#5926,.F.);
#5934=CARTESIAN_POINT('',(-34.625,4.,32.));
#5935=DIRECTION('',(1.,0.,-0.));
#5936=DIRECTION('',(0.,0.707106781,0.707106781));
#5937=AXIS2_PLACEMENT_3D('',#5934,#5935,#5936);
#5938=CYLINDRICAL_SURFACE('',#5937,2.);
#5939=ORIENTED_EDGE('',*,*,#3791,.T.);
#5940=CARTESIAN_POINT('',(-88.500001804,4.,32.));
#5941=DIRECTION('',(-0.707106622,-0.707106941,-0.));
#5942=DIRECTION('',(-0.707106941,0.707106622,0.));
#5943=AXIS2_PLACEMENT_3D('',#5940,#5941,#5942);
#5944=ELLIPSE('',#5943,2.828427762,2.);
#5945=EDGE_CURVE('',#3786,#3936,#5944,.T.);
#5946=ORIENTED_EDGE('',*,*,#5945,.T.);
#5947=ORIENTED_EDGE('',*,*,#3981,.T.);
#5948=ORIENTED_EDGE('',*,*,#4777,.T.);
#5949=EDGE_LOOP('',(#5939,#5946,#5947,#5948));
#5950=FACE_BOUND('',#5949,.T.);
#5951=ADVANCED_FACE('',(#5950),#5938,.F.);
#5952=CARTESIAN_POINT('',(-37.875,-7.,32.));
#5953=DIRECTION('',(1.,0.,-0.));
#5954=DIRECTION('',(0.,0.707106781,0.707106781));
#5955=AXIS2_PLACEMENT_3D('',#5952,#5953,#5954);
#5956=CYLINDRICAL_SURFACE('',#5955,2.);
#5957=ORIENTED_EDGE('',*,*,#3824,.T.);
#5958=CARTESIAN_POINT('',(-96.,-7.,32.));
#5959=DIRECTION('',(-0.707106781,-0.707106781,-0.));
#5960=DIRECTION('',(-0.707106781,0.707106781,0.));
#5961=AXIS2_PLACEMENT_3D('',#5958,#5959,#5960);
#5962=ELLIPSE('',#5961,2.828427125,2.);
#5963=EDGE_CURVE('',#3819,#4046,#5962,.T.);
#5964=ORIENTED_EDGE('',*,*,#5963,.T.);
#5965=ORIENTED_EDGE('',*,*,#4051,.T.);
#5966=ORIENTED_EDGE('',*,*,#3876,.T.);
#5967=EDGE_LOOP('',(#5957,#5964,#5965,#5966));
#5968=FACE_BOUND('',#5967,.T.);
#5969=ADVANCED_FACE('',(#5968),#5956,.F.);
#5970=CARTESIAN_POINT('',(-88.499997351,-5.875023953,32.));
#5971=DIRECTION('',(-0.000000451,1.,-0.));
#5972=DIRECTION('',(-0.707106781,-0.000000319,0.707106781));
#5973=AXIS2_PLACEMENT_3D('',#5970,#5971,#5972);
#5974=CYLINDRICAL_SURFACE('',#5973,2.);
#5975=ORIENTED_EDGE('',*,*,#3897,.T.);
#5976=ORIENTED_EDGE('',*,*,#3858,.F.);
#5977=ORIENTED_EDGE('',*,*,#3995,.T.);
#5978=ORIENTED_EDGE('',*,*,#5945,.F.);
#5979=EDGE_LOOP('',(#5975,#5976,#5977,#5978));
#5980=FACE_BOUND('',#5979,.T.);
#5981=ADVANCED_FACE('',(#5980),#5974,.F.);
#5982=CARTESIAN_POINT('',(-96.,-3.625,32.));
#5983=DIRECTION('',(0.,1.,0.));
#5984=DIRECTION('',(-0.707106781,0.,0.707106781));
#5985=AXIS2_PLACEMENT_3D('',#5982,#5983,#5984);
#5986=CYLINDRICAL_SURFACE('',#5985,2.);
#5987=ORIENTED_EDGE('',*,*,#3916,.T.);
#5988=ORIENTED_EDGE('',*,*,#4518,.T.);
#5989=ORIENTED_EDGE('',*,*,#4082,.T.);
#5990=ORIENTED_EDGE('',*,*,#5963,.F.);
#5991=EDGE_LOOP('',(#5987,#5988,#5989,#5990));
#5992=FACE_BOUND('',#5991,.T.);
#5993=ADVANCED_FACE('',(#5992),#5986,.F.);
#5994=CARTESIAN_POINT('',(74.125,5.,32.));
#5995=DIRECTION('',(1.,0.,-0.));
#5996=DIRECTION('',(0.,0.707106781,0.707106781));
#5997=AXIS2_PLACEMENT_3D('',#5994,#5995,#5996);
#5998=CYLINDRICAL_SURFACE('',#5997,2.);
#5999=ORIENTED_EDGE('',*,*,#4113,.T.);
#6000=ORIENTED_EDGE('',*,*,#5475,.T.);
#6001=ORIENTED_EDGE('',*,*,#4169,.T.);
#6002=ORIENTED_EDGE('',*,*,#1346,.T.);
#6003=EDGE_LOOP('',(#5999,#6000,#6001,#6002));
#6004=FACE_BOUND('',#6003,.T.);
#6005=ADVANCED_FACE('',(#6004),#5998,.F.);
#6006=CLOSED_SHELL('',(#66,#106,#203,#250,#275,#381,#413,#444,#467,#484,#542,#614,#670,#757,#891,#933,#964,#1027,#1122,#1217,#1381,#1403,#1425,#1456,#1720,#1751,
#1782,#1813,#1844,#1875,#1906,#1937,#2169,#2200,#2231,#2262,#2293,#2324,#2355,#2542,#2589,#2620,#2651,#2682,#2713,#2744,#2775,#2806,#2844,#2867,#2925,
#2949,#2966,#2983,#3007,#3038,#3069,#3109,#3156,#3180,#3202,#3226,#3250,#3274,#3300,#3351,#3444,#3470,#3482,#3496,#3513,#3527,#3541,#3558,#3575,#3615,
#3648,#3679,#3703,#3765,#3777,#3810,#3843,#3887,#3904,#3929,#3985,#4014,#4039,#4070,#4101,#4126,#4173,#4204,#4228,#4252,#4283,#4307,#4331,#4348,#4365,
#4377,#4447,#4473,#4482,#4504,#4524,#4541,#4553,#4577,#4602,#4619,#4659,#4683,#4707,#4732,#4749,#4781,#4811,#4835,#4858,#4875,#4934,#4985,#5027,#5044,
#5061,#5078,#5090,#5107,#5124,#5136,#5175,#5206,#5230,#5278,#5295,#5317,#5329,#5341,#5363,#5375,#5387,#5399,#5425,#5449,#5481,#5498,#5510,#5533,#5545,
#5557,#5585,#5602,#5614,#5637,#5661,#5677,#5689,#5701,#5713,#5725,#5751,#5777,#5789,#5806,#5832,#5858,#5875,#5897,#5909,#5921,#5933,#5951,#5969,#5981,
#5993,#6005));
#6007=MANIFOLD_SOLID_BREP('main_shell',#6006);
#6008=COLOUR_RGB('',0.494117647,0.494117647,0.525490224);
#6009=FILL_AREA_STYLE_COLOUR('',#6008);
#6010=FILL_AREA_STYLE('',(#6009));
#6011=SURFACE_STYLE_FILL_AREA(#6010);
#6012=SURFACE_SIDE_STYLE('',(#6011));
#6013=SURFACE_STYLE_USAGE(.BOTH.,#6012);
#6014=PRESENTATION_STYLE_ASSIGNMENT((#6013));
#26=STYLED_ITEM('',(#6014),#6007);
#16=SHAPE_REPRESENTATION('root',(#15),#10);
#17=ADVANCED_BREP_SHAPE_REPRESENTATION('root',(#6007),#10);
#6022=SHAPE_REPRESENTATION_RELATIONSHIP('','',#16,#17);
#6023=CARTESIAN_POINT('',(0.,0.,0.));
#6024=DIRECTION('',(0.,0.,1.));
#6025=DIRECTION('',(1.,0.,0.));
#6026=AXIS2_PLACEMENT_3D('',#6023,#6024,#6025);
#6028=MAPPED_ITEM('',#6027,#6026);
#6027=REPRESENTATION_MAP(#6026,#16);
#6029=APPLICATION_CONTEXT('Managed model based 3d engineering');
#6030=APPLICATION_PROTOCOL_DEFINITION('international standard','ap242_managed_model_based_3d_engineering',2014,#6029);
#6031=PRODUCT_CONTEXT('',#6029,'mechanical');
#6032=PRODUCT_DEFINITION_CONTEXT('part definition',#6029,'design');
#24=PRODUCT('root','root','',(#6031));
#6033=PRODUCT_RELATED_PRODUCT_CATEGORY('part','',(#24));
#6034=PRODUCT_DEFINITION_FORMATION_WITH_SPECIFIED_SOURCE('','',#24,.NOT_KNOWN.);
#25=PRODUCT_DEFINITION('design','',#6034,#6032);
#23=PRODUCT_DEFINITION_SHAPE('','',#25);
#6035=SHAPE_DEFINITION_REPRESENTATION(#23,#16);
#11=DRAUGHTING_MODEL('',(#6028),#10);
#6036=DESCRIPTIVE_REPRESENTATION_ITEM('KEY','/Users/hrushka/Library/Containers/com.shapr3d.shapr/Data/tmp/18D7D732-2166-4DED-97B7-C5D505A82C70.tmp');
#6037=PROPERTY_DEFINITION('KEY','',#25);
#6038=REPRESENTATION('',(#6036),#10);
#6039=PROPERTY_DEFINITION_REPRESENTATION(#6037,#6038);
#6040=GENERAL_PROPERTY('','KEY','');
#6041=GENERAL_PROPERTY_ASSOCIATION('','',#6040,#6037);
#1=MECHANICAL_DESIGN_GEOMETRIC_PRESENTATION_REPRESENTATION('',(#26),#10);
ENDSEC;
END-ISO-10303-21;
