ISO-10303-21;
HEADER;

/* File generated by Shapr3D Version 26.143.0.11521 */

FILE_DESCRIPTION(('HOOPS Exchange Step'),'2;1');

FILE_NAME('/Users/hrushka/Library/Containers/com.shapr3d.shapr/Data/tmp/export/temp_export',
'2026-09-26T16:52:24-07:00',
('hrushka'),
('Shapr3D Limited'),
'HOOPS Exchange 2026.3',
'Shapr3D',
'Authorized');

FILE_SCHEMA( ('AP242_MANAGED_MODEL_BASED_3D_ENGINEERING_MIM_LF {1 0 10303 442 1 1 4}') );

ENDSEC;

DATA;
#3=(NAMED_UNIT(*)PLANE_ANGLE_UNIT()SI_UNIT($,.RADIAN.));
#4=PLANE_ANGLE_MEASURE_WITH_UNIT(PLANE_ANGLE_MEASURE(0.0174532925),#3);
#5=(CONVERSION_BASED_UNIT('DEGREE',#4)NAMED_UNIT(#6)PLANE_ANGLE_UNIT());
#6=DIMENSIONAL_EXPONENTS(0.,0.,0.,0.,0.,0.,0.);
#7=(NAMED_UNIT(*)SI_UNIT($,.STERADIAN.)SOLID_ANGLE_UNIT());
#8=(LENGTH_UNIT()NAMED_UNIT(*)SI_UNIT(.MILLI.,.METRE.));
#9=UNCERTAINTY_MEASURE_WITH_UNIT(LENGTH_MEASURE(1.000000E-03),#8,'DISTANCE_ACCURACY_VALUE','Maximum Tolerance applied to model');
#10=(GEOMETRIC_REPRESENTATION_CONTEXT(3)GLOBAL_UNCERTAINTY_ASSIGNED_CONTEXT((#9))GLOBAL_UNIT_ASSIGNED_CONTEXT((#8,#5,#7))REPRESENTATION_CONTEXT('','root'));
#12=CARTESIAN_POINT('',(0.,0.,0.));
#13=DIRECTION('',(0.,0.,1.));
#14=DIRECTION('',(1.,0.,0.));
#15=AXIS2_PLACEMENT_3D('TS3D_PRODUCT_CSYS',#12,#13,#14);
#26=(NAMED_UNIT(*)PLANE_ANGLE_UNIT()SI_UNIT($,.RADIAN.));
#27=PLANE_ANGLE_MEASURE_WITH_UNIT(PLANE_ANGLE_MEASURE(0.0174532925),#26);
#28=(CONVERSION_BASED_UNIT('DEGREE',#27)NAMED_UNIT(#29)PLANE_ANGLE_UNIT());
#29=DIMENSIONAL_EXPONENTS(0.,0.,0.,0.,0.,0.,0.);
#30=(NAMED_UNIT(*)SI_UNIT($,.STERADIAN.)SOLID_ANGLE_UNIT());
#31=(LENGTH_UNIT()NAMED_UNIT(*)SI_UNIT(.MILLI.,.METRE.));
#32=UNCERTAINTY_MEASURE_WITH_UNIT(LENGTH_MEASURE(1.000000E-05),#31,'DISTANCE_ACCURACY_VALUE','Maximum Tolerance applied to model');
#33=(GEOMETRIC_REPRESENTATION_CONTEXT(3)GLOBAL_UNCERTAINTY_ASSIGNED_CONTEXT((#32))GLOBAL_UNIT_ASSIGNED_CONTEXT((#31,#28,#30))REPRESENTATION_CONTEXT('','latch_left'));
#45=CARTESIAN_POINT('',(0.,0.,0.));
#46=DIRECTION('',(0.,0.,1.));
#47=DIRECTION('',(1.,0.,-0.));
#48=AXIS2_PLACEMENT_3D('',#45,#46,#47);
#49=ITEM_DEFINED_TRANSFORMATION('','',#48,#15);
#50=(REPRESENTATION_RELATIONSHIP('','',#35,#16)REPRESENTATION_RELATIONSHIP_WITH_TRANSFORMATION(#49)SHAPE_REPRESENTATION_RELATIONSHIP());
#51=NEXT_ASSEMBLY_USAGE_OCCURRENCE('latch_left_1','latch_left','latch_left',#25,#44,$);
#52=PRODUCT_DEFINITION_SHAPE('','',#51);
#53=CONTEXT_DEPENDENT_SHAPE_REPRESENTATION(#50,#52);
#55=CARTESIAN_POINT('',(230.369025366,2.774580464,16.670692943));
#56=DIRECTION('',(0.000073512,-0.061001033,-0.9981377));
#57=DIRECTION('',(0.999997098,0.002407936,-0.000073512));
#58=AXIS2_PLACEMENT_3D('',#55,#56,#57);
#59=PLANE('',#58);
#60=CARTESIAN_POINT('',(227.867828652,3.267628024,16.640376206));
#61=VERTEX_POINT('',#60);
#62=CARTESIAN_POINT('',(227.866143097,3.966322383,16.597675483));
#63=VERTEX_POINT('',#62);
#64=CARTESIAN_POINT('',(227.867828652,3.267628024,16.640376206));
#65=DIRECTION('',(-0.002407936,0.998134798,-0.061001033));
#66=VECTOR('',#65,0.7);
#67=LINE('',#64,#66);
#68=EDGE_CURVE('',#61,#63,#67,.T.);
#69=ORIENTED_EDGE('',*,*,#68,.F.);
#70=CARTESIAN_POINT('',(232.867814143,3.279667701,16.640008647));
#71=VERTEX_POINT('',#70);
#72=CARTESIAN_POINT('',(227.867828652,3.267628024,16.640376206));
#73=DIRECTION('',(0.999997098,0.002407936,-0.000073512));
#74=VECTOR('',#73,5.);
#75=LINE('',#72,#74);
#76=EDGE_CURVE('',#61,#71,#75,.T.);
#77=ORIENTED_EDGE('',*,*,#76,.T.);
#78=CARTESIAN_POINT('',(232.866128589,3.97836206,16.597307923));
#79=VERTEX_POINT('',#78);
#80=CARTESIAN_POINT('',(232.866128589,3.97836206,16.597307923));
#81=DIRECTION('',(0.002407936,-0.998134798,0.061001033));
#82=VECTOR('',#81,0.7);
#83=LINE('',#80,#82);
#84=EDGE_CURVE('',#79,#71,#83,.T.);
#85=ORIENTED_EDGE('',*,*,#84,.F.);
#86=CARTESIAN_POINT('',(227.866143097,3.966322383,16.597675483));
#87=DIRECTION('',(0.999997098,0.002407936,-0.000073512));
#88=VECTOR('',#87,5.);
#89=LINE('',#86,#88);
#90=EDGE_CURVE('',#63,#79,#89,.T.);
#91=ORIENTED_EDGE('',*,*,#90,.F.);
#92=EDGE_LOOP('',(#69,#77,#85,#91));
#93=FACE_BOUND('',#92,.T.);
#94=ADVANCED_FACE('',(#93),#59,.F.);
#95=CARTESIAN_POINT('',(230.369098877,2.713579431,15.672555242));
#96=DIRECTION('',(0.000073512,-0.061001033,-0.9981377));
#97=DIRECTION('',(0.999997098,0.002407936,-0.000073512));
#98=AXIS2_PLACEMENT_3D('',#95,#96,#97);
#99=PLANE('',#98);
#100=CARTESIAN_POINT('',(232.8662021,3.917361027,15.599170223));
#101=VERTEX_POINT('',#100);
#102=CARTESIAN_POINT('',(232.871499558,1.721464471,15.733372496));
#103=VERTEX_POINT('',#102);
#104=CARTESIAN_POINT('',(232.8662021,3.917361027,15.599170223));
#105=DIRECTION('',(0.002407936,-0.998134798,0.061001033));
#106=VECTOR('',#105,2.2);
#107=LINE('',#104,#106);
#108=EDGE_CURVE('',#101,#103,#107,.T.);
#109=ORIENTED_EDGE('',*,*,#108,.T.);
#110=CARTESIAN_POINT('',(227.871514067,1.709424793,15.733740055));
#111=VERTEX_POINT('',#110);
#112=CARTESIAN_POINT('',(232.871499558,1.721464471,15.733372496));
#113=DIRECTION('',(-0.999997098,-0.002407936,0.000073512));
#114=VECTOR('',#113,5.);
#115=LINE('',#112,#114);
#116=EDGE_CURVE('',#103,#111,#115,.T.);
#117=ORIENTED_EDGE('',*,*,#116,.T.);
#118=CARTESIAN_POINT('',(227.866216609,3.90532135,15.599537782));
#119=VERTEX_POINT('',#118);
#120=CARTESIAN_POINT('',(227.866216609,3.90532135,15.599537782));
#121=DIRECTION('',(0.002407936,-0.998134798,0.061001033));
#122=VECTOR('',#121,2.2);
#123=LINE('',#120,#122);
#124=EDGE_CURVE('',#119,#111,#123,.T.);
#125=ORIENTED_EDGE('',*,*,#124,.F.);
#126=CARTESIAN_POINT('',(232.8662021,3.917361027,15.599170223));
#127=DIRECTION('',(-0.999997098,-0.002407936,0.000073512));
#128=VECTOR('',#127,5.);
#129=LINE('',#126,#128);
#130=EDGE_CURVE('',#101,#119,#129,.T.);
#131=ORIENTED_EDGE('',*,*,#130,.F.);
#132=EDGE_LOOP('',(#109,#117,#125,#131));
#133=FACE_BOUND('',#132,.T.);
#134=ADVANCED_FACE('',(#133),#99,.T.);
#135=CARTESIAN_POINT('',(-75.127386157,0.796817234,12.76160104));
#136=DIRECTION('',(-0.002407936,0.998134798,-0.061001033));
#137=DIRECTION('',(0.999997098,0.002407936,-0.000073512));
#138=AXIS2_PLACEMENT_3D('',#135,#136,#137);
#139=PLANE('',#138);
#140=CARTESIAN_POINT('',(227.87103624,2.105931508,22.221635106));
#141=VERTEX_POINT('',#140);
#142=CARTESIAN_POINT('',(227.871514067,1.709424793,15.733740055));
#143=DIRECTION('',(-0.000073512,0.061001033,0.9981377));
#144=VECTOR('',#143,6.5);
#145=LINE('',#142,#144);
#146=EDGE_CURVE('',#111,#141,#145,.T.);
#147=ORIENTED_EDGE('',*,*,#146,.F.);
#148=ORIENTED_EDGE('',*,*,#116,.F.);
#149=CARTESIAN_POINT('',(232.870837952,2.270473768,24.716611798));
#150=VERTEX_POINT('',#149);
#151=CARTESIAN_POINT('',(232.870837952,2.270473768,24.716611798));
#152=DIRECTION('',(0.000073512,-0.061001033,-0.9981377));
#153=VECTOR('',#152,9.);
#154=LINE('',#151,#153);
#155=EDGE_CURVE('',#150,#103,#154,.T.);
#156=ORIENTED_EDGE('',*,*,#155,.F.);
#157=CARTESIAN_POINT('',(230.870696732,2.387659963,26.713034222));
#158=VERTEX_POINT('',#157);
#159=CARTESIAN_POINT('',(230.870843756,2.265657897,24.716758821));
#160=DIRECTION('',(-0.002407936,0.998134798,-0.061001033));
#161=DIRECTION('',(0.999997098,0.002407936,-0.000073512));
#162=AXIS2_PLACEMENT_3D('',#159,#160,#161);
#163=CIRCLE('',#162,2.);
#164=EDGE_CURVE('',#158,#150,#163,.T.);
#165=ORIENTED_EDGE('',*,*,#164,.F.);
#166=CARTESIAN_POINT('',(229.870699634,2.385252027,26.713107734));
#167=VERTEX_POINT('',#166);
#168=CARTESIAN_POINT('',(229.870699634,2.385252027,26.713107734));
#169=DIRECTION('',(0.999997098,0.002407936,-0.000073512));
#170=VECTOR('',#169,1.);
#171=LINE('',#168,#170);
#172=EDGE_CURVE('',#167,#158,#171,.T.);
#173=ORIENTED_EDGE('',*,*,#172,.F.);
#174=CARTESIAN_POINT('',(227.870852461,2.25843409,24.716979357));
#175=VERTEX_POINT('',#174);
#176=CARTESIAN_POINT('',(229.870846657,2.263249961,24.716832333));
#177=DIRECTION('',(-0.002407936,0.998134798,-0.061001033));
#178=DIRECTION('',(0.999997098,0.002407936,-0.000073512));
#179=AXIS2_PLACEMENT_3D('',#176,#177,#178);
#180=CIRCLE('',#179,2.);
#181=EDGE_CURVE('',#175,#167,#180,.T.);
#182=ORIENTED_EDGE('',*,*,#181,.F.);
#183=CARTESIAN_POINT('',(229.370879529,2.23597298,24.290245856));
#184=VERTEX_POINT('',#183);
#185=CARTESIAN_POINT('',(227.870852461,2.25843409,24.716979357));
#186=DIRECTION('',(0.961736197,-0.014400849,-0.273598432));
#187=VECTOR('',#186,1.559707404);
#188=LINE('',#185,#187);
#189=EDGE_CURVE('',#175,#184,#188,.T.);
#190=ORIENTED_EDGE('',*,*,#189,.T.);
#191=CARTESIAN_POINT('',(229.37092162,2.201044961,23.718731389));
#192=VERTEX_POINT('',#191);
#193=CARTESIAN_POINT('',(229.370879529,2.23597298,24.290245856));
#194=DIRECTION('',(0.000073512,-0.061001033,-0.9981377));
#195=VECTOR('',#194,0.572580785);
#196=LINE('',#193,#195);
#197=EDGE_CURVE('',#184,#192,#196,.T.);
#198=ORIENTED_EDGE('',*,*,#197,.T.);
#199=CARTESIAN_POINT('',(227.584615365,2.214207698,24.004619936));
#200=DIRECTION('',(0.002407936,-0.998134798,0.061001033));
#201=DIRECTION('',(0.999997098,0.002407936,-0.000073512));
#202=AXIS2_PLACEMENT_3D('',#199,#200,#201);
#203=CIRCLE('',#202,1.809086939);
#204=EDGE_CURVE('',#141,#192,#203,.T.);
#205=ORIENTED_EDGE('',*,*,#204,.F.);
#206=EDGE_LOOP('',(#147,#148,#156,#165,#173,#182,#190,#198,#205));
#207=FACE_BOUND('',#206,.T.);
#208=ADVANCED_FACE('',(#207),#139,.F.);
#209=CARTESIAN_POINT('',(-75.133405996,3.29215423,12.609098458));
#210=DIRECTION('',(-0.002407936,0.998134798,-0.061001033));
#211=DIRECTION('',(0.999997098,0.002407936,-0.000073512));
#212=AXIS2_PLACEMENT_3D('',#209,#210,#211);
#213=PLANE('',#212);
#214=CARTESIAN_POINT('',(232.865428261,4.25950219,16.279566303));
#215=VERTEX_POINT('',#214);
#216=CARTESIAN_POINT('',(232.865457666,4.235101777,15.880311223));
#217=VERTEX_POINT('',#216);
#218=CARTESIAN_POINT('',(232.865428261,4.25950219,16.279566303));
#219=DIRECTION('',(0.000073512,-0.061001033,-0.9981377));
#220=VECTOR('',#219,0.4);
#221=LINE('',#218,#220);
#222=EDGE_CURVE('',#215,#217,#221,.T.);
#223=ORIENTED_EDGE('',*,*,#222,.T.);
#224=CARTESIAN_POINT('',(227.865472175,4.223062099,15.880678783));
#225=VERTEX_POINT('',#224);
#226=CARTESIAN_POINT('',(227.865472175,4.223062099,15.880678783));
#227=DIRECTION('',(0.999997098,0.002407936,-0.000073512));
#228=VECTOR('',#227,5.);
#229=LINE('',#226,#228);
#230=EDGE_CURVE('',#225,#217,#229,.T.);
#231=ORIENTED_EDGE('',*,*,#230,.F.);
#232=CARTESIAN_POINT('',(227.86544277,4.247462512,16.279933863));
#233=VERTEX_POINT('',#232);
#234=CARTESIAN_POINT('',(227.865472175,4.223062099,15.880678783));
#235=DIRECTION('',(-0.000073512,0.061001033,0.9981377));
#236=VECTOR('',#235,0.4);
#237=LINE('',#234,#236);
#238=EDGE_CURVE('',#225,#233,#237,.T.);
#239=ORIENTED_EDGE('',*,*,#238,.T.);
#240=CARTESIAN_POINT('',(232.865428261,4.25950219,16.279566303));
#241=DIRECTION('',(-0.999997098,-0.002407936,0.000073512));
#242=VECTOR('',#241,5.);
#243=LINE('',#240,#242);
#244=EDGE_CURVE('',#215,#233,#243,.T.);
#245=ORIENTED_EDGE('',*,*,#244,.F.);
#246=EDGE_LOOP('',(#223,#231,#239,#245));
#247=FACE_BOUND('',#246,.T.);
#248=ADVANCED_FACE('',(#247),#213,.T.);
#249=CARTESIAN_POINT('',(232.86748334,3.55417235,21.131628297));
#250=DIRECTION('',(0.999997098,0.002407936,-0.000073512));
#251=DIRECTION('',(0.002407936,-0.998134798,0.061001033));
#252=AXIS2_PLACEMENT_3D('',#249,#250,#251);
#253=PLANE('',#252);
#254=ORIENTED_EDGE('',*,*,#84,.T.);
#255=CARTESIAN_POINT('',(232.868189225,3.36842118,24.649515587));
#256=VERTEX_POINT('',#255);
#257=CARTESIAN_POINT('',(232.868189223,3.368422101,24.649515577));
#258=CARTESIAN_POINT('',(232.867814143,3.279667701,16.640008647));
#259=B_SPLINE_CURVE_WITH_KNOTS('',1,(#257,#258),.UNSPECIFIED.,.F.,.F.,(2,2),(-0.002500615,1.),.UNSPECIFIED.);
#260=EDGE_CURVE('',#256,#71,#259,.T.);
#261=ORIENTED_EDGE('',*,*,#260,.F.);
#262=CARTESIAN_POINT('',(232.870837952,2.270473768,24.716611798));
#263=DIRECTION('',(-0.002407936,0.998134798,-0.061001033));
#264=VECTOR('',#263,1.099998835);
#265=LINE('',#262,#264);
#266=EDGE_CURVE('',#150,#256,#265,.T.);
#267=ORIENTED_EDGE('',*,*,#266,.F.);
#268=ORIENTED_EDGE('',*,*,#155,.T.);
#269=ORIENTED_EDGE('',*,*,#108,.F.);
#270=CARTESIAN_POINT('',(232.866180047,3.935661337,15.898611533));
#271=DIRECTION('',(-0.999997098,-0.002407936,0.000073512));
#272=DIRECTION('',(0.002407936,-0.998134798,0.061001033));
#273=AXIS2_PLACEMENT_3D('',#270,#271,#272);
#274=CIRCLE('',#273,0.3);
#275=EDGE_CURVE('',#217,#101,#274,.T.);
#276=ORIENTED_EDGE('',*,*,#275,.F.);
#277=ORIENTED_EDGE('',*,*,#222,.F.);
#278=CARTESIAN_POINT('',(232.866150642,3.96006175,16.297866613));
#279=DIRECTION('',(-0.999997098,-0.002407936,0.000073512));
#280=DIRECTION('',(0.002407936,-0.998134798,0.061001033));
#281=AXIS2_PLACEMENT_3D('',#278,#279,#280);
#282=CIRCLE('',#281,0.3);
#283=EDGE_CURVE('',#79,#215,#282,.T.);
#284=ORIENTED_EDGE('',*,*,#283,.F.);
#285=EDGE_LOOP('',(#254,#261,#267,#268,#269,#276,#277,#284));
#286=FACE_BOUND('',#285,.T.);
#287=ADVANCED_FACE('',(#286),#253,.T.);
#288=CARTESIAN_POINT('',(227.867497849,3.542132672,21.131995857));
#289=DIRECTION('',(-0.999997098,-0.002407936,0.000073512));
#290=DIRECTION('',(-0.002407936,0.998134798,-0.061001033));
#291=AXIS2_PLACEMENT_3D('',#288,#289,#290);
#292=PLANE('',#291);
#293=CARTESIAN_POINT('',(227.868628305,3.104066306,22.160634073));
#294=VERTEX_POINT('',#293);
#295=CARTESIAN_POINT('',(227.87103624,2.105931508,22.221635106));
#296=DIRECTION('',(-0.002407936,0.998134798,-0.061001033));
#297=VECTOR('',#296,1.);
#298=LINE('',#295,#297);
#299=EDGE_CURVE('',#141,#294,#298,.T.);
#300=ORIENTED_EDGE('',*,*,#299,.T.);
#301=CARTESIAN_POINT('',(227.867828652,3.267628024,16.640376206));
#302=CARTESIAN_POINT('',(227.868628305,3.104066306,22.160634073));
#303=B_SPLINE_CURVE_WITH_KNOTS('',1,(#301,#302),.UNSPECIFIED.,.F.,.F.,(2,2),(0.,1.),.UNSPECIFIED.);
#304=EDGE_CURVE('',#61,#294,#303,.T.);
#305=ORIENTED_EDGE('',*,*,#304,.F.);
#306=ORIENTED_EDGE('',*,*,#68,.T.);
#307=CARTESIAN_POINT('',(227.866165151,3.948022073,16.298234173));
#308=DIRECTION('',(0.999997098,0.002407936,-0.000073512));
#309=DIRECTION('',(-0.002407936,0.998134798,-0.061001033));
#310=AXIS2_PLACEMENT_3D('',#307,#308,#309);
#311=CIRCLE('',#310,0.3);
#312=EDGE_CURVE('',#233,#63,#311,.T.);
#313=ORIENTED_EDGE('',*,*,#312,.F.);
#314=ORIENTED_EDGE('',*,*,#238,.F.);
#315=CARTESIAN_POINT('',(227.866194556,3.92362166,15.898979092));
#316=DIRECTION('',(0.999997098,0.002407936,-0.000073512));
#317=DIRECTION('',(-0.002407936,0.998134798,-0.061001033));
#318=AXIS2_PLACEMENT_3D('',#315,#316,#317);
#319=CIRCLE('',#318,0.3);
#320=EDGE_CURVE('',#119,#225,#319,.T.);
#321=ORIENTED_EDGE('',*,*,#320,.F.);
#322=ORIENTED_EDGE('',*,*,#124,.T.);
#323=ORIENTED_EDGE('',*,*,#146,.T.);
#324=EDGE_LOOP('',(#300,#305,#306,#313,#314,#321,#322,#323));
#325=FACE_BOUND('',#324,.T.);
#326=ADVANCED_FACE('',(#325),#292,.T.);
#327=CARTESIAN_POINT('',(227.8630229,3.267619995,16.640194924));
#328=CARTESIAN_POINT('',(227.863412725,3.255309636,17.056823548));
#329=CARTESIAN_POINT('',(227.864268324,3.230477471,17.891176062));
#330=CARTESIAN_POINT('',(227.865322632,3.19356413,19.142909638));
#331=CARTESIAN_POINT('',(227.867395323,3.156106191,20.397525592));
#332=CARTESIAN_POINT('',(227.868771054,3.119799909,21.651541501));
#333=CARTESIAN_POINT('',(227.868569717,3.077758501,22.900325558));
#334=CARTESIAN_POINT('',(227.867016645,3.230884724,24.149209654));
#335=CARTESIAN_POINT('',(227.865246572,3.300446299,25.401993049));
#336=CARTESIAN_POINT('',(227.864014371,3.348097073,26.235951253));
#337=CARTESIAN_POINT('',(227.863452347,3.370694033,26.652412774));
#338=CARTESIAN_POINT('',(228.070773481,3.268106813,16.640198991));
#339=CARTESIAN_POINT('',(228.071168101,3.255960484,17.056840066));
#340=CARTESIAN_POINT('',(228.072007691,3.231601235,17.891204232));
#341=CARTESIAN_POINT('',(228.073137415,3.194434998,19.143087454));
#342=CARTESIAN_POINT('',(228.075120258,3.157380377,20.397630937));
#343=CARTESIAN_POINT('',(228.076552364,3.117383816,21.6515347));
#344=CARTESIAN_POINT('',(228.076333563,3.08839468,22.900709967));
#345=CARTESIAN_POINT('',(228.074746625,3.230363209,24.149674588));
#346=CARTESIAN_POINT('',(228.072962304,3.303772654,25.402002538));
#347=CARTESIAN_POINT('',(228.071767102,3.35052081,26.235913118));
#348=CARTESIAN_POINT('',(228.07121722,3.373142427,26.652325135));
#349=CARTESIAN_POINT('',(228.48731171,3.269129378,16.640203925));
#350=CARTESIAN_POINT('',(228.487711089,3.257435597,17.056867222));
#351=CARTESIAN_POINT('',(228.488520346,3.23401388,17.891252988));
#352=CARTESIAN_POINT('',(228.489762037,3.197391282,19.14339941));
#353=CARTESIAN_POINT('',(228.491572873,3.160737855,20.397787979));
#354=CARTESIAN_POINT('',(228.493028379,3.11814896,21.651498043));
#355=CARTESIAN_POINT('',(228.492803775,3.110465805,22.901448425));
#356=CARTESIAN_POINT('',(228.491227165,3.229454325,24.15056331));
#357=CARTESIAN_POINT('',(228.489429671,3.309183358,25.402101708));
#358=CARTESIAN_POINT('',(228.48831521,3.354306876,26.235870318));
#359=CARTESIAN_POINT('',(228.487786247,3.377157718,26.652182188));
#360=CARTESIAN_POINT('',(229.112648421,3.270624909,16.640214796));
#361=CARTESIAN_POINT('',(229.113032257,3.260056526,17.056889802));
#362=CARTESIAN_POINT('',(229.113808862,3.23856155,17.891314143));
#363=CARTESIAN_POINT('',(229.1150687,3.205202368,19.14368466));
#364=CARTESIAN_POINT('',(229.116667355,3.169489908,20.39783147));
#365=CARTESIAN_POINT('',(229.117891273,3.135090634,21.651339852));
#366=CARTESIAN_POINT('',(229.117801314,3.14071713,22.902175176));
#367=CARTESIAN_POINT('',(229.116431624,3.227616665,24.15200551));
#368=CARTESIAN_POINT('',(229.114662244,3.311721738,25.402474026));
#369=CARTESIAN_POINT('',(229.113654595,3.357821376,26.23590908));
#370=CARTESIAN_POINT('',(229.113151894,3.381070054,26.652088991));
#371=CARTESIAN_POINT('',(229.739021812,3.272133435,16.640221375));
#372=CARTESIAN_POINT('',(229.739379709,3.263065652,17.056895087));
#373=CARTESIAN_POINT('',(229.740101865,3.244695514,17.891333315));
#374=CARTESIAN_POINT('',(229.741282877,3.215700494,19.143756135));
#375=CARTESIAN_POINT('',(229.742631298,3.184743764,20.397652947));
#376=CARTESIAN_POINT('',(229.743615952,3.159457221,21.650986672));
#377=CARTESIAN_POINT('',(229.743679309,3.168636302,22.902470821));
#378=CARTESIAN_POINT('',(229.742577394,3.22940466,24.153245438));
#379=CARTESIAN_POINT('',(229.740949336,3.312143864,25.402965846));
#380=CARTESIAN_POINT('',(229.74001325,3.359875572,26.236097003));
#381=CARTESIAN_POINT('',(229.73955505,3.383157507,26.652187994));
#382=CARTESIAN_POINT('',(230.365389775,3.273642053,16.6402182));
#383=CARTESIAN_POINT('',(230.365709005,3.266574555,17.05687251));
#384=CARTESIAN_POINT('',(230.366350831,3.252210284,17.891280765));
#385=CARTESIAN_POINT('',(230.367377748,3.229345599,19.143616783));
#386=CARTESIAN_POINT('',(230.368450279,3.205403598,20.39724969));
#387=CARTESIAN_POINT('',(230.369235185,3.18865844,21.650400698));
#388=CARTESIAN_POINT('',(230.369343286,3.197706095,22.902389618));
#389=CARTESIAN_POINT('',(230.368519999,3.244175214,24.15360962));
#390=CARTESIAN_POINT('',(230.367183868,3.315874053,25.403340166));
#391=CARTESIAN_POINT('',(230.36634822,3.362228218,26.236288774));
#392=CARTESIAN_POINT('',(230.365943221,3.38457491,26.652328253));
#393=CARTESIAN_POINT('',(230.991744064,3.275145863,16.640199038));
#394=CARTESIAN_POINT('',(230.992014551,3.270517932,17.056815046));
#395=CARTESIAN_POINT('',(230.992551714,3.26107839,17.891141985));
#396=CARTESIAN_POINT('',(230.993369946,3.245867377,19.143295841));
#397=CARTESIAN_POINT('',(230.994162014,3.230425346,20.39663112));
#398=CARTESIAN_POINT('',(230.994740298,3.221398778,21.649614915));
#399=CARTESIAN_POINT('',(230.994849948,3.230928607,22.90184854));
#400=CARTESIAN_POINT('',(230.994295026,3.267640957,24.153368425));
#401=CARTESIAN_POINT('',(230.993313754,3.325627673,25.403384292));
#402=CARTESIAN_POINT('',(230.992632159,3.366251302,26.236380038));
#403=CARTESIAN_POINT('',(230.992291858,3.386110363,26.652436081));
#404=CARTESIAN_POINT('',(231.825907247,3.277167745,16.640146505));
#405=CARTESIAN_POINT('',(231.826102098,3.276273535,17.056688746));
#406=CARTESIAN_POINT('',(231.826473539,3.27440164,17.890852485));
#407=CARTESIAN_POINT('',(231.826972815,3.271057148,19.142667372));
#408=CARTESIAN_POINT('',(231.827381188,3.268019785,20.395581061));
#409=CARTESIAN_POINT('',(231.827667993,3.269046956,21.648308286));
#410=CARTESIAN_POINT('',(231.827768116,3.280157691,22.900651533));
#411=CARTESIAN_POINT('',(231.827554725,3.30611652,24.152515626));
#412=CARTESIAN_POINT('',(231.827073205,3.344919467,25.403063506));
#413=CARTESIAN_POINT('',(231.826654613,3.373779806,26.236353117));
#414=CARTESIAN_POINT('',(231.82642643,3.388136985,26.652546333));
#415=CARTESIAN_POINT('',(232.45125445,3.278647574,16.640073275));
#416=CARTESIAN_POINT('',(232.451388792,3.281000327,17.056543655));
#417=CARTESIAN_POINT('',(232.451619687,3.285695101,17.890540588));
#418=CARTESIAN_POINT('',(232.451858243,3.292528057,19.142030285));
#419=CARTESIAN_POINT('',(232.451966574,3.299543588,20.394604049));
#420=CARTESIAN_POINT('',(232.452018376,3.308217933,21.647091772));
#421=CARTESIAN_POINT('',(232.452119272,3.320976556,22.899401745));
#422=CARTESIAN_POINT('',(232.452149467,3.339706428,24.151505881));
#423=CARTESIAN_POINT('',(232.452051789,3.363685141,25.402535913));
#424=CARTESIAN_POINT('',(232.451874565,3.380950223,26.236201847));
#425=CARTESIAN_POINT('',(232.451742518,3.389586875,26.652580966));
#426=CARTESIAN_POINT('',(232.867814102,3.279684321,16.640008463));
#427=CARTESIAN_POINT('',(232.86791203,3.28427327,17.056429834));
#428=CARTESIAN_POINT('',(232.868049998,3.293530168,17.890308165));
#429=CARTESIAN_POINT('',(232.868114154,3.307392042,19.141568063));
#430=CARTESIAN_POINT('',(232.868019332,3.321268637,20.393905688));
#431=CARTESIAN_POINT('',(232.867909982,3.335129295,21.646221055));
#432=CARTESIAN_POINT('',(232.868015062,3.349012151,22.898500788));
#433=CARTESIAN_POINT('',(232.868207405,3.362890211,24.150764224));
#434=CARTESIAN_POINT('',(232.868366331,3.376776589,25.402130095));
#435=CARTESIAN_POINT('',(232.868357788,3.38598317,26.236055663));
#436=CARTESIAN_POINT('',(232.86828763,3.390652376,26.652558181));
#437=B_SPLINE_SURFACE_WITH_KNOTS('',3,3,((#327,#328,#329,#330,#331,#332,#333,#334,#335,#336,#337),(#338,#339,#340,#341,#342,#343,#344,#345,#346,#347,#348),(#349,#350,#351,#352,#353,#354,#355,#356,#357,#358,#359),(#360,#361,#362,#363,#364,#365,#366,#367,#368,#369,#370),(#371,#372,#373,#374,#375,#376,#377,#378,#379,#380,#381),(#382,#383,#384,#385,#386,#387,#388,#389,#390,#391,#392),(#393,#394,#395,#396,#397,#398,#399,#400,#401,#402,#403),(#404,#405,#406,#407,#408,#409,#410,#411,#412,#413,#414),(#415,#416,#417,#418,#419,#420,#421,#422,#423,#424,#425),(#426,#427,#428,#429,#430,#431,#432,#433,#434,#435,#436)),.UNSPECIFIED.,.F.,.F.,.U.,(4,1,1,1,1,1,1,4),(4,1,1,1,1,1,1,1,4),(-0.002559583,-0.001936456,-0.001310223,-0.00068399,-0.000057757,0.000568476,0.001194709,0.002444321),(-0.004980045,-0.003730952,-0.0024786,-0.001226248,0.000026104,0.001278456,0.002530807,0.003783159,0.005032814),.UNSPECIFIED.);
#438=CARTESIAN_POINT('',(229.368513685,3.199179759,23.657730356));
#439=VERTEX_POINT('',#438);
#440=CARTESIAN_POINT('',(227.58220743,3.212342497,23.943618903));
#441=DIRECTION('',(0.002407936,-0.998134798,0.061001033));
#442=DIRECTION('',(0.999997098,0.002407936,-0.000073512));
#443=AXIS2_PLACEMENT_3D('',#440,#441,#442);
#444=CIRCLE('',#443,1.809086939);
#445=EDGE_CURVE('',#294,#439,#444,.T.);
#446=ORIENTED_EDGE('',*,*,#445,.T.);
#447=CARTESIAN_POINT('',(229.368471593,3.234107778,24.229244823));
#448=VERTEX_POINT('',#447);
#449=CARTESIAN_POINT('',(229.368471593,3.234107778,24.229244823));
#450=DIRECTION('',(0.000073512,-0.061001033,-0.9981377));
#451=VECTOR('',#450,0.572580785);
#452=LINE('',#449,#451);
#453=EDGE_CURVE('',#448,#439,#452,.T.);
#454=ORIENTED_EDGE('',*,*,#453,.F.);
#455=CARTESIAN_POINT('',(227.868444525,3.256568889,24.655978324));
#456=VERTEX_POINT('',#455);
#457=CARTESIAN_POINT('',(227.868444525,3.256568889,24.655978324));
#458=DIRECTION('',(0.961736197,-0.014400849,-0.273598432));
#459=VECTOR('',#458,1.559707404);
#460=LINE('',#457,#459);
#461=EDGE_CURVE('',#456,#448,#460,.T.);
#462=ORIENTED_EDGE('',*,*,#461,.F.);
#463=CARTESIAN_POINT('',(229.868291698,3.383386826,26.652106701));
#464=VERTEX_POINT('',#463);
#465=CARTESIAN_POINT('',(229.868438722,3.26138476,24.6558313));
#466=DIRECTION('',(0.002407936,-0.998134798,0.061001033));
#467=DIRECTION('',(-0.999997098,-0.002407936,0.000073512));
#468=AXIS2_PLACEMENT_3D('',#465,#466,#467);
#469=CIRCLE('',#468,2.);
#470=EDGE_CURVE('',#464,#456,#469,.T.);
#471=ORIENTED_EDGE('',*,*,#470,.F.);
#472=CARTESIAN_POINT('',(230.868288796,3.385794761,26.652033189));
#473=VERTEX_POINT('',#472);
#474=CARTESIAN_POINT('',(229.868291698,3.383386826,26.652106701));
#475=DIRECTION('',(0.999997098,0.002407936,-0.000073512));
#476=VECTOR('',#475,1.);
#477=LINE('',#474,#476);
#478=EDGE_CURVE('',#464,#473,#477,.T.);
#479=ORIENTED_EDGE('',*,*,#478,.T.);
#480=CARTESIAN_POINT('',(232.868189225,3.36842118,24.649515587));
#481=CARTESIAN_POINT('',(232.86819509,3.369886308,24.781655137));
#482=CARTESIAN_POINT('',(232.855266924,3.370735353,24.911596807));
#483=CARTESIAN_POINT('',(232.829942316,3.371285454,25.039430327));
#484=CARTESIAN_POINT('',(232.804617708,3.371835555,25.167263847));
#485=CARTESIAN_POINT('',(232.76628803,3.372088219,25.294304718));
#486=CARTESIAN_POINT('',(232.716226824,3.372318395,25.415494705));
#487=CARTESIAN_POINT('',(232.666165619,3.372548571,25.536684692));
#488=CARTESIAN_POINT('',(232.604889026,3.372762521,25.651660744));
#489=CARTESIAN_POINT('',(232.53248795,3.373165663,25.760472631));
#490=CARTESIAN_POINT('',(232.460086875,3.373568804,25.869284517));
#491=CARTESIAN_POINT('',(232.375757087,3.374172284,25.97238081));
#492=CARTESIAN_POINT('',(232.283614539,3.37501137,26.064788794));
#493=CARTESIAN_POINT('',(232.191471991,3.375850455,26.157196778));
#494=CARTESIAN_POINT('',(232.090904289,3.376925629,26.240127588));
#495=CARTESIAN_POINT('',(231.981713222,3.378151039,26.313359277));
#496=CARTESIAN_POINT('',(231.872522155,3.37937645,26.386590966));
#497=CARTESIAN_POINT('',(231.756093558,3.380732107,26.448907436));
#498=CARTESIAN_POINT('',(231.635800145,3.381966727,26.498907368));
#499=CARTESIAN_POINT('',(231.515506733,3.383201347,26.5489073));
#500=CARTESIAN_POINT('',(231.38973289,3.384328632,26.587364899));
#501=CARTESIAN_POINT('',(231.260443357,3.385059186,26.613211493));
#502=CARTESIAN_POINT('',(231.131153824,3.38578974,26.639058086));
#503=CARTESIAN_POINT('',(231.000438588,3.386108555,26.652023741));
#504=CARTESIAN_POINT('',(230.868288853,3.385786952,26.652033666));
#505=B_SPLINE_CURVE_WITH_KNOTS('',3,(#480,#481,#482,#483,#484,#485,#486,#487,#488,#489,#490,#491,#492,#493,#494,#495,#496,#497,#498,#499,#500,#501,#502,#503,#504),.UNSPECIFIED.,.F.,.F.,(4,3,3,3,3,3,3,3,4),(0.,0.000390814,0.000781629,0.001172443,0.001563257,0.001954072,0.002344886,0.0027357,0.003126515),.UNSPECIFIED.);
#506=EDGE_CURVE('',#256,#473,#505,.T.);
#507=ORIENTED_EDGE('',*,*,#506,.F.);
#508=ORIENTED_EDGE('',*,*,#260,.T.);
#509=ORIENTED_EDGE('',*,*,#76,.F.);
#510=ORIENTED_EDGE('',*,*,#304,.T.);
#511=EDGE_LOOP('',(#446,#454,#462,#471,#479,#507,#508,#509,#510));
#512=FACE_BOUND('',#511,.T.);
#513=ADVANCED_FACE('',(#512),#437,.F.);
#514=CARTESIAN_POINT('',(230.368290247,3.384590793,26.652069945));
#515=DIRECTION('',(-0.000073512,0.061001033,0.9981377));
#516=DIRECTION('',(-0.999997098,-0.002407936,0.000073512));
#517=AXIS2_PLACEMENT_3D('',#514,#515,#516);
#518=PLANE('',#517);
#519=ORIENTED_EDGE('',*,*,#478,.F.);
#520=CARTESIAN_POINT('',(229.870699634,2.385252027,26.713107734));
#521=DIRECTION('',(-0.002407936,0.998134798,-0.061001033));
#522=VECTOR('',#521,1.);
#523=LINE('',#520,#522);
#524=EDGE_CURVE('',#167,#464,#523,.T.);
#525=ORIENTED_EDGE('',*,*,#524,.F.);
#526=ORIENTED_EDGE('',*,*,#172,.T.);
#527=CARTESIAN_POINT('',(230.868288796,3.385794761,26.652033189));
#528=DIRECTION('',(0.002407936,-0.998134798,0.061001033));
#529=VECTOR('',#528,1.);
#530=LINE('',#527,#529);
#531=EDGE_CURVE('',#473,#158,#530,.T.);
#532=ORIENTED_EDGE('',*,*,#531,.F.);
#533=EDGE_LOOP('',(#519,#525,#526,#532));
#534=FACE_BOUND('',#533,.T.);
#535=ADVANCED_FACE('',(#534),#518,.T.);
#536=CARTESIAN_POINT('',(230.867231852,3.762860094,24.625257272));
#537=DIRECTION('',(0.002407936,-0.998134798,0.061001033));
#538=DIRECTION('',(-0.999997098,-0.002407936,0.000073512));
#539=AXIS2_PLACEMENT_3D('',#536,#537,#538);
#540=CYLINDRICAL_SURFACE('',#539,2.);
#541=ORIENTED_EDGE('',*,*,#506,.T.);
#542=ORIENTED_EDGE('',*,*,#531,.T.);
#543=ORIENTED_EDGE('',*,*,#164,.T.);
#544=ORIENTED_EDGE('',*,*,#266,.T.);
#545=EDGE_LOOP('',(#541,#542,#543,#544));
#546=FACE_BOUND('',#545,.T.);
#547=ADVANCED_FACE('',(#546),#540,.T.);
#548=CARTESIAN_POINT('',(229.868438722,3.26138476,24.6558313));
#549=DIRECTION('',(0.002407936,-0.998134798,0.061001033));
#550=DIRECTION('',(-0.999997098,-0.002407936,0.000073512));
#551=AXIS2_PLACEMENT_3D('',#548,#549,#550);
#552=CYLINDRICAL_SURFACE('',#551,2.);
#553=ORIENTED_EDGE('',*,*,#470,.T.);
#554=CARTESIAN_POINT('',(227.868444525,3.256568889,24.655978324));
#555=DIRECTION('',(0.002407936,-0.998134798,0.061001033));
#556=VECTOR('',#555,1.);
#557=LINE('',#554,#556);
#558=EDGE_CURVE('',#456,#175,#557,.T.);
#559=ORIENTED_EDGE('',*,*,#558,.T.);
#560=ORIENTED_EDGE('',*,*,#181,.T.);
#561=ORIENTED_EDGE('',*,*,#524,.T.);
#562=EDGE_LOOP('',(#553,#559,#560,#561));
#563=FACE_BOUND('',#562,.T.);
#564=ADVANCED_FACE('',(#563),#552,.T.);
#565=CARTESIAN_POINT('',(230.366157897,3.954041912,16.298050393));
#566=DIRECTION('',(-0.999997098,-0.002407936,0.000073512));
#567=DIRECTION('',(0.000073512,-0.061001033,-0.9981377));
#568=AXIS2_PLACEMENT_3D('',#565,#566,#567);
#569=CYLINDRICAL_SURFACE('',#568,0.3);
#570=ORIENTED_EDGE('',*,*,#312,.T.);
#571=ORIENTED_EDGE('',*,*,#90,.T.);
#572=ORIENTED_EDGE('',*,*,#283,.T.);
#573=ORIENTED_EDGE('',*,*,#244,.T.);
#574=EDGE_LOOP('',(#570,#571,#572,#573));
#575=FACE_BOUND('',#574,.T.);
#576=ADVANCED_FACE('',(#575),#569,.T.);
#577=CARTESIAN_POINT('',(230.366187301,3.929641499,15.898795313));
#578=DIRECTION('',(-0.999997098,-0.002407936,0.000073512));
#579=DIRECTION('',(0.000073512,-0.061001033,-0.9981377));
#580=AXIS2_PLACEMENT_3D('',#577,#578,#579);
#581=CYLINDRICAL_SURFACE('',#580,0.3);
#582=ORIENTED_EDGE('',*,*,#275,.T.);
#583=ORIENTED_EDGE('',*,*,#130,.T.);
#584=ORIENTED_EDGE('',*,*,#320,.T.);
#585=ORIENTED_EDGE('',*,*,#230,.T.);
#586=EDGE_LOOP('',(#582,#583,#584,#585));
#587=FACE_BOUND('',#586,.T.);
#588=ADVANCED_FACE('',(#587),#581,.T.);
#589=CARTESIAN_POINT('',(228.621829169,1.847949616,24.52801302));
#590=DIRECTION('',(-0.273966583,-0.059325709,-0.959907689));
#591=DIRECTION('',(0.961736197,-0.014400849,-0.273598432));
#592=AXIS2_PLACEMENT_3D('',#589,#590,#591);
#593=PLANE('',#592);
#594=ORIENTED_EDGE('',*,*,#189,.F.);
#595=ORIENTED_EDGE('',*,*,#558,.F.);
#596=ORIENTED_EDGE('',*,*,#461,.T.);
#597=CARTESIAN_POINT('',(229.370879529,2.23597298,24.290245856));
#598=DIRECTION('',(-0.002407936,0.998134798,-0.061001033));
#599=VECTOR('',#598,1.);
#600=LINE('',#597,#599);
#601=EDGE_CURVE('',#184,#448,#600,.T.);
#602=ORIENTED_EDGE('',*,*,#601,.F.);
#603=EDGE_LOOP('',(#594,#595,#596,#602));
#604=FACE_BOUND('',#603,.T.);
#605=ADVANCED_FACE('',(#604),#593,.T.);
#606=CARTESIAN_POINT('',(227.58557854,1.814953779,24.029020349));
#607=DIRECTION('',(-0.002407936,0.998134798,-0.061001033));
#608=DIRECTION('',(0.999997098,0.002407936,-0.000073512));
#609=AXIS2_PLACEMENT_3D('',#606,#607,#608);
#610=CYLINDRICAL_SURFACE('',#609,1.809086939);
#611=ORIENTED_EDGE('',*,*,#299,.F.);
#612=ORIENTED_EDGE('',*,*,#204,.T.);
#613=CARTESIAN_POINT('',(229.37092162,2.201044961,23.718731389));
#614=DIRECTION('',(-0.002407936,0.998134798,-0.061001033));
#615=VECTOR('',#614,1.);
#616=LINE('',#613,#615);
#617=EDGE_CURVE('',#192,#439,#616,.T.);
#618=ORIENTED_EDGE('',*,*,#617,.T.);
#619=ORIENTED_EDGE('',*,*,#445,.F.);
#620=EDGE_LOOP('',(#611,#612,#618,#619));
#621=FACE_BOUND('',#620,.T.);
#622=ADVANCED_FACE('',(#621),#610,.F.);
#623=CARTESIAN_POINT('',(229.371863749,1.819255051,24.028889036));
#624=DIRECTION('',(-0.999997098,-0.002407936,0.000073512));
#625=DIRECTION('',(-0.002407936,0.998134798,-0.061001033));
#626=AXIS2_PLACEMENT_3D('',#623,#624,#625);
#627=PLANE('',#626);
#628=ORIENTED_EDGE('',*,*,#197,.F.);
#629=ORIENTED_EDGE('',*,*,#601,.T.);
#630=ORIENTED_EDGE('',*,*,#453,.T.);
#631=ORIENTED_EDGE('',*,*,#617,.F.);
#632=EDGE_LOOP('',(#628,#629,#630,#631));
#633=FACE_BOUND('',#632,.T.);
#634=ADVANCED_FACE('',(#633),#627,.T.);
#635=CLOSED_SHELL('',(#94,#134,#208,#248,#287,#326,#513,#535,#547,#564,#576,#588,#605,#622,#634));
#636=MANIFOLD_SOLID_BREP('clip (1)',#635);
#637=COLOUR_RGB('',0.494117647,0.494117647,0.525490224);
#638=FILL_AREA_STYLE_COLOUR('',#637);
#639=FILL_AREA_STYLE('',(#638));
#640=SURFACE_STYLE_FILL_AREA(#639);
#641=SURFACE_SIDE_STYLE('',(#640));
#642=SURFACE_STYLE_USAGE(.BOTH.,#641);
#643=PRESENTATION_STYLE_ASSIGNMENT((#642));
#54=STYLED_ITEM('',(#643),#636);
#645=CARTESIAN_POINT('',(-52.500160986,0.592452256,22.77076989));
#646=DIRECTION('',(0.004815857,-0.999988404,-0.000000354));
#647=DIRECTION('',(0.999988393,0.004815857,-0.000147023));
#648=AXIS2_PLACEMENT_3D('',#645,#646,#647);
#649=PLANE('',#648);
#650=CARTESIAN_POINT('',(228.369741075,1.94510168,10.229474872));
#651=VERTEX_POINT('',#650);
#652=CARTESIAN_POINT('',(228.370255656,1.945102919,13.729474834));
#653=VERTEX_POINT('',#652);
#654=CARTESIAN_POINT('',(228.369741075,1.94510168,10.229474872));
#655=DIRECTION('',(0.000147023,0.000000354,0.999999989));
#656=VECTOR('',#655,3.5);
#657=LINE('',#654,#656);
#658=EDGE_CURVE('',#651,#653,#657,.T.);
#659=ORIENTED_EDGE('',*,*,#658,.T.);
#660=CARTESIAN_POINT('',(226.870273067,1.937879134,13.729695369));
#661=VERTEX_POINT('',#660);
#662=CARTESIAN_POINT('',(226.870273067,1.937879134,13.729695369));
#663=DIRECTION('',(0.999988393,0.004815857,-0.000147023));
#664=VECTOR('',#663,1.5);
#665=LINE('',#662,#664);
#666=EDGE_CURVE('',#661,#653,#665,.T.);
#667=ORIENTED_EDGE('',*,*,#666,.F.);
#668=CARTESIAN_POINT('',(226.869758485,1.937877895,10.229695407));
#669=VERTEX_POINT('',#668);
#670=CARTESIAN_POINT('',(226.870273067,1.937879134,13.729695369));
#671=DIRECTION('',(-0.000147023,-0.000000354,-0.999999989));
#672=VECTOR('',#671,3.5);
#673=LINE('',#670,#672);
#674=EDGE_CURVE('',#661,#669,#673,.T.);
#675=ORIENTED_EDGE('',*,*,#674,.T.);
#676=CARTESIAN_POINT('',(218.254380526,1.896386984,10.230962082));
#677=VERTEX_POINT('',#676);
#678=CARTESIAN_POINT('',(218.254380526,1.896386984,10.230962082));
#679=DIRECTION('',(0.999988393,0.004815857,-0.000147023));
#680=VECTOR('',#679,8.615477961);
#681=LINE('',#678,#680);
#682=EDGE_CURVE('',#677,#669,#681,.T.);
#683=ORIENTED_EDGE('',*,*,#682,.F.);
#684=CARTESIAN_POINT('',(217.854752925,1.894462277,10.615243655));
#685=VERTEX_POINT('',#684);
#686=CARTESIAN_POINT('',(218.254439335,1.896387126,10.630962078));
#687=DIRECTION('',(0.004815857,-0.999988404,-0.000000354));
#688=DIRECTION('',(0.999988393,0.004815857,-0.000147023));
#689=AXIS2_PLACEMENT_3D('',#686,#687,#688);
#690=CIRCLE('',#689,0.4);
#691=EDGE_CURVE('',#685,#677,#690,.T.);
#692=ORIENTED_EDGE('',*,*,#691,.F.);
#693=CARTESIAN_POINT('',(217.512614961,1.89281149,19.315294052));
#694=VERTEX_POINT('',#693);
#695=CARTESIAN_POINT('',(217.512614961,1.89281149,19.315294052));
#696=DIRECTION('',(0.0392956,0.000189598,-0.999227612));
#697=VECTOR('',#696,8.706775409);
#698=LINE('',#695,#697);
#699=EDGE_CURVE('',#694,#685,#698,.T.);
#700=ORIENTED_EDGE('',*,*,#699,.F.);
#701=CARTESIAN_POINT('',(217.512306013,1.892809996,19.331071284));
#702=VERTEX_POINT('',#701);
#703=CARTESIAN_POINT('',(217.912301371,1.894736339,19.331012475));
#704=DIRECTION('',(0.004815857,-0.999988404,-0.000000354));
#705=DIRECTION('',(0.999988393,0.004815857,-0.000147023));
#706=AXIS2_PLACEMENT_3D('',#703,#704,#705);
#707=CIRCLE('',#706,0.4);
#708=EDGE_CURVE('',#702,#694,#707,.T.);
#709=ORIENTED_EDGE('',*,*,#708,.F.);
#710=CARTESIAN_POINT('',(217.91236018,1.894736481,19.73101247));
#711=VERTEX_POINT('',#710);
#712=CARTESIAN_POINT('',(217.912301371,1.894736339,19.331012475));
#713=DIRECTION('',(0.004815857,-0.999988404,-0.000000354));
#714=DIRECTION('',(0.999988393,0.004815857,-0.000147023));
#715=AXIS2_PLACEMENT_3D('',#712,#713,#714);
#716=CIRCLE('',#715,0.4);
#717=EDGE_CURVE('',#711,#702,#716,.T.);
#718=ORIENTED_EDGE('',*,*,#717,.F.);
#719=CARTESIAN_POINT('',(242.829868983,2.014737034,19.727348975));
#720=VERTEX_POINT('',#719);
#721=CARTESIAN_POINT('',(242.829868983,2.014737034,19.727348975));
#722=DIRECTION('',(-0.999988393,-0.004815857,0.000147023));
#723=VECTOR('',#722,24.917798027);
#724=LINE('',#721,#723);
#725=EDGE_CURVE('',#720,#711,#724,.T.);
#726=ORIENTED_EDGE('',*,*,#725,.F.);
#727=CARTESIAN_POINT('',(243.229491944,2.016661731,19.311513029));
#728=VERTEX_POINT('',#727);
#729=CARTESIAN_POINT('',(242.829810173,2.014736893,19.327348979));
#730=DIRECTION('',(0.004815857,-0.999988404,-0.000000354));
#731=DIRECTION('',(0.999988393,0.004815857,-0.000147023));
#732=AXIS2_PLACEMENT_3D('',#729,#730,#731);
#733=CIRCLE('',#732,0.4);
#734=EDGE_CURVE('',#728,#720,#733,.T.);
#735=ORIENTED_EDGE('',*,*,#734,.F.);
#736=CARTESIAN_POINT('',(242.884795775,2.015004784,10.611563614));
#737=VERTEX_POINT('',#736);
#738=CARTESIAN_POINT('',(242.884795775,2.015004784,10.611563614));
#739=DIRECTION('',(0.039589418,0.000190305,0.999216014));
#740=VECTOR('',#739,8.706775409);
#741=LINE('',#738,#740);
#742=EDGE_CURVE('',#737,#728,#741,.T.);
#743=ORIENTED_EDGE('',*,*,#742,.F.);
#744=CARTESIAN_POINT('',(242.485055195,2.013079804,10.227399568));
#745=VERTEX_POINT('',#744);
#746=CARTESIAN_POINT('',(242.485114005,2.013079946,10.627399564));
#747=DIRECTION('',(0.004815857,-0.999988404,-0.000000354));
#748=DIRECTION('',(0.999988393,0.004815857,-0.000147023));
#749=AXIS2_PLACEMENT_3D('',#746,#747,#748);
#750=CIRCLE('',#749,0.4);
#751=EDGE_CURVE('',#745,#737,#750,.T.);
#752=ORIENTED_EDGE('',*,*,#751,.F.);
#753=CARTESIAN_POINT('',(228.369741075,1.94510168,10.229474872));
#754=DIRECTION('',(0.999988393,0.004815857,-0.000147023));
#755=VECTOR('',#754,14.115477961);
#756=LINE('',#753,#755);
#757=EDGE_CURVE('',#651,#745,#756,.T.);
#758=ORIENTED_EDGE('',*,*,#757,.F.);
#759=EDGE_LOOP('',(#659,#667,#675,#683,#692,#700,#709,#718,#726,#735,#743,#752,#758));
#760=FACE_BOUND('',#759,.T.);
#761=ADVANCED_FACE('',(#760),#649,.F.);
#762=CARTESIAN_POINT('',(-52.491733237,-1.15752745,22.77076927));
#763=DIRECTION('',(0.004815857,-0.999988404,-0.000000354));
#764=DIRECTION('',(0.999988393,0.004815857,-0.000147023));
#765=AXIS2_PLACEMENT_3D('',#762,#763,#764);
#766=PLANE('',#765);
#767=CARTESIAN_POINT('',(234.503399129,0.224619824,12.278573713));
#768=VERTEX_POINT('',#767);
#769=CARTESIAN_POINT('',(234.504325375,0.224622054,18.578573645));
#770=VERTEX_POINT('',#769);
#771=CARTESIAN_POINT('',(234.503399129,0.224619824,12.278573713));
#772=DIRECTION('',(0.000147023,0.000000354,0.999999989));
#773=VECTOR('',#772,6.3);
#774=LINE('',#771,#773);
#775=EDGE_CURVE('',#768,#770,#774,.T.);
#776=ORIENTED_EDGE('',*,*,#775,.T.);
#777=CARTESIAN_POINT('',(234.904379541,0.226548539,18.978514831));
#778=VERTEX_POINT('',#777);
#779=CARTESIAN_POINT('',(234.904320732,0.226548397,18.578514835));
#780=DIRECTION('',(0.004815857,-0.999988404,-0.000000354));
#781=DIRECTION('',(0.999988393,0.004815857,-0.000147023));
#782=AXIS2_PLACEMENT_3D('',#779,#780,#781);
#783=CIRCLE('',#782,0.4);
#784=EDGE_CURVE('',#778,#770,#783,.T.);
#785=ORIENTED_EDGE('',*,*,#784,.F.);
#786=CARTESIAN_POINT('',(235.10437722,0.22751171,18.978485426));
#787=VERTEX_POINT('',#786);
#788=CARTESIAN_POINT('',(234.904379541,0.226548539,18.978514831));
#789=DIRECTION('',(0.999988393,0.004815857,-0.000147023));
#790=VECTOR('',#789,0.2);
#791=LINE('',#788,#790);
#792=EDGE_CURVE('',#778,#787,#791,.T.);
#793=ORIENTED_EDGE('',*,*,#792,.T.);
#794=CARTESIAN_POINT('',(235.504313768,0.229437911,18.578426621));
#795=VERTEX_POINT('',#794);
#796=CARTESIAN_POINT('',(235.104318411,0.227511569,18.578485431));
#797=DIRECTION('',(0.004815857,-0.999988404,-0.000000354));
#798=DIRECTION('',(0.999988393,0.004815857,-0.000147023));
#799=AXIS2_PLACEMENT_3D('',#796,#797,#798);
#800=CIRCLE('',#799,0.4);
#801=EDGE_CURVE('',#795,#787,#800,.T.);
#802=ORIENTED_EDGE('',*,*,#801,.F.);
#803=CARTESIAN_POINT('',(235.503387521,0.229435681,12.27842669));
#804=VERTEX_POINT('',#803);
#805=CARTESIAN_POINT('',(235.504313768,0.229437911,18.578426621));
#806=DIRECTION('',(-0.000147023,-0.000000354,-0.999999989));
#807=VECTOR('',#806,6.3);
#808=LINE('',#805,#807);
#809=EDGE_CURVE('',#795,#804,#808,.T.);
#810=ORIENTED_EDGE('',*,*,#809,.T.);
#811=CARTESIAN_POINT('',(235.103333355,0.227509197,11.878485503));
#812=VERTEX_POINT('',#811);
#813=CARTESIAN_POINT('',(235.103392164,0.227509338,12.278485499));
#814=DIRECTION('',(0.004815857,-0.999988404,-0.000000354));
#815=DIRECTION('',(0.999988393,0.004815857,-0.000147023));
#816=AXIS2_PLACEMENT_3D('',#813,#814,#815);
#817=CIRCLE('',#816,0.4);
#818=EDGE_CURVE('',#812,#804,#817,.T.);
#819=ORIENTED_EDGE('',*,*,#818,.F.);
#820=CARTESIAN_POINT('',(234.903335676,0.226546025,11.878514908));
#821=VERTEX_POINT('',#820);
#822=CARTESIAN_POINT('',(234.903335676,0.226546025,11.878514908));
#823=DIRECTION('',(0.999988393,0.004815857,-0.000147023));
#824=VECTOR('',#823,0.2);
#825=LINE('',#822,#824);
#826=EDGE_CURVE('',#821,#812,#825,.T.);
#827=ORIENTED_EDGE('',*,*,#826,.F.);
#828=CARTESIAN_POINT('',(234.903394486,0.226546167,12.278514903));
#829=DIRECTION('',(0.004815857,-0.999988404,-0.000000354));
#830=DIRECTION('',(0.999988393,0.004815857,-0.000147023));
#831=AXIS2_PLACEMENT_3D('',#828,#829,#830);
#832=CIRCLE('',#831,0.4);
#833=EDGE_CURVE('',#768,#821,#832,.T.);
#834=ORIENTED_EDGE('',*,*,#833,.F.);
#835=EDGE_LOOP('',(#776,#785,#793,#802,#810,#819,#827,#834));
#836=FACE_BOUND('',#835,.T.);
#837=CARTESIAN_POINT('',(226.503690467,0.186093445,13.629749884));
#838=VERTEX_POINT('',#837);
#839=CARTESIAN_POINT('',(226.504219751,0.18609472,17.229749845));
#840=VERTEX_POINT('',#839);
#841=CARTESIAN_POINT('',(226.503690467,0.186093445,13.629749884));
#842=DIRECTION('',(0.000147023,0.000000354,0.999999989));
#843=VECTOR('',#842,3.6);
#844=LINE('',#841,#843);
#845=EDGE_CURVE('',#838,#840,#844,.T.);
#846=ORIENTED_EDGE('',*,*,#845,.T.);
#847=CARTESIAN_POINT('',(229.503964394,0.20054176,15.729308792));
#848=VERTEX_POINT('',#847);
#849=CARTESIAN_POINT('',(226.504219751,0.18609472,17.229749845));
#850=DIRECTION('',(0.894351058,0.004307275,-0.447345092));
#851=VECTOR('',#850,3.354101966);
#852=LINE('',#849,#851);
#853=EDGE_CURVE('',#840,#848,#852,.T.);
#854=ORIENTED_EDGE('',*,*,#853,.T.);
#855=CARTESIAN_POINT('',(229.503964394,0.20054176,15.729308792));
#856=DIRECTION('',(-0.819306724,-0.003945507,-0.573341892));
#857=VECTOR('',#856,3.661966685);
#858=LINE('',#855,#857);
#859=EDGE_CURVE('',#848,#838,#858,.T.);
#860=ORIENTED_EDGE('',*,*,#859,.T.);
#861=EDGE_LOOP('',(#846,#854,#860));
#862=FACE_BOUND('',#861,.T.);
#863=CARTESIAN_POINT('',(236.387339711,0.233693051,11.337009368));
#864=VERTEX_POINT('',#863);
#865=CARTESIAN_POINT('',(236.746099291,0.235417903,19.53695671));
#866=VERTEX_POINT('',#865);
#867=CARTESIAN_POINT('',(236.387339711,0.233693051,11.337009368));
#868=DIRECTION('',(0.043709634,0.000210148,0.999044255));
#869=VECTOR('',#868,8.207791897);
#870=LINE('',#867,#869);
#871=EDGE_CURVE('',#864,#866,#870,.T.);
#872=ORIENTED_EDGE('',*,*,#871,.T.);
#873=CARTESIAN_POINT('',(236.945935229,0.236380228,19.72821468));
#874=VERTEX_POINT('',#873);
#875=CARTESIAN_POINT('',(236.945905825,0.236380157,19.528214682));
#876=DIRECTION('',(0.004815857,-0.999988404,-0.000000354));
#877=DIRECTION('',(0.999988393,0.004815857,-0.000147023));
#878=AXIS2_PLACEMENT_3D('',#875,#876,#877);
#879=CIRCLE('',#878,0.2);
#880=EDGE_CURVE('',#874,#866,#879,.T.);
#881=ORIENTED_EDGE('',*,*,#880,.F.);
#882=CARTESIAN_POINT('',(222.504633737,0.166832177,19.730337911));
#883=VERTEX_POINT('',#882);
#884=CARTESIAN_POINT('',(222.504633737,0.166832177,19.730337911));
#885=DIRECTION('',(0.999988393,0.004815857,-0.000147023));
#886=VECTOR('',#885,14.441469116);
#887=LINE('',#884,#886);
#888=EDGE_CURVE('',#883,#874,#887,.T.);
#889=ORIENTED_EDGE('',*,*,#888,.F.);
#890=CARTESIAN_POINT('',(222.878364985,0.168635079,11.13028287));
#891=VERTEX_POINT('',#890);
#892=CARTESIAN_POINT('',(222.504633737,0.166832177,19.730337911));
#893=DIRECTION('',(0.043415867,0.000209441,-0.999057065));
#894=VECTOR('',#893,8.608171989);
#895=LINE('',#892,#894);
#896=EDGE_CURVE('',#883,#891,#895,.T.);
#897=ORIENTED_EDGE('',*,*,#896,.T.);
#898=CARTESIAN_POINT('',(236.58711684,0.234655234,11.128267342));
#899=VERTEX_POINT('',#898);
#900=CARTESIAN_POINT('',(222.878364985,0.168635079,11.13028287));
#901=DIRECTION('',(0.999988393,0.004815857,-0.000147023));
#902=VECTOR('',#901,13.708910976);
#903=LINE('',#900,#902);
#904=EDGE_CURVE('',#891,#899,#903,.T.);
#905=ORIENTED_EDGE('',*,*,#904,.T.);
#906=CARTESIAN_POINT('',(236.387148566,0.233692134,11.328296744));
#907=VERTEX_POINT('',#906);
#908=CARTESIAN_POINT('',(236.587146245,0.234655305,11.32826734));
#909=DIRECTION('',(0.004815857,-0.999988404,-0.000000354));
#910=DIRECTION('',(0.999988393,0.004815857,-0.000147023));
#911=AXIS2_PLACEMENT_3D('',#908,#909,#910);
#912=CIRCLE('',#911,0.2);
#913=EDGE_CURVE('',#907,#899,#912,.T.);
#914=ORIENTED_EDGE('',*,*,#913,.F.);
#915=CARTESIAN_POINT('',(236.587146245,0.234655305,11.32826734));
#916=DIRECTION('',(0.004815857,-0.999988404,-0.000000354));
#917=DIRECTION('',(0.999988393,0.004815857,-0.000147023));
#918=AXIS2_PLACEMENT_3D('',#915,#916,#917);
#919=CIRCLE('',#918,0.2);
#920=EDGE_CURVE('',#864,#907,#919,.T.);
#921=ORIENTED_EDGE('',*,*,#920,.F.);
#922=EDGE_LOOP('',(#872,#881,#889,#897,#905,#914,#921));
#923=FACE_BOUND('',#922,.T.);
#924=CARTESIAN_POINT('',(230.503445557,0.205356396,12.279161806));
#925=VERTEX_POINT('',#924);
#926=CARTESIAN_POINT('',(230.504371803,0.205358626,18.579161738));
#927=VERTEX_POINT('',#926);
#928=CARTESIAN_POINT('',(230.503445557,0.205356396,12.279161806));
#929=DIRECTION('',(0.000147023,0.000000354,0.999999989));
#930=VECTOR('',#929,6.3);
#931=LINE('',#928,#930);
#932=EDGE_CURVE('',#925,#927,#931,.T.);
#933=ORIENTED_EDGE('',*,*,#932,.T.);
#934=CARTESIAN_POINT('',(230.90442597,0.207285111,18.979102924));
#935=VERTEX_POINT('',#934);
#936=CARTESIAN_POINT('',(230.904367161,0.207284969,18.579102928));
#937=DIRECTION('',(0.004815857,-0.999988404,-0.000000354));
#938=DIRECTION('',(0.999988393,0.004815857,-0.000147023));
#939=AXIS2_PLACEMENT_3D('',#936,#937,#938);
#940=CIRCLE('',#939,0.4);
#941=EDGE_CURVE('',#935,#927,#940,.T.);
#942=ORIENTED_EDGE('',*,*,#941,.F.);
#943=CARTESIAN_POINT('',(231.104423648,0.208248282,18.979073519));
#944=VERTEX_POINT('',#943);
#945=CARTESIAN_POINT('',(230.90442597,0.207285111,18.979102924));
#946=DIRECTION('',(0.999988393,0.004815857,-0.000147023));
#947=VECTOR('',#946,0.2);
#948=LINE('',#945,#947);
#949=EDGE_CURVE('',#935,#944,#948,.T.);
#950=ORIENTED_EDGE('',*,*,#949,.T.);
#951=CARTESIAN_POINT('',(231.504360196,0.210174483,18.579014714));
#952=VERTEX_POINT('',#951);
#953=CARTESIAN_POINT('',(231.104364839,0.20824814,18.579073524));
#954=DIRECTION('',(0.004815857,-0.999988404,-0.000000354));
#955=DIRECTION('',(0.999988393,0.004815857,-0.000147023));
#956=AXIS2_PLACEMENT_3D('',#953,#954,#955);
#957=CIRCLE('',#956,0.4);
#958=EDGE_CURVE('',#952,#944,#957,.T.);
#959=ORIENTED_EDGE('',*,*,#958,.F.);
#960=CARTESIAN_POINT('',(231.50343395,0.210172253,12.279014782));
#961=VERTEX_POINT('',#960);
#962=CARTESIAN_POINT('',(231.504360196,0.210174483,18.579014714));
#963=DIRECTION('',(-0.000147023,-0.000000354,-0.999999989));
#964=VECTOR('',#963,6.3);
#965=LINE('',#962,#964);
#966=EDGE_CURVE('',#952,#961,#965,.T.);
#967=ORIENTED_EDGE('',*,*,#966,.T.);
#968=CARTESIAN_POINT('',(231.103379783,0.208245768,11.879073596));
#969=VERTEX_POINT('',#968);
#970=CARTESIAN_POINT('',(231.103438593,0.20824591,12.279073592));
#971=DIRECTION('',(0.004815857,-0.999988404,-0.000000354));
#972=DIRECTION('',(0.999988393,0.004815857,-0.000147023));
#973=AXIS2_PLACEMENT_3D('',#970,#971,#972);
#974=CIRCLE('',#973,0.4);
#975=EDGE_CURVE('',#969,#961,#974,.T.);
#976=ORIENTED_EDGE('',*,*,#975,.F.);
#977=CARTESIAN_POINT('',(230.903382105,0.207282597,11.879103001));
#978=VERTEX_POINT('',#977);
#979=CARTESIAN_POINT('',(231.103379783,0.208245768,11.879073596));
#980=DIRECTION('',(-0.999988393,-0.004815857,0.000147023));
#981=VECTOR('',#980,0.2);
#982=LINE('',#979,#981);
#983=EDGE_CURVE('',#969,#978,#982,.T.);
#984=ORIENTED_EDGE('',*,*,#983,.T.);
#985=CARTESIAN_POINT('',(230.903440914,0.207282739,12.279102996));
#986=DIRECTION('',(0.004815857,-0.999988404,-0.000000354));
#987=DIRECTION('',(0.999988393,0.004815857,-0.000147023));
#988=AXIS2_PLACEMENT_3D('',#985,#986,#987);
#989=CIRCLE('',#988,0.4);
#990=EDGE_CURVE('',#925,#978,#989,.T.);
#991=ORIENTED_EDGE('',*,*,#990,.F.);
#992=EDGE_LOOP('',(#933,#942,#950,#959,#967,#976,#984,#991));
#993=FACE_BOUND('',#992,.T.);
#994=CARTESIAN_POINT('',(232.503422343,0.21498811,12.278867759));
#995=VERTEX_POINT('',#994);
#996=CARTESIAN_POINT('',(232.504348589,0.21499034,18.578867691));
#997=VERTEX_POINT('',#996);
#998=CARTESIAN_POINT('',(232.503422343,0.21498811,12.278867759));
#999=DIRECTION('',(0.000147023,0.000000354,0.999999989));
#1000=VECTOR('',#999,6.3);
#1001=LINE('',#998,#1000);
#1002=EDGE_CURVE('',#995,#997,#1001,.T.);
#1003=ORIENTED_EDGE('',*,*,#1002,.T.);
#1004=CARTESIAN_POINT('',(232.904402756,0.216916825,18.978808878));
#1005=VERTEX_POINT('',#1004);
#1006=CARTESIAN_POINT('',(232.904343946,0.216916683,18.578808882));
#1007=DIRECTION('',(0.004815857,-0.999988404,-0.000000354));
#1008=DIRECTION('',(0.999988393,0.004815857,-0.000147023));
#1009=AXIS2_PLACEMENT_3D('',#1006,#1007,#1008);
#1010=CIRCLE('',#1009,0.4);
#1011=EDGE_CURVE('',#1005,#997,#1010,.T.);
#1012=ORIENTED_EDGE('',*,*,#1011,.F.);
#1013=CARTESIAN_POINT('',(233.104400434,0.217879996,18.978779473));
#1014=VERTEX_POINT('',#1013);
#1015=CARTESIAN_POINT('',(232.904402756,0.216916825,18.978808878));
#1016=DIRECTION('',(0.999988393,0.004815857,-0.000147023));
#1017=VECTOR('',#1016,0.2);
#1018=LINE('',#1015,#1017);
#1019=EDGE_CURVE('',#1005,#1014,#1018,.T.);
#1020=ORIENTED_EDGE('',*,*,#1019,.T.);
#1021=CARTESIAN_POINT('',(233.504336982,0.219806197,18.578720668));
#1022=VERTEX_POINT('',#1021);
#1023=CARTESIAN_POINT('',(233.104341625,0.217879854,18.578779477));
#1024=DIRECTION('',(0.004815857,-0.999988404,-0.000000354));
#1025=DIRECTION('',(0.999988393,0.004815857,-0.000147023));
#1026=AXIS2_PLACEMENT_3D('',#1023,#1024,#1025);
#1027=CIRCLE('',#1026,0.4);
#1028=EDGE_CURVE('',#1022,#1014,#1027,.T.);
#1029=ORIENTED_EDGE('',*,*,#1028,.F.);
#1030=CARTESIAN_POINT('',(233.503410736,0.219803967,12.278720736));
#1031=VERTEX_POINT('',#1030);
#1032=CARTESIAN_POINT('',(233.504336982,0.219806197,18.578720668));
#1033=DIRECTION('',(-0.000147023,-0.000000354,-0.999999989));
#1034=VECTOR('',#1033,6.3);
#1035=LINE('',#1032,#1034);
#1036=EDGE_CURVE('',#1022,#1031,#1035,.T.);
#1037=ORIENTED_EDGE('',*,*,#1036,.T.);
#1038=CARTESIAN_POINT('',(233.103356569,0.217877482,11.87877955));
#1039=VERTEX_POINT('',#1038);
#1040=CARTESIAN_POINT('',(233.103415379,0.217877624,12.278779545));
#1041=DIRECTION('',(0.004815857,-0.999988404,-0.000000354));
#1042=DIRECTION('',(0.999988393,0.004815857,-0.000147023));
#1043=AXIS2_PLACEMENT_3D('',#1040,#1041,#1042);
#1044=CIRCLE('',#1043,0.4);
#1045=EDGE_CURVE('',#1039,#1031,#1044,.T.);
#1046=ORIENTED_EDGE('',*,*,#1045,.F.);
#1047=CARTESIAN_POINT('',(232.903358891,0.216914311,11.878808954));
#1048=VERTEX_POINT('',#1047);
#1049=CARTESIAN_POINT('',(233.103356569,0.217877482,11.87877955));
#1050=DIRECTION('',(-0.999988393,-0.004815857,0.000147023));
#1051=VECTOR('',#1050,0.2);
#1052=LINE('',#1049,#1051);
#1053=EDGE_CURVE('',#1039,#1048,#1052,.T.);
#1054=ORIENTED_EDGE('',*,*,#1053,.T.);
#1055=CARTESIAN_POINT('',(232.9034177,0.216914453,12.27880895));
#1056=DIRECTION('',(0.004815857,-0.999988404,-0.000000354));
#1057=DIRECTION('',(0.999988393,0.004815857,-0.000147023));
#1058=AXIS2_PLACEMENT_3D('',#1055,#1056,#1057);
#1059=CIRCLE('',#1058,0.4);
#1060=EDGE_CURVE('',#995,#1048,#1059,.T.);
#1061=ORIENTED_EDGE('',*,*,#1060,.F.);
#1062=EDGE_LOOP('',(#1003,#1012,#1020,#1029,#1037,#1046,#1054,#1061));
#1063=FACE_BOUND('',#1062,.T.);
#1064=ADVANCED_FACE('',(#836,#862,#923,#993,#1063),#766,.T.);
#1065=CARTESIAN_POINT('',(-52.496067508,-0.257537887,22.770769589));
#1066=DIRECTION('',(0.004815857,-0.999988404,-0.000000354));
#1067=DIRECTION('',(0.999988393,0.004815857,-0.000147023));
#1068=AXIS2_PLACEMENT_3D('',#1065,#1066,#1067);
#1069=PLANE('',#1068);
#1070=CARTESIAN_POINT('',(242.833962461,1.164746891,19.727348674));
#1071=VERTEX_POINT('',#1070);
#1072=CARTESIAN_POINT('',(238.041208102,1.141665403,19.728053328));
#1073=VERTEX_POINT('',#1072);
#1074=CARTESIAN_POINT('',(242.833962461,1.164746891,19.727348674));
#1075=DIRECTION('',(-0.999988393,-0.004815857,0.000147023));
#1076=VECTOR('',#1075,4.79280999);
#1077=LINE('',#1074,#1076);
#1078=EDGE_CURVE('',#1071,#1073,#1077,.T.);
#1079=ORIENTED_EDGE('',*,*,#1078,.T.);
#1080=CARTESIAN_POINT('',(238.240985231,1.142627586,19.519311303));
#1081=VERTEX_POINT('',#1080);
#1082=CARTESIAN_POINT('',(238.041178697,1.141665332,19.528053331));
#1083=DIRECTION('',(0.004815857,-0.999988404,-0.000000354));
#1084=DIRECTION('',(0.999988393,0.004815857,-0.000147023));
#1085=AXIS2_PLACEMENT_3D('',#1082,#1083,#1084);
#1086=CIRCLE('',#1085,0.2);
#1087=EDGE_CURVE('',#1081,#1073,#1086,.T.);
#1088=ORIENTED_EDGE('',*,*,#1087,.F.);
#1089=CARTESIAN_POINT('',(237.882225651,1.140902735,11.319363961));
#1090=VERTEX_POINT('',#1089);
#1091=CARTESIAN_POINT('',(237.882225651,1.140902735,11.319363961));
#1092=DIRECTION('',(0.043709634,0.000210148,0.999044255));
#1093=VECTOR('',#1092,8.207791897);
#1094=LINE('',#1091,#1093);
#1095=EDGE_CURVE('',#1090,#1081,#1094,.T.);
#1096=ORIENTED_EDGE('',*,*,#1095,.F.);
#1097=CARTESIAN_POINT('',(237.682389713,1.13994041,11.128105991));
#1098=VERTEX_POINT('',#1097);
#1099=CARTESIAN_POINT('',(237.682419117,1.139940481,11.328105989));
#1100=DIRECTION('',(0.004815857,-0.999988404,-0.000000354));
#1101=DIRECTION('',(0.999988393,0.004815857,-0.000147023));
#1102=AXIS2_PLACEMENT_3D('',#1099,#1100,#1101);
#1103=CIRCLE('',#1102,0.2);
#1104=EDGE_CURVE('',#1098,#1090,#1103,.T.);
#1105=ORIENTED_EDGE('',*,*,#1104,.F.);
#1106=CARTESIAN_POINT('',(222.874030713,1.068624642,11.130283189));
#1107=VERTEX_POINT('',#1106);
#1108=CARTESIAN_POINT('',(222.874030713,1.068624642,11.130283189));
#1109=DIRECTION('',(0.999988393,0.004815857,-0.000147023));
#1110=VECTOR('',#1109,14.808530884);
#1111=LINE('',#1108,#1110);
#1112=EDGE_CURVE('',#1107,#1098,#1111,.T.);
#1113=ORIENTED_EDGE('',*,*,#1112,.F.);
#1114=CARTESIAN_POINT('',(222.500299466,1.06682174,19.73033823));
#1115=VERTEX_POINT('',#1114);
#1116=CARTESIAN_POINT('',(222.500299466,1.06682174,19.73033823));
#1117=DIRECTION('',(0.043415867,0.000209441,-0.999057065));
#1118=VECTOR('',#1117,8.608171989);
#1119=LINE('',#1116,#1118);
#1120=EDGE_CURVE('',#1115,#1107,#1119,.T.);
#1121=ORIENTED_EDGE('',*,*,#1120,.F.);
#1122=CARTESIAN_POINT('',(217.916453658,1.044746338,19.731012169));
#1123=VERTEX_POINT('',#1122);
#1124=CARTESIAN_POINT('',(222.500299466,1.06682174,19.73033823));
#1125=DIRECTION('',(-0.999988393,-0.004815857,0.000147023));
#1126=VECTOR('',#1125,4.583899013);
#1127=LINE('',#1124,#1126);
#1128=EDGE_CURVE('',#1115,#1123,#1127,.T.);
#1129=ORIENTED_EDGE('',*,*,#1128,.T.);
#1130=CARTESIAN_POINT('',(217.516399492,1.042819853,19.331070983));
#1131=VERTEX_POINT('',#1130);
#1132=CARTESIAN_POINT('',(217.916394849,1.044746196,19.331012174));
#1133=DIRECTION('',(-0.004815857,0.999988404,0.000000354));
#1134=DIRECTION('',(0.999988393,0.004815857,-0.000147023));
#1135=AXIS2_PLACEMENT_3D('',#1132,#1133,#1134);
#1136=CIRCLE('',#1135,0.4);
#1137=EDGE_CURVE('',#1131,#1123,#1136,.T.);
#1138=ORIENTED_EDGE('',*,*,#1137,.F.);
#1139=CARTESIAN_POINT('',(217.516708439,1.042821347,19.315293751));
#1140=VERTEX_POINT('',#1139);
#1141=CARTESIAN_POINT('',(217.916394849,1.044746196,19.331012174));
#1142=DIRECTION('',(-0.004815857,0.999988404,0.000000354));
#1143=DIRECTION('',(0.999988393,0.004815857,-0.000147023));
#1144=AXIS2_PLACEMENT_3D('',#1141,#1142,#1143);
#1145=CIRCLE('',#1144,0.4);
#1146=EDGE_CURVE('',#1140,#1131,#1145,.T.);
#1147=ORIENTED_EDGE('',*,*,#1146,.F.);
#1148=CARTESIAN_POINT('',(217.858846404,1.044472133,10.615243354));
#1149=VERTEX_POINT('',#1148);
#1150=CARTESIAN_POINT('',(217.516708439,1.042821347,19.315293751));
#1151=DIRECTION('',(0.0392956,0.000189598,-0.999227612));
#1152=VECTOR('',#1151,8.706775409);
#1153=LINE('',#1150,#1152);
#1154=EDGE_CURVE('',#1140,#1149,#1153,.T.);
#1155=ORIENTED_EDGE('',*,*,#1154,.T.);
#1156=CARTESIAN_POINT('',(218.258474004,1.046396841,10.230961781));
#1157=VERTEX_POINT('',#1156);
#1158=CARTESIAN_POINT('',(218.258532813,1.046396983,10.630961777));
#1159=DIRECTION('',(-0.004815857,0.999988404,0.000000354));
#1160=DIRECTION('',(0.999988393,0.004815857,-0.000147023));
#1161=AXIS2_PLACEMENT_3D('',#1158,#1159,#1160);
#1162=CIRCLE('',#1161,0.4);
#1163=EDGE_CURVE('',#1157,#1149,#1162,.T.);
#1164=ORIENTED_EDGE('',*,*,#1163,.F.);
#1165=CARTESIAN_POINT('',(242.489148674,1.163089661,10.227399268));
#1166=VERTEX_POINT('',#1165);
#1167=CARTESIAN_POINT('',(218.258474004,1.046396841,10.230961781));
#1168=DIRECTION('',(0.999988393,0.004815857,-0.000147023));
#1169=VECTOR('',#1168,24.230955921);
#1170=LINE('',#1167,#1169);
#1171=EDGE_CURVE('',#1157,#1166,#1170,.T.);
#1172=ORIENTED_EDGE('',*,*,#1171,.T.);
#1173=CARTESIAN_POINT('',(242.888889254,1.165014641,10.611563313));
#1174=VERTEX_POINT('',#1173);
#1175=CARTESIAN_POINT('',(242.489207483,1.163089803,10.627399263));
#1176=DIRECTION('',(-0.004815857,0.999988404,0.000000354));
#1177=DIRECTION('',(0.999988393,0.004815857,-0.000147023));
#1178=AXIS2_PLACEMENT_3D('',#1175,#1176,#1177);
#1179=CIRCLE('',#1178,0.4);
#1180=EDGE_CURVE('',#1174,#1166,#1179,.T.);
#1181=ORIENTED_EDGE('',*,*,#1180,.F.);
#1182=CARTESIAN_POINT('',(243.233585422,1.166671588,19.311512728));
#1183=VERTEX_POINT('',#1182);
#1184=CARTESIAN_POINT('',(242.888889254,1.165014641,10.611563313));
#1185=DIRECTION('',(0.039589418,0.000190305,0.999216014));
#1186=VECTOR('',#1185,8.706775409);
#1187=LINE('',#1184,#1186);
#1188=EDGE_CURVE('',#1174,#1183,#1187,.T.);
#1189=ORIENTED_EDGE('',*,*,#1188,.T.);
#1190=CARTESIAN_POINT('',(242.833903652,1.164746749,19.327348678));
#1191=DIRECTION('',(-0.004815857,0.999988404,0.000000354));
#1192=DIRECTION('',(0.999988393,0.004815857,-0.000147023));
#1193=AXIS2_PLACEMENT_3D('',#1190,#1191,#1192);
#1194=CIRCLE('',#1193,0.4);
#1195=EDGE_CURVE('',#1071,#1183,#1194,.T.);
#1196=ORIENTED_EDGE('',*,*,#1195,.F.);
#1197=EDGE_LOOP('',(#1079,#1088,#1096,#1105,#1113,#1121,#1129,#1138,#1147,#1155,#1164,#1172,#1181,#1189,#1196));
#1198=FACE_BOUND('',#1197,.T.);
#1199=ADVANCED_FACE('',(#1198),#1069,.T.);
#1200=CARTESIAN_POINT('',(242.902820222,2.015091427,11.066491138));
#1201=DIRECTION('',(0.999204426,0.004812095,-0.039589875));
#1202=DIRECTION('',(-0.039589418,-0.000190305,-0.999216014));
#1203=AXIS2_PLACEMENT_3D('',#1200,#1201,#1202);
#1204=PLANE('',#1203);
#1205=ORIENTED_EDGE('',*,*,#1188,.F.);
#1206=CARTESIAN_POINT('',(242.884795775,2.015004784,10.611563614));
#1207=DIRECTION('',(0.004815857,-0.999988404,-0.000000354));
#1208=VECTOR('',#1207,0.85);
#1209=LINE('',#1206,#1208);
#1210=EDGE_CURVE('',#737,#1174,#1209,.T.);
#1211=ORIENTED_EDGE('',*,*,#1210,.F.);
#1212=ORIENTED_EDGE('',*,*,#742,.T.);
#1213=CARTESIAN_POINT('',(243.233585422,1.166671588,19.311512728));
#1214=DIRECTION('',(-0.004815857,0.999988404,0.000000354));
#1215=VECTOR('',#1214,0.85);
#1216=LINE('',#1213,#1215);
#1217=EDGE_CURVE('',#1183,#728,#1216,.T.);
#1218=ORIENTED_EDGE('',*,*,#1217,.F.);
#1219=EDGE_LOOP('',(#1205,#1211,#1212,#1218));
#1220=FACE_BOUND('',#1219,.T.);
#1221=ADVANCED_FACE('',(#1220),#1204,.T.);
#1222=CARTESIAN_POINT('',(230.373811339,1.104743251,10.229180524));
#1223=DIRECTION('',(-0.000147023,-0.000000354,-0.999999989));
#1224=DIRECTION('',(-0.999988393,-0.004815857,0.000147023));
#1225=AXIS2_PLACEMENT_3D('',#1222,#1223,#1224);
#1226=PLANE('',#1225);
#1227=ORIENTED_EDGE('',*,*,#682,.T.);
#1228=CARTESIAN_POINT('',(226.849531886,6.13782919,10.229696894));
#1229=VERTEX_POINT('',#1228);
#1230=CARTESIAN_POINT('',(226.849531886,6.13782919,10.229696894));
#1231=DIRECTION('',(0.004815857,-0.999988404,-0.000000354));
#1232=VECTOR('',#1231,4.2);
#1233=LINE('',#1230,#1232);
#1234=EDGE_CURVE('',#1229,#669,#1233,.T.);
#1235=ORIENTED_EDGE('',*,*,#1234,.F.);
#1236=CARTESIAN_POINT('',(228.349514475,6.145052976,10.229476359));
#1237=VERTEX_POINT('',#1236);
#1238=CARTESIAN_POINT('',(226.849531886,6.13782919,10.229696894));
#1239=DIRECTION('',(0.999988393,0.004815857,-0.000147023));
#1240=VECTOR('',#1239,1.5);
#1241=LINE('',#1238,#1240);
#1242=EDGE_CURVE('',#1229,#1237,#1241,.T.);
#1243=ORIENTED_EDGE('',*,*,#1242,.T.);
#1244=CARTESIAN_POINT('',(228.349514475,6.145052976,10.229476359));
#1245=DIRECTION('',(0.004815857,-0.999988404,-0.000000354));
#1246=VECTOR('',#1245,4.2);
#1247=LINE('',#1244,#1246);
#1248=EDGE_CURVE('',#1237,#651,#1247,.T.);
#1249=ORIENTED_EDGE('',*,*,#1248,.T.);
#1250=ORIENTED_EDGE('',*,*,#757,.T.);
#1251=CARTESIAN_POINT('',(242.489148674,1.163089661,10.227399268));
#1252=DIRECTION('',(-0.004815857,0.999988404,0.000000354));
#1253=VECTOR('',#1252,0.85);
#1254=LINE('',#1251,#1253);
#1255=EDGE_CURVE('',#1166,#745,#1254,.T.);
#1256=ORIENTED_EDGE('',*,*,#1255,.F.);
#1257=ORIENTED_EDGE('',*,*,#1171,.F.);
#1258=CARTESIAN_POINT('',(218.254380526,1.896386984,10.230962082));
#1259=DIRECTION('',(0.004815857,-0.999988404,-0.000000354));
#1260=VECTOR('',#1259,0.85);
#1261=LINE('',#1258,#1260);
#1262=EDGE_CURVE('',#677,#1157,#1261,.T.);
#1263=ORIENTED_EDGE('',*,*,#1262,.F.);
#1264=EDGE_LOOP('',(#1227,#1235,#1243,#1249,#1250,#1256,#1257,#1263));
#1265=FACE_BOUND('',#1264,.T.);
#1266=ADVANCED_FACE('',(#1265),#1226,.T.);
#1267=CARTESIAN_POINT('',(216.959986497,1.890145104,33.36779914));
#1268=DIRECTION('',(-0.999216024,-0.004812123,-0.039296057));
#1269=DIRECTION('',(-0.0392956,-0.000189598,0.999227612));
#1270=AXIS2_PLACEMENT_3D('',#1267,#1268,#1269);
#1271=PLANE('',#1270);
#1272=ORIENTED_EDGE('',*,*,#699,.T.);
#1273=CARTESIAN_POINT('',(217.858846404,1.044472133,10.615243354));
#1274=DIRECTION('',(-0.004815857,0.999988404,0.000000354));
#1275=VECTOR('',#1274,0.85);
#1276=LINE('',#1273,#1275);
#1277=EDGE_CURVE('',#1149,#685,#1276,.T.);
#1278=ORIENTED_EDGE('',*,*,#1277,.F.);
#1279=ORIENTED_EDGE('',*,*,#1154,.F.);
#1280=CARTESIAN_POINT('',(217.512614961,1.89281149,19.315294052));
#1281=DIRECTION('',(0.004815857,-0.999988404,-0.000000354));
#1282=VECTOR('',#1281,0.85);
#1283=LINE('',#1280,#1282);
#1284=EDGE_CURVE('',#694,#1140,#1283,.T.);
#1285=ORIENTED_EDGE('',*,*,#1284,.F.);
#1286=EDGE_LOOP('',(#1272,#1278,#1279,#1285));
#1287=FACE_BOUND('',#1286,.T.);
#1288=ADVANCED_FACE('',(#1287),#1271,.T.);
#1289=CARTESIAN_POINT('',(230.37520806,1.104746614,19.729180422));
#1290=DIRECTION('',(0.000147023,0.000000354,0.999999989));
#1291=DIRECTION('',(0.999988393,0.004815857,-0.000147023));
#1292=AXIS2_PLACEMENT_3D('',#1289,#1290,#1291);
#1293=PLANE('',#1292);
#1294=ORIENTED_EDGE('',*,*,#725,.T.);
#1295=CARTESIAN_POINT('',(217.916453658,1.044746338,19.731012169));
#1296=DIRECTION('',(-0.004815857,0.999988404,0.000000354));
#1297=VECTOR('',#1296,0.85);
#1298=LINE('',#1295,#1297);
#1299=EDGE_CURVE('',#1123,#711,#1298,.T.);
#1300=ORIENTED_EDGE('',*,*,#1299,.F.);
#1301=ORIENTED_EDGE('',*,*,#1128,.F.);
#1302=CARTESIAN_POINT('',(222.504633737,0.166832177,19.730337911));
#1303=DIRECTION('',(-0.004815857,0.999988404,0.000000354));
#1304=VECTOR('',#1303,0.9);
#1305=LINE('',#1302,#1304);
#1306=EDGE_CURVE('',#883,#1115,#1305,.T.);
#1307=ORIENTED_EDGE('',*,*,#1306,.F.);
#1308=ORIENTED_EDGE('',*,*,#888,.T.);
#1309=CARTESIAN_POINT('',(236.954603772,-1.563598899,19.728214042));
#1310=VERTEX_POINT('',#1309);
#1311=CARTESIAN_POINT('',(236.954603772,-1.563598899,19.728214042));
#1312=DIRECTION('',(-0.004815857,0.999988404,0.000000354));
#1313=VECTOR('',#1312,1.8);
#1314=LINE('',#1311,#1313);
#1315=EDGE_CURVE('',#1310,#874,#1314,.T.);
#1316=ORIENTED_EDGE('',*,*,#1315,.F.);
#1317=CARTESIAN_POINT('',(238.054210916,-1.558303287,19.728052373));
#1318=VERTEX_POINT('',#1317);
#1319=CARTESIAN_POINT('',(238.054210916,-1.558303287,19.728052373));
#1320=DIRECTION('',(-0.999988393,-0.004815857,0.000147023));
#1321=VECTOR('',#1320,1.099619907);
#1322=LINE('',#1319,#1321);
#1323=EDGE_CURVE('',#1318,#1310,#1322,.T.);
#1324=ORIENTED_EDGE('',*,*,#1323,.F.);
#1325=CARTESIAN_POINT('',(238.041208102,1.141665403,19.728053328));
#1326=DIRECTION('',(0.004815857,-0.999988404,-0.000000354));
#1327=VECTOR('',#1326,2.7);
#1328=LINE('',#1325,#1327);
#1329=EDGE_CURVE('',#1073,#1318,#1328,.T.);
#1330=ORIENTED_EDGE('',*,*,#1329,.F.);
#1331=ORIENTED_EDGE('',*,*,#1078,.F.);
#1332=CARTESIAN_POINT('',(242.829868983,2.014737034,19.727348975));
#1333=DIRECTION('',(0.004815857,-0.999988404,-0.000000354));
#1334=VECTOR('',#1333,0.85);
#1335=LINE('',#1332,#1334);
#1336=EDGE_CURVE('',#720,#1071,#1335,.T.);
#1337=ORIENTED_EDGE('',*,*,#1336,.F.);
#1338=EDGE_LOOP('',(#1294,#1300,#1301,#1307,#1308,#1316,#1324,#1330,#1331,#1337));
#1339=FACE_BOUND('',#1338,.T.);
#1340=ADVANCED_FACE('',(#1339),#1293,.T.);
#1341=CARTESIAN_POINT('',(237.823400639,1.990629738,10.068399215));
#1342=DIRECTION('',(0.99903267,0.00481127,-0.043710139));
#1343=DIRECTION('',(-0.043709634,-0.000210148,-0.999044255));
#1344=AXIS2_PLACEMENT_3D('',#1341,#1342,#1343);
#1345=PLANE('',#1344);
#1346=CARTESIAN_POINT('',(237.895228465,-1.559065955,11.319363005));
#1347=VERTEX_POINT('',#1346);
#1348=CARTESIAN_POINT('',(237.882225651,1.140902735,11.319363961));
#1349=DIRECTION('',(0.004815857,-0.999988404,-0.000000354));
#1350=VECTOR('',#1349,2.7);
#1351=LINE('',#1348,#1350);
#1352=EDGE_CURVE('',#1090,#1347,#1351,.T.);
#1353=ORIENTED_EDGE('',*,*,#1352,.F.);
#1354=ORIENTED_EDGE('',*,*,#1095,.T.);
#1355=CARTESIAN_POINT('',(238.253988045,-1.557341104,19.519310347));
#1356=VERTEX_POINT('',#1355);
#1357=CARTESIAN_POINT('',(238.253988045,-1.557341104,19.519310347));
#1358=DIRECTION('',(-0.004815857,0.999988404,0.000000354));
#1359=VECTOR('',#1358,2.7);
#1360=LINE('',#1357,#1359);
#1361=EDGE_CURVE('',#1356,#1081,#1360,.T.);
#1362=ORIENTED_EDGE('',*,*,#1361,.F.);
#1363=CARTESIAN_POINT('',(237.895228465,-1.559065955,11.319363005));
#1364=DIRECTION('',(0.043709634,0.000210148,0.999044255));
#1365=VECTOR('',#1364,8.207791897);
#1366=LINE('',#1363,#1365);
#1367=EDGE_CURVE('',#1347,#1356,#1366,.T.);
#1368=ORIENTED_EDGE('',*,*,#1367,.F.);
#1369=EDGE_LOOP('',(#1353,#1354,#1362,#1368));
#1370=FACE_BOUND('',#1369,.T.);
#1371=ADVANCED_FACE('',(#1370),#1345,.T.);
#1372=CARTESIAN_POINT('',(230.378277931,0.204754006,11.129180196));
#1373=DIRECTION('',(-0.000147023,-0.000000354,-0.999999989));
#1374=DIRECTION('',(-0.999988393,-0.004815857,0.000147023));
#1375=AXIS2_PLACEMENT_3D('',#1372,#1373,#1374);
#1376=PLANE('',#1375);
#1377=CARTESIAN_POINT('',(236.595785383,-1.565323892,11.128266705));
#1378=VERTEX_POINT('',#1377);
#1379=CARTESIAN_POINT('',(236.58711684,0.234655234,11.128267342));
#1380=DIRECTION('',(0.004815857,-0.999988404,-0.000000354));
#1381=VECTOR('',#1380,1.8);
#1382=LINE('',#1379,#1381);
#1383=EDGE_CURVE('',#899,#1378,#1382,.T.);
#1384=ORIENTED_EDGE('',*,*,#1383,.F.);
#1385=ORIENTED_EDGE('',*,*,#904,.F.);
#1386=CARTESIAN_POINT('',(222.878364985,0.168635079,11.13028287));
#1387=DIRECTION('',(-0.004815857,0.999988404,0.000000354));
#1388=VECTOR('',#1387,0.9);
#1389=LINE('',#1386,#1388);
#1390=EDGE_CURVE('',#891,#1107,#1389,.T.);
#1391=ORIENTED_EDGE('',*,*,#1390,.T.);
#1392=ORIENTED_EDGE('',*,*,#1112,.T.);
#1393=CARTESIAN_POINT('',(237.695392527,-1.56002828,11.128105035));
#1394=VERTEX_POINT('',#1393);
#1395=CARTESIAN_POINT('',(237.695392527,-1.56002828,11.128105035));
#1396=DIRECTION('',(-0.004815857,0.999988404,0.000000354));
#1397=VECTOR('',#1396,2.7);
#1398=LINE('',#1395,#1397);
#1399=EDGE_CURVE('',#1394,#1098,#1398,.T.);
#1400=ORIENTED_EDGE('',*,*,#1399,.F.);
#1401=CARTESIAN_POINT('',(236.595785383,-1.565323892,11.128266705));
#1402=DIRECTION('',(0.999988393,0.004815857,-0.000147023));
#1403=VECTOR('',#1402,1.099619907);
#1404=LINE('',#1401,#1403);
#1405=EDGE_CURVE('',#1378,#1394,#1404,.T.);
#1406=ORIENTED_EDGE('',*,*,#1405,.F.);
#1407=EDGE_LOOP('',(#1384,#1385,#1391,#1392,#1400,#1406));
#1408=FACE_BOUND('',#1407,.T.);
#1409=ADVANCED_FACE('',(#1408),#1376,.T.);
#1410=CARTESIAN_POINT('',(221.845964494,1.91367508,34.693263555));
#1411=DIRECTION('',(-0.999045479,-0.004811301,-0.043416372));
#1412=DIRECTION('',(-0.043415867,-0.000209441,0.999057065));
#1413=AXIS2_PLACEMENT_3D('',#1410,#1411,#1412);
#1414=PLANE('',#1413);
#1415=ORIENTED_EDGE('',*,*,#1120,.T.);
#1416=ORIENTED_EDGE('',*,*,#1390,.F.);
#1417=ORIENTED_EDGE('',*,*,#896,.F.);
#1418=ORIENTED_EDGE('',*,*,#1306,.T.);
#1419=EDGE_LOOP('',(#1415,#1416,#1417,#1418));
#1420=FACE_BOUND('',#1419,.T.);
#1421=ADVANCED_FACE('',(#1420),#1414,.T.);
#1422=CARTESIAN_POINT('',(236.326274251,1.983419685,10.133902181));
#1423=DIRECTION('',(-0.99903267,-0.00481127,0.043710139));
#1424=DIRECTION('',(0.043709634,0.000210148,0.999044255));
#1425=AXIS2_PLACEMENT_3D('',#1422,#1423,#1424);
#1426=PLANE('',#1425);
#1427=CARTESIAN_POINT('',(236.754767833,-1.564561224,19.536956072));
#1428=VERTEX_POINT('',#1427);
#1429=CARTESIAN_POINT('',(236.746099291,0.235417903,19.53695671));
#1430=DIRECTION('',(0.004815857,-0.999988404,-0.000000354));
#1431=VECTOR('',#1430,1.8);
#1432=LINE('',#1429,#1431);
#1433=EDGE_CURVE('',#866,#1428,#1432,.T.);
#1434=ORIENTED_EDGE('',*,*,#1433,.F.);
#1435=ORIENTED_EDGE('',*,*,#871,.F.);
#1436=CARTESIAN_POINT('',(236.396008253,-1.566286076,11.33700873));
#1437=VERTEX_POINT('',#1436);
#1438=CARTESIAN_POINT('',(236.396008253,-1.566286076,11.33700873));
#1439=DIRECTION('',(-0.004815857,0.999988404,0.000000354));
#1440=VECTOR('',#1439,1.8);
#1441=LINE('',#1438,#1440);
#1442=EDGE_CURVE('',#1437,#864,#1441,.T.);
#1443=ORIENTED_EDGE('',*,*,#1442,.F.);
#1444=CARTESIAN_POINT('',(236.754767833,-1.564561224,19.536956072));
#1445=DIRECTION('',(-0.043709634,-0.000210148,-0.999044255));
#1446=VECTOR('',#1445,8.207791897);
#1447=LINE('',#1444,#1446);
#1448=EDGE_CURVE('',#1428,#1437,#1447,.T.);
#1449=ORIENTED_EDGE('',*,*,#1448,.F.);
#1450=EDGE_LOOP('',(#1434,#1435,#1443,#1449));
#1451=FACE_BOUND('',#1450,.T.);
#1452=ADVANCED_FACE('',(#1451),#1426,.T.);
#1453=CARTESIAN_POINT('',(-52.85709717,-3.159310204,22.770823696));
#1454=DIRECTION('',(0.004815857,-0.999988404,-0.000000354));
#1455=DIRECTION('',(0.999988393,0.004815857,-0.000147023));
#1456=AXIS2_PLACEMENT_3D('',#1453,#1454,#1455);
#1457=PLANE('',#1456);
#1458=CARTESIAN_POINT('',(236.955537539,-1.763596651,19.528213974));
#1459=VERTEX_POINT('',#1458);
#1460=CARTESIAN_POINT('',(238.055144683,-1.758301038,19.528052304));
#1461=VERTEX_POINT('',#1460);
#1462=CARTESIAN_POINT('',(236.955537539,-1.763596651,19.528213974));
#1463=DIRECTION('',(0.999988393,0.004815857,-0.000147023));
#1464=VECTOR('',#1463,1.099619907);
#1465=LINE('',#1462,#1464);
#1466=EDGE_CURVE('',#1459,#1461,#1465,.T.);
#1467=ORIENTED_EDGE('',*,*,#1466,.F.);
#1468=CARTESIAN_POINT('',(236.596777959,-1.765321502,11.328266632));
#1469=VERTEX_POINT('',#1468);
#1470=CARTESIAN_POINT('',(236.596777959,-1.765321502,11.328266632));
#1471=DIRECTION('',(0.043709634,0.000210148,0.999044255));
#1472=VECTOR('',#1471,8.207791897);
#1473=LINE('',#1470,#1472);
#1474=EDGE_CURVE('',#1469,#1459,#1473,.T.);
#1475=ORIENTED_EDGE('',*,*,#1474,.F.);
#1476=CARTESIAN_POINT('',(237.696385103,-1.76002589,11.328104962));
#1477=VERTEX_POINT('',#1476);
#1478=CARTESIAN_POINT('',(237.696385103,-1.76002589,11.328104962));
#1479=DIRECTION('',(-0.999988393,-0.004815857,0.000147023));
#1480=VECTOR('',#1479,1.099619907);
#1481=LINE('',#1478,#1480);
#1482=EDGE_CURVE('',#1477,#1469,#1481,.T.);
#1483=ORIENTED_EDGE('',*,*,#1482,.F.);
#1484=CARTESIAN_POINT('',(238.055144683,-1.758301038,19.528052304));
#1485=DIRECTION('',(-0.043709634,-0.000210148,-0.999044255));
#1486=VECTOR('',#1485,8.207791897);
#1487=LINE('',#1484,#1486);
#1488=EDGE_CURVE('',#1461,#1477,#1487,.T.);
#1489=ORIENTED_EDGE('',*,*,#1488,.F.);
#1490=EDGE_LOOP('',(#1467,#1475,#1483,#1489));
#1491=FACE_BOUND('',#1490,.T.);
#1492=ADVANCED_FACE('',(#1491),#1457,.T.);
#1493=CARTESIAN_POINT('',(226.505159073,-0.063903018,15.429749776));
#1494=DIRECTION('',(-0.999988393,-0.004815857,0.000147023));
#1495=DIRECTION('',(0.004815857,-0.999988404,-0.000000354));
#1496=AXIS2_PLACEMENT_3D('',#1493,#1494,#1495);
#1497=PLANE('',#1496);
#1498=ORIENTED_EDGE('',*,*,#845,.F.);
#1499=CARTESIAN_POINT('',(226.502486503,0.436090546,13.629749973));
#1500=VERTEX_POINT('',#1499);
#1501=CARTESIAN_POINT('',(226.503690467,0.186093445,13.629749884));
#1502=DIRECTION('',(-0.004815857,0.999988404,0.000000354));
#1503=VECTOR('',#1502,0.25);
#1504=LINE('',#1501,#1503);
#1505=EDGE_CURVE('',#838,#1500,#1504,.T.);
#1506=ORIENTED_EDGE('',*,*,#1505,.T.);
#1507=CARTESIAN_POINT('',(226.503015786,0.436091821,17.229749934));
#1508=VERTEX_POINT('',#1507);
#1509=CARTESIAN_POINT('',(226.503015786,0.436091821,17.229749934));
#1510=DIRECTION('',(-0.000147023,-0.000000354,-0.999999989));
#1511=VECTOR('',#1510,3.6);
#1512=LINE('',#1509,#1511);
#1513=EDGE_CURVE('',#1508,#1500,#1512,.T.);
#1514=ORIENTED_EDGE('',*,*,#1513,.F.);
#1515=CARTESIAN_POINT('',(226.504219751,0.18609472,17.229749845));
#1516=DIRECTION('',(-0.004815857,0.999988404,0.000000354));
#1517=VECTOR('',#1516,0.25);
#1518=LINE('',#1515,#1517);
#1519=EDGE_CURVE('',#840,#1508,#1518,.T.);
#1520=ORIENTED_EDGE('',*,*,#1519,.F.);
#1521=EDGE_LOOP('',(#1498,#1506,#1514,#1520));
#1522=FACE_BOUND('',#1521,.T.);
#1523=ADVANCED_FACE('',(#1522),#1497,.F.);
#1524=CARTESIAN_POINT('',(228.005296037,-0.056678861,16.47952923));
#1525=DIRECTION('',(0.447339906,0.002154033,0.894361431));
#1526=DIRECTION('',(0.894351058,0.004307275,-0.447345092));
#1527=AXIS2_PLACEMENT_3D('',#1524,#1525,#1526);
#1528=PLANE('',#1527);
#1529=ORIENTED_EDGE('',*,*,#853,.F.);
#1530=ORIENTED_EDGE('',*,*,#1519,.T.);
#1531=CARTESIAN_POINT('',(229.50276043,0.450538861,15.72930888));
#1532=VERTEX_POINT('',#1531);
#1533=CARTESIAN_POINT('',(229.50276043,0.450538861,15.72930888));
#1534=DIRECTION('',(-0.894351058,-0.004307275,0.447345092));
#1535=VECTOR('',#1534,3.354101966);
#1536=LINE('',#1533,#1535);
#1537=EDGE_CURVE('',#1532,#1508,#1536,.T.);
#1538=ORIENTED_EDGE('',*,*,#1537,.F.);
#1539=CARTESIAN_POINT('',(229.503964394,0.20054176,15.729308792));
#1540=DIRECTION('',(-0.004815857,0.999988404,0.000000354));
#1541=VECTOR('',#1540,0.25);
#1542=LINE('',#1539,#1541);
#1543=EDGE_CURVE('',#848,#1532,#1542,.T.);
#1544=ORIENTED_EDGE('',*,*,#1543,.F.);
#1545=EDGE_LOOP('',(#1529,#1530,#1538,#1544));
#1546=FACE_BOUND('',#1545,.T.);
#1547=ADVANCED_FACE('',(#1546),#1528,.F.);
#1548=CARTESIAN_POINT('',(228.005031395,-0.056679498,14.679529249));
#1549=DIRECTION('',(0.573335242,0.002761423,-0.819316224));
#1550=DIRECTION('',(-0.819306724,-0.003945507,-0.573341892));
#1551=AXIS2_PLACEMENT_3D('',#1548,#1549,#1550);
#1552=PLANE('',#1551);
#1553=ORIENTED_EDGE('',*,*,#859,.F.);
#1554=ORIENTED_EDGE('',*,*,#1543,.T.);
#1555=CARTESIAN_POINT('',(226.502486503,0.436090546,13.629749973));
#1556=DIRECTION('',(0.819306724,0.003945507,0.573341892));
#1557=VECTOR('',#1556,3.661966685);
#1558=LINE('',#1555,#1557);
#1559=EDGE_CURVE('',#1500,#1532,#1558,.T.);
#1560=ORIENTED_EDGE('',*,*,#1559,.F.);
#1561=ORIENTED_EDGE('',*,*,#1505,.F.);
#1562=EDGE_LOOP('',(#1553,#1554,#1560,#1561));
#1563=FACE_BOUND('',#1562,.T.);
#1564=ADVANCED_FACE('',(#1563),#1552,.F.);
#1565=CARTESIAN_POINT('',(-52.492937201,-0.907530349,22.770769359));
#1566=DIRECTION('',(0.004815857,-0.999988404,-0.000000354));
#1567=DIRECTION('',(0.999988393,0.004815857,-0.000147023));
#1568=AXIS2_PLACEMENT_3D('',#1565,#1566,#1567);
#1569=PLANE('',#1568);
#1570=ORIENTED_EDGE('',*,*,#1513,.T.);
#1571=ORIENTED_EDGE('',*,*,#1559,.T.);
#1572=ORIENTED_EDGE('',*,*,#1537,.T.);
#1573=EDGE_LOOP('',(#1570,#1571,#1572));
#1574=FACE_BOUND('',#1573,.T.);
#1575=ADVANCED_FACE('',(#1574),#1569,.T.);
#1576=CARTESIAN_POINT('',(231.005788873,-0.292230019,11.879088121));
#1577=DIRECTION('',(0.000147023,0.000000354,0.999999989));
#1578=DIRECTION('',(-0.004815857,0.999988404,0.000000354));
#1579=AXIS2_PLACEMENT_3D('',#1576,#1577,#1578);
#1580=PLANE('',#1579);
#1581=CARTESIAN_POINT('',(230.904826862,-0.092713924,11.879102895));
#1582=VERTEX_POINT('',#1581);
#1583=CARTESIAN_POINT('',(230.903382105,0.207282597,11.879103001));
#1584=DIRECTION('',(0.004815857,-0.999988404,-0.000000354));
#1585=VECTOR('',#1584,0.3);
#1586=LINE('',#1583,#1585);
#1587=EDGE_CURVE('',#978,#1582,#1586,.T.);
#1588=ORIENTED_EDGE('',*,*,#1587,.F.);
#1589=ORIENTED_EDGE('',*,*,#983,.F.);
#1590=CARTESIAN_POINT('',(231.104824541,-0.091750753,11.87907349));
#1591=VERTEX_POINT('',#1590);
#1592=CARTESIAN_POINT('',(231.104824541,-0.091750753,11.87907349));
#1593=DIRECTION('',(-0.004815857,0.999988404,0.000000354));
#1594=VECTOR('',#1593,0.3);
#1595=LINE('',#1592,#1594);
#1596=EDGE_CURVE('',#1591,#969,#1595,.T.);
#1597=ORIENTED_EDGE('',*,*,#1596,.F.);
#1598=CARTESIAN_POINT('',(230.904826862,-0.092713924,11.879102895));
#1599=DIRECTION('',(0.999988393,0.004815857,-0.000147023));
#1600=VECTOR('',#1599,0.2);
#1601=LINE('',#1598,#1600);
#1602=EDGE_CURVE('',#1582,#1591,#1601,.T.);
#1603=ORIENTED_EDGE('',*,*,#1602,.F.);
#1604=EDGE_LOOP('',(#1588,#1589,#1597,#1603));
#1605=FACE_BOUND('',#1604,.T.);
#1606=ADVANCED_FACE('',(#1605),#1580,.F.);
#1607=CARTESIAN_POINT('',(230.506316609,-0.294636691,15.429161595));
#1608=DIRECTION('',(0.999988393,0.004815857,-0.000147023));
#1609=DIRECTION('',(-0.004815857,0.999988404,0.000000354));
#1610=AXIS2_PLACEMENT_3D('',#1607,#1608,#1609);
#1611=PLANE('',#1610);
#1612=CARTESIAN_POINT('',(230.505816561,-0.094637895,18.579161631));
#1613=VERTEX_POINT('',#1612);
#1614=CARTESIAN_POINT('',(230.504371803,0.205358626,18.579161738));
#1615=DIRECTION('',(0.004815857,-0.999988404,-0.000000354));
#1616=VECTOR('',#1615,0.3);
#1617=LINE('',#1614,#1616);
#1618=EDGE_CURVE('',#927,#1613,#1617,.T.);
#1619=ORIENTED_EDGE('',*,*,#1618,.F.);
#1620=ORIENTED_EDGE('',*,*,#932,.F.);
#1621=CARTESIAN_POINT('',(230.504890314,-0.094640125,12.2791617));
#1622=VERTEX_POINT('',#1621);
#1623=CARTESIAN_POINT('',(230.504890314,-0.094640125,12.2791617));
#1624=DIRECTION('',(-0.004815857,0.999988404,0.000000354));
#1625=VECTOR('',#1624,0.3);
#1626=LINE('',#1623,#1625);
#1627=EDGE_CURVE('',#1622,#925,#1626,.T.);
#1628=ORIENTED_EDGE('',*,*,#1627,.F.);
#1629=CARTESIAN_POINT('',(230.505816561,-0.094637895,18.579161631));
#1630=DIRECTION('',(-0.000147023,-0.000000354,-0.999999989));
#1631=VECTOR('',#1630,6.3);
#1632=LINE('',#1629,#1631);
#1633=EDGE_CURVE('',#1613,#1622,#1632,.T.);
#1634=ORIENTED_EDGE('',*,*,#1633,.F.);
#1635=EDGE_LOOP('',(#1619,#1620,#1628,#1634));
#1636=FACE_BOUND('',#1635,.T.);
#1637=ADVANCED_FACE('',(#1636),#1611,.F.);
#1638=CARTESIAN_POINT('',(231.006832738,-0.292227506,18.979088045));
#1639=DIRECTION('',(-0.000147023,-0.000000354,-0.999999989));
#1640=DIRECTION('',(0.004815857,-0.999988404,-0.000000354));
#1641=AXIS2_PLACEMENT_3D('',#1638,#1639,#1640);
#1642=PLANE('',#1641);
#1643=CARTESIAN_POINT('',(231.105868406,-0.091748239,18.979073413));
#1644=VERTEX_POINT('',#1643);
#1645=CARTESIAN_POINT('',(231.104423648,0.208248282,18.979073519));
#1646=DIRECTION('',(0.004815857,-0.999988404,-0.000000354));
#1647=VECTOR('',#1646,0.3);
#1648=LINE('',#1645,#1647);
#1649=EDGE_CURVE('',#944,#1644,#1648,.T.);
#1650=ORIENTED_EDGE('',*,*,#1649,.F.);
#1651=ORIENTED_EDGE('',*,*,#949,.F.);
#1652=CARTESIAN_POINT('',(230.905870727,-0.092711411,18.979102818));
#1653=VERTEX_POINT('',#1652);
#1654=CARTESIAN_POINT('',(230.905870727,-0.092711411,18.979102818));
#1655=DIRECTION('',(-0.004815857,0.999988404,0.000000354));
#1656=VECTOR('',#1655,0.3);
#1657=LINE('',#1654,#1656);
#1658=EDGE_CURVE('',#1653,#935,#1657,.T.);
#1659=ORIENTED_EDGE('',*,*,#1658,.F.);
#1660=CARTESIAN_POINT('',(231.105868406,-0.091748239,18.979073413));
#1661=DIRECTION('',(-0.999988393,-0.004815857,0.000147023));
#1662=VECTOR('',#1661,0.2);
#1663=LINE('',#1660,#1662);
#1664=EDGE_CURVE('',#1644,#1653,#1663,.T.);
#1665=ORIENTED_EDGE('',*,*,#1664,.F.);
#1666=EDGE_LOOP('',(#1650,#1651,#1659,#1665));
#1667=FACE_BOUND('',#1666,.T.);
#1668=ADVANCED_FACE('',(#1667),#1642,.F.);
#1669=CARTESIAN_POINT('',(231.506305002,-0.289820834,15.429014571));
#1670=DIRECTION('',(-0.999988393,-0.004815857,0.000147023));
#1671=DIRECTION('',(0.004815857,-0.999988404,-0.000000354));
#1672=AXIS2_PLACEMENT_3D('',#1669,#1670,#1671);
#1673=PLANE('',#1672);
#1674=CARTESIAN_POINT('',(231.504878707,-0.089824268,12.279014676));
#1675=VERTEX_POINT('',#1674);
#1676=CARTESIAN_POINT('',(231.50343395,0.210172253,12.279014782));
#1677=DIRECTION('',(0.004815857,-0.999988404,-0.000000354));
#1678=VECTOR('',#1677,0.3);
#1679=LINE('',#1676,#1678);
#1680=EDGE_CURVE('',#961,#1675,#1679,.T.);
#1681=ORIENTED_EDGE('',*,*,#1680,.F.);
#1682=ORIENTED_EDGE('',*,*,#966,.F.);
#1683=CARTESIAN_POINT('',(231.505804953,-0.089822038,18.579014608));
#1684=VERTEX_POINT('',#1683);
#1685=CARTESIAN_POINT('',(231.505804953,-0.089822038,18.579014608));
#1686=DIRECTION('',(-0.004815857,0.999988404,0.000000354));
#1687=VECTOR('',#1686,0.3);
#1688=LINE('',#1685,#1687);
#1689=EDGE_CURVE('',#1684,#952,#1688,.T.);
#1690=ORIENTED_EDGE('',*,*,#1689,.F.);
#1691=CARTESIAN_POINT('',(231.504878707,-0.089824268,12.279014676));
#1692=DIRECTION('',(0.000147023,0.000000354,0.999999989));
#1693=VECTOR('',#1692,6.3);
#1694=LINE('',#1691,#1693);
#1695=EDGE_CURVE('',#1675,#1684,#1694,.T.);
#1696=ORIENTED_EDGE('',*,*,#1695,.F.);
#1697=EDGE_LOOP('',(#1681,#1682,#1690,#1696));
#1698=FACE_BOUND('',#1697,.T.);
#1699=ADVANCED_FACE('',(#1698),#1673,.F.);
#1700=CARTESIAN_POINT('',(-52.489325308,-1.657521652,22.770769093));
#1701=DIRECTION('',(0.004815857,-0.999988404,-0.000000354));
#1702=DIRECTION('',(0.999988393,0.004815857,-0.000147023));
#1703=AXIS2_PLACEMENT_3D('',#1700,#1701,#1702);
#1704=PLANE('',#1703);
#1705=CARTESIAN_POINT('',(230.905819438,-0.292711534,12.079102822));
#1706=VERTEX_POINT('',#1705);
#1707=CARTESIAN_POINT('',(230.705851164,-0.293674635,12.279132224));
#1708=VERTEX_POINT('',#1707);
#1709=CARTESIAN_POINT('',(230.905848843,-0.292711463,12.279102819));
#1710=DIRECTION('',(-0.004815857,0.999988404,0.000000354));
#1711=DIRECTION('',(0.999988393,0.004815857,-0.000147023));
#1712=AXIS2_PLACEMENT_3D('',#1709,#1710,#1711);
#1713=CIRCLE('',#1712,0.2);
#1714=EDGE_CURVE('',#1706,#1708,#1713,.T.);
#1715=ORIENTED_EDGE('',*,*,#1714,.F.);
#1716=CARTESIAN_POINT('',(231.105817117,-0.291748363,12.079073417));
#1717=VERTEX_POINT('',#1716);
#1718=CARTESIAN_POINT('',(231.105817117,-0.291748363,12.079073417));
#1719=DIRECTION('',(-0.999988393,-0.004815857,0.000147023));
#1720=VECTOR('',#1719,0.2);
#1721=LINE('',#1718,#1720);
#1722=EDGE_CURVE('',#1717,#1706,#1721,.T.);
#1723=ORIENTED_EDGE('',*,*,#1722,.F.);
#1724=CARTESIAN_POINT('',(231.3058442,-0.29078512,12.27904401));
#1725=VERTEX_POINT('',#1724);
#1726=CARTESIAN_POINT('',(231.105846521,-0.291748292,12.279073415));
#1727=DIRECTION('',(-0.004815857,0.999988404,0.000000354));
#1728=DIRECTION('',(0.999988393,0.004815857,-0.000147023));
#1729=AXIS2_PLACEMENT_3D('',#1726,#1727,#1728);
#1730=CIRCLE('',#1729,0.2);
#1731=EDGE_CURVE('',#1725,#1717,#1730,.T.);
#1732=ORIENTED_EDGE('',*,*,#1731,.F.);
#1733=CARTESIAN_POINT('',(231.306770446,-0.29078289,18.579043942));
#1734=VERTEX_POINT('',#1733);
#1735=CARTESIAN_POINT('',(231.306770446,-0.29078289,18.579043942));
#1736=DIRECTION('',(-0.000147023,-0.000000354,-0.999999989));
#1737=VECTOR('',#1736,6.3);
#1738=LINE('',#1735,#1737);
#1739=EDGE_CURVE('',#1734,#1725,#1738,.T.);
#1740=ORIENTED_EDGE('',*,*,#1739,.F.);
#1741=CARTESIAN_POINT('',(231.106802172,-0.291745991,18.779073345));
#1742=VERTEX_POINT('',#1741);
#1743=CARTESIAN_POINT('',(231.106772768,-0.291746062,18.579073347));
#1744=DIRECTION('',(-0.004815857,0.999988404,0.000000354));
#1745=DIRECTION('',(0.999988393,0.004815857,-0.000147023));
#1746=AXIS2_PLACEMENT_3D('',#1743,#1744,#1745);
#1747=CIRCLE('',#1746,0.2);
#1748=EDGE_CURVE('',#1742,#1734,#1747,.T.);
#1749=ORIENTED_EDGE('',*,*,#1748,.F.);
#1750=CARTESIAN_POINT('',(230.906804494,-0.292709162,18.779102749));
#1751=VERTEX_POINT('',#1750);
#1752=CARTESIAN_POINT('',(230.906804494,-0.292709162,18.779102749));
#1753=DIRECTION('',(0.999988393,0.004815857,-0.000147023));
#1754=VECTOR('',#1753,0.2);
#1755=LINE('',#1752,#1754);
#1756=EDGE_CURVE('',#1751,#1742,#1755,.T.);
#1757=ORIENTED_EDGE('',*,*,#1756,.F.);
#1758=CARTESIAN_POINT('',(230.706777411,-0.293672404,18.579132156));
#1759=VERTEX_POINT('',#1758);
#1760=CARTESIAN_POINT('',(230.906775089,-0.292709233,18.579102751));
#1761=DIRECTION('',(-0.004815857,0.999988404,0.000000354));
#1762=DIRECTION('',(0.999988393,0.004815857,-0.000147023));
#1763=AXIS2_PLACEMENT_3D('',#1760,#1761,#1762);
#1764=CIRCLE('',#1763,0.2);
#1765=EDGE_CURVE('',#1759,#1751,#1764,.T.);
#1766=ORIENTED_EDGE('',*,*,#1765,.F.);
#1767=CARTESIAN_POINT('',(230.705851164,-0.293674635,12.279132224));
#1768=DIRECTION('',(0.000147023,0.000000354,0.999999989));
#1769=VECTOR('',#1768,6.3);
#1770=LINE('',#1767,#1769);
#1771=EDGE_CURVE('',#1708,#1759,#1770,.T.);
#1772=ORIENTED_EDGE('',*,*,#1771,.F.);
#1773=EDGE_LOOP('',(#1715,#1723,#1732,#1740,#1749,#1757,#1766,#1772));
#1774=FACE_BOUND('',#1773,.T.);
#1775=ADVANCED_FACE('',(#1774),#1704,.T.);
#1776=CARTESIAN_POINT('',(233.005765658,-0.282598305,11.878794075));
#1777=DIRECTION('',(0.000147023,0.000000354,0.999999989));
#1778=DIRECTION('',(-0.004815857,0.999988404,0.000000354));
#1779=AXIS2_PLACEMENT_3D('',#1776,#1777,#1778);
#1780=PLANE('',#1779);
#1781=CARTESIAN_POINT('',(232.904803648,-0.08308221,11.878808848));
#1782=VERTEX_POINT('',#1781);
#1783=CARTESIAN_POINT('',(232.903358891,0.216914311,11.878808954));
#1784=DIRECTION('',(0.004815857,-0.999988404,-0.000000354));
#1785=VECTOR('',#1784,0.3);
#1786=LINE('',#1783,#1785);
#1787=EDGE_CURVE('',#1048,#1782,#1786,.T.);
#1788=ORIENTED_EDGE('',*,*,#1787,.F.);
#1789=ORIENTED_EDGE('',*,*,#1053,.F.);
#1790=CARTESIAN_POINT('',(233.104801326,-0.082119039,11.878779443));
#1791=VERTEX_POINT('',#1790);
#1792=CARTESIAN_POINT('',(233.104801326,-0.082119039,11.878779443));
#1793=DIRECTION('',(-0.004815857,0.999988404,0.000000354));
#1794=VECTOR('',#1793,0.3);
#1795=LINE('',#1792,#1794);
#1796=EDGE_CURVE('',#1791,#1039,#1795,.T.);
#1797=ORIENTED_EDGE('',*,*,#1796,.F.);
#1798=CARTESIAN_POINT('',(232.904803648,-0.08308221,11.878808848));
#1799=DIRECTION('',(0.999988393,0.004815857,-0.000147023));
#1800=VECTOR('',#1799,0.2);
#1801=LINE('',#1798,#1800);
#1802=EDGE_CURVE('',#1782,#1791,#1801,.T.);
#1803=ORIENTED_EDGE('',*,*,#1802,.F.);
#1804=EDGE_LOOP('',(#1788,#1789,#1797,#1803));
#1805=FACE_BOUND('',#1804,.T.);
#1806=ADVANCED_FACE('',(#1805),#1780,.F.);
#1807=CARTESIAN_POINT('',(232.506293395,-0.285004977,15.428867548));
#1808=DIRECTION('',(0.999988393,0.004815857,-0.000147023));
#1809=DIRECTION('',(-0.004815857,0.999988404,0.000000354));
#1810=AXIS2_PLACEMENT_3D('',#1807,#1808,#1809);
#1811=PLANE('',#1810);
#1812=CARTESIAN_POINT('',(232.505793346,-0.085006181,18.578867585));
#1813=VERTEX_POINT('',#1812);
#1814=CARTESIAN_POINT('',(232.504348589,0.21499034,18.578867691));
#1815=DIRECTION('',(0.004815857,-0.999988404,-0.000000354));
#1816=VECTOR('',#1815,0.3);
#1817=LINE('',#1814,#1816);
#1818=EDGE_CURVE('',#997,#1813,#1817,.T.);
#1819=ORIENTED_EDGE('',*,*,#1818,.F.);
#1820=ORIENTED_EDGE('',*,*,#1002,.F.);
#1821=CARTESIAN_POINT('',(232.5048671,-0.085008411,12.278867653));
#1822=VERTEX_POINT('',#1821);
#1823=CARTESIAN_POINT('',(232.5048671,-0.085008411,12.278867653));
#1824=DIRECTION('',(-0.004815857,0.999988404,0.000000354));
#1825=VECTOR('',#1824,0.3);
#1826=LINE('',#1823,#1825);
#1827=EDGE_CURVE('',#1822,#995,#1826,.T.);
#1828=ORIENTED_EDGE('',*,*,#1827,.F.);
#1829=CARTESIAN_POINT('',(232.505793346,-0.085006181,18.578867585));
#1830=DIRECTION('',(-0.000147023,-0.000000354,-0.999999989));
#1831=VECTOR('',#1830,6.3);
#1832=LINE('',#1829,#1831);
#1833=EDGE_CURVE('',#1813,#1822,#1832,.T.);
#1834=ORIENTED_EDGE('',*,*,#1833,.F.);
#1835=EDGE_LOOP('',(#1819,#1820,#1828,#1834));
#1836=FACE_BOUND('',#1835,.T.);
#1837=ADVANCED_FACE('',(#1836),#1811,.F.);
#1838=CARTESIAN_POINT('',(233.006809523,-0.282595792,18.978793998));
#1839=DIRECTION('',(-0.000147023,-0.000000354,-0.999999989));
#1840=DIRECTION('',(0.004815857,-0.999988404,-0.000000354));
#1841=AXIS2_PLACEMENT_3D('',#1838,#1839,#1840);
#1842=PLANE('',#1841);
#1843=CARTESIAN_POINT('',(233.105845191,-0.082116525,18.978779367));
#1844=VERTEX_POINT('',#1843);
#1845=CARTESIAN_POINT('',(233.104400434,0.217879996,18.978779473));
#1846=DIRECTION('',(0.004815857,-0.999988404,-0.000000354));
#1847=VECTOR('',#1846,0.3);
#1848=LINE('',#1845,#1847);
#1849=EDGE_CURVE('',#1014,#1844,#1848,.T.);
#1850=ORIENTED_EDGE('',*,*,#1849,.F.);
#1851=ORIENTED_EDGE('',*,*,#1019,.F.);
#1852=CARTESIAN_POINT('',(232.905847513,-0.083079696,18.978808771));
#1853=VERTEX_POINT('',#1852);
#1854=CARTESIAN_POINT('',(232.905847513,-0.083079696,18.978808771));
#1855=DIRECTION('',(-0.004815857,0.999988404,0.000000354));
#1856=VECTOR('',#1855,0.3);
#1857=LINE('',#1854,#1856);
#1858=EDGE_CURVE('',#1853,#1005,#1857,.T.);
#1859=ORIENTED_EDGE('',*,*,#1858,.F.);
#1860=CARTESIAN_POINT('',(233.105845191,-0.082116525,18.978779367));
#1861=DIRECTION('',(-0.999988393,-0.004815857,0.000147023));
#1862=VECTOR('',#1861,0.2);
#1863=LINE('',#1860,#1862);
#1864=EDGE_CURVE('',#1844,#1853,#1863,.T.);
#1865=ORIENTED_EDGE('',*,*,#1864,.F.);
#1866=EDGE_LOOP('',(#1850,#1851,#1859,#1865));
#1867=FACE_BOUND('',#1866,.T.);
#1868=ADVANCED_FACE('',(#1867),#1842,.F.);
#1869=CARTESIAN_POINT('',(233.506281787,-0.28018912,15.428720525));
#1870=DIRECTION('',(-0.999988393,-0.004815857,0.000147023));
#1871=DIRECTION('',(0.004815857,-0.999988404,-0.000000354));
#1872=AXIS2_PLACEMENT_3D('',#1869,#1870,#1871);
#1873=PLANE('',#1872);
#1874=CARTESIAN_POINT('',(233.504855493,-0.080192554,12.27872063));
#1875=VERTEX_POINT('',#1874);
#1876=CARTESIAN_POINT('',(233.503410736,0.219803967,12.278720736));
#1877=DIRECTION('',(0.004815857,-0.999988404,-0.000000354));
#1878=VECTOR('',#1877,0.3);
#1879=LINE('',#1876,#1878);
#1880=EDGE_CURVE('',#1031,#1875,#1879,.T.);
#1881=ORIENTED_EDGE('',*,*,#1880,.F.);
#1882=ORIENTED_EDGE('',*,*,#1036,.F.);
#1883=CARTESIAN_POINT('',(233.505781739,-0.080190324,18.578720562));
#1884=VERTEX_POINT('',#1883);
#1885=CARTESIAN_POINT('',(233.505781739,-0.080190324,18.578720562));
#1886=DIRECTION('',(-0.004815857,0.999988404,0.000000354));
#1887=VECTOR('',#1886,0.3);
#1888=LINE('',#1885,#1887);
#1889=EDGE_CURVE('',#1884,#1022,#1888,.T.);
#1890=ORIENTED_EDGE('',*,*,#1889,.F.);
#1891=CARTESIAN_POINT('',(233.504855493,-0.080192554,12.27872063));
#1892=DIRECTION('',(0.000147023,0.000000354,0.999999989));
#1893=VECTOR('',#1892,6.3);
#1894=LINE('',#1891,#1893);
#1895=EDGE_CURVE('',#1875,#1884,#1894,.T.);
#1896=ORIENTED_EDGE('',*,*,#1895,.F.);
#1897=EDGE_LOOP('',(#1881,#1882,#1890,#1896));
#1898=FACE_BOUND('',#1897,.T.);
#1899=ADVANCED_FACE('',(#1898),#1873,.F.);
#1900=CARTESIAN_POINT('',(-52.489325308,-1.657521652,22.770769093));
#1901=DIRECTION('',(0.004815857,-0.999988404,-0.000000354));
#1902=DIRECTION('',(0.999988393,0.004815857,-0.000147023));
#1903=AXIS2_PLACEMENT_3D('',#1900,#1901,#1902);
#1904=PLANE('',#1903);
#1905=CARTESIAN_POINT('',(232.905796224,-0.28307982,12.078808775));
#1906=VERTEX_POINT('',#1905);
#1907=CARTESIAN_POINT('',(232.70582795,-0.284042921,12.278838178));
#1908=VERTEX_POINT('',#1907);
#1909=CARTESIAN_POINT('',(232.905825628,-0.283079749,12.278808773));
#1910=DIRECTION('',(-0.004815857,0.999988404,0.000000354));
#1911=DIRECTION('',(0.999988393,0.004815857,-0.000147023));
#1912=AXIS2_PLACEMENT_3D('',#1909,#1910,#1911);
#1913=CIRCLE('',#1912,0.2);
#1914=EDGE_CURVE('',#1906,#1908,#1913,.T.);
#1915=ORIENTED_EDGE('',*,*,#1914,.F.);
#1916=CARTESIAN_POINT('',(233.105793902,-0.282116649,12.07877937));
#1917=VERTEX_POINT('',#1916);
#1918=CARTESIAN_POINT('',(233.105793902,-0.282116649,12.07877937));
#1919=DIRECTION('',(-0.999988393,-0.004815857,0.000147023));
#1920=VECTOR('',#1919,0.2);
#1921=LINE('',#1918,#1920);
#1922=EDGE_CURVE('',#1917,#1906,#1921,.T.);
#1923=ORIENTED_EDGE('',*,*,#1922,.F.);
#1924=CARTESIAN_POINT('',(233.305820986,-0.281153406,12.278749964));
#1925=VERTEX_POINT('',#1924);
#1926=CARTESIAN_POINT('',(233.105823307,-0.282116578,12.278779368));
#1927=DIRECTION('',(-0.004815857,0.999988404,0.000000354));
#1928=DIRECTION('',(0.999988393,0.004815857,-0.000147023));
#1929=AXIS2_PLACEMENT_3D('',#1926,#1927,#1928);
#1930=CIRCLE('',#1929,0.2);
#1931=EDGE_CURVE('',#1925,#1917,#1930,.T.);
#1932=ORIENTED_EDGE('',*,*,#1931,.F.);
#1933=CARTESIAN_POINT('',(233.306747232,-0.281151176,18.578749896));
#1934=VERTEX_POINT('',#1933);
#1935=CARTESIAN_POINT('',(233.306747232,-0.281151176,18.578749896));
#1936=DIRECTION('',(-0.000147023,-0.000000354,-0.999999989));
#1937=VECTOR('',#1936,6.3);
#1938=LINE('',#1935,#1937);
#1939=EDGE_CURVE('',#1934,#1925,#1938,.T.);
#1940=ORIENTED_EDGE('',*,*,#1939,.F.);
#1941=CARTESIAN_POINT('',(233.106778958,-0.282114277,18.778779298));
#1942=VERTEX_POINT('',#1941);
#1943=CARTESIAN_POINT('',(233.106749553,-0.282114347,18.5787793));
#1944=DIRECTION('',(-0.004815857,0.999988404,0.000000354));
#1945=DIRECTION('',(0.999988393,0.004815857,-0.000147023));
#1946=AXIS2_PLACEMENT_3D('',#1943,#1944,#1945);
#1947=CIRCLE('',#1946,0.2);
#1948=EDGE_CURVE('',#1942,#1934,#1947,.T.);
#1949=ORIENTED_EDGE('',*,*,#1948,.F.);
#1950=CARTESIAN_POINT('',(232.90678128,-0.283077448,18.778808703));
#1951=VERTEX_POINT('',#1950);
#1952=CARTESIAN_POINT('',(232.90678128,-0.283077448,18.778808703));
#1953=DIRECTION('',(0.999988393,0.004815857,-0.000147023));
#1954=VECTOR('',#1953,0.2);
#1955=LINE('',#1952,#1954);
#1956=EDGE_CURVE('',#1951,#1942,#1955,.T.);
#1957=ORIENTED_EDGE('',*,*,#1956,.F.);
#1958=CARTESIAN_POINT('',(232.706754196,-0.28404069,18.578838109));
#1959=VERTEX_POINT('',#1958);
#1960=CARTESIAN_POINT('',(232.906751875,-0.283077519,18.578808705));
#1961=DIRECTION('',(-0.004815857,0.999988404,0.000000354));
#1962=DIRECTION('',(0.999988393,0.004815857,-0.000147023));
#1963=AXIS2_PLACEMENT_3D('',#1960,#1961,#1962);
#1964=CIRCLE('',#1963,0.2);
#1965=EDGE_CURVE('',#1959,#1951,#1964,.T.);
#1966=ORIENTED_EDGE('',*,*,#1965,.F.);
#1967=CARTESIAN_POINT('',(232.70582795,-0.284042921,12.278838178));
#1968=DIRECTION('',(0.000147023,0.000000354,0.999999989));
#1969=VECTOR('',#1968,6.3);
#1970=LINE('',#1967,#1969);
#1971=EDGE_CURVE('',#1908,#1959,#1970,.T.);
#1972=ORIENTED_EDGE('',*,*,#1971,.F.);
#1973=EDGE_LOOP('',(#1915,#1923,#1932,#1940,#1949,#1957,#1966,#1972));
#1974=FACE_BOUND('',#1973,.T.);
#1975=ADVANCED_FACE('',(#1974),#1904,.T.);
#1976=CARTESIAN_POINT('',(235.005742444,-0.272966591,11.878500028));
#1977=DIRECTION('',(-0.000147023,-0.000000354,-0.999999989));
#1978=DIRECTION('',(0.004815857,-0.999988404,-0.000000354));
#1979=AXIS2_PLACEMENT_3D('',#1976,#1977,#1978);
#1980=PLANE('',#1979);
#1981=CARTESIAN_POINT('',(234.904780434,-0.073450496,11.878514802));
#1982=VERTEX_POINT('',#1981);
#1983=CARTESIAN_POINT('',(234.903335676,0.226546025,11.878514908));
#1984=DIRECTION('',(0.004815857,-0.999988404,-0.000000354));
#1985=VECTOR('',#1984,0.3);
#1986=LINE('',#1983,#1985);
#1987=EDGE_CURVE('',#821,#1982,#1986,.T.);
#1988=ORIENTED_EDGE('',*,*,#1987,.F.);
#1989=ORIENTED_EDGE('',*,*,#826,.T.);
#1990=CARTESIAN_POINT('',(235.104778112,-0.072487325,11.878485397));
#1991=VERTEX_POINT('',#1990);
#1992=CARTESIAN_POINT('',(235.104778112,-0.072487325,11.878485397));
#1993=DIRECTION('',(-0.004815857,0.999988404,0.000000354));
#1994=VECTOR('',#1993,0.3);
#1995=LINE('',#1992,#1994);
#1996=EDGE_CURVE('',#1991,#812,#1995,.T.);
#1997=ORIENTED_EDGE('',*,*,#1996,.F.);
#1998=CARTESIAN_POINT('',(234.904780434,-0.073450496,11.878514802));
#1999=DIRECTION('',(0.999988393,0.004815857,-0.000147023));
#2000=VECTOR('',#1999,0.2);
#2001=LINE('',#1998,#2000);
#2002=EDGE_CURVE('',#1982,#1991,#2001,.T.);
#2003=ORIENTED_EDGE('',*,*,#2002,.F.);
#2004=EDGE_LOOP('',(#1988,#1989,#1997,#2003));
#2005=FACE_BOUND('',#2004,.T.);
#2006=ADVANCED_FACE('',(#2005),#1980,.T.);
#2007=CARTESIAN_POINT('',(234.50627018,-0.275373263,15.428573502));
#2008=DIRECTION('',(0.999988393,0.004815857,-0.000147023));
#2009=DIRECTION('',(-0.004815857,0.999988404,0.000000354));
#2010=AXIS2_PLACEMENT_3D('',#2007,#2008,#2009);
#2011=PLANE('',#2010);
#2012=CARTESIAN_POINT('',(234.505770132,-0.075374467,18.578573538));
#2013=VERTEX_POINT('',#2012);
#2014=CARTESIAN_POINT('',(234.504325375,0.224622054,18.578573645));
#2015=DIRECTION('',(0.004815857,-0.999988404,-0.000000354));
#2016=VECTOR('',#2015,0.3);
#2017=LINE('',#2014,#2016);
#2018=EDGE_CURVE('',#770,#2013,#2017,.T.);
#2019=ORIENTED_EDGE('',*,*,#2018,.F.);
#2020=ORIENTED_EDGE('',*,*,#775,.F.);
#2021=CARTESIAN_POINT('',(234.504843886,-0.075376697,12.278573607));
#2022=VERTEX_POINT('',#2021);
#2023=CARTESIAN_POINT('',(234.504843886,-0.075376697,12.278573607));
#2024=DIRECTION('',(-0.004815857,0.999988404,0.000000354));
#2025=VECTOR('',#2024,0.3);
#2026=LINE('',#2023,#2025);
#2027=EDGE_CURVE('',#2022,#768,#2026,.T.);
#2028=ORIENTED_EDGE('',*,*,#2027,.F.);
#2029=CARTESIAN_POINT('',(234.505770132,-0.075374467,18.578573538));
#2030=DIRECTION('',(-0.000147023,-0.000000354,-0.999999989));
#2031=VECTOR('',#2030,6.3);
#2032=LINE('',#2029,#2031);
#2033=EDGE_CURVE('',#2013,#2022,#2032,.T.);
#2034=ORIENTED_EDGE('',*,*,#2033,.F.);
#2035=EDGE_LOOP('',(#2019,#2020,#2028,#2034));
#2036=FACE_BOUND('',#2035,.T.);
#2037=ADVANCED_FACE('',(#2036),#2011,.F.);
#2038=CARTESIAN_POINT('',(235.006786309,-0.272964077,18.978499952));
#2039=DIRECTION('',(-0.000147023,-0.000000354,-0.999999989));
#2040=DIRECTION('',(0.004815857,-0.999988404,-0.000000354));
#2041=AXIS2_PLACEMENT_3D('',#2038,#2039,#2040);
#2042=PLANE('',#2041);
#2043=CARTESIAN_POINT('',(235.105821977,-0.072484811,18.97848532));
#2044=VERTEX_POINT('',#2043);
#2045=CARTESIAN_POINT('',(235.10437722,0.22751171,18.978485426));
#2046=DIRECTION('',(0.004815857,-0.999988404,-0.000000354));
#2047=VECTOR('',#2046,0.3);
#2048=LINE('',#2045,#2047);
#2049=EDGE_CURVE('',#787,#2044,#2048,.T.);
#2050=ORIENTED_EDGE('',*,*,#2049,.F.);
#2051=ORIENTED_EDGE('',*,*,#792,.F.);
#2052=CARTESIAN_POINT('',(234.905824299,-0.073447982,18.978514725));
#2053=VERTEX_POINT('',#2052);
#2054=CARTESIAN_POINT('',(234.905824299,-0.073447982,18.978514725));
#2055=DIRECTION('',(-0.004815857,0.999988404,0.000000354));
#2056=VECTOR('',#2055,0.3);
#2057=LINE('',#2054,#2056);
#2058=EDGE_CURVE('',#2053,#778,#2057,.T.);
#2059=ORIENTED_EDGE('',*,*,#2058,.F.);
#2060=CARTESIAN_POINT('',(235.105821977,-0.072484811,18.97848532));
#2061=DIRECTION('',(-0.999988393,-0.004815857,0.000147023));
#2062=VECTOR('',#2061,0.2);
#2063=LINE('',#2060,#2062);
#2064=EDGE_CURVE('',#2044,#2053,#2063,.T.);
#2065=ORIENTED_EDGE('',*,*,#2064,.F.);
#2066=EDGE_LOOP('',(#2050,#2051,#2059,#2065));
#2067=FACE_BOUND('',#2066,.T.);
#2068=ADVANCED_FACE('',(#2067),#2042,.F.);
#2069=CARTESIAN_POINT('',(235.506258573,-0.270557406,15.428426478));
#2070=DIRECTION('',(-0.999988393,-0.004815857,0.000147023));
#2071=DIRECTION('',(0.004815857,-0.999988404,-0.000000354));
#2072=AXIS2_PLACEMENT_3D('',#2069,#2070,#2071);
#2073=PLANE('',#2072);
#2074=CARTESIAN_POINT('',(235.504832279,-0.07056084,12.278426583));
#2075=VERTEX_POINT('',#2074);
#2076=CARTESIAN_POINT('',(235.503387521,0.229435681,12.27842669));
#2077=DIRECTION('',(0.004815857,-0.999988404,-0.000000354));
#2078=VECTOR('',#2077,0.3);
#2079=LINE('',#2076,#2078);
#2080=EDGE_CURVE('',#804,#2075,#2079,.T.);
#2081=ORIENTED_EDGE('',*,*,#2080,.F.);
#2082=ORIENTED_EDGE('',*,*,#809,.F.);
#2083=CARTESIAN_POINT('',(235.505758525,-0.07055861,18.578426515));
#2084=VERTEX_POINT('',#2083);
#2085=CARTESIAN_POINT('',(235.505758525,-0.07055861,18.578426515));
#2086=DIRECTION('',(-0.004815857,0.999988404,0.000000354));
#2087=VECTOR('',#2086,0.3);
#2088=LINE('',#2085,#2087);
#2089=EDGE_CURVE('',#2084,#795,#2088,.T.);
#2090=ORIENTED_EDGE('',*,*,#2089,.F.);
#2091=CARTESIAN_POINT('',(235.504832279,-0.07056084,12.278426583));
#2092=DIRECTION('',(0.000147023,0.000000354,0.999999989));
#2093=VECTOR('',#2092,6.3);
#2094=LINE('',#2091,#2093);
#2095=EDGE_CURVE('',#2075,#2084,#2094,.T.);
#2096=ORIENTED_EDGE('',*,*,#2095,.F.);
#2097=EDGE_LOOP('',(#2081,#2082,#2090,#2096));
#2098=FACE_BOUND('',#2097,.T.);
#2099=ADVANCED_FACE('',(#2098),#2073,.F.);
#2100=CARTESIAN_POINT('',(-52.489325308,-1.657521652,22.770769093));
#2101=DIRECTION('',(0.004815857,-0.999988404,-0.000000354));
#2102=DIRECTION('',(0.999988393,0.004815857,-0.000147023));
#2103=AXIS2_PLACEMENT_3D('',#2100,#2101,#2102);
#2104=PLANE('',#2103);
#2105=CARTESIAN_POINT('',(234.90577301,-0.273448106,12.078514729));
#2106=VERTEX_POINT('',#2105);
#2107=CARTESIAN_POINT('',(234.705804736,-0.274411206,12.278544131));
#2108=VERTEX_POINT('',#2107);
#2109=CARTESIAN_POINT('',(234.905802414,-0.273448035,12.278514726));
#2110=DIRECTION('',(-0.004815857,0.999988404,0.000000354));
#2111=DIRECTION('',(0.999988393,0.004815857,-0.000147023));
#2112=AXIS2_PLACEMENT_3D('',#2109,#2110,#2111);
#2113=CIRCLE('',#2112,0.2);
#2114=EDGE_CURVE('',#2106,#2108,#2113,.T.);
#2115=ORIENTED_EDGE('',*,*,#2114,.F.);
#2116=CARTESIAN_POINT('',(235.105770688,-0.272484934,12.078485324));
#2117=VERTEX_POINT('',#2116);
#2118=CARTESIAN_POINT('',(235.105770688,-0.272484934,12.078485324));
#2119=DIRECTION('',(-0.999988393,-0.004815857,0.000147023));
#2120=VECTOR('',#2119,0.2);
#2121=LINE('',#2118,#2120);
#2122=EDGE_CURVE('',#2117,#2106,#2121,.T.);
#2123=ORIENTED_EDGE('',*,*,#2122,.F.);
#2124=CARTESIAN_POINT('',(235.305797771,-0.271521692,12.278455917));
#2125=VERTEX_POINT('',#2124);
#2126=CARTESIAN_POINT('',(235.105800093,-0.272484864,12.278485322));
#2127=DIRECTION('',(-0.004815857,0.999988404,0.000000354));
#2128=DIRECTION('',(0.999988393,0.004815857,-0.000147023));
#2129=AXIS2_PLACEMENT_3D('',#2126,#2127,#2128);
#2130=CIRCLE('',#2129,0.2);
#2131=EDGE_CURVE('',#2125,#2117,#2130,.T.);
#2132=ORIENTED_EDGE('',*,*,#2131,.F.);
#2133=CARTESIAN_POINT('',(235.306724018,-0.271519462,18.578455849));
#2134=VERTEX_POINT('',#2133);
#2135=CARTESIAN_POINT('',(235.306724018,-0.271519462,18.578455849));
#2136=DIRECTION('',(-0.000147023,-0.000000354,-0.999999989));
#2137=VECTOR('',#2136,6.3);
#2138=LINE('',#2135,#2137);
#2139=EDGE_CURVE('',#2134,#2125,#2138,.T.);
#2140=ORIENTED_EDGE('',*,*,#2139,.F.);
#2141=CARTESIAN_POINT('',(235.106755744,-0.272482563,18.778485252));
#2142=VERTEX_POINT('',#2141);
#2143=CARTESIAN_POINT('',(235.106726339,-0.272482633,18.578485254));
#2144=DIRECTION('',(-0.004815857,0.999988404,0.000000354));
#2145=DIRECTION('',(0.999988393,0.004815857,-0.000147023));
#2146=AXIS2_PLACEMENT_3D('',#2143,#2144,#2145);
#2147=CIRCLE('',#2146,0.2);
#2148=EDGE_CURVE('',#2142,#2134,#2147,.T.);
#2149=ORIENTED_EDGE('',*,*,#2148,.F.);
#2150=CARTESIAN_POINT('',(234.906758065,-0.273445734,18.778514656));
#2151=VERTEX_POINT('',#2150);
#2152=CARTESIAN_POINT('',(234.906758065,-0.273445734,18.778514656));
#2153=DIRECTION('',(0.999988393,0.004815857,-0.000147023));
#2154=VECTOR('',#2153,0.2);
#2155=LINE('',#2152,#2154);
#2156=EDGE_CURVE('',#2151,#2142,#2155,.T.);
#2157=ORIENTED_EDGE('',*,*,#2156,.F.);
#2158=CARTESIAN_POINT('',(234.706730982,-0.274408976,18.578544063));
#2159=VERTEX_POINT('',#2158);
#2160=CARTESIAN_POINT('',(234.906728661,-0.273445805,18.578514658));
#2161=DIRECTION('',(-0.004815857,0.999988404,0.000000354));
#2162=DIRECTION('',(0.999988393,0.004815857,-0.000147023));
#2163=AXIS2_PLACEMENT_3D('',#2160,#2161,#2162);
#2164=CIRCLE('',#2163,0.2);
#2165=EDGE_CURVE('',#2159,#2151,#2164,.T.);
#2166=ORIENTED_EDGE('',*,*,#2165,.F.);
#2167=CARTESIAN_POINT('',(234.705804736,-0.274411206,12.278544131));
#2168=DIRECTION('',(0.000147023,0.000000354,0.999999989));
#2169=VECTOR('',#2168,6.3);
#2170=LINE('',#2167,#2169);
#2171=EDGE_CURVE('',#2108,#2159,#2170,.T.);
#2172=ORIENTED_EDGE('',*,*,#2171,.F.);
#2173=EDGE_LOOP('',(#2115,#2123,#2132,#2140,#2149,#2157,#2166,#2172));
#2174=FACE_BOUND('',#2173,.T.);
#2175=ADVANCED_FACE('',(#2174),#2104,.T.);
#2176=CARTESIAN_POINT('',(231.106772768,-0.291746062,18.579073347));
#2177=DIRECTION('',(-0.004815857,0.999988404,0.000000354));
#2178=DIRECTION('',(-0.999988393,-0.004815857,0.000147023));
#2179=AXIS2_PLACEMENT_3D('',#2176,#2177,#2178);
#2180=CYLINDRICAL_SURFACE('',#2179,0.4);
#2181=ORIENTED_EDGE('',*,*,#1689,.T.);
#2182=ORIENTED_EDGE('',*,*,#958,.T.);
#2183=ORIENTED_EDGE('',*,*,#1649,.T.);
#2184=CARTESIAN_POINT('',(231.105809596,-0.091748381,18.579073417));
#2185=DIRECTION('',(0.004815857,-0.999988404,-0.000000354));
#2186=DIRECTION('',(0.999988393,0.004815857,-0.000147023));
#2187=AXIS2_PLACEMENT_3D('',#2184,#2185,#2186);
#2188=CIRCLE('',#2187,0.4);
#2189=EDGE_CURVE('',#1684,#1644,#2188,.T.);
#2190=ORIENTED_EDGE('',*,*,#2189,.F.);
#2191=EDGE_LOOP('',(#2181,#2182,#2183,#2190));
#2192=FACE_BOUND('',#2191,.T.);
#2193=ADVANCED_FACE('',(#2192),#2180,.T.);
#2194=CARTESIAN_POINT('',(231.105846521,-0.291748292,12.279073415));
#2195=DIRECTION('',(-0.004815857,0.999988404,0.000000354));
#2196=DIRECTION('',(-0.999988393,-0.004815857,0.000147023));
#2197=AXIS2_PLACEMENT_3D('',#2194,#2195,#2196);
#2198=CYLINDRICAL_SURFACE('',#2197,0.4);
#2199=ORIENTED_EDGE('',*,*,#1596,.T.);
#2200=ORIENTED_EDGE('',*,*,#975,.T.);
#2201=ORIENTED_EDGE('',*,*,#1680,.T.);
#2202=CARTESIAN_POINT('',(231.10488335,-0.091750611,12.279073486));
#2203=DIRECTION('',(0.004815857,-0.999988404,-0.000000354));
#2204=DIRECTION('',(0.999988393,0.004815857,-0.000147023));
#2205=AXIS2_PLACEMENT_3D('',#2202,#2203,#2204);
#2206=CIRCLE('',#2205,0.4);
#2207=EDGE_CURVE('',#1591,#1675,#2206,.T.);
#2208=ORIENTED_EDGE('',*,*,#2207,.F.);
#2209=EDGE_LOOP('',(#2199,#2200,#2201,#2208));
#2210=FACE_BOUND('',#2209,.T.);
#2211=ADVANCED_FACE('',(#2210),#2198,.T.);
#2212=CARTESIAN_POINT('',(230.906775089,-0.292709233,18.579102751));
#2213=DIRECTION('',(-0.004815857,0.999988404,0.000000354));
#2214=DIRECTION('',(-0.999988393,-0.004815857,0.000147023));
#2215=AXIS2_PLACEMENT_3D('',#2212,#2213,#2214);
#2216=CYLINDRICAL_SURFACE('',#2215,0.4);
#2217=ORIENTED_EDGE('',*,*,#1658,.T.);
#2218=ORIENTED_EDGE('',*,*,#941,.T.);
#2219=ORIENTED_EDGE('',*,*,#1618,.T.);
#2220=CARTESIAN_POINT('',(230.905811918,-0.092711552,18.579102822));
#2221=DIRECTION('',(0.004815857,-0.999988404,-0.000000354));
#2222=DIRECTION('',(0.999988393,0.004815857,-0.000147023));
#2223=AXIS2_PLACEMENT_3D('',#2220,#2221,#2222);
#2224=CIRCLE('',#2223,0.4);
#2225=EDGE_CURVE('',#1653,#1613,#2224,.T.);
#2226=ORIENTED_EDGE('',*,*,#2225,.F.);
#2227=EDGE_LOOP('',(#2217,#2218,#2219,#2226));
#2228=FACE_BOUND('',#2227,.T.);
#2229=ADVANCED_FACE('',(#2228),#2216,.T.);
#2230=CARTESIAN_POINT('',(230.905848843,-0.292711463,12.279102819));
#2231=DIRECTION('',(-0.004815857,0.999988404,0.000000354));
#2232=DIRECTION('',(-0.999988393,-0.004815857,0.000147023));
#2233=AXIS2_PLACEMENT_3D('',#2230,#2231,#2232);
#2234=CYLINDRICAL_SURFACE('',#2233,0.4);
#2235=ORIENTED_EDGE('',*,*,#1627,.T.);
#2236=ORIENTED_EDGE('',*,*,#990,.T.);
#2237=ORIENTED_EDGE('',*,*,#1587,.T.);
#2238=CARTESIAN_POINT('',(230.904885671,-0.092713783,12.27910289));
#2239=DIRECTION('',(0.004815857,-0.999988404,-0.000000354));
#2240=DIRECTION('',(0.999988393,0.004815857,-0.000147023));
#2241=AXIS2_PLACEMENT_3D('',#2238,#2239,#2240);
#2242=CIRCLE('',#2241,0.4);
#2243=EDGE_CURVE('',#1622,#1582,#2242,.T.);
#2244=ORIENTED_EDGE('',*,*,#2243,.F.);
#2245=EDGE_LOOP('',(#2235,#2236,#2237,#2244));
#2246=FACE_BOUND('',#2245,.T.);
#2247=ADVANCED_FACE('',(#2246),#2234,.T.);
#2248=CARTESIAN_POINT('',(233.106749553,-0.282114347,18.5787793));
#2249=DIRECTION('',(-0.004815857,0.999988404,0.000000354));
#2250=DIRECTION('',(-0.999988393,-0.004815857,0.000147023));
#2251=AXIS2_PLACEMENT_3D('',#2248,#2249,#2250);
#2252=CYLINDRICAL_SURFACE('',#2251,0.4);
#2253=ORIENTED_EDGE('',*,*,#1889,.T.);
#2254=ORIENTED_EDGE('',*,*,#1028,.T.);
#2255=ORIENTED_EDGE('',*,*,#1849,.T.);
#2256=CARTESIAN_POINT('',(233.105786382,-0.082116667,18.578779371));
#2257=DIRECTION('',(0.004815857,-0.999988404,-0.000000354));
#2258=DIRECTION('',(0.999988393,0.004815857,-0.000147023));
#2259=AXIS2_PLACEMENT_3D('',#2256,#2257,#2258);
#2260=CIRCLE('',#2259,0.4);
#2261=EDGE_CURVE('',#1884,#1844,#2260,.T.);
#2262=ORIENTED_EDGE('',*,*,#2261,.F.);
#2263=EDGE_LOOP('',(#2253,#2254,#2255,#2262));
#2264=FACE_BOUND('',#2263,.T.);
#2265=ADVANCED_FACE('',(#2264),#2252,.T.);
#2266=CARTESIAN_POINT('',(233.105823307,-0.282116578,12.278779368));
#2267=DIRECTION('',(-0.004815857,0.999988404,0.000000354));
#2268=DIRECTION('',(-0.999988393,-0.004815857,0.000147023));
#2269=AXIS2_PLACEMENT_3D('',#2266,#2267,#2268);
#2270=CYLINDRICAL_SURFACE('',#2269,0.4);
#2271=ORIENTED_EDGE('',*,*,#1796,.T.);
#2272=ORIENTED_EDGE('',*,*,#1045,.T.);
#2273=ORIENTED_EDGE('',*,*,#1880,.T.);
#2274=CARTESIAN_POINT('',(233.104860136,-0.082118897,12.278779439));
#2275=DIRECTION('',(0.004815857,-0.999988404,-0.000000354));
#2276=DIRECTION('',(0.999988393,0.004815857,-0.000147023));
#2277=AXIS2_PLACEMENT_3D('',#2274,#2275,#2276);
#2278=CIRCLE('',#2277,0.4);
#2279=EDGE_CURVE('',#1791,#1875,#2278,.T.);
#2280=ORIENTED_EDGE('',*,*,#2279,.F.);
#2281=EDGE_LOOP('',(#2271,#2272,#2273,#2280));
#2282=FACE_BOUND('',#2281,.T.);
#2283=ADVANCED_FACE('',(#2282),#2270,.T.);
#2284=CARTESIAN_POINT('',(232.906751875,-0.283077519,18.578808705));
#2285=DIRECTION('',(-0.004815857,0.999988404,0.000000354));
#2286=DIRECTION('',(-0.999988393,-0.004815857,0.000147023));
#2287=AXIS2_PLACEMENT_3D('',#2284,#2285,#2286);
#2288=CYLINDRICAL_SURFACE('',#2287,0.4);
#2289=ORIENTED_EDGE('',*,*,#1858,.T.);
#2290=ORIENTED_EDGE('',*,*,#1011,.T.);
#2291=ORIENTED_EDGE('',*,*,#1818,.T.);
#2292=CARTESIAN_POINT('',(232.905788703,-0.083079838,18.578808776));
#2293=DIRECTION('',(0.004815857,-0.999988404,-0.000000354));
#2294=DIRECTION('',(0.999988393,0.004815857,-0.000147023));
#2295=AXIS2_PLACEMENT_3D('',#2292,#2293,#2294);
#2296=CIRCLE('',#2295,0.4);
#2297=EDGE_CURVE('',#1853,#1813,#2296,.T.);
#2298=ORIENTED_EDGE('',*,*,#2297,.F.);
#2299=EDGE_LOOP('',(#2289,#2290,#2291,#2298));
#2300=FACE_BOUND('',#2299,.T.);
#2301=ADVANCED_FACE('',(#2300),#2288,.T.);
#2302=CARTESIAN_POINT('',(232.905825628,-0.283079749,12.278808773));
#2303=DIRECTION('',(-0.004815857,0.999988404,0.000000354));
#2304=DIRECTION('',(-0.999988393,-0.004815857,0.000147023));
#2305=AXIS2_PLACEMENT_3D('',#2302,#2303,#2304);
#2306=CYLINDRICAL_SURFACE('',#2305,0.4);
#2307=ORIENTED_EDGE('',*,*,#1827,.T.);
#2308=ORIENTED_EDGE('',*,*,#1060,.T.);
#2309=ORIENTED_EDGE('',*,*,#1787,.T.);
#2310=CARTESIAN_POINT('',(232.904862457,-0.083082068,12.278808844));
#2311=DIRECTION('',(0.004815857,-0.999988404,-0.000000354));
#2312=DIRECTION('',(0.999988393,0.004815857,-0.000147023));
#2313=AXIS2_PLACEMENT_3D('',#2310,#2311,#2312);
#2314=CIRCLE('',#2313,0.4);
#2315=EDGE_CURVE('',#1822,#1782,#2314,.T.);
#2316=ORIENTED_EDGE('',*,*,#2315,.F.);
#2317=EDGE_LOOP('',(#2307,#2308,#2309,#2316));
#2318=FACE_BOUND('',#2317,.T.);
#2319=ADVANCED_FACE('',(#2318),#2306,.T.);
#2320=CARTESIAN_POINT('',(235.106726339,-0.272482633,18.578485254));
#2321=DIRECTION('',(-0.004815857,0.999988404,0.000000354));
#2322=DIRECTION('',(-0.999988393,-0.004815857,0.000147023));
#2323=AXIS2_PLACEMENT_3D('',#2320,#2321,#2322);
#2324=CYLINDRICAL_SURFACE('',#2323,0.4);
#2325=ORIENTED_EDGE('',*,*,#2089,.T.);
#2326=ORIENTED_EDGE('',*,*,#801,.T.);
#2327=ORIENTED_EDGE('',*,*,#2049,.T.);
#2328=CARTESIAN_POINT('',(235.105763168,-0.072484953,18.578485325));
#2329=DIRECTION('',(0.004815857,-0.999988404,-0.000000354));
#2330=DIRECTION('',(0.999988393,0.004815857,-0.000147023));
#2331=AXIS2_PLACEMENT_3D('',#2328,#2329,#2330);
#2332=CIRCLE('',#2331,0.4);
#2333=EDGE_CURVE('',#2084,#2044,#2332,.T.);
#2334=ORIENTED_EDGE('',*,*,#2333,.F.);
#2335=EDGE_LOOP('',(#2325,#2326,#2327,#2334));
#2336=FACE_BOUND('',#2335,.T.);
#2337=ADVANCED_FACE('',(#2336),#2324,.T.);
#2338=CARTESIAN_POINT('',(235.105800093,-0.272484864,12.278485322));
#2339=DIRECTION('',(0.004815857,-0.999988404,-0.000000354));
#2340=DIRECTION('',(0.999988393,0.004815857,-0.000147023));
#2341=AXIS2_PLACEMENT_3D('',#2338,#2339,#2340);
#2342=CYLINDRICAL_SURFACE('',#2341,0.4);
#2343=ORIENTED_EDGE('',*,*,#1996,.T.);
#2344=ORIENTED_EDGE('',*,*,#818,.T.);
#2345=ORIENTED_EDGE('',*,*,#2080,.T.);
#2346=CARTESIAN_POINT('',(235.104836921,-0.072487183,12.278485393));
#2347=DIRECTION('',(0.004815857,-0.999988404,-0.000000354));
#2348=DIRECTION('',(0.999988393,0.004815857,-0.000147023));
#2349=AXIS2_PLACEMENT_3D('',#2346,#2347,#2348);
#2350=CIRCLE('',#2349,0.4);
#2351=EDGE_CURVE('',#1991,#2075,#2350,.T.);
#2352=ORIENTED_EDGE('',*,*,#2351,.F.);
#2353=EDGE_LOOP('',(#2343,#2344,#2345,#2352));
#2354=FACE_BOUND('',#2353,.T.);
#2355=ADVANCED_FACE('',(#2354),#2342,.T.);
#2356=CARTESIAN_POINT('',(234.906728661,-0.273445805,18.578514658));
#2357=DIRECTION('',(-0.004815857,0.999988404,0.000000354));
#2358=DIRECTION('',(-0.999988393,-0.004815857,0.000147023));
#2359=AXIS2_PLACEMENT_3D('',#2356,#2357,#2358);
#2360=CYLINDRICAL_SURFACE('',#2359,0.4);
#2361=ORIENTED_EDGE('',*,*,#2058,.T.);
#2362=ORIENTED_EDGE('',*,*,#784,.T.);
#2363=ORIENTED_EDGE('',*,*,#2018,.T.);
#2364=CARTESIAN_POINT('',(234.905765489,-0.073448124,18.578514729));
#2365=DIRECTION('',(0.004815857,-0.999988404,-0.000000354));
#2366=DIRECTION('',(0.999988393,0.004815857,-0.000147023));
#2367=AXIS2_PLACEMENT_3D('',#2364,#2365,#2366);
#2368=CIRCLE('',#2367,0.4);
#2369=EDGE_CURVE('',#2053,#2013,#2368,.T.);
#2370=ORIENTED_EDGE('',*,*,#2369,.F.);
#2371=EDGE_LOOP('',(#2361,#2362,#2363,#2370));
#2372=FACE_BOUND('',#2371,.T.);
#2373=ADVANCED_FACE('',(#2372),#2360,.T.);
#2374=CARTESIAN_POINT('',(234.905802414,-0.273448035,12.278514726));
#2375=DIRECTION('',(0.004815857,-0.999988404,-0.000000354));
#2376=DIRECTION('',(0.999988393,0.004815857,-0.000147023));
#2377=AXIS2_PLACEMENT_3D('',#2374,#2375,#2376);
#2378=CYLINDRICAL_SURFACE('',#2377,0.4);
#2379=ORIENTED_EDGE('',*,*,#2027,.T.);
#2380=ORIENTED_EDGE('',*,*,#833,.T.);
#2381=ORIENTED_EDGE('',*,*,#1987,.T.);
#2382=CARTESIAN_POINT('',(234.904839243,-0.073450354,12.278514797));
#2383=DIRECTION('',(0.004815857,-0.999988404,-0.000000354));
#2384=DIRECTION('',(0.999988393,0.004815857,-0.000147023));
#2385=AXIS2_PLACEMENT_3D('',#2382,#2383,#2384);
#2386=CIRCLE('',#2385,0.4);
#2387=EDGE_CURVE('',#2022,#1982,#2386,.T.);
#2388=ORIENTED_EDGE('',*,*,#2387,.F.);
#2389=EDGE_LOOP('',(#2379,#2380,#2381,#2388));
#2390=FACE_BOUND('',#2389,.T.);
#2391=ADVANCED_FACE('',(#2390),#2378,.T.);
#2392=CARTESIAN_POINT('',(234.904839243,-0.073450354,12.278514797));
#2393=DIRECTION('',(0.004815857,-0.999988404,-0.000000354));
#2394=DIRECTION('',(0.999988393,0.004815857,-0.000147023));
#2395=AXIS2_PLACEMENT_3D('',#2392,#2393,#2394);
#2396=DEGENERATE_TOROIDAL_SURFACE('',#2395,0.2,0.2,.T.);
#2397=CARTESIAN_POINT('',(234.904809838,-0.073450425,12.078514799));
#2398=DIRECTION('',(-0.999988393,-0.004815857,0.000147023));
#2399=DIRECTION('',(-0.004815857,0.999988404,0.000000354));
#2400=AXIS2_PLACEMENT_3D('',#2397,#2398,#2399);
#2401=CIRCLE('',#2400,0.2);
#2402=EDGE_CURVE('',#1982,#2106,#2401,.T.);
#2403=ORIENTED_EDGE('',*,*,#2402,.T.);
#2404=ORIENTED_EDGE('',*,*,#2114,.T.);
#2405=CARTESIAN_POINT('',(234.704841564,-0.074413526,12.278544202));
#2406=DIRECTION('',(-0.000147023,-0.000000354,-0.999999989));
#2407=DIRECTION('',(-0.004815857,0.999988404,0.000000354));
#2408=AXIS2_PLACEMENT_3D('',#2405,#2406,#2407);
#2409=CIRCLE('',#2408,0.2);
#2410=EDGE_CURVE('',#2108,#2022,#2409,.T.);
#2411=ORIENTED_EDGE('',*,*,#2410,.T.);
#2412=ORIENTED_EDGE('',*,*,#2387,.T.);
#2413=EDGE_LOOP('',(#2403,#2404,#2411,#2412));
#2414=FACE_BOUND('',#2413,.T.);
#2415=ADVANCED_FACE('',(#2414),#2396,.T.);
#2416=CARTESIAN_POINT('',(234.706377957,-0.074409826,22.728544089));
#2417=DIRECTION('',(-0.000147023,-0.000000354,-0.999999989));
#2418=DIRECTION('',(0.004815857,-0.999988404,-0.000000354));
#2419=AXIS2_PLACEMENT_3D('',#2416,#2417,#2418);
#2420=CYLINDRICAL_SURFACE('',#2419,0.2);
#2421=ORIENTED_EDGE('',*,*,#2410,.F.);
#2422=ORIENTED_EDGE('',*,*,#2171,.T.);
#2423=CARTESIAN_POINT('',(234.705767811,-0.074411295,18.578544134));
#2424=DIRECTION('',(-0.000147023,-0.000000354,-0.999999989));
#2425=DIRECTION('',(-0.004815857,0.999988404,0.000000354));
#2426=AXIS2_PLACEMENT_3D('',#2423,#2424,#2425);
#2427=CIRCLE('',#2426,0.2);
#2428=EDGE_CURVE('',#2159,#2013,#2427,.T.);
#2429=ORIENTED_EDGE('',*,*,#2428,.T.);
#2430=ORIENTED_EDGE('',*,*,#2033,.T.);
#2431=EDGE_LOOP('',(#2421,#2422,#2429,#2430));
#2432=FACE_BOUND('',#2431,.T.);
#2433=ADVANCED_FACE('',(#2432),#2420,.T.);
#2434=CARTESIAN_POINT('',(235.004808677,-0.072968839,12.078500097));
#2435=DIRECTION('',(0.999988393,0.004815857,-0.000147023));
#2436=DIRECTION('',(-0.004815857,0.999988404,0.000000354));
#2437=AXIS2_PLACEMENT_3D('',#2434,#2435,#2436);
#2438=CYLINDRICAL_SURFACE('',#2437,0.2);
#2439=ORIENTED_EDGE('',*,*,#2402,.F.);
#2440=ORIENTED_EDGE('',*,*,#2002,.T.);
#2441=CARTESIAN_POINT('',(235.104807517,-0.072487254,12.078485395));
#2442=DIRECTION('',(-0.999988393,-0.004815857,0.000147023));
#2443=DIRECTION('',(-0.004815857,0.999988404,0.000000354));
#2444=AXIS2_PLACEMENT_3D('',#2441,#2442,#2443);
#2445=CIRCLE('',#2444,0.2);
#2446=EDGE_CURVE('',#1991,#2117,#2445,.T.);
#2447=ORIENTED_EDGE('',*,*,#2446,.T.);
#2448=ORIENTED_EDGE('',*,*,#2122,.T.);
#2449=EDGE_LOOP('',(#2439,#2440,#2447,#2448));
#2450=FACE_BOUND('',#2449,.T.);
#2451=ADVANCED_FACE('',(#2450),#2438,.T.);
#2452=CARTESIAN_POINT('',(234.905765489,-0.073448124,18.578514729));
#2453=DIRECTION('',(0.004815857,-0.999988404,-0.000000354));
#2454=DIRECTION('',(0.999988393,0.004815857,-0.000147023));
#2455=AXIS2_PLACEMENT_3D('',#2452,#2453,#2454);
#2456=DEGENERATE_TOROIDAL_SURFACE('',#2455,0.2,0.2,.T.);
#2457=ORIENTED_EDGE('',*,*,#2428,.F.);
#2458=ORIENTED_EDGE('',*,*,#2165,.T.);
#2459=CARTESIAN_POINT('',(234.905794894,-0.073448053,18.778514727));
#2460=DIRECTION('',(-0.999988393,-0.004815857,0.000147023));
#2461=DIRECTION('',(-0.004815857,0.999988404,0.000000354));
#2462=AXIS2_PLACEMENT_3D('',#2459,#2460,#2461);
#2463=CIRCLE('',#2462,0.2);
#2464=EDGE_CURVE('',#2151,#2053,#2463,.T.);
#2465=ORIENTED_EDGE('',*,*,#2464,.T.);
#2466=ORIENTED_EDGE('',*,*,#2369,.T.);
#2467=EDGE_LOOP('',(#2457,#2458,#2465,#2466));
#2468=FACE_BOUND('',#2467,.T.);
#2469=ADVANCED_FACE('',(#2468),#2456,.T.);
#2470=CARTESIAN_POINT('',(235.104836921,-0.072487183,12.278485393));
#2471=DIRECTION('',(0.004815857,-0.999988404,-0.000000354));
#2472=DIRECTION('',(0.999988393,0.004815857,-0.000147023));
#2473=AXIS2_PLACEMENT_3D('',#2470,#2471,#2472);
#2474=DEGENERATE_TOROIDAL_SURFACE('',#2473,0.2,0.2,.T.);
#2475=ORIENTED_EDGE('',*,*,#2446,.F.);
#2476=ORIENTED_EDGE('',*,*,#2351,.T.);
#2477=CARTESIAN_POINT('',(235.3048346,-0.071524012,12.278455988));
#2478=DIRECTION('',(-0.000147023,-0.000000354,-0.999999989));
#2479=DIRECTION('',(-0.004815857,0.999988404,0.000000354));
#2480=AXIS2_PLACEMENT_3D('',#2477,#2478,#2479);
#2481=CIRCLE('',#2480,0.2);
#2482=EDGE_CURVE('',#2075,#2125,#2481,.T.);
#2483=ORIENTED_EDGE('',*,*,#2482,.T.);
#2484=ORIENTED_EDGE('',*,*,#2131,.T.);
#2485=EDGE_LOOP('',(#2475,#2476,#2483,#2484));
#2486=FACE_BOUND('',#2485,.T.);
#2487=ADVANCED_FACE('',(#2486),#2474,.T.);
#2488=CARTESIAN_POINT('',(-52.490869221,-1.45752537,18.820769207));
#2489=DIRECTION('',(-0.999988393,-0.004815857,0.000147023));
#2490=DIRECTION('',(0.004815857,-0.999988404,-0.000000354));
#2491=AXIS2_PLACEMENT_3D('',#2488,#2489,#2490);
#2492=CYLINDRICAL_SURFACE('',#2491,0.2);
#2493=ORIENTED_EDGE('',*,*,#2464,.F.);
#2494=ORIENTED_EDGE('',*,*,#2156,.T.);
#2495=CARTESIAN_POINT('',(235.105792572,-0.072484882,18.778485322));
#2496=DIRECTION('',(-0.999988393,-0.004815857,0.000147023));
#2497=DIRECTION('',(-0.004815857,0.999988404,0.000000354));
#2498=AXIS2_PLACEMENT_3D('',#2495,#2496,#2497);
#2499=CIRCLE('',#2498,0.2);
#2500=EDGE_CURVE('',#2142,#2044,#2499,.T.);
#2501=ORIENTED_EDGE('',*,*,#2500,.T.);
#2502=ORIENTED_EDGE('',*,*,#2064,.T.);
#2503=EDGE_LOOP('',(#2493,#2494,#2501,#2502));
#2504=FACE_BOUND('',#2503,.T.);
#2505=ADVANCED_FACE('',(#2504),#2492,.T.);
#2506=CARTESIAN_POINT('',(235.306370993,-0.071520312,22.728455875));
#2507=DIRECTION('',(0.000147023,0.000000354,0.999999989));
#2508=DIRECTION('',(-0.004815857,0.999988404,0.000000354));
#2509=AXIS2_PLACEMENT_3D('',#2506,#2507,#2508);
#2510=CYLINDRICAL_SURFACE('',#2509,0.2);
#2511=ORIENTED_EDGE('',*,*,#2482,.F.);
#2512=ORIENTED_EDGE('',*,*,#2095,.T.);
#2513=CARTESIAN_POINT('',(235.305760846,-0.071521781,18.57845592));
#2514=DIRECTION('',(-0.000147023,-0.000000354,-0.999999989));
#2515=DIRECTION('',(-0.004815857,0.999988404,0.000000354));
#2516=AXIS2_PLACEMENT_3D('',#2513,#2514,#2515);
#2517=CIRCLE('',#2516,0.2);
#2518=EDGE_CURVE('',#2084,#2134,#2517,.T.);
#2519=ORIENTED_EDGE('',*,*,#2518,.T.);
#2520=ORIENTED_EDGE('',*,*,#2139,.T.);
#2521=EDGE_LOOP('',(#2511,#2512,#2519,#2520));
#2522=FACE_BOUND('',#2521,.T.);
#2523=ADVANCED_FACE('',(#2522),#2510,.T.);
#2524=CARTESIAN_POINT('',(235.105763168,-0.072484953,18.578485325));
#2525=DIRECTION('',(0.004815857,-0.999988404,-0.000000354));
#2526=DIRECTION('',(0.999988393,0.004815857,-0.000147023));
#2527=AXIS2_PLACEMENT_3D('',#2524,#2525,#2526);
#2528=DEGENERATE_TOROIDAL_SURFACE('',#2527,0.2,0.2,.T.);
#2529=ORIENTED_EDGE('',*,*,#2500,.F.);
#2530=ORIENTED_EDGE('',*,*,#2148,.T.);
#2531=ORIENTED_EDGE('',*,*,#2518,.F.);
#2532=ORIENTED_EDGE('',*,*,#2333,.T.);
#2533=EDGE_LOOP('',(#2529,#2530,#2531,#2532));
#2534=FACE_BOUND('',#2533,.T.);
#2535=ADVANCED_FACE('',(#2534),#2528,.T.);
#2536=CARTESIAN_POINT('',(232.904862457,-0.083082068,12.278808844));
#2537=DIRECTION('',(0.004815857,-0.999988404,-0.000000354));
#2538=DIRECTION('',(0.999988393,0.004815857,-0.000147023));
#2539=AXIS2_PLACEMENT_3D('',#2536,#2537,#2538);
#2540=DEGENERATE_TOROIDAL_SURFACE('',#2539,0.2,0.2,.T.);
#2541=CARTESIAN_POINT('',(232.904833052,-0.083082139,12.078808846));
#2542=DIRECTION('',(-0.999988393,-0.004815857,0.000147023));
#2543=DIRECTION('',(-0.004815857,0.999988404,0.000000354));
#2544=AXIS2_PLACEMENT_3D('',#2541,#2542,#2543);
#2545=CIRCLE('',#2544,0.2);
#2546=EDGE_CURVE('',#1782,#1906,#2545,.T.);
#2547=ORIENTED_EDGE('',*,*,#2546,.T.);
#2548=ORIENTED_EDGE('',*,*,#1914,.T.);
#2549=CARTESIAN_POINT('',(232.704864778,-0.08404524,12.278838248));
#2550=DIRECTION('',(-0.000147023,-0.000000354,-0.999999989));
#2551=DIRECTION('',(-0.004815857,0.999988404,0.000000354));
#2552=AXIS2_PLACEMENT_3D('',#2549,#2550,#2551);
#2553=CIRCLE('',#2552,0.2);
#2554=EDGE_CURVE('',#1908,#1822,#2553,.T.);
#2555=ORIENTED_EDGE('',*,*,#2554,.T.);
#2556=ORIENTED_EDGE('',*,*,#2315,.T.);
#2557=EDGE_LOOP('',(#2547,#2548,#2555,#2556));
#2558=FACE_BOUND('',#2557,.T.);
#2559=ADVANCED_FACE('',(#2558),#2540,.T.);
#2560=CARTESIAN_POINT('',(232.706401171,-0.08404154,22.728838135));
#2561=DIRECTION('',(-0.000147023,-0.000000354,-0.999999989));
#2562=DIRECTION('',(0.004815857,-0.999988404,-0.000000354));
#2563=AXIS2_PLACEMENT_3D('',#2560,#2561,#2562);
#2564=CYLINDRICAL_SURFACE('',#2563,0.2);
#2565=ORIENTED_EDGE('',*,*,#2554,.F.);
#2566=ORIENTED_EDGE('',*,*,#1971,.T.);
#2567=CARTESIAN_POINT('',(232.705791025,-0.08404301,18.57883818));
#2568=DIRECTION('',(-0.000147023,-0.000000354,-0.999999989));
#2569=DIRECTION('',(-0.004815857,0.999988404,0.000000354));
#2570=AXIS2_PLACEMENT_3D('',#2567,#2568,#2569);
#2571=CIRCLE('',#2570,0.2);
#2572=EDGE_CURVE('',#1959,#1813,#2571,.T.);
#2573=ORIENTED_EDGE('',*,*,#2572,.T.);
#2574=ORIENTED_EDGE('',*,*,#1833,.T.);
#2575=EDGE_LOOP('',(#2565,#2566,#2573,#2574));
#2576=FACE_BOUND('',#2575,.T.);
#2577=ADVANCED_FACE('',(#2576),#2564,.T.);
#2578=CARTESIAN_POINT('',(-52.491854277,-1.457527742,12.120769279));
#2579=DIRECTION('',(0.999988393,0.004815857,-0.000147023));
#2580=DIRECTION('',(-0.004815857,0.999988404,0.000000354));
#2581=AXIS2_PLACEMENT_3D('',#2578,#2579,#2580);
#2582=CYLINDRICAL_SURFACE('',#2581,0.2);
#2583=ORIENTED_EDGE('',*,*,#2546,.F.);
#2584=ORIENTED_EDGE('',*,*,#1802,.T.);
#2585=CARTESIAN_POINT('',(233.104830731,-0.082118968,12.078779441));
#2586=DIRECTION('',(-0.999988393,-0.004815857,0.000147023));
#2587=DIRECTION('',(-0.004815857,0.999988404,0.000000354));
#2588=AXIS2_PLACEMENT_3D('',#2585,#2586,#2587);
#2589=CIRCLE('',#2588,0.2);
#2590=EDGE_CURVE('',#1791,#1917,#2589,.T.);
#2591=ORIENTED_EDGE('',*,*,#2590,.T.);
#2592=ORIENTED_EDGE('',*,*,#1922,.T.);
#2593=EDGE_LOOP('',(#2583,#2584,#2591,#2592));
#2594=FACE_BOUND('',#2593,.T.);
#2595=ADVANCED_FACE('',(#2594),#2582,.T.);
#2596=CARTESIAN_POINT('',(232.905788703,-0.083079838,18.578808776));
#2597=DIRECTION('',(0.004815857,-0.999988404,-0.000000354));
#2598=DIRECTION('',(0.999988393,0.004815857,-0.000147023));
#2599=AXIS2_PLACEMENT_3D('',#2596,#2597,#2598);
#2600=DEGENERATE_TOROIDAL_SURFACE('',#2599,0.2,0.2,.T.);
#2601=ORIENTED_EDGE('',*,*,#2572,.F.);
#2602=ORIENTED_EDGE('',*,*,#1965,.T.);
#2603=CARTESIAN_POINT('',(232.905818108,-0.083079767,18.778808773));
#2604=DIRECTION('',(-0.999988393,-0.004815857,0.000147023));
#2605=DIRECTION('',(-0.004815857,0.999988404,0.000000354));
#2606=AXIS2_PLACEMENT_3D('',#2603,#2604,#2605);
#2607=CIRCLE('',#2606,0.2);
#2608=EDGE_CURVE('',#1951,#1853,#2607,.T.);
#2609=ORIENTED_EDGE('',*,*,#2608,.T.);
#2610=ORIENTED_EDGE('',*,*,#2297,.T.);
#2611=EDGE_LOOP('',(#2601,#2602,#2609,#2610));
#2612=FACE_BOUND('',#2611,.T.);
#2613=ADVANCED_FACE('',(#2612),#2600,.T.);
#2614=CARTESIAN_POINT('',(233.104860136,-0.082118897,12.278779439));
#2615=DIRECTION('',(0.004815857,-0.999988404,-0.000000354));
#2616=DIRECTION('',(0.999988393,0.004815857,-0.000147023));
#2617=AXIS2_PLACEMENT_3D('',#2614,#2615,#2616);
#2618=DEGENERATE_TOROIDAL_SURFACE('',#2617,0.2,0.2,.T.);
#2619=ORIENTED_EDGE('',*,*,#2590,.F.);
#2620=ORIENTED_EDGE('',*,*,#2279,.T.);
#2621=CARTESIAN_POINT('',(233.304857814,-0.081155726,12.278750034));
#2622=DIRECTION('',(-0.000147023,-0.000000354,-0.999999989));
#2623=DIRECTION('',(-0.004815857,0.999988404,0.000000354));
#2624=AXIS2_PLACEMENT_3D('',#2621,#2622,#2623);
#2625=CIRCLE('',#2624,0.2);
#2626=EDGE_CURVE('',#1875,#1925,#2625,.T.);
#2627=ORIENTED_EDGE('',*,*,#2626,.T.);
#2628=ORIENTED_EDGE('',*,*,#1931,.T.);
#2629=EDGE_LOOP('',(#2619,#2620,#2627,#2628));
#2630=FACE_BOUND('',#2629,.T.);
#2631=ADVANCED_FACE('',(#2630),#2618,.T.);
#2632=CARTESIAN_POINT('',(-52.490869221,-1.45752537,18.820769207));
#2633=DIRECTION('',(-0.999988393,-0.004815857,0.000147023));
#2634=DIRECTION('',(0.004815857,-0.999988404,-0.000000354));
#2635=AXIS2_PLACEMENT_3D('',#2632,#2633,#2634);
#2636=CYLINDRICAL_SURFACE('',#2635,0.2);
#2637=ORIENTED_EDGE('',*,*,#2608,.F.);
#2638=ORIENTED_EDGE('',*,*,#1956,.T.);
#2639=CARTESIAN_POINT('',(233.105815787,-0.082116596,18.778779369));
#2640=DIRECTION('',(-0.999988393,-0.004815857,0.000147023));
#2641=DIRECTION('',(-0.004815857,0.999988404,0.000000354));
#2642=AXIS2_PLACEMENT_3D('',#2639,#2640,#2641);
#2643=CIRCLE('',#2642,0.2);
#2644=EDGE_CURVE('',#1942,#1844,#2643,.T.);
#2645=ORIENTED_EDGE('',*,*,#2644,.T.);
#2646=ORIENTED_EDGE('',*,*,#1864,.T.);
#2647=EDGE_LOOP('',(#2637,#2638,#2645,#2646));
#2648=FACE_BOUND('',#2647,.T.);
#2649=ADVANCED_FACE('',(#2648),#2636,.T.);
#2650=CARTESIAN_POINT('',(233.306394207,-0.081152026,22.728749922));
#2651=DIRECTION('',(0.000147023,0.000000354,0.999999989));
#2652=DIRECTION('',(-0.004815857,0.999988404,0.000000354));
#2653=AXIS2_PLACEMENT_3D('',#2650,#2651,#2652);
#2654=CYLINDRICAL_SURFACE('',#2653,0.2);
#2655=ORIENTED_EDGE('',*,*,#2626,.F.);
#2656=ORIENTED_EDGE('',*,*,#1895,.T.);
#2657=CARTESIAN_POINT('',(233.305784061,-0.081153495,18.578749966));
#2658=DIRECTION('',(-0.000147023,-0.000000354,-0.999999989));
#2659=DIRECTION('',(-0.004815857,0.999988404,0.000000354));
#2660=AXIS2_PLACEMENT_3D('',#2657,#2658,#2659);
#2661=CIRCLE('',#2660,0.2);
#2662=EDGE_CURVE('',#1884,#1934,#2661,.T.);
#2663=ORIENTED_EDGE('',*,*,#2662,.T.);
#2664=ORIENTED_EDGE('',*,*,#1939,.T.);
#2665=EDGE_LOOP('',(#2655,#2656,#2663,#2664));
#2666=FACE_BOUND('',#2665,.T.);
#2667=ADVANCED_FACE('',(#2666),#2654,.T.);
#2668=CARTESIAN_POINT('',(233.105786382,-0.082116667,18.578779371));
#2669=DIRECTION('',(0.004815857,-0.999988404,-0.000000354));
#2670=DIRECTION('',(0.999988393,0.004815857,-0.000147023));
#2671=AXIS2_PLACEMENT_3D('',#2668,#2669,#2670);
#2672=DEGENERATE_TOROIDAL_SURFACE('',#2671,0.2,0.2,.T.);
#2673=ORIENTED_EDGE('',*,*,#2644,.F.);
#2674=ORIENTED_EDGE('',*,*,#1948,.T.);
#2675=ORIENTED_EDGE('',*,*,#2662,.F.);
#2676=ORIENTED_EDGE('',*,*,#2261,.T.);
#2677=EDGE_LOOP('',(#2673,#2674,#2675,#2676));
#2678=FACE_BOUND('',#2677,.T.);
#2679=ADVANCED_FACE('',(#2678),#2672,.T.);
#2680=CARTESIAN_POINT('',(230.904885671,-0.092713783,12.27910289));
#2681=DIRECTION('',(0.004815857,-0.999988404,-0.000000354));
#2682=DIRECTION('',(0.999988393,0.004815857,-0.000147023));
#2683=AXIS2_PLACEMENT_3D('',#2680,#2681,#2682);
#2684=DEGENERATE_TOROIDAL_SURFACE('',#2683,0.2,0.2,.T.);
#2685=CARTESIAN_POINT('',(230.904856267,-0.092713853,12.079102892));
#2686=DIRECTION('',(-0.999988393,-0.004815857,0.000147023));
#2687=DIRECTION('',(-0.004815857,0.999988404,0.000000354));
#2688=AXIS2_PLACEMENT_3D('',#2685,#2686,#2687);
#2689=CIRCLE('',#2688,0.2);
#2690=EDGE_CURVE('',#1582,#1706,#2689,.T.);
#2691=ORIENTED_EDGE('',*,*,#2690,.T.);
#2692=ORIENTED_EDGE('',*,*,#1714,.T.);
#2693=CARTESIAN_POINT('',(230.704887993,-0.093676954,12.279132295));
#2694=DIRECTION('',(-0.000147023,-0.000000354,-0.999999989));
#2695=DIRECTION('',(-0.004815857,0.999988404,0.000000354));
#2696=AXIS2_PLACEMENT_3D('',#2693,#2694,#2695);
#2697=CIRCLE('',#2696,0.2);
#2698=EDGE_CURVE('',#1708,#1622,#2697,.T.);
#2699=ORIENTED_EDGE('',*,*,#2698,.T.);
#2700=ORIENTED_EDGE('',*,*,#2243,.T.);
#2701=EDGE_LOOP('',(#2691,#2692,#2699,#2700));
#2702=FACE_BOUND('',#2701,.T.);
#2703=ADVANCED_FACE('',(#2702),#2684,.T.);
#2704=CARTESIAN_POINT('',(230.706424386,-0.093673254,22.729132182));
#2705=DIRECTION('',(-0.000147023,-0.000000354,-0.999999989));
#2706=DIRECTION('',(0.004815857,-0.999988404,-0.000000354));
#2707=AXIS2_PLACEMENT_3D('',#2704,#2705,#2706);
#2708=CYLINDRICAL_SURFACE('',#2707,0.2);
#2709=ORIENTED_EDGE('',*,*,#2698,.F.);
#2710=ORIENTED_EDGE('',*,*,#1771,.T.);
#2711=CARTESIAN_POINT('',(230.705814239,-0.093674724,18.579132227));
#2712=DIRECTION('',(-0.000147023,-0.000000354,-0.999999989));
#2713=DIRECTION('',(-0.004815857,0.999988404,0.000000354));
#2714=AXIS2_PLACEMENT_3D('',#2711,#2712,#2713);
#2715=CIRCLE('',#2714,0.2);
#2716=EDGE_CURVE('',#1759,#1613,#2715,.T.);
#2717=ORIENTED_EDGE('',*,*,#2716,.T.);
#2718=ORIENTED_EDGE('',*,*,#1633,.T.);
#2719=EDGE_LOOP('',(#2709,#2710,#2717,#2718));
#2720=FACE_BOUND('',#2719,.T.);
#2721=ADVANCED_FACE('',(#2720),#2708,.T.);
#2722=CARTESIAN_POINT('',(-52.491854277,-1.457527742,12.120769279));
#2723=DIRECTION('',(0.999988393,0.004815857,-0.000147023));
#2724=DIRECTION('',(-0.004815857,0.999988404,0.000000354));
#2725=AXIS2_PLACEMENT_3D('',#2722,#2723,#2724);
#2726=CYLINDRICAL_SURFACE('',#2725,0.2);
#2727=ORIENTED_EDGE('',*,*,#2690,.F.);
#2728=ORIENTED_EDGE('',*,*,#1602,.T.);
#2729=CARTESIAN_POINT('',(231.104853945,-0.091750682,12.079073488));
#2730=DIRECTION('',(-0.999988393,-0.004815857,0.000147023));
#2731=DIRECTION('',(-0.004815857,0.999988404,0.000000354));
#2732=AXIS2_PLACEMENT_3D('',#2729,#2730,#2731);
#2733=CIRCLE('',#2732,0.2);
#2734=EDGE_CURVE('',#1591,#1717,#2733,.T.);
#2735=ORIENTED_EDGE('',*,*,#2734,.T.);
#2736=ORIENTED_EDGE('',*,*,#1722,.T.);
#2737=EDGE_LOOP('',(#2727,#2728,#2735,#2736));
#2738=FACE_BOUND('',#2737,.T.);
#2739=ADVANCED_FACE('',(#2738),#2726,.T.);
#2740=CARTESIAN_POINT('',(230.905811918,-0.092711552,18.579102822));
#2741=DIRECTION('',(0.004815857,-0.999988404,-0.000000354));
#2742=DIRECTION('',(0.999988393,0.004815857,-0.000147023));
#2743=AXIS2_PLACEMENT_3D('',#2740,#2741,#2742);
#2744=DEGENERATE_TOROIDAL_SURFACE('',#2743,0.2,0.2,.T.);
#2745=ORIENTED_EDGE('',*,*,#2716,.F.);
#2746=ORIENTED_EDGE('',*,*,#1765,.T.);
#2747=CARTESIAN_POINT('',(230.905841322,-0.092711481,18.77910282));
#2748=DIRECTION('',(-0.999988393,-0.004815857,0.000147023));
#2749=DIRECTION('',(-0.004815857,0.999988404,0.000000354));
#2750=AXIS2_PLACEMENT_3D('',#2747,#2748,#2749);
#2751=CIRCLE('',#2750,0.2);
#2752=EDGE_CURVE('',#1751,#1653,#2751,.T.);
#2753=ORIENTED_EDGE('',*,*,#2752,.T.);
#2754=ORIENTED_EDGE('',*,*,#2225,.T.);
#2755=EDGE_LOOP('',(#2745,#2746,#2753,#2754));
#2756=FACE_BOUND('',#2755,.T.);
#2757=ADVANCED_FACE('',(#2756),#2744,.T.);
#2758=CARTESIAN_POINT('',(231.10488335,-0.091750611,12.279073486));
#2759=DIRECTION('',(0.004815857,-0.999988404,-0.000000354));
#2760=DIRECTION('',(0.999988393,0.004815857,-0.000147023));
#2761=AXIS2_PLACEMENT_3D('',#2758,#2759,#2760);
#2762=DEGENERATE_TOROIDAL_SURFACE('',#2761,0.2,0.2,.T.);
#2763=ORIENTED_EDGE('',*,*,#2734,.F.);
#2764=ORIENTED_EDGE('',*,*,#2207,.T.);
#2765=CARTESIAN_POINT('',(231.304881028,-0.09078744,12.279044081));
#2766=DIRECTION('',(-0.000147023,-0.000000354,-0.999999989));
#2767=DIRECTION('',(-0.004815857,0.999988404,0.000000354));
#2768=AXIS2_PLACEMENT_3D('',#2765,#2766,#2767);
#2769=CIRCLE('',#2768,0.2);
#2770=EDGE_CURVE('',#1675,#1725,#2769,.T.);
#2771=ORIENTED_EDGE('',*,*,#2770,.T.);
#2772=ORIENTED_EDGE('',*,*,#1731,.T.);
#2773=EDGE_LOOP('',(#2763,#2764,#2771,#2772));
#2774=FACE_BOUND('',#2773,.T.);
#2775=ADVANCED_FACE('',(#2774),#2762,.T.);
#2776=CARTESIAN_POINT('',(-52.490869221,-1.45752537,18.820769207));
#2777=DIRECTION('',(-0.999988393,-0.004815857,0.000147023));
#2778=DIRECTION('',(0.004815857,-0.999988404,-0.000000354));
#2779=AXIS2_PLACEMENT_3D('',#2776,#2777,#2778);
#2780=CYLINDRICAL_SURFACE('',#2779,0.2);
#2781=ORIENTED_EDGE('',*,*,#2752,.F.);
#2782=ORIENTED_EDGE('',*,*,#1756,.T.);
#2783=CARTESIAN_POINT('',(231.105839001,-0.09174831,18.779073415));
#2784=DIRECTION('',(-0.999988393,-0.004815857,0.000147023));
#2785=DIRECTION('',(-0.004815857,0.999988404,0.000000354));
#2786=AXIS2_PLACEMENT_3D('',#2783,#2784,#2785);
#2787=CIRCLE('',#2786,0.2);
#2788=EDGE_CURVE('',#1742,#1644,#2787,.T.);
#2789=ORIENTED_EDGE('',*,*,#2788,.T.);
#2790=ORIENTED_EDGE('',*,*,#1664,.T.);
#2791=EDGE_LOOP('',(#2781,#2782,#2789,#2790));
#2792=FACE_BOUND('',#2791,.T.);
#2793=ADVANCED_FACE('',(#2792),#2780,.T.);
#2794=CARTESIAN_POINT('',(231.306417421,-0.09078374,22.729043968));
#2795=DIRECTION('',(0.000147023,0.000000354,0.999999989));
#2796=DIRECTION('',(-0.004815857,0.999988404,0.000000354));
#2797=AXIS2_PLACEMENT_3D('',#2794,#2795,#2796);
#2798=CYLINDRICAL_SURFACE('',#2797,0.2);
#2799=ORIENTED_EDGE('',*,*,#2770,.F.);
#2800=ORIENTED_EDGE('',*,*,#1695,.T.);
#2801=CARTESIAN_POINT('',(231.305807275,-0.090785209,18.579044013));
#2802=DIRECTION('',(-0.000147023,-0.000000354,-0.999999989));
#2803=DIRECTION('',(-0.004815857,0.999988404,0.000000354));
#2804=AXIS2_PLACEMENT_3D('',#2801,#2802,#2803);
#2805=CIRCLE('',#2804,0.2);
#2806=EDGE_CURVE('',#1684,#1734,#2805,.T.);
#2807=ORIENTED_EDGE('',*,*,#2806,.T.);
#2808=ORIENTED_EDGE('',*,*,#1739,.T.);
#2809=EDGE_LOOP('',(#2799,#2800,#2807,#2808));
#2810=FACE_BOUND('',#2809,.T.);
#2811=ADVANCED_FACE('',(#2810),#2798,.T.);
#2812=CARTESIAN_POINT('',(231.105809596,-0.091748381,18.579073417));
#2813=DIRECTION('',(0.004815857,-0.999988404,-0.000000354));
#2814=DIRECTION('',(0.999988393,0.004815857,-0.000147023));
#2815=AXIS2_PLACEMENT_3D('',#2812,#2813,#2814);
#2816=DEGENERATE_TOROIDAL_SURFACE('',#2815,0.2,0.2,.T.);
#2817=ORIENTED_EDGE('',*,*,#2788,.F.);
#2818=ORIENTED_EDGE('',*,*,#1748,.T.);
#2819=ORIENTED_EDGE('',*,*,#2806,.F.);
#2820=ORIENTED_EDGE('',*,*,#2189,.T.);
#2821=EDGE_LOOP('',(#2817,#2818,#2819,#2820));
#2822=FACE_BOUND('',#2821,.T.);
#2823=ADVANCED_FACE('',(#2822),#2816,.T.);
#2824=CARTESIAN_POINT('',(236.941571553,1.13636972,19.528215));
#2825=DIRECTION('',(-0.004815857,0.999988404,0.000000354));
#2826=DIRECTION('',(-0.999988393,-0.004815857,0.000147023));
#2827=AXIS2_PLACEMENT_3D('',#2824,#2825,#2826);
#2828=CYLINDRICAL_SURFACE('',#2827,0.2);
#2829=ORIENTED_EDGE('',*,*,#1315,.T.);
#2830=ORIENTED_EDGE('',*,*,#880,.T.);
#2831=ORIENTED_EDGE('',*,*,#1433,.T.);
#2832=CARTESIAN_POINT('',(236.954574367,-1.56359897,19.528214044));
#2833=DIRECTION('',(0.004815857,-0.999988404,-0.000000354));
#2834=DIRECTION('',(-0.999988393,-0.004815857,0.000147023));
#2835=AXIS2_PLACEMENT_3D('',#2832,#2833,#2834);
#2836=CIRCLE('',#2835,0.2);
#2837=EDGE_CURVE('',#1310,#1428,#2836,.T.);
#2838=ORIENTED_EDGE('',*,*,#2837,.F.);
#2839=EDGE_LOOP('',(#2829,#2830,#2831,#2838));
#2840=FACE_BOUND('',#2839,.T.);
#2841=ADVANCED_FACE('',(#2840),#2828,.T.);
#2842=CARTESIAN_POINT('',(238.037085219,1.991655476,19.528053632));
#2843=DIRECTION('',(-0.004815857,0.999988404,0.000000354));
#2844=DIRECTION('',(-0.999988393,-0.004815857,0.000147023));
#2845=AXIS2_PLACEMENT_3D('',#2842,#2843,#2844);
#2846=CYLINDRICAL_SURFACE('',#2845,0.2);
#2847=ORIENTED_EDGE('',*,*,#1361,.T.);
#2848=ORIENTED_EDGE('',*,*,#1087,.T.);
#2849=ORIENTED_EDGE('',*,*,#1329,.T.);
#2850=CARTESIAN_POINT('',(238.25417919,-1.557340186,19.52802297));
#2851=VERTEX_POINT('',#2850);
#2852=CARTESIAN_POINT('',(238.054181511,-1.558303357,19.528052375));
#2853=DIRECTION('',(0.004815857,-0.999988404,-0.000000354));
#2854=DIRECTION('',(-0.999988393,-0.004815857,0.000147023));
#2855=AXIS2_PLACEMENT_3D('',#2852,#2853,#2854);
#2856=CIRCLE('',#2855,0.2);
#2857=EDGE_CURVE('',#2851,#1318,#2856,.T.);
#2858=ORIENTED_EDGE('',*,*,#2857,.F.);
#2859=CARTESIAN_POINT('',(238.054181511,-1.558303357,19.528052375));
#2860=DIRECTION('',(0.004815857,-0.999988404,-0.000000354));
#2861=DIRECTION('',(-0.999988393,-0.004815857,0.000147023));
#2862=AXIS2_PLACEMENT_3D('',#2859,#2860,#2861);
#2863=CIRCLE('',#2862,0.2);
#2864=EDGE_CURVE('',#1356,#2851,#2863,.T.);
#2865=ORIENTED_EDGE('',*,*,#2864,.F.);
#2866=EDGE_LOOP('',(#2847,#2848,#2849,#2858,#2865));
#2867=FACE_BOUND('',#2866,.T.);
#2868=ADVANCED_FACE('',(#2867),#2846,.T.);
#2869=CARTESIAN_POINT('',(236.578718495,1.984635011,11.328267959));
#2870=DIRECTION('',(-0.004815857,0.999988404,0.000000354));
#2871=DIRECTION('',(-0.999988393,-0.004815857,0.000147023));
#2872=AXIS2_PLACEMENT_3D('',#2869,#2870,#2871);
#2873=CYLINDRICAL_SURFACE('',#2872,0.2);
#2874=CARTESIAN_POINT('',(236.395817109,-1.566286993,11.328296107));
#2875=VERTEX_POINT('',#2874);
#2876=CARTESIAN_POINT('',(236.387148566,0.233692134,11.328296744));
#2877=DIRECTION('',(0.004815857,-0.999988404,-0.000000354));
#2878=VECTOR('',#2877,1.8);
#2879=LINE('',#2876,#2878);
#2880=EDGE_CURVE('',#907,#2875,#2879,.T.);
#2881=ORIENTED_EDGE('',*,*,#2880,.T.);
#2882=CARTESIAN_POINT('',(236.595814787,-1.565323822,11.328266702));
#2883=DIRECTION('',(0.004815857,-0.999988404,-0.000000354));
#2884=DIRECTION('',(-0.999988393,-0.004815857,0.000147023));
#2885=AXIS2_PLACEMENT_3D('',#2882,#2883,#2884);
#2886=CIRCLE('',#2885,0.2);
#2887=EDGE_CURVE('',#1437,#2875,#2886,.T.);
#2888=ORIENTED_EDGE('',*,*,#2887,.F.);
#2889=ORIENTED_EDGE('',*,*,#1442,.T.);
#2890=ORIENTED_EDGE('',*,*,#920,.T.);
#2891=EDGE_LOOP('',(#2881,#2888,#2889,#2890));
#2892=FACE_BOUND('',#2891,.T.);
#2893=ADVANCED_FACE('',(#2892),#2873,.T.);
#2894=CARTESIAN_POINT('',(237.686753389,0.239950917,11.32810567));
#2895=DIRECTION('',(-0.004815857,0.999988404,0.000000354));
#2896=DIRECTION('',(-0.999988393,-0.004815857,0.000147023));
#2897=AXIS2_PLACEMENT_3D('',#2894,#2895,#2896);
#2898=CYLINDRICAL_SURFACE('',#2897,0.2);
#2899=ORIENTED_EDGE('',*,*,#1399,.T.);
#2900=ORIENTED_EDGE('',*,*,#1104,.T.);
#2901=ORIENTED_EDGE('',*,*,#1352,.T.);
#2902=CARTESIAN_POINT('',(237.695421932,-1.560028209,11.328105033));
#2903=DIRECTION('',(0.004815857,-0.999988404,-0.000000354));
#2904=DIRECTION('',(-0.999988393,-0.004815857,0.000147023));
#2905=AXIS2_PLACEMENT_3D('',#2902,#2903,#2904);
#2906=CIRCLE('',#2905,0.2);
#2907=EDGE_CURVE('',#1394,#1347,#2906,.T.);
#2908=ORIENTED_EDGE('',*,*,#2907,.F.);
#2909=EDGE_LOOP('',(#2899,#2900,#2901,#2908));
#2910=FACE_BOUND('',#2909,.T.);
#2911=ADVANCED_FACE('',(#2910),#2898,.T.);
#2912=CARTESIAN_POINT('',(237.695421932,-1.560028209,11.328105033));
#2913=DIRECTION('',(0.004815857,-0.999988404,-0.000000354));
#2914=DIRECTION('',(0.999988393,0.004815857,-0.000147023));
#2915=AXIS2_PLACEMENT_3D('',#2912,#2913,#2914);
#2916=SPHERICAL_SURFACE('',#2915,0.2);
#2917=ORIENTED_EDGE('',*,*,#2907,.T.);
#2918=CARTESIAN_POINT('',(237.735311352,-1.75600252,11.326401036));
#2919=VERTEX_POINT('',#2918);
#2920=CARTESIAN_POINT('',(237.695421932,-1.560028209,11.328105033));
#2921=DIRECTION('',(-0.043709634,-0.000210148,-0.999044255));
#2922=DIRECTION('',(0.99903267,0.00481127,-0.043710139));
#2923=AXIS2_PLACEMENT_3D('',#2920,#2921,#2922);
#2924=CIRCLE('',#2923,0.2);
#2925=EDGE_CURVE('',#1347,#2919,#2924,.T.);
#2926=ORIENTED_EDGE('',*,*,#2925,.T.);
#2927=CARTESIAN_POINT('',(237.695421932,-1.560028209,11.328105033));
#2928=DIRECTION('',(-0.043709634,-0.000210148,-0.999044255));
#2929=DIRECTION('',(0.99903267,0.00481127,-0.043710139));
#2930=AXIS2_PLACEMENT_3D('',#2927,#2928,#2929);
#2931=CIRCLE('',#2930,0.2);
#2932=EDGE_CURVE('',#2919,#1477,#2931,.T.);
#2933=ORIENTED_EDGE('',*,*,#2932,.T.);
#2934=CARTESIAN_POINT('',(237.695421932,-1.560028209,11.328105033));
#2935=DIRECTION('',(0.999988393,0.004815857,-0.000147023));
#2936=DIRECTION('',(0.004815857,-0.999988404,-0.000000354));
#2937=AXIS2_PLACEMENT_3D('',#2934,#2935,#2936);
#2938=CIRCLE('',#2937,0.2);
#2939=EDGE_CURVE('',#1477,#1394,#2938,.T.);
#2940=ORIENTED_EDGE('',*,*,#2939,.T.);
#2941=EDGE_LOOP('',(#2917,#2926,#2933,#2940));
#2942=FACE_BOUND('',#2941,.T.);
#2943=ADVANCED_FACE('',(#2942),#2916,.T.);
#2944=CARTESIAN_POINT('',(-52.859736406,-2.959316559,11.37082389));
#2945=DIRECTION('',(-0.999988393,-0.004815857,0.000147023));
#2946=DIRECTION('',(0.000147023,0.000000354,0.999999989));
#2947=AXIS2_PLACEMENT_3D('',#2944,#2945,#2946);
#2948=CYLINDRICAL_SURFACE('',#2947,0.2);
#2949=ORIENTED_EDGE('',*,*,#2939,.F.);
#2950=ORIENTED_EDGE('',*,*,#1482,.T.);
#2951=CARTESIAN_POINT('',(236.595814787,-1.565323822,11.328266702));
#2952=DIRECTION('',(0.999988393,0.004815857,-0.000147023));
#2953=DIRECTION('',(0.004815857,-0.999988404,-0.000000354));
#2954=AXIS2_PLACEMENT_3D('',#2951,#2952,#2953);
#2955=CIRCLE('',#2954,0.2);
#2956=EDGE_CURVE('',#1469,#1378,#2955,.T.);
#2957=ORIENTED_EDGE('',*,*,#2956,.T.);
#2958=ORIENTED_EDGE('',*,*,#1405,.T.);
#2959=EDGE_LOOP('',(#2949,#2950,#2957,#2958));
#2960=FACE_BOUND('',#2959,.T.);
#2961=ADVANCED_FACE('',(#2960),#2948,.T.);
#2962=CARTESIAN_POINT('',(237.639976348,-1.560294782,10.060819378));
#2963=DIRECTION('',(-0.043709634,-0.000210148,-0.999044255));
#2964=DIRECTION('',(-0.99903267,-0.00481127,0.043710139));
#2965=AXIS2_PLACEMENT_3D('',#2962,#2963,#2964);
#2966=CYLINDRICAL_SURFACE('',#2965,0.2);
#2967=ORIENTED_EDGE('',*,*,#2932,.F.);
#2968=ORIENTED_EDGE('',*,*,#2925,.F.);
#2969=ORIENTED_EDGE('',*,*,#1367,.T.);
#2970=CARTESIAN_POINT('',(238.094070932,-1.754277668,19.526348378));
#2971=VERTEX_POINT('',#2970);
#2972=CARTESIAN_POINT('',(238.054181511,-1.558303357,19.528052375));
#2973=DIRECTION('',(-0.043709634,-0.000210148,-0.999044255));
#2974=DIRECTION('',(0.99903267,0.00481127,-0.043710139));
#2975=AXIS2_PLACEMENT_3D('',#2972,#2973,#2974);
#2976=CIRCLE('',#2975,0.2);
#2977=EDGE_CURVE('',#1356,#2971,#2976,.T.);
#2978=ORIENTED_EDGE('',*,*,#2977,.T.);
#2979=CARTESIAN_POINT('',(238.054181511,-1.558303357,19.528052375));
#2980=DIRECTION('',(-0.043709634,-0.000210148,-0.999044255));
#2981=DIRECTION('',(0.99903267,0.00481127,-0.043710139));
#2982=AXIS2_PLACEMENT_3D('',#2979,#2980,#2981);
#2983=CIRCLE('',#2982,0.2);
#2984=EDGE_CURVE('',#2971,#1461,#2983,.T.);
#2985=ORIENTED_EDGE('',*,*,#2984,.T.);
#2986=ORIENTED_EDGE('',*,*,#1488,.T.);
#2987=EDGE_LOOP('',(#2967,#2968,#2969,#2978,#2985,#2986));
#2988=FACE_BOUND('',#2987,.T.);
#2989=ADVANCED_FACE('',(#2988),#2966,.T.);
#2990=CARTESIAN_POINT('',(236.595814787,-1.565323822,11.328266702));
#2991=DIRECTION('',(0.004815857,-0.999988404,-0.000000354));
#2992=DIRECTION('',(0.999988393,0.004815857,-0.000147023));
#2993=AXIS2_PLACEMENT_3D('',#2990,#2991,#2992);
#2994=SPHERICAL_SURFACE('',#2993,0.2);
#2995=ORIENTED_EDGE('',*,*,#2956,.F.);
#2996=CARTESIAN_POINT('',(236.595814787,-1.565323822,11.328266702));
#2997=DIRECTION('',(-0.043709634,-0.000210148,-0.999044255));
#2998=DIRECTION('',(0.99903267,0.00481127,-0.043710139));
#2999=AXIS2_PLACEMENT_3D('',#2996,#2997,#2998);
#3000=CIRCLE('',#2999,0.2);
#3001=EDGE_CURVE('',#1469,#1437,#3000,.T.);
#3002=ORIENTED_EDGE('',*,*,#3001,.T.);
#3003=ORIENTED_EDGE('',*,*,#2887,.T.);
#3004=CARTESIAN_POINT('',(236.595814787,-1.565323822,11.328266702));
#3005=DIRECTION('',(0.004815857,-0.999988404,-0.000000354));
#3006=DIRECTION('',(-0.999988393,-0.004815857,0.000147023));
#3007=AXIS2_PLACEMENT_3D('',#3004,#3005,#3006);
#3008=CIRCLE('',#3007,0.2);
#3009=EDGE_CURVE('',#2875,#1378,#3008,.T.);
#3010=ORIENTED_EDGE('',*,*,#3009,.T.);
#3011=EDGE_LOOP('',(#2995,#3002,#3003,#3010));
#3012=FACE_BOUND('',#3011,.T.);
#3013=ADVANCED_FACE('',(#3012),#2994,.T.);
#3014=CARTESIAN_POINT('',(238.054181511,-1.558303357,19.528052375));
#3015=DIRECTION('',(0.004815857,-0.999988404,-0.000000354));
#3016=DIRECTION('',(0.999988393,0.004815857,-0.000147023));
#3017=AXIS2_PLACEMENT_3D('',#3014,#3015,#3016);
#3018=SPHERICAL_SURFACE('',#3017,0.2);
#3019=CARTESIAN_POINT('',(238.054181511,-1.558303357,19.528052375));
#3020=DIRECTION('',(0.000147023,0.000000354,0.999999989));
#3021=DIRECTION('',(0.999988393,0.004815857,-0.000147023));
#3022=AXIS2_PLACEMENT_3D('',#3019,#3020,#3021);
#3023=CIRCLE('',#3022,0.2);
#3024=EDGE_CURVE('',#2971,#2851,#3023,.T.);
#3025=ORIENTED_EDGE('',*,*,#3024,.T.);
#3026=ORIENTED_EDGE('',*,*,#2857,.T.);
#3027=CARTESIAN_POINT('',(238.054181511,-1.558303357,19.528052375));
#3028=DIRECTION('',(0.999988393,0.004815857,-0.000147023));
#3029=DIRECTION('',(0.004815857,-0.999988404,-0.000000354));
#3030=AXIS2_PLACEMENT_3D('',#3027,#3028,#3029);
#3031=CIRCLE('',#3030,0.2);
#3032=EDGE_CURVE('',#1318,#1461,#3031,.T.);
#3033=ORIENTED_EDGE('',*,*,#3032,.T.);
#3034=ORIENTED_EDGE('',*,*,#2984,.F.);
#3035=EDGE_LOOP('',(#3025,#3026,#3033,#3034));
#3036=FACE_BOUND('',#3035,.T.);
#3037=ADVANCED_FACE('',(#3036),#3018,.T.);
#3038=CARTESIAN_POINT('',(236.542463027,-1.565580327,10.108838288));
#3039=DIRECTION('',(0.043709634,0.000210148,0.999044255));
#3040=DIRECTION('',(0.99903267,0.00481127,-0.043710139));
#3041=AXIS2_PLACEMENT_3D('',#3038,#3039,#3040);
#3042=CYLINDRICAL_SURFACE('',#3041,0.2);
#3043=ORIENTED_EDGE('',*,*,#3001,.F.);
#3044=ORIENTED_EDGE('',*,*,#1474,.T.);
#3045=CARTESIAN_POINT('',(236.954574367,-1.56359897,19.528214044));
#3046=DIRECTION('',(-0.043709634,-0.000210148,-0.999044255));
#3047=DIRECTION('',(0.99903267,0.00481127,-0.043710139));
#3048=AXIS2_PLACEMENT_3D('',#3045,#3046,#3047);
#3049=CIRCLE('',#3048,0.2);
#3050=EDGE_CURVE('',#1459,#1428,#3049,.T.);
#3051=ORIENTED_EDGE('',*,*,#3050,.T.);
#3052=ORIENTED_EDGE('',*,*,#1448,.T.);
#3053=EDGE_LOOP('',(#3043,#3044,#3051,#3052));
#3054=FACE_BOUND('',#3053,.T.);
#3055=ADVANCED_FACE('',(#3054),#3042,.T.);
#3056=CARTESIAN_POINT('',(-52.858530816,-2.959313656,19.570823801));
#3057=DIRECTION('',(0.999988393,0.004815857,-0.000147023));
#3058=DIRECTION('',(-0.000147023,-0.000000354,-0.999999989));
#3059=AXIS2_PLACEMENT_3D('',#3056,#3057,#3058);
#3060=CYLINDRICAL_SURFACE('',#3059,0.2);
#3061=ORIENTED_EDGE('',*,*,#3032,.F.);
#3062=ORIENTED_EDGE('',*,*,#1323,.T.);
#3063=CARTESIAN_POINT('',(236.954574367,-1.56359897,19.528214044));
#3064=DIRECTION('',(0.999988393,0.004815857,-0.000147023));
#3065=DIRECTION('',(0.004815857,-0.999988404,-0.000000354));
#3066=AXIS2_PLACEMENT_3D('',#3063,#3064,#3065);
#3067=CIRCLE('',#3066,0.2);
#3068=EDGE_CURVE('',#1310,#1459,#3067,.T.);
#3069=ORIENTED_EDGE('',*,*,#3068,.T.);
#3070=ORIENTED_EDGE('',*,*,#1466,.T.);
#3071=EDGE_LOOP('',(#3061,#3062,#3069,#3070));
#3072=FACE_BOUND('',#3071,.T.);
#3073=ADVANCED_FACE('',(#3072),#3060,.T.);
#3074=CARTESIAN_POINT('',(236.954574367,-1.56359897,19.528214044));
#3075=DIRECTION('',(0.004815857,-0.999988404,-0.000000354));
#3076=DIRECTION('',(0.999988393,0.004815857,-0.000147023));
#3077=AXIS2_PLACEMENT_3D('',#3074,#3075,#3076);
#3078=SPHERICAL_SURFACE('',#3077,0.2);
#3079=ORIENTED_EDGE('',*,*,#3050,.F.);
#3080=ORIENTED_EDGE('',*,*,#3068,.F.);
#3081=ORIENTED_EDGE('',*,*,#2837,.T.);
#3082=EDGE_LOOP('',(#3079,#3080,#3081));
#3083=FACE_BOUND('',#3082,.T.);
#3084=ADVANCED_FACE('',(#3083),#3078,.T.);
#3085=CARTESIAN_POINT('',(242.829810173,2.014736893,19.327348979));
#3086=DIRECTION('',(-0.004815857,0.999988404,0.000000354));
#3087=DIRECTION('',(-0.999988393,-0.004815857,0.000147023));
#3088=AXIS2_PLACEMENT_3D('',#3085,#3086,#3087);
#3089=CYLINDRICAL_SURFACE('',#3088,0.4);
#3090=ORIENTED_EDGE('',*,*,#1195,.T.);
#3091=ORIENTED_EDGE('',*,*,#1217,.T.);
#3092=ORIENTED_EDGE('',*,*,#734,.T.);
#3093=ORIENTED_EDGE('',*,*,#1336,.T.);
#3094=EDGE_LOOP('',(#3090,#3091,#3092,#3093));
#3095=FACE_BOUND('',#3094,.T.);
#3096=ADVANCED_FACE('',(#3095),#3089,.T.);
#3097=CARTESIAN_POINT('',(217.916394849,1.044746196,19.331012174));
#3098=DIRECTION('',(-0.004815857,0.999988404,0.000000354));
#3099=DIRECTION('',(-0.999988393,-0.004815857,0.000147023));
#3100=AXIS2_PLACEMENT_3D('',#3097,#3098,#3099);
#3101=CYLINDRICAL_SURFACE('',#3100,0.4);
#3102=CARTESIAN_POINT('',(217.512306013,1.892809996,19.331071284));
#3103=DIRECTION('',(0.004815857,-0.999988404,-0.000000354));
#3104=VECTOR('',#3103,0.85);
#3105=LINE('',#3102,#3104);
#3106=EDGE_CURVE('',#702,#1131,#3105,.T.);
#3107=ORIENTED_EDGE('',*,*,#3106,.T.);
#3108=ORIENTED_EDGE('',*,*,#1137,.T.);
#3109=ORIENTED_EDGE('',*,*,#1299,.T.);
#3110=ORIENTED_EDGE('',*,*,#717,.T.);
#3111=EDGE_LOOP('',(#3107,#3108,#3109,#3110));
#3112=FACE_BOUND('',#3111,.T.);
#3113=ADVANCED_FACE('',(#3112),#3101,.T.);
#3114=CARTESIAN_POINT('',(218.254439335,1.896387126,10.630962078));
#3115=DIRECTION('',(-0.004815857,0.999988404,0.000000354));
#3116=DIRECTION('',(-0.999988393,-0.004815857,0.000147023));
#3117=AXIS2_PLACEMENT_3D('',#3114,#3115,#3116);
#3118=CYLINDRICAL_SURFACE('',#3117,0.4);
#3119=ORIENTED_EDGE('',*,*,#1163,.T.);
#3120=ORIENTED_EDGE('',*,*,#1277,.T.);
#3121=ORIENTED_EDGE('',*,*,#691,.T.);
#3122=ORIENTED_EDGE('',*,*,#1262,.T.);
#3123=EDGE_LOOP('',(#3119,#3120,#3121,#3122));
#3124=FACE_BOUND('',#3123,.T.);
#3125=ADVANCED_FACE('',(#3124),#3118,.T.);
#3126=CARTESIAN_POINT('',(242.489207483,1.163089803,10.627399263));
#3127=DIRECTION('',(-0.004815857,0.999988404,0.000000354));
#3128=DIRECTION('',(-0.999988393,-0.004815857,0.000147023));
#3129=AXIS2_PLACEMENT_3D('',#3126,#3127,#3128);
#3130=CYLINDRICAL_SURFACE('',#3129,0.4);
#3131=ORIENTED_EDGE('',*,*,#1180,.T.);
#3132=ORIENTED_EDGE('',*,*,#1255,.T.);
#3133=ORIENTED_EDGE('',*,*,#751,.T.);
#3134=ORIENTED_EDGE('',*,*,#1210,.T.);
#3135=EDGE_LOOP('',(#3131,#3132,#3133,#3134));
#3136=FACE_BOUND('',#3135,.T.);
#3137=ADVANCED_FACE('',(#3136),#3130,.T.);
#3138=CARTESIAN_POINT('',(227.600037762,6.141442322,13.729586588));
#3139=DIRECTION('',(0.000147023,0.000000354,0.999999989));
#3140=DIRECTION('',(-0.004815857,0.999988404,0.000000354));
#3141=AXIS2_PLACEMENT_3D('',#3138,#3139,#3140);
#3142=PLANE('',#3141);
#3143=CARTESIAN_POINT('',(226.858233424,4.437850143,13.729696254));
#3144=VERTEX_POINT('',#3143);
#3145=CARTESIAN_POINT('',(226.858233424,4.437850143,13.729696254));
#3146=DIRECTION('',(0.004815857,-0.999988404,-0.000000354));
#3147=VECTOR('',#3146,2.5);
#3148=LINE('',#3145,#3147);
#3149=EDGE_CURVE('',#3144,#661,#3148,.T.);
#3150=ORIENTED_EDGE('',*,*,#3149,.T.);
#3151=ORIENTED_EDGE('',*,*,#666,.T.);
#3152=CARTESIAN_POINT('',(228.358216013,4.445073929,13.729475719));
#3153=VERTEX_POINT('',#3152);
#3154=CARTESIAN_POINT('',(228.358216013,4.445073929,13.729475719));
#3155=DIRECTION('',(0.004815857,-0.999988404,-0.000000354));
#3156=VECTOR('',#3155,2.5);
#3157=LINE('',#3154,#3156);
#3158=EDGE_CURVE('',#3153,#653,#3157,.T.);
#3159=ORIENTED_EDGE('',*,*,#3158,.F.);
#3160=CARTESIAN_POINT('',(226.858233424,4.437850143,13.729696254));
#3161=DIRECTION('',(0.999988393,0.004815857,-0.000147023));
#3162=VECTOR('',#3161,1.5);
#3163=LINE('',#3160,#3162);
#3164=EDGE_CURVE('',#3144,#3153,#3163,.T.);
#3165=ORIENTED_EDGE('',*,*,#3164,.F.);
#3166=EDGE_LOOP('',(#3150,#3151,#3159,#3165));
#3167=FACE_BOUND('',#3166,.T.);
#3168=ADVANCED_FACE('',(#3167),#3142,.T.);
#3169=CARTESIAN_POINT('',(226.849789176,6.13782981,11.979696875));
#3170=DIRECTION('',(0.999988393,0.004815857,-0.000147023));
#3171=DIRECTION('',(-0.004815857,0.999988404,0.000000354));
#3172=AXIS2_PLACEMENT_3D('',#3169,#3170,#3171);
#3173=PLANE('',#3172);
#3174=CARTESIAN_POINT('',(226.849796528,6.137829827,12.029696874));
#3175=VERTEX_POINT('',#3174);
#3176=CARTESIAN_POINT('',(226.849796528,6.137829827,12.029696874));
#3177=DIRECTION('',(-0.000147023,-0.000000354,-0.999999989));
#3178=VECTOR('',#3177,1.8);
#3179=LINE('',#3176,#3178);
#3180=EDGE_CURVE('',#3175,#1229,#3179,.T.);
#3181=ORIENTED_EDGE('',*,*,#3180,.T.);
#3182=ORIENTED_EDGE('',*,*,#1234,.T.);
#3183=ORIENTED_EDGE('',*,*,#674,.F.);
#3184=ORIENTED_EDGE('',*,*,#3149,.F.);
#3185=CARTESIAN_POINT('',(226.857983485,4.437849541,12.029696272));
#3186=DIRECTION('',(0.999988393,0.004815857,-0.000147023));
#3187=DIRECTION('',(-0.004815857,0.999988404,0.000000354));
#3188=AXIS2_PLACEMENT_3D('',#3185,#3186,#3187);
#3189=CIRCLE('',#3188,1.7);
#3190=EDGE_CURVE('',#3175,#3144,#3189,.T.);
#3191=ORIENTED_EDGE('',*,*,#3190,.F.);
#3192=EDGE_LOOP('',(#3181,#3182,#3183,#3184,#3191));
#3193=FACE_BOUND('',#3192,.T.);
#3194=ADVANCED_FACE('',(#3193),#3173,.F.);
#3195=CARTESIAN_POINT('',(228.349771766,6.145053595,11.97947634));
#3196=DIRECTION('',(-0.999988393,-0.004815857,0.000147023));
#3197=DIRECTION('',(0.004815857,-0.999988404,-0.000000354));
#3198=AXIS2_PLACEMENT_3D('',#3195,#3196,#3197);
#3199=PLANE('',#3198);
#3200=CARTESIAN_POINT('',(228.364109069,3.145088119,11.229475286));
#3201=VERTEX_POINT('',#3200);
#3202=CARTESIAN_POINT('',(228.356885284,4.645070724,11.229475817));
#3203=VERTEX_POINT('',#3202);
#3204=CARTESIAN_POINT('',(228.364109069,3.145088119,11.229475286));
#3205=DIRECTION('',(-0.004815857,0.999988404,0.000000354));
#3206=VECTOR('',#3205,1.5);
#3207=LINE('',#3204,#3206);
#3208=EDGE_CURVE('',#3201,#3203,#3207,.T.);
#3209=ORIENTED_EDGE('',*,*,#3208,.F.);
#3210=CARTESIAN_POINT('',(228.364329604,3.14508865,12.72947527));
#3211=VERTEX_POINT('',#3210);
#3212=CARTESIAN_POINT('',(228.364329604,3.14508865,12.72947527));
#3213=DIRECTION('',(-0.000147023,-0.000000354,-0.999999989));
#3214=VECTOR('',#3213,1.5);
#3215=LINE('',#3212,#3214);
#3216=EDGE_CURVE('',#3211,#3201,#3215,.T.);
#3217=ORIENTED_EDGE('',*,*,#3216,.F.);
#3218=CARTESIAN_POINT('',(228.357105819,4.645071255,12.729475801));
#3219=VERTEX_POINT('',#3218);
#3220=CARTESIAN_POINT('',(228.357105819,4.645071255,12.729475801));
#3221=DIRECTION('',(0.004815857,-0.999988404,-0.000000354));
#3222=VECTOR('',#3221,1.5);
#3223=LINE('',#3220,#3222);
#3224=EDGE_CURVE('',#3219,#3211,#3223,.T.);
#3225=ORIENTED_EDGE('',*,*,#3224,.F.);
#3226=CARTESIAN_POINT('',(228.356885284,4.645070724,11.229475817));
#3227=DIRECTION('',(0.000147023,0.000000354,0.999999989));
#3228=VECTOR('',#3227,1.5);
#3229=LINE('',#3226,#3228);
#3230=EDGE_CURVE('',#3203,#3219,#3229,.T.);
#3231=ORIENTED_EDGE('',*,*,#3230,.F.);
#3232=EDGE_LOOP('',(#3209,#3217,#3225,#3231));
#3233=FACE_BOUND('',#3232,.T.);
#3234=ORIENTED_EDGE('',*,*,#3158,.T.);
#3235=ORIENTED_EDGE('',*,*,#658,.F.);
#3236=ORIENTED_EDGE('',*,*,#1248,.F.);
#3237=CARTESIAN_POINT('',(228.349779117,6.145053613,12.029476339));
#3238=VERTEX_POINT('',#3237);
#3239=CARTESIAN_POINT('',(228.349514475,6.145052976,10.229476359));
#3240=DIRECTION('',(0.000147023,0.000000354,0.999999989));
#3241=VECTOR('',#3240,1.8);
#3242=LINE('',#3239,#3241);
#3243=EDGE_CURVE('',#1237,#3238,#3242,.T.);
#3244=ORIENTED_EDGE('',*,*,#3243,.T.);
#3245=CARTESIAN_POINT('',(228.357966074,4.445073327,12.029475737));
#3246=DIRECTION('',(-0.999988393,-0.004815857,0.000147023));
#3247=DIRECTION('',(0.004815857,-0.999988404,-0.000000354));
#3248=AXIS2_PLACEMENT_3D('',#3245,#3246,#3247);
#3249=CIRCLE('',#3248,1.7);
#3250=EDGE_CURVE('',#3153,#3238,#3249,.T.);
#3251=ORIENTED_EDGE('',*,*,#3250,.F.);
#3252=EDGE_LOOP('',(#3234,#3235,#3236,#3244,#3251));
#3253=FACE_BOUND('',#3252,.T.);
#3254=ADVANCED_FACE('',(#3233,#3253),#3199,.F.);
#3255=CARTESIAN_POINT('',(-52.520387586,4.792403552,22.770771377));
#3256=DIRECTION('',(-0.004815857,0.999988404,0.000000354));
#3257=DIRECTION('',(-0.999988393,-0.004815857,0.000147023));
#3258=AXIS2_PLACEMENT_3D('',#3255,#3256,#3257);
#3259=PLANE('',#3258);
#3260=ORIENTED_EDGE('',*,*,#3243,.F.);
#3261=ORIENTED_EDGE('',*,*,#1242,.F.);
#3262=ORIENTED_EDGE('',*,*,#3180,.F.);
#3263=CARTESIAN_POINT('',(228.349779117,6.145053613,12.029476339));
#3264=DIRECTION('',(-0.999988393,-0.004815857,0.000147023));
#3265=VECTOR('',#3264,1.5);
#3266=LINE('',#3263,#3265);
#3267=EDGE_CURVE('',#3238,#3175,#3266,.T.);
#3268=ORIENTED_EDGE('',*,*,#3267,.F.);
#3269=EDGE_LOOP('',(#3260,#3261,#3262,#3268));
#3270=FACE_BOUND('',#3269,.T.);
#3271=ADVANCED_FACE('',(#3270),#3259,.T.);
#3272=CARTESIAN_POINT('',(227.607974779,4.441461434,12.029586005));
#3273=DIRECTION('',(0.999988393,0.004815857,-0.000147023));
#3274=DIRECTION('',(-0.004815857,0.999988404,0.000000354));
#3275=AXIS2_PLACEMENT_3D('',#3272,#3273,#3274);
#3276=CYLINDRICAL_SURFACE('',#3275,1.7);
#3277=ORIENTED_EDGE('',*,*,#3190,.T.);
#3278=ORIENTED_EDGE('',*,*,#3164,.T.);
#3279=ORIENTED_EDGE('',*,*,#3250,.T.);
#3280=ORIENTED_EDGE('',*,*,#3267,.T.);
#3281=EDGE_LOOP('',(#3277,#3278,#3279,#3280));
#3282=FACE_BOUND('',#3281,.T.);
#3283=ADVANCED_FACE('',(#3282),#3276,.T.);
#3284=CARTESIAN_POINT('',(232.356949123,4.664334418,11.978887716));
#3285=DIRECTION('',(-0.004815857,0.999988404,0.000000354));
#3286=DIRECTION('',(-0.999988393,-0.004815857,0.000147023));
#3287=AXIS2_PLACEMENT_3D('',#3284,#3285,#3286);
#3288=PLANE('',#3287);
#3289=ORIENTED_EDGE('',*,*,#3230,.T.);
#3290=CARTESIAN_POINT('',(232.35705939,4.664334683,12.728887708));
#3291=VERTEX_POINT('',#3290);
#3292=CARTESIAN_POINT('',(232.35705939,4.664334683,12.728887708));
#3293=DIRECTION('',(-0.999988393,-0.004815857,0.000147023));
#3294=VECTOR('',#3293,4.);
#3295=LINE('',#3292,#3294);
#3296=EDGE_CURVE('',#3291,#3219,#3295,.T.);
#3297=ORIENTED_EDGE('',*,*,#3296,.F.);
#3298=CARTESIAN_POINT('',(232.356838855,4.664334152,11.228887724));
#3299=VERTEX_POINT('',#3298);
#3300=CARTESIAN_POINT('',(232.356838855,4.664334152,11.228887724));
#3301=DIRECTION('',(0.000147023,0.000000354,0.999999989));
#3302=VECTOR('',#3301,1.5);
#3303=LINE('',#3300,#3302);
#3304=EDGE_CURVE('',#3299,#3291,#3303,.T.);
#3305=ORIENTED_EDGE('',*,*,#3304,.F.);
#3306=CARTESIAN_POINT('',(232.356838855,4.664334152,11.228887724));
#3307=DIRECTION('',(-0.999988393,-0.004815857,0.000147023));
#3308=VECTOR('',#3307,4.);
#3309=LINE('',#3306,#3308);
#3310=EDGE_CURVE('',#3299,#3203,#3309,.T.);
#3311=ORIENTED_EDGE('',*,*,#3310,.T.);
#3312=EDGE_LOOP('',(#3289,#3297,#3305,#3311));
#3313=FACE_BOUND('',#3312,.T.);
#3314=ADVANCED_FACE('',(#3313),#3288,.T.);
#3315=CARTESIAN_POINT('',(232.360450748,3.91434285,11.228887458));
#3316=DIRECTION('',(-0.000147023,-0.000000354,-0.999999989));
#3317=DIRECTION('',(0.004815857,-0.999988404,-0.000000354));
#3318=AXIS2_PLACEMENT_3D('',#3315,#3316,#3317);
#3319=PLANE('',#3318);
#3320=ORIENTED_EDGE('',*,*,#3208,.T.);
#3321=ORIENTED_EDGE('',*,*,#3310,.F.);
#3322=CARTESIAN_POINT('',(232.364062641,3.164351547,11.228887193));
#3323=VERTEX_POINT('',#3322);
#3324=CARTESIAN_POINT('',(232.364062641,3.164351547,11.228887193));
#3325=DIRECTION('',(-0.004815857,0.999988404,0.000000354));
#3326=VECTOR('',#3325,1.5);
#3327=LINE('',#3324,#3326);
#3328=EDGE_CURVE('',#3323,#3299,#3327,.T.);
#3329=ORIENTED_EDGE('',*,*,#3328,.F.);
#3330=CARTESIAN_POINT('',(232.364062641,3.164351547,11.228887193));
#3331=DIRECTION('',(-0.999988393,-0.004815857,0.000147023));
#3332=VECTOR('',#3331,4.);
#3333=LINE('',#3330,#3332);
#3334=EDGE_CURVE('',#3323,#3201,#3333,.T.);
#3335=ORIENTED_EDGE('',*,*,#3334,.T.);
#3336=EDGE_LOOP('',(#3320,#3321,#3329,#3335));
#3337=FACE_BOUND('',#3336,.T.);
#3338=ADVANCED_FACE('',(#3337),#3319,.T.);
#3339=CARTESIAN_POINT('',(232.364172908,3.164351812,11.978887185));
#3340=DIRECTION('',(0.004815857,-0.999988404,-0.000000354));
#3341=DIRECTION('',(0.999988393,0.004815857,-0.000147023));
#3342=AXIS2_PLACEMENT_3D('',#3339,#3340,#3341);
#3343=PLANE('',#3342);
#3344=ORIENTED_EDGE('',*,*,#3216,.T.);
#3345=ORIENTED_EDGE('',*,*,#3334,.F.);
#3346=CARTESIAN_POINT('',(232.364283176,3.164352078,12.728887177));
#3347=VERTEX_POINT('',#3346);
#3348=CARTESIAN_POINT('',(232.364283176,3.164352078,12.728887177));
#3349=DIRECTION('',(-0.000147023,-0.000000354,-0.999999989));
#3350=VECTOR('',#3349,1.5);
#3351=LINE('',#3348,#3350);
#3352=EDGE_CURVE('',#3347,#3323,#3351,.T.);
#3353=ORIENTED_EDGE('',*,*,#3352,.F.);
#3354=CARTESIAN_POINT('',(232.364283176,3.164352078,12.728887177));
#3355=DIRECTION('',(-0.999988393,-0.004815857,0.000147023));
#3356=VECTOR('',#3355,4.);
#3357=LINE('',#3354,#3356);
#3358=EDGE_CURVE('',#3347,#3211,#3357,.T.);
#3359=ORIENTED_EDGE('',*,*,#3358,.T.);
#3360=EDGE_LOOP('',(#3344,#3345,#3353,#3359));
#3361=FACE_BOUND('',#3360,.T.);
#3362=ADVANCED_FACE('',(#3361),#3343,.T.);
#3363=CARTESIAN_POINT('',(232.360671283,3.914343381,12.728887442));
#3364=DIRECTION('',(0.000147023,0.000000354,0.999999989));
#3365=DIRECTION('',(-0.004815857,0.999988404,0.000000354));
#3366=AXIS2_PLACEMENT_3D('',#3363,#3364,#3365);
#3367=PLANE('',#3366);
#3368=ORIENTED_EDGE('',*,*,#3224,.T.);
#3369=ORIENTED_EDGE('',*,*,#3358,.F.);
#3370=CARTESIAN_POINT('',(232.35705939,4.664334683,12.728887708));
#3371=DIRECTION('',(0.004815857,-0.999988404,-0.000000354));
#3372=VECTOR('',#3371,1.5);
#3373=LINE('',#3370,#3372);
#3374=EDGE_CURVE('',#3291,#3347,#3373,.T.);
#3375=ORIENTED_EDGE('',*,*,#3374,.F.);
#3376=ORIENTED_EDGE('',*,*,#3296,.T.);
#3377=EDGE_LOOP('',(#3368,#3369,#3375,#3376));
#3378=FACE_BOUND('',#3377,.T.);
#3379=ADVANCED_FACE('',(#3378),#3367,.T.);
#3380=CARTESIAN_POINT('',(232.371532437,1.964369534,22.728886644));
#3381=DIRECTION('',(0.999988393,0.004815857,-0.000147023));
#3382=DIRECTION('',(-0.000147023,-0.000000354,-0.999999989));
#3383=AXIS2_PLACEMENT_3D('',#3380,#3381,#3382);
#3384=PLANE('',#3383);
#3385=ORIENTED_EDGE('',*,*,#3304,.T.);
#3386=ORIENTED_EDGE('',*,*,#3374,.T.);
#3387=ORIENTED_EDGE('',*,*,#3352,.T.);
#3388=ORIENTED_EDGE('',*,*,#3328,.T.);
#3389=EDGE_LOOP('',(#3385,#3386,#3387,#3388));
#3390=FACE_BOUND('',#3389,.T.);
#3391=ADVANCED_FACE('',(#3390),#3384,.T.);
#3392=CARTESIAN_POINT('',(236.578718495,1.984635011,11.328267959));
#3393=DIRECTION('',(-0.004815857,0.999988404,0.000000354));
#3394=DIRECTION('',(-0.999988393,-0.004815857,0.000147023));
#3395=AXIS2_PLACEMENT_3D('',#3392,#3393,#3394);
#3396=CYLINDRICAL_SURFACE('',#3395,0.2);
#3397=ORIENTED_EDGE('',*,*,#2880,.F.);
#3398=ORIENTED_EDGE('',*,*,#913,.T.);
#3399=ORIENTED_EDGE('',*,*,#1383,.T.);
#3400=ORIENTED_EDGE('',*,*,#3009,.F.);
#3401=EDGE_LOOP('',(#3397,#3398,#3399,#3400));
#3402=FACE_BOUND('',#3401,.T.);
#3403=ADVANCED_FACE('',(#3402),#3396,.T.);
#3404=CARTESIAN_POINT('',(238.054181511,-1.558303357,19.528052375));
#3405=DIRECTION('',(0.004815857,-0.999988404,-0.000000354));
#3406=DIRECTION('',(0.999988393,0.004815857,-0.000147023));
#3407=AXIS2_PLACEMENT_3D('',#3404,#3405,#3406);
#3408=SPHERICAL_SURFACE('',#3407,0.2);
#3409=ORIENTED_EDGE('',*,*,#3024,.F.);
#3410=ORIENTED_EDGE('',*,*,#2977,.F.);
#3411=ORIENTED_EDGE('',*,*,#2864,.T.);
#3412=EDGE_LOOP('',(#3409,#3410,#3411));
#3413=FACE_BOUND('',#3412,.T.);
#3414=ADVANCED_FACE('',(#3413),#3408,.T.);
#3415=CARTESIAN_POINT('',(217.916394849,1.044746196,19.331012174));
#3416=DIRECTION('',(-0.004815857,0.999988404,0.000000354));
#3417=DIRECTION('',(-0.999988393,-0.004815857,0.000147023));
#3418=AXIS2_PLACEMENT_3D('',#3415,#3416,#3417);
#3419=CYLINDRICAL_SURFACE('',#3418,0.4);
#3420=ORIENTED_EDGE('',*,*,#3106,.F.);
#3421=ORIENTED_EDGE('',*,*,#708,.T.);
#3422=ORIENTED_EDGE('',*,*,#1284,.T.);
#3423=ORIENTED_EDGE('',*,*,#1146,.T.);
#3424=EDGE_LOOP('',(#3420,#3421,#3422,#3423));
#3425=FACE_BOUND('',#3424,.T.);
#3426=ADVANCED_FACE('',(#3425),#3419,.T.);
#3427=CLOSED_SHELL('',(#761,#1064,#1199,#1221,#1266,#1288,#1340,#1371,#1409,#1421,#1452,#1492,#1523,#1547,#1564,#1575,#1606,#1637,#1668,#1699,#1775,#1806,#1837,#1868,#1899,#1975,
#2006,#2037,#2068,#2099,#2175,#2193,#2211,#2229,#2247,#2265,#2283,#2301,#2319,#2337,#2355,#2373,#2391,#2415,#2433,#2451,#2469,#2487,#2505,#2523,#2535,
#2559,#2577,#2595,#2613,#2631,#2649,#2667,#2679,#2703,#2721,#2739,#2757,#2775,#2793,#2811,#2823,#2841,#2868,#2893,#2911,#2943,#2961,#2989,#3013,#3037,
#3055,#3073,#3084,#3096,#3113,#3125,#3137,#3168,#3194,#3254,#3271,#3283,#3314,#3338,#3362,#3379,#3391,#3403,#3414,#3426));
#3428=MANIFOLD_SOLID_BREP('body (1)',#3427);
#644=STYLED_ITEM('',(#643),#3428);
#35=SHAPE_REPRESENTATION('latch_left',(#15),#33);
#36=ADVANCED_BREP_SHAPE_REPRESENTATION('latch_left',(#636,#3428),#33);
#3436=SHAPE_REPRESENTATION_RELATIONSHIP('','',#35,#36);
#3437=CARTESIAN_POINT('',(0.,0.,0.));
#3438=DIRECTION('',(0.,0.,1.));
#3439=DIRECTION('',(1.,0.,0.));
#3440=AXIS2_PLACEMENT_3D('',#3437,#3438,#3439);
#3442=MAPPED_ITEM('',#3441,#3440);
#3441=REPRESENTATION_MAP(#3440,#35);
#3443=APPLICATION_CONTEXT('Managed model based 3d engineering');
#3444=APPLICATION_PROTOCOL_DEFINITION('international standard','ap242_managed_model_based_3d_engineering',2014,#3443);
#3445=PRODUCT_CONTEXT('',#3443,'mechanical');
#3446=PRODUCT_DEFINITION_CONTEXT('part definition',#3443,'design');
#43=PRODUCT('latch_left','latch_left','',(#3445));
#3447=PRODUCT_RELATED_PRODUCT_CATEGORY('part','',(#43));
#3448=PRODUCT_DEFINITION_FORMATION_WITH_SPECIFIED_SOURCE('','',#43,.NOT_KNOWN.);
#44=PRODUCT_DEFINITION('design','',#3448,#3446);
#42=PRODUCT_DEFINITION_SHAPE('','',#44);
#3449=SHAPE_DEFINITION_REPRESENTATION(#42,#35);
#34=DRAUGHTING_MODEL('',(#3442),#33);
#16=SHAPE_REPRESENTATION('root',(#15,#48),#10);
#3450=CARTESIAN_POINT('',(0.,0.,0.));
#3451=DIRECTION('',(0.,0.,1.));
#3452=DIRECTION('',(1.,0.,0.));
#3453=AXIS2_PLACEMENT_3D('',#3450,#3451,#3452);
#3455=MAPPED_ITEM('',#3454,#3453);
#3454=REPRESENTATION_MAP(#3453,#16);
#24=PRODUCT('root','root','',(#3445));
#3456=PRODUCT_RELATED_PRODUCT_CATEGORY('part','',(#24));
#3457=PRODUCT_DEFINITION_FORMATION_WITH_SPECIFIED_SOURCE('','',#24,.NOT_KNOWN.);
#25=PRODUCT_DEFINITION('design','',#3457,#3446);
#23=PRODUCT_DEFINITION_SHAPE('','',#25);
#3458=SHAPE_DEFINITION_REPRESENTATION(#23,#16);
#11=DRAUGHTING_MODEL('',(#3455),#10);
#3459=DESCRIPTIVE_REPRESENTATION_ITEM('KEY','/Users/hrushka/Library/Containers/com.shapr3d.shapr/Data/tmp/2472B77F-B34B-4D1F-9295-76FC3D02362B.tmp');
#3460=PROPERTY_DEFINITION('KEY','',#25);
#3461=REPRESENTATION('',(#3459),#10);
#3462=PROPERTY_DEFINITION_REPRESENTATION(#3460,#3461);
#3463=GENERAL_PROPERTY('','KEY','');
#3464=GENERAL_PROPERTY_ASSOCIATION('','',#3463,#3460);
#1=MECHANICAL_DESIGN_GEOMETRIC_PRESENTATION_REPRESENTATION('',(#54,#644),#10);
ENDSEC;
END-ISO-10303-21;
