ISO-10303-21;
HEADER;

/* File generated by Shapr3D Version 26.143.0.11521 */

FILE_DESCRIPTION(('HOOPS Exchange Step'),'2;1');

FILE_NAME('/Users/hrushka/Library/Containers/com.shapr3d.shapr/Data/tmp/export/temp_export',
'2026-09-26T16:51:21-07:00',
('hrushka'),
('Shapr3D Limited'),
'HOOPS Exchange 2026.3',
'Shapr3D',
'Authorized');

FILE_SCHEMA( ('AP242_MANAGED_MODEL_BASED_3D_ENGINEERING_MIM_LF {1 0 10303 442 1 1 4}') );

ENDSEC;

DATA;
#3=(NAMED_UNIT(*)PLANE_ANGLE_UNIT()SI_UNIT($,.RADIAN.));
#4=PLANE_ANGLE_MEASURE_WITH_UNIT(PLANE_ANGLE_MEASURE(0.0174532925),#3);
#5=(CONVERSION_BASED_UNIT('DEGREE',#4)NAMED_UNIT(#6)PLANE_ANGLE_UNIT());
#6=DIMENSIONAL_EXPONENTS(0.,0.,0.,0.,0.,0.,0.);
#7=(NAMED_UNIT(*)SI_UNIT($,.STERADIAN.)SOLID_ANGLE_UNIT());
#8=(LENGTH_UNIT()NAMED_UNIT(*)SI_UNIT(.MILLI.,.METRE.));
#9=UNCERTAINTY_MEASURE_WITH_UNIT(LENGTH_MEASURE(1.000000E-03),#8,'DISTANCE_ACCURACY_VALUE','Maximum Tolerance applied to model');
#10=(GEOMETRIC_REPRESENTATION_CONTEXT(3)GLOBAL_UNCERTAINTY_ASSIGNED_CONTEXT((#9))GLOBAL_UNIT_ASSIGNED_CONTEXT((#8,#5,#7))REPRESENTATION_CONTEXT('','root'));
#12=CARTESIAN_POINT('',(0.,0.,0.));
#13=DIRECTION('',(0.,0.,1.));
#14=DIRECTION('',(1.,0.,0.));
#15=AXIS2_PLACEMENT_3D('TS3D_PRODUCT_CSYS',#12,#13,#14);
#26=(NAMED_UNIT(*)PLANE_ANGLE_UNIT()SI_UNIT($,.RADIAN.));
#27=PLANE_ANGLE_MEASURE_WITH_UNIT(PLANE_ANGLE_MEASURE(0.0174532925),#26);
#28=(CONVERSION_BASED_UNIT('DEGREE',#27)NAMED_UNIT(#29)PLANE_ANGLE_UNIT());
#29=DIMENSIONAL_EXPONENTS(0.,0.,0.,0.,0.,0.,0.);
#30=(NAMED_UNIT(*)SI_UNIT($,.STERADIAN.)SOLID_ANGLE_UNIT());
#31=(LENGTH_UNIT()NAMED_UNIT(*)SI_UNIT(.MILLI.,.METRE.));
#32=UNCERTAINTY_MEASURE_WITH_UNIT(LENGTH_MEASURE(1.000000E-05),#31,'DISTANCE_ACCURACY_VALUE','Maximum Tolerance applied to model');
#33=(GEOMETRIC_REPRESENTATION_CONTEXT(3)GLOBAL_UNCERTAINTY_ASSIGNED_CONTEXT((#32))GLOBAL_UNIT_ASSIGNED_CONTEXT((#31,#28,#30))REPRESENTATION_CONTEXT('','body'));
#45=CARTESIAN_POINT('',(0.,0.,0.));
#46=DIRECTION('',(0.,0.,1.));
#47=DIRECTION('',(1.,0.,-0.));
#48=AXIS2_PLACEMENT_3D('',#45,#46,#47);
#49=ITEM_DEFINED_TRANSFORMATION('','',#48,#15);
#50=(REPRESENTATION_RELATIONSHIP('','',#35,#16)REPRESENTATION_RELATIONSHIP_WITH_TRANSFORMATION(#49)SHAPE_REPRESENTATION_RELATIONSHIP());
#51=NEXT_ASSEMBLY_USAGE_OCCURRENCE('body_1','body','body',#25,#44,$);
#52=PRODUCT_DEFINITION_SHAPE('','',#51);
#53=CONTEXT_DEPENDENT_SHAPE_REPRESENTATION(#50,#52);
#55=CARTESIAN_POINT('',(0.,126.2562,20.75));
#56=DIRECTION('',(1.,0.,0.));
#57=DIRECTION('',(0.,0.,-1.));
#58=AXIS2_PLACEMENT_3D('',#55,#56,#57);
#59=PLANE('',#58);
#60=CARTESIAN_POINT('',(0.,154.6,11.25));
#61=VERTEX_POINT('',#60);
#62=CARTESIAN_POINT('',(0.,187.4062,11.25));
#63=VERTEX_POINT('',#62);
#64=CARTESIAN_POINT('',(0.,154.6,11.25));
#65=DIRECTION('',(0.,1.,0.));
#66=VECTOR('',#65,32.8062);
#67=LINE('',#64,#66);
#68=EDGE_CURVE('',#61,#63,#67,.T.);
#69=ORIENTED_EDGE('',*,*,#68,.T.);
#70=CARTESIAN_POINT('',(0.,187.4062,12.95));
#71=VERTEX_POINT('',#70);
#72=CARTESIAN_POINT('',(0.,187.4062,11.25));
#73=DIRECTION('',(0.,0.,1.));
#74=VECTOR('',#73,1.7);
#75=LINE('',#72,#74);
#76=EDGE_CURVE('',#63,#71,#75,.T.);
#77=ORIENTED_EDGE('',*,*,#76,.T.);
#78=CARTESIAN_POINT('',(0.,199.7062,12.95));
#79=VERTEX_POINT('',#78);
#80=CARTESIAN_POINT('',(0.,187.4062,12.95));
#81=DIRECTION('',(0.,1.,0.));
#82=VECTOR('',#81,12.3);
#83=LINE('',#80,#82);
#84=EDGE_CURVE('',#71,#79,#83,.T.);
#85=ORIENTED_EDGE('',*,*,#84,.T.);
#86=CARTESIAN_POINT('',(0.,199.7062,2.5));
#87=VERTEX_POINT('',#86);
#88=CARTESIAN_POINT('',(0.,199.7062,2.5));
#89=DIRECTION('',(0.,0.,1.));
#90=VECTOR('',#89,10.45);
#91=LINE('',#88,#90);
#92=EDGE_CURVE('',#87,#79,#91,.T.);
#93=ORIENTED_EDGE('',*,*,#92,.F.);
#94=CARTESIAN_POINT('',(0.,2.2,2.5));
#95=VERTEX_POINT('',#94);
#96=CARTESIAN_POINT('',(0.,199.7062,2.5));
#97=DIRECTION('',(0.,-1.,0.));
#98=VECTOR('',#97,197.5062);
#99=LINE('',#96,#98);
#100=EDGE_CURVE('',#87,#95,#99,.T.);
#101=ORIENTED_EDGE('',*,*,#100,.T.);
#102=CARTESIAN_POINT('',(0.,2.2,20.75));
#103=VERTEX_POINT('',#102);
#104=CARTESIAN_POINT('',(0.,2.2,2.5));
#105=DIRECTION('',(-0.,-0.,1.));
#106=VECTOR('',#105,18.25);
#107=LINE('',#104,#106);
#108=EDGE_CURVE('',#95,#103,#107,.T.);
#109=ORIENTED_EDGE('',*,*,#108,.T.);
#110=CARTESIAN_POINT('',(0.,153.6,20.75));
#111=VERTEX_POINT('',#110);
#112=CARTESIAN_POINT('',(0.,153.6,20.75));
#113=DIRECTION('',(0.,-1.,0.));
#114=VECTOR('',#113,151.4);
#115=LINE('',#112,#114);
#116=EDGE_CURVE('',#111,#103,#115,.T.);
#117=ORIENTED_EDGE('',*,*,#116,.F.);
#118=CARTESIAN_POINT('',(0.,153.6,12.25));
#119=VERTEX_POINT('',#118);
#120=CARTESIAN_POINT('',(0.,153.6,12.25));
#121=DIRECTION('',(0.,0.,1.));
#122=VECTOR('',#121,8.5);
#123=LINE('',#120,#122);
#124=EDGE_CURVE('',#119,#111,#123,.T.);
#125=ORIENTED_EDGE('',*,*,#124,.F.);
#126=CARTESIAN_POINT('',(0.,154.6,12.25));
#127=DIRECTION('',(1.,0.,0.));
#128=DIRECTION('',(0.,0.,-1.));
#129=AXIS2_PLACEMENT_3D('',#126,#127,#128);
#130=CIRCLE('',#129,1.);
#131=EDGE_CURVE('',#119,#61,#130,.T.);
#132=ORIENTED_EDGE('',*,*,#131,.T.);
#133=EDGE_LOOP('',(#69,#77,#85,#93,#101,#109,#117,#125,#132));
#134=FACE_BOUND('',#133,.T.);
#135=ADVANCED_FACE('',(#134),#59,.F.);
#136=CARTESIAN_POINT('',(100.,153.6,11.625));
#137=DIRECTION('',(-0.,1.,0.));
#138=DIRECTION('',(-1.,-0.,0.));
#139=AXIS2_PLACEMENT_3D('',#136,#137,#138);
#140=PLANE('',#139);
#141=CARTESIAN_POINT('',(1.2,153.6,12.25));
#142=VERTEX_POINT('',#141);
#143=CARTESIAN_POINT('',(1.2,153.6,20.75));
#144=VERTEX_POINT('',#143);
#145=CARTESIAN_POINT('',(1.2,153.6,12.25));
#146=DIRECTION('',(0.,0.,1.));
#147=VECTOR('',#146,8.5);
#148=LINE('',#145,#147);
#149=EDGE_CURVE('',#142,#144,#148,.T.);
#150=ORIENTED_EDGE('',*,*,#149,.F.);
#151=CARTESIAN_POINT('',(1.2,153.6,12.25));
#152=DIRECTION('',(-1.,-0.,0.));
#153=VECTOR('',#152,1.2);
#154=LINE('',#151,#153);
#155=EDGE_CURVE('',#142,#119,#154,.T.);
#156=ORIENTED_EDGE('',*,*,#155,.T.);
#157=ORIENTED_EDGE('',*,*,#124,.T.);
#158=CARTESIAN_POINT('',(1.2,153.6,20.75));
#159=DIRECTION('',(-1.,-0.,0.));
#160=VECTOR('',#159,1.2);
#161=LINE('',#158,#160);
#162=EDGE_CURVE('',#144,#111,#161,.T.);
#163=ORIENTED_EDGE('',*,*,#162,.F.);
#164=EDGE_LOOP('',(#150,#156,#157,#163));
#165=FACE_BOUND('',#164,.T.);
#166=ADVANCED_FACE('',(#165),#140,.T.);
#167=CARTESIAN_POINT('',(100.,154.6,12.25));
#168=DIRECTION('',(-1.,-0.,0.));
#169=DIRECTION('',(0.,-1.,0.));
#170=AXIS2_PLACEMENT_3D('',#167,#168,#169);
#171=CYLINDRICAL_SURFACE('',#170,1.);
#172=CARTESIAN_POINT('',(1.2,154.6,11.25));
#173=VERTEX_POINT('',#172);
#174=CARTESIAN_POINT('',(1.2,154.6,12.25));
#175=DIRECTION('',(-1.,-0.,-0.));
#176=DIRECTION('',(0.,0.,-1.));
#177=AXIS2_PLACEMENT_3D('',#174,#175,#176);
#178=CIRCLE('',#177,1.);
#179=EDGE_CURVE('',#173,#142,#178,.T.);
#180=ORIENTED_EDGE('',*,*,#179,.F.);
#181=CARTESIAN_POINT('',(-0.,154.6,11.25));
#182=DIRECTION('',(1.,0.,-0.));
#183=VECTOR('',#182,1.2);
#184=LINE('',#181,#183);
#185=EDGE_CURVE('',#61,#173,#184,.T.);
#186=ORIENTED_EDGE('',*,*,#185,.F.);
#187=ORIENTED_EDGE('',*,*,#131,.F.);
#188=ORIENTED_EDGE('',*,*,#155,.F.);
#189=EDGE_LOOP('',(#180,#186,#187,#188));
#190=FACE_BOUND('',#189,.T.);
#191=ADVANCED_FACE('',(#190),#171,.F.);
#192=CARTESIAN_POINT('',(100.,78.2562,11.25));
#193=DIRECTION('',(0.,0.,-1.));
#194=DIRECTION('',(-1.,0.,0.));
#195=AXIS2_PLACEMENT_3D('',#192,#193,#194);
#196=PLANE('',#195);
#197=CARTESIAN_POINT('',(1.2,187.4062,11.25));
#198=VERTEX_POINT('',#197);
#199=CARTESIAN_POINT('',(1.2,154.6,11.25));
#200=DIRECTION('',(0.,1.,0.));
#201=VECTOR('',#200,32.8062);
#202=LINE('',#199,#201);
#203=EDGE_CURVE('',#173,#198,#202,.T.);
#204=ORIENTED_EDGE('',*,*,#203,.T.);
#205=CARTESIAN_POINT('',(1.2,187.4062,11.25));
#206=DIRECTION('',(-1.,-0.,0.));
#207=VECTOR('',#206,1.2);
#208=LINE('',#205,#207);
#209=EDGE_CURVE('',#198,#63,#208,.T.);
#210=ORIENTED_EDGE('',*,*,#209,.T.);
#211=ORIENTED_EDGE('',*,*,#68,.F.);
#212=ORIENTED_EDGE('',*,*,#185,.T.);
#213=EDGE_LOOP('',(#204,#210,#211,#212));
#214=FACE_BOUND('',#213,.T.);
#215=ADVANCED_FACE('',(#214),#196,.F.);
#216=CARTESIAN_POINT('',(100.,187.4062,7.));
#217=DIRECTION('',(-0.,1.,0.));
#218=DIRECTION('',(-1.,-0.,0.));
#219=AXIS2_PLACEMENT_3D('',#216,#217,#218);
#220=PLANE('',#219);
#221=ORIENTED_EDGE('',*,*,#209,.F.);
#222=CARTESIAN_POINT('',(1.2,187.4062,12.95));
#223=VERTEX_POINT('',#222);
#224=CARTESIAN_POINT('',(1.2,187.4062,11.25));
#225=DIRECTION('',(0.,0.,1.));
#226=VECTOR('',#225,1.7);
#227=LINE('',#224,#226);
#228=EDGE_CURVE('',#198,#223,#227,.T.);
#229=ORIENTED_EDGE('',*,*,#228,.T.);
#230=CARTESIAN_POINT('',(0.,187.4062,12.95));
#231=DIRECTION('',(1.,0.,0.));
#232=VECTOR('',#231,1.2);
#233=LINE('',#230,#232);
#234=EDGE_CURVE('',#71,#223,#233,.T.);
#235=ORIENTED_EDGE('',*,*,#234,.F.);
#236=ORIENTED_EDGE('',*,*,#76,.F.);
#237=EDGE_LOOP('',(#221,#229,#235,#236));
#238=FACE_BOUND('',#237,.T.);
#239=ADVANCED_FACE('',(#238),#220,.F.);
#240=CARTESIAN_POINT('',(100.,78.2562,12.95));
#241=DIRECTION('',(0.,0.,-1.));
#242=DIRECTION('',(-1.,0.,0.));
#243=AXIS2_PLACEMENT_3D('',#240,#241,#242);
#244=PLANE('',#243);
#245=CARTESIAN_POINT('',(1.2,199.7062,12.95));
#246=VERTEX_POINT('',#245);
#247=CARTESIAN_POINT('',(0.,199.7062,12.95));
#248=DIRECTION('',(1.,0.,0.));
#249=VECTOR('',#248,1.2);
#250=LINE('',#247,#249);
#251=EDGE_CURVE('',#79,#246,#250,.T.);
#252=ORIENTED_EDGE('',*,*,#251,.F.);
#253=ORIENTED_EDGE('',*,*,#84,.F.);
#254=ORIENTED_EDGE('',*,*,#234,.T.);
#255=CARTESIAN_POINT('',(1.2,187.4062,12.95));
#256=DIRECTION('',(0.,1.,0.));
#257=VECTOR('',#256,12.3);
#258=LINE('',#255,#257);
#259=EDGE_CURVE('',#223,#246,#258,.T.);
#260=ORIENTED_EDGE('',*,*,#259,.T.);
#261=EDGE_LOOP('',(#252,#253,#254,#260));
#262=FACE_BOUND('',#261,.T.);
#263=ADVANCED_FACE('',(#262),#244,.F.);
#264=CARTESIAN_POINT('',(100.,199.7062,7.));
#265=DIRECTION('',(-0.,1.,0.));
#266=DIRECTION('',(-1.,-0.,0.));
#267=AXIS2_PLACEMENT_3D('',#264,#265,#266);
#268=PLANE('',#267);
#269=CARTESIAN_POINT('',(1.2,199.7062,1.2));
#270=VERTEX_POINT('',#269);
#271=CARTESIAN_POINT('',(1.2,199.7062,1.2));
#272=DIRECTION('',(0.,0.,1.));
#273=VECTOR('',#272,11.75);
#274=LINE('',#271,#273);
#275=EDGE_CURVE('',#270,#246,#274,.T.);
#276=ORIENTED_EDGE('',*,*,#275,.F.);
#277=CARTESIAN_POINT('',(3.2,199.7062,1.2));
#278=VERTEX_POINT('',#277);
#279=CARTESIAN_POINT('',(3.2,199.7062,1.2));
#280=DIRECTION('',(-1.,-0.,0.));
#281=VECTOR('',#280,2.);
#282=LINE('',#279,#281);
#283=EDGE_CURVE('',#278,#270,#282,.T.);
#284=ORIENTED_EDGE('',*,*,#283,.F.);
#285=CARTESIAN_POINT('',(3.2,199.7062,0.));
#286=VERTEX_POINT('',#285);
#287=CARTESIAN_POINT('',(3.2,199.7062,1.2));
#288=DIRECTION('',(0.,0.,-1.));
#289=VECTOR('',#288,1.2);
#290=LINE('',#287,#289);
#291=EDGE_CURVE('',#278,#286,#290,.T.);
#292=ORIENTED_EDGE('',*,*,#291,.T.);
#293=CARTESIAN_POINT('',(2.5,199.7062,0.));
#294=VERTEX_POINT('',#293);
#295=CARTESIAN_POINT('',(3.2,199.7062,0.));
#296=DIRECTION('',(-1.,-0.,0.));
#297=VECTOR('',#296,0.7);
#298=LINE('',#295,#297);
#299=EDGE_CURVE('',#286,#294,#298,.T.);
#300=ORIENTED_EDGE('',*,*,#299,.T.);
#301=CARTESIAN_POINT('',(2.5,199.7062,2.5));
#302=DIRECTION('',(0.,-1.,-0.));
#303=DIRECTION('',(-1.,-0.,0.));
#304=AXIS2_PLACEMENT_3D('',#301,#302,#303);
#305=CIRCLE('',#304,2.5);
#306=EDGE_CURVE('',#87,#294,#305,.T.);
#307=ORIENTED_EDGE('',*,*,#306,.F.);
#308=ORIENTED_EDGE('',*,*,#92,.T.);
#309=ORIENTED_EDGE('',*,*,#251,.T.);
#310=EDGE_LOOP('',(#276,#284,#292,#300,#307,#308,#309));
#311=FACE_BOUND('',#310,.T.);
#312=ADVANCED_FACE('',(#311),#268,.T.);
#313=CARTESIAN_POINT('',(2.5,126.2562,2.5));
#314=DIRECTION('',(0.,-1.,0.));
#315=DIRECTION('',(0.,0.,-1.));
#316=AXIS2_PLACEMENT_3D('',#313,#314,#315);
#317=CYLINDRICAL_SURFACE('',#316,2.5);
#318=ORIENTED_EDGE('',*,*,#306,.T.);
#319=CARTESIAN_POINT('',(2.5,2.2,0.));
#320=VERTEX_POINT('',#319);
#321=CARTESIAN_POINT('',(2.5,2.2,0.));
#322=DIRECTION('',(-0.,1.,-0.));
#323=VECTOR('',#322,197.5062);
#324=LINE('',#321,#323);
#325=EDGE_CURVE('',#320,#294,#324,.T.);
#326=ORIENTED_EDGE('',*,*,#325,.F.);
#327=CARTESIAN_POINT('',(2.5,2.2,2.5));
#328=DIRECTION('',(-0.,1.,-0.));
#329=DIRECTION('',(0.,0.,-1.));
#330=AXIS2_PLACEMENT_3D('',#327,#328,#329);
#331=CIRCLE('',#330,2.5);
#332=EDGE_CURVE('',#320,#95,#331,.T.);
#333=ORIENTED_EDGE('',*,*,#332,.T.);
#334=ORIENTED_EDGE('',*,*,#100,.F.);
#335=EDGE_LOOP('',(#318,#326,#333,#334));
#336=FACE_BOUND('',#335,.T.);
#337=ADVANCED_FACE('',(#336),#317,.T.);
#338=CARTESIAN_POINT('',(1.2,126.2562,20.75));
#339=DIRECTION('',(1.,0.,0.));
#340=DIRECTION('',(0.,0.,-1.));
#341=AXIS2_PLACEMENT_3D('',#338,#339,#340);
#342=PLANE('',#341);
#343=CARTESIAN_POINT('',(1.2,2.,20.75));
#344=VERTEX_POINT('',#343);
#345=CARTESIAN_POINT('',(1.2,153.6,20.75));
#346=DIRECTION('',(0.,-1.,0.));
#347=VECTOR('',#346,151.6);
#348=LINE('',#345,#347);
#349=EDGE_CURVE('',#144,#344,#348,.T.);
#350=ORIENTED_EDGE('',*,*,#349,.T.);
#351=CARTESIAN_POINT('',(1.2,2.,4.95));
#352=VERTEX_POINT('',#351);
#353=CARTESIAN_POINT('',(1.2,2.,20.75));
#354=DIRECTION('',(0.,0.,-1.));
#355=VECTOR('',#354,15.8);
#356=LINE('',#353,#355);
#357=EDGE_CURVE('',#344,#352,#356,.T.);
#358=ORIENTED_EDGE('',*,*,#357,.T.);
#359=CARTESIAN_POINT('',(1.2,8.7,4.95));
#360=VERTEX_POINT('',#359);
#361=CARTESIAN_POINT('',(1.2,8.7,4.95));
#362=DIRECTION('',(0.,-1.,0.));
#363=VECTOR('',#362,6.7);
#364=LINE('',#361,#363);
#365=EDGE_CURVE('',#360,#352,#364,.T.);
#366=ORIENTED_EDGE('',*,*,#365,.F.);
#367=CARTESIAN_POINT('',(1.2,8.7,1.5));
#368=VERTEX_POINT('',#367);
#369=CARTESIAN_POINT('',(1.2,8.7,4.95));
#370=DIRECTION('',(0.,0.,-1.));
#371=VECTOR('',#370,3.45);
#372=LINE('',#369,#371);
#373=EDGE_CURVE('',#360,#368,#372,.T.);
#374=ORIENTED_EDGE('',*,*,#373,.T.);
#375=CARTESIAN_POINT('',(1.2,120.03839016,1.5));
#376=VERTEX_POINT('',#375);
#377=CARTESIAN_POINT('',(1.2,8.7,1.5));
#378=DIRECTION('',(0.,1.,0.));
#379=VECTOR('',#378,111.33839016);
#380=LINE('',#377,#379);
#381=EDGE_CURVE('',#368,#376,#380,.T.);
#382=ORIENTED_EDGE('',*,*,#381,.T.);
#383=CARTESIAN_POINT('',(1.2,120.03839016,1.7));
#384=VERTEX_POINT('',#383);
#385=CARTESIAN_POINT('',(1.2,120.03839016,1.7));
#386=DIRECTION('',(0.,0.,-1.));
#387=VECTOR('',#386,0.2);
#388=LINE('',#385,#387);
#389=EDGE_CURVE('',#384,#376,#388,.T.);
#390=ORIENTED_EDGE('',*,*,#389,.F.);
#391=CARTESIAN_POINT('',(1.2,122.03839016,1.7));
#392=VERTEX_POINT('',#391);
#393=CARTESIAN_POINT('',(1.2,120.03839016,1.7));
#394=DIRECTION('',(0.,1.,0.));
#395=VECTOR('',#394,2.);
#396=LINE('',#393,#395);
#397=EDGE_CURVE('',#384,#392,#396,.T.);
#398=ORIENTED_EDGE('',*,*,#397,.T.);
#399=CARTESIAN_POINT('',(1.2,122.03839016,1.5));
#400=VERTEX_POINT('',#399);
#401=CARTESIAN_POINT('',(1.2,122.03839016,1.7));
#402=DIRECTION('',(0.,0.,-1.));
#403=VECTOR('',#402,0.2);
#404=LINE('',#401,#403);
#405=EDGE_CURVE('',#392,#400,#404,.T.);
#406=ORIENTED_EDGE('',*,*,#405,.T.);
#407=CARTESIAN_POINT('',(1.2,177.8062,1.5));
#408=VERTEX_POINT('',#407);
#409=CARTESIAN_POINT('',(1.2,122.03839016,1.5));
#410=DIRECTION('',(0.,1.,0.));
#411=VECTOR('',#410,55.76780984);
#412=LINE('',#409,#411);
#413=EDGE_CURVE('',#400,#408,#412,.T.);
#414=ORIENTED_EDGE('',*,*,#413,.T.);
#415=CARTESIAN_POINT('',(1.2,177.8062,4.95));
#416=VERTEX_POINT('',#415);
#417=CARTESIAN_POINT('',(1.2,177.8062,4.95));
#418=DIRECTION('',(0.,0.,-1.));
#419=VECTOR('',#418,3.45);
#420=LINE('',#417,#419);
#421=EDGE_CURVE('',#416,#408,#420,.T.);
#422=ORIENTED_EDGE('',*,*,#421,.F.);
#423=CARTESIAN_POINT('',(1.2,185.5062,4.95));
#424=VERTEX_POINT('',#423);
#425=CARTESIAN_POINT('',(1.2,185.5062,4.95));
#426=DIRECTION('',(0.,-1.,0.));
#427=VECTOR('',#426,7.7);
#428=LINE('',#425,#427);
#429=EDGE_CURVE('',#424,#416,#428,.T.);
#430=ORIENTED_EDGE('',*,*,#429,.F.);
#431=CARTESIAN_POINT('',(1.2,185.5062,9.8));
#432=VERTEX_POINT('',#431);
#433=CARTESIAN_POINT('',(1.2,185.5062,4.95));
#434=DIRECTION('',(0.,0.,1.));
#435=VECTOR('',#434,4.85);
#436=LINE('',#433,#435);
#437=EDGE_CURVE('',#424,#432,#436,.T.);
#438=ORIENTED_EDGE('',*,*,#437,.T.);
#439=CARTESIAN_POINT('',(1.2,187.0062,9.8));
#440=VERTEX_POINT('',#439);
#441=CARTESIAN_POINT('',(1.2,185.5062,9.8));
#442=DIRECTION('',(0.,1.,0.));
#443=VECTOR('',#442,1.5);
#444=LINE('',#441,#443);
#445=EDGE_CURVE('',#432,#440,#444,.T.);
#446=ORIENTED_EDGE('',*,*,#445,.T.);
#447=CARTESIAN_POINT('',(1.2,187.0062,1.2));
#448=VERTEX_POINT('',#447);
#449=CARTESIAN_POINT('',(1.2,187.0062,1.2));
#450=DIRECTION('',(0.,0.,1.));
#451=VECTOR('',#450,8.6);
#452=LINE('',#449,#451);
#453=EDGE_CURVE('',#448,#440,#452,.T.);
#454=ORIENTED_EDGE('',*,*,#453,.F.);
#455=CARTESIAN_POINT('',(1.2,187.0062,1.2));
#456=DIRECTION('',(0.,1.,0.));
#457=VECTOR('',#456,12.7);
#458=LINE('',#455,#457);
#459=EDGE_CURVE('',#448,#270,#458,.T.);
#460=ORIENTED_EDGE('',*,*,#459,.T.);
#461=ORIENTED_EDGE('',*,*,#275,.T.);
#462=ORIENTED_EDGE('',*,*,#259,.F.);
#463=ORIENTED_EDGE('',*,*,#228,.F.);
#464=ORIENTED_EDGE('',*,*,#203,.F.);
#465=ORIENTED_EDGE('',*,*,#179,.T.);
#466=ORIENTED_EDGE('',*,*,#149,.T.);
#467=EDGE_LOOP('',(#350,#358,#366,#374,#382,#390,#398,#406,#414,#422,#430,#438,#446,#454,#460,#461,#462,#463,#464,#465,#466));
#468=FACE_BOUND('',#467,.T.);
#469=ADVANCED_FACE('',(#468),#342,.T.);
#470=CARTESIAN_POINT('',(2.5,2.2,20.75));
#471=DIRECTION('',(0.,0.,-1.));
#472=DIRECTION('',(-1.,0.,0.));
#473=AXIS2_PLACEMENT_3D('',#470,#471,#472);
#474=CYLINDRICAL_SURFACE('',#473,2.5);
#475=CARTESIAN_POINT('',(2.5,-0.3,2.5));
#476=VERTEX_POINT('',#475);
#477=CARTESIAN_POINT('',(2.5,2.2,2.5));
#478=DIRECTION('',(0.,0.,-1.));
#479=DIRECTION('',(-1.,0.,0.));
#480=AXIS2_PLACEMENT_3D('',#477,#478,#479);
#481=CIRCLE('',#480,2.5);
#482=EDGE_CURVE('',#476,#95,#481,.T.);
#483=ORIENTED_EDGE('',*,*,#482,.F.);
#484=CARTESIAN_POINT('',(2.5,-0.3,20.75));
#485=VERTEX_POINT('',#484);
#486=CARTESIAN_POINT('',(2.5,-0.3,20.75));
#487=DIRECTION('',(0.,0.,-1.));
#488=VECTOR('',#487,18.25);
#489=LINE('',#486,#488);
#490=EDGE_CURVE('',#485,#476,#489,.T.);
#491=ORIENTED_EDGE('',*,*,#490,.F.);
#492=CARTESIAN_POINT('',(2.5,2.2,20.75));
#493=DIRECTION('',(0.,0.,1.));
#494=DIRECTION('',(1.,0.,-0.));
#495=AXIS2_PLACEMENT_3D('',#492,#493,#494);
#496=CIRCLE('',#495,2.5);
#497=EDGE_CURVE('',#103,#485,#496,.T.);
#498=ORIENTED_EDGE('',*,*,#497,.F.);
#499=ORIENTED_EDGE('',*,*,#108,.F.);
#500=EDGE_LOOP('',(#483,#491,#498,#499));
#501=FACE_BOUND('',#500,.T.);
#502=ADVANCED_FACE('',(#501),#474,.T.);
#503=CARTESIAN_POINT('',(0.,0.,20.75));
#504=DIRECTION('',(0.,0.,1.));
#505=DIRECTION('',(1.,0.,0.));
#506=AXIS2_PLACEMENT_3D('',#503,#504,#505);
#507=PLANE('',#506);
#508=ORIENTED_EDGE('',*,*,#497,.T.);
#509=CARTESIAN_POINT('',(5.9,-0.3,20.75));
#510=VERTEX_POINT('',#509);
#511=CARTESIAN_POINT('',(2.5,-0.3,20.75));
#512=DIRECTION('',(1.,0.,0.));
#513=VECTOR('',#512,3.4);
#514=LINE('',#511,#513);
#515=EDGE_CURVE('',#485,#510,#514,.T.);
#516=ORIENTED_EDGE('',*,*,#515,.T.);
#517=CARTESIAN_POINT('',(5.9,1.,20.75));
#518=VERTEX_POINT('',#517);
#519=CARTESIAN_POINT('',(5.9,-0.3,20.75));
#520=DIRECTION('',(-0.,1.,-0.));
#521=VECTOR('',#520,1.3);
#522=LINE('',#519,#521);
#523=EDGE_CURVE('',#510,#518,#522,.T.);
#524=ORIENTED_EDGE('',*,*,#523,.T.);
#525=CARTESIAN_POINT('',(2.2,1.,20.75));
#526=VERTEX_POINT('',#525);
#527=CARTESIAN_POINT('',(2.2,1.,20.75));
#528=DIRECTION('',(1.,0.,0.));
#529=VECTOR('',#528,3.7);
#530=LINE('',#527,#529);
#531=EDGE_CURVE('',#526,#518,#530,.T.);
#532=ORIENTED_EDGE('',*,*,#531,.F.);
#533=CARTESIAN_POINT('',(2.2,2.,20.75));
#534=DIRECTION('',(-0.,-0.,-1.));
#535=DIRECTION('',(1.,0.,-0.));
#536=AXIS2_PLACEMENT_3D('',#533,#534,#535);
#537=CIRCLE('',#536,1.);
#538=EDGE_CURVE('',#526,#344,#537,.T.);
#539=ORIENTED_EDGE('',*,*,#538,.T.);
#540=ORIENTED_EDGE('',*,*,#349,.F.);
#541=ORIENTED_EDGE('',*,*,#162,.T.);
#542=ORIENTED_EDGE('',*,*,#116,.T.);
#543=EDGE_LOOP('',(#508,#516,#524,#532,#539,#540,#541,#542));
#544=FACE_BOUND('',#543,.T.);
#545=ADVANCED_FACE('',(#544),#507,.T.);
#546=CARTESIAN_POINT('',(2.5,2.2,2.5));
#547=DIRECTION('',(0.,0.,1.));
#548=DIRECTION('',(1.,0.,-0.));
#549=AXIS2_PLACEMENT_3D('',#546,#547,#548);
#550=SPHERICAL_SURFACE('',#549,2.5);
#551=ORIENTED_EDGE('',*,*,#332,.F.);
#552=CARTESIAN_POINT('',(2.5,2.2,2.5));
#553=DIRECTION('',(-1.,-0.,-0.));
#554=DIRECTION('',(-0.,1.,0.));
#555=AXIS2_PLACEMENT_3D('',#552,#553,#554);
#556=CIRCLE('',#555,2.5);
#557=EDGE_CURVE('',#320,#476,#556,.T.);
#558=ORIENTED_EDGE('',*,*,#557,.T.);
#559=ORIENTED_EDGE('',*,*,#482,.T.);
#560=EDGE_LOOP('',(#551,#558,#559));
#561=FACE_BOUND('',#560,.T.);
#562=ADVANCED_FACE('',(#561),#550,.T.);
#563=CARTESIAN_POINT('',(1.2,126.2562,20.75));
#564=DIRECTION('',(1.,0.,0.));
#565=DIRECTION('',(0.,0.,-1.));
#566=AXIS2_PLACEMENT_3D('',#563,#564,#565);
#567=PLANE('',#566);
#568=ORIENTED_EDGE('',*,*,#389,.T.);
#569=CARTESIAN_POINT('',(1.2,120.03839016,1.5));
#570=DIRECTION('',(0.,1.,0.));
#571=VECTOR('',#570,2.);
#572=LINE('',#569,#571);
#573=EDGE_CURVE('',#376,#400,#572,.T.);
#574=ORIENTED_EDGE('',*,*,#573,.T.);
#575=ORIENTED_EDGE('',*,*,#405,.F.);
#576=ORIENTED_EDGE('',*,*,#397,.F.);
#577=EDGE_LOOP('',(#568,#574,#575,#576));
#578=FACE_BOUND('',#577,.T.);
#579=ADVANCED_FACE('',(#578),#567,.T.);
#580=CARTESIAN_POINT('',(0.,-45.7438,1.5));
#581=DIRECTION('',(0.,0.,1.));
#582=DIRECTION('',(1.,0.,0.));
#583=AXIS2_PLACEMENT_3D('',#580,#581,#582);
#584=PLANE('',#583);
#585=CARTESIAN_POINT('',(246.8,22.7,1.5));
#586=VERTEX_POINT('',#585);
#587=CARTESIAN_POINT('',(246.8,120.03839016,1.5));
#588=VERTEX_POINT('',#587);
#589=CARTESIAN_POINT('',(246.8,22.7,1.5));
#590=DIRECTION('',(-0.,1.,0.));
#591=VECTOR('',#590,97.33839016);
#592=LINE('',#589,#591);
#593=EDGE_CURVE('',#586,#588,#592,.T.);
#594=ORIENTED_EDGE('',*,*,#593,.T.);
#595=CARTESIAN_POINT('',(246.8,122.03839016,1.5));
#596=VERTEX_POINT('',#595);
#597=CARTESIAN_POINT('',(246.8,122.03839016,1.5));
#598=DIRECTION('',(0.,-1.,0.));
#599=VECTOR('',#598,2.);
#600=LINE('',#597,#599);
#601=EDGE_CURVE('',#596,#588,#600,.T.);
#602=ORIENTED_EDGE('',*,*,#601,.F.);
#603=CARTESIAN_POINT('',(246.8,177.8062,1.5));
#604=VERTEX_POINT('',#603);
#605=CARTESIAN_POINT('',(246.8,122.03839016,1.5));
#606=DIRECTION('',(-0.,1.,0.));
#607=VECTOR('',#606,55.76780984);
#608=LINE('',#605,#607);
#609=EDGE_CURVE('',#596,#604,#608,.T.);
#610=ORIENTED_EDGE('',*,*,#609,.T.);
#611=CARTESIAN_POINT('',(242.1,177.8062,1.5));
#612=VERTEX_POINT('',#611);
#613=CARTESIAN_POINT('',(242.1,177.8062,1.5));
#614=DIRECTION('',(1.,0.,-0.));
#615=VECTOR('',#614,4.7);
#616=LINE('',#613,#615);
#617=EDGE_CURVE('',#612,#604,#616,.T.);
#618=ORIENTED_EDGE('',*,*,#617,.F.);
#619=CARTESIAN_POINT('',(239.1,180.8062,1.5));
#620=VERTEX_POINT('',#619);
#621=CARTESIAN_POINT('',(242.1,180.8062,1.5));
#622=DIRECTION('',(-0.,-0.,-1.));
#623=DIRECTION('',(1.,0.,-0.));
#624=AXIS2_PLACEMENT_3D('',#621,#622,#623);
#625=CIRCLE('',#624,3.);
#626=EDGE_CURVE('',#612,#620,#625,.T.);
#627=ORIENTED_EDGE('',*,*,#626,.T.);
#628=CARTESIAN_POINT('',(239.1,185.5062,1.5));
#629=VERTEX_POINT('',#628);
#630=CARTESIAN_POINT('',(239.1,185.5062,1.5));
#631=DIRECTION('',(0.,-1.,0.));
#632=VECTOR('',#631,4.7);
#633=LINE('',#630,#632);
#634=EDGE_CURVE('',#629,#620,#633,.T.);
#635=ORIENTED_EDGE('',*,*,#634,.F.);
#636=CARTESIAN_POINT('',(220.,185.5062,1.5));
#637=VERTEX_POINT('',#636);
#638=CARTESIAN_POINT('',(239.1,185.5062,1.5));
#639=DIRECTION('',(-1.,-0.,0.));
#640=VECTOR('',#639,19.1);
#641=LINE('',#638,#640);
#642=EDGE_CURVE('',#629,#637,#641,.T.);
#643=ORIENTED_EDGE('',*,*,#642,.T.);
#644=CARTESIAN_POINT('',(220.,198.9062,1.5));
#645=VERTEX_POINT('',#644);
#646=CARTESIAN_POINT('',(220.,185.5062,1.5));
#647=DIRECTION('',(-0.,1.,0.));
#648=VECTOR('',#647,13.4);
#649=LINE('',#646,#648);
#650=EDGE_CURVE('',#637,#645,#649,.T.);
#651=ORIENTED_EDGE('',*,*,#650,.T.);
#652=CARTESIAN_POINT('',(218.,198.9062,1.5));
#653=VERTEX_POINT('',#652);
#654=CARTESIAN_POINT('',(220.,198.9062,1.5));
#655=DIRECTION('',(-1.,-0.,0.));
#656=VECTOR('',#655,2.);
#657=LINE('',#654,#656);
#658=EDGE_CURVE('',#645,#653,#657,.T.);
#659=ORIENTED_EDGE('',*,*,#658,.T.);
#660=CARTESIAN_POINT('',(218.,196.6062,1.5));
#661=VERTEX_POINT('',#660);
#662=CARTESIAN_POINT('',(218.,196.6062,1.5));
#663=DIRECTION('',(-0.,1.,0.));
#664=VECTOR('',#663,2.3);
#665=LINE('',#662,#664);
#666=EDGE_CURVE('',#661,#653,#665,.T.);
#667=ORIENTED_EDGE('',*,*,#666,.F.);
#668=CARTESIAN_POINT('',(202.,196.6062,1.5));
#669=VERTEX_POINT('',#668);
#670=CARTESIAN_POINT('',(218.,196.6062,1.5));
#671=DIRECTION('',(-1.,-0.,0.));
#672=VECTOR('',#671,16.);
#673=LINE('',#670,#672);
#674=EDGE_CURVE('',#661,#669,#673,.T.);
#675=ORIENTED_EDGE('',*,*,#674,.T.);
#676=CARTESIAN_POINT('',(202.,198.9062,1.5));
#677=VERTEX_POINT('',#676);
#678=CARTESIAN_POINT('',(202.,196.6062,1.5));
#679=DIRECTION('',(-0.,1.,0.));
#680=VECTOR('',#679,2.3);
#681=LINE('',#678,#680);
#682=EDGE_CURVE('',#669,#677,#681,.T.);
#683=ORIENTED_EDGE('',*,*,#682,.T.);
#684=CARTESIAN_POINT('',(182.3,198.9062,1.5));
#685=VERTEX_POINT('',#684);
#686=CARTESIAN_POINT('',(202.,198.9062,1.5));
#687=DIRECTION('',(-1.,-0.,0.));
#688=VECTOR('',#687,19.7);
#689=LINE('',#686,#688);
#690=EDGE_CURVE('',#677,#685,#689,.T.);
#691=ORIENTED_EDGE('',*,*,#690,.T.);
#692=CARTESIAN_POINT('',(182.3,185.5062,1.5));
#693=VERTEX_POINT('',#692);
#694=CARTESIAN_POINT('',(182.3,185.5062,1.5));
#695=DIRECTION('',(-0.,1.,0.));
#696=VECTOR('',#695,13.4);
#697=LINE('',#694,#696);
#698=EDGE_CURVE('',#693,#685,#697,.T.);
#699=ORIENTED_EDGE('',*,*,#698,.F.);
#700=CARTESIAN_POINT('',(51.6,185.5062,1.5));
#701=VERTEX_POINT('',#700);
#702=CARTESIAN_POINT('',(182.3,185.5062,1.5));
#703=DIRECTION('',(-1.,-0.,0.));
#704=VECTOR('',#703,130.7);
#705=LINE('',#702,#704);
#706=EDGE_CURVE('',#693,#701,#705,.T.);
#707=ORIENTED_EDGE('',*,*,#706,.T.);
#708=CARTESIAN_POINT('',(51.6,198.9062,1.5));
#709=VERTEX_POINT('',#708);
#710=CARTESIAN_POINT('',(51.6,198.9062,1.5));
#711=DIRECTION('',(0.,-1.,0.));
#712=VECTOR('',#711,13.4);
#713=LINE('',#710,#712);
#714=EDGE_CURVE('',#709,#701,#713,.T.);
#715=ORIENTED_EDGE('',*,*,#714,.F.);
#716=CARTESIAN_POINT('',(46.8,198.9062,1.5));
#717=VERTEX_POINT('',#716);
#718=CARTESIAN_POINT('',(51.6,198.9062,1.5));
#719=DIRECTION('',(-1.,-0.,0.));
#720=VECTOR('',#719,4.8);
#721=LINE('',#718,#720);
#722=EDGE_CURVE('',#709,#717,#721,.T.);
#723=ORIENTED_EDGE('',*,*,#722,.T.);
#724=CARTESIAN_POINT('',(46.8,196.2062,1.5));
#725=VERTEX_POINT('',#724);
#726=CARTESIAN_POINT('',(46.8,198.9062,1.5));
#727=DIRECTION('',(0.,-1.,0.));
#728=VECTOR('',#727,2.7);
#729=LINE('',#726,#728);
#730=EDGE_CURVE('',#717,#725,#729,.T.);
#731=ORIENTED_EDGE('',*,*,#730,.T.);
#732=CARTESIAN_POINT('',(30.8,196.2062,1.5));
#733=VERTEX_POINT('',#732);
#734=CARTESIAN_POINT('',(46.8,196.2062,1.5));
#735=DIRECTION('',(-1.,-0.,0.));
#736=VECTOR('',#735,16.);
#737=LINE('',#734,#736);
#738=EDGE_CURVE('',#725,#733,#737,.T.);
#739=ORIENTED_EDGE('',*,*,#738,.T.);
#740=CARTESIAN_POINT('',(30.8,198.9062,1.5));
#741=VERTEX_POINT('',#740);
#742=CARTESIAN_POINT('',(30.8,198.9062,1.5));
#743=DIRECTION('',(0.,-1.,0.));
#744=VECTOR('',#743,2.7);
#745=LINE('',#742,#744);
#746=EDGE_CURVE('',#741,#733,#745,.T.);
#747=ORIENTED_EDGE('',*,*,#746,.F.);
#748=CARTESIAN_POINT('',(29.,198.9062,1.5));
#749=VERTEX_POINT('',#748);
#750=CARTESIAN_POINT('',(30.8,198.9062,1.5));
#751=DIRECTION('',(-1.,-0.,0.));
#752=VECTOR('',#751,1.8);
#753=LINE('',#750,#752);
#754=EDGE_CURVE('',#741,#749,#753,.T.);
#755=ORIENTED_EDGE('',*,*,#754,.T.);
#756=CARTESIAN_POINT('',(29.,185.5062,1.5));
#757=VERTEX_POINT('',#756);
#758=CARTESIAN_POINT('',(29.,198.9062,1.5));
#759=DIRECTION('',(0.,-1.,0.));
#760=VECTOR('',#759,13.4);
#761=LINE('',#758,#760);
#762=EDGE_CURVE('',#749,#757,#761,.T.);
#763=ORIENTED_EDGE('',*,*,#762,.T.);
#764=CARTESIAN_POINT('',(9.9,185.5062,1.5));
#765=VERTEX_POINT('',#764);
#766=CARTESIAN_POINT('',(29.,185.5062,1.5));
#767=DIRECTION('',(-1.,-0.,0.));
#768=VECTOR('',#767,19.1);
#769=LINE('',#766,#768);
#770=EDGE_CURVE('',#757,#765,#769,.T.);
#771=ORIENTED_EDGE('',*,*,#770,.T.);
#772=CARTESIAN_POINT('',(9.9,180.8062,1.5));
#773=VERTEX_POINT('',#772);
#774=CARTESIAN_POINT('',(9.9,185.5062,1.5));
#775=DIRECTION('',(0.,-1.,0.));
#776=VECTOR('',#775,4.7);
#777=LINE('',#774,#776);
#778=EDGE_CURVE('',#765,#773,#777,.T.);
#779=ORIENTED_EDGE('',*,*,#778,.T.);
#780=CARTESIAN_POINT('',(6.9,177.8062,1.5));
#781=VERTEX_POINT('',#780);
#782=CARTESIAN_POINT('',(6.9,180.8062,1.5));
#783=DIRECTION('',(-0.,-0.,-1.));
#784=DIRECTION('',(1.,0.,-0.));
#785=AXIS2_PLACEMENT_3D('',#782,#783,#784);
#786=CIRCLE('',#785,3.);
#787=EDGE_CURVE('',#773,#781,#786,.T.);
#788=ORIENTED_EDGE('',*,*,#787,.T.);
#789=CARTESIAN_POINT('',(6.9,177.8062,1.5));
#790=DIRECTION('',(-1.,0.,0.));
#791=VECTOR('',#790,5.7);
#792=LINE('',#789,#791);
#793=EDGE_CURVE('',#781,#408,#792,.T.);
#794=ORIENTED_EDGE('',*,*,#793,.T.);
#795=ORIENTED_EDGE('',*,*,#413,.F.);
#796=ORIENTED_EDGE('',*,*,#573,.F.);
#797=ORIENTED_EDGE('',*,*,#381,.F.);
#798=CARTESIAN_POINT('',(6.7,8.7,1.5));
#799=VERTEX_POINT('',#798);
#800=CARTESIAN_POINT('',(6.7,8.7,1.5));
#801=DIRECTION('',(-1.,-0.,0.));
#802=VECTOR('',#801,5.5);
#803=LINE('',#800,#802);
#804=EDGE_CURVE('',#799,#368,#803,.T.);
#805=ORIENTED_EDGE('',*,*,#804,.F.);
#806=CARTESIAN_POINT('',(9.7,5.7,1.5));
#807=VERTEX_POINT('',#806);
#808=CARTESIAN_POINT('',(6.7,5.7,1.5));
#809=DIRECTION('',(-0.,-0.,-1.));
#810=DIRECTION('',(1.,0.,-0.));
#811=AXIS2_PLACEMENT_3D('',#808,#809,#810);
#812=CIRCLE('',#811,3.);
#813=EDGE_CURVE('',#799,#807,#812,.T.);
#814=ORIENTED_EDGE('',*,*,#813,.T.);
#815=CARTESIAN_POINT('',(9.7,1.,1.5));
#816=VERTEX_POINT('',#815);
#817=CARTESIAN_POINT('',(9.7,1.,1.5));
#818=DIRECTION('',(-0.,1.,0.));
#819=VECTOR('',#818,4.7);
#820=LINE('',#817,#819);
#821=EDGE_CURVE('',#816,#807,#820,.T.);
#822=ORIENTED_EDGE('',*,*,#821,.F.);
#823=CARTESIAN_POINT('',(238.8,1.,1.5));
#824=VERTEX_POINT('',#823);
#825=CARTESIAN_POINT('',(9.7,1.,1.5));
#826=DIRECTION('',(1.,0.,0.));
#827=VECTOR('',#826,229.1);
#828=LINE('',#825,#827);
#829=EDGE_CURVE('',#816,#824,#828,.T.);
#830=ORIENTED_EDGE('',*,*,#829,.T.);
#831=CARTESIAN_POINT('',(238.8,6.2,1.5));
#832=VERTEX_POINT('',#831);
#833=CARTESIAN_POINT('',(238.8,1.,1.5));
#834=DIRECTION('',(0.,1.,0.));
#835=VECTOR('',#834,5.2);
#836=LINE('',#833,#835);
#837=EDGE_CURVE('',#824,#832,#836,.T.);
#838=ORIENTED_EDGE('',*,*,#837,.T.);
#839=CARTESIAN_POINT('',(241.8,9.2,1.5));
#840=VERTEX_POINT('',#839);
#841=CARTESIAN_POINT('',(241.8,6.2,1.5));
#842=DIRECTION('',(-0.,-0.,-1.));
#843=DIRECTION('',(1.,0.,-0.));
#844=AXIS2_PLACEMENT_3D('',#841,#842,#843);
#845=CIRCLE('',#844,3.);
#846=EDGE_CURVE('',#832,#840,#845,.T.);
#847=ORIENTED_EDGE('',*,*,#846,.T.);
#848=CARTESIAN_POINT('',(246.8,9.2,1.5));
#849=VERTEX_POINT('',#848);
#850=CARTESIAN_POINT('',(241.8,9.2,1.5));
#851=DIRECTION('',(1.,0.,0.));
#852=VECTOR('',#851,5.);
#853=LINE('',#850,#852);
#854=EDGE_CURVE('',#840,#849,#853,.T.);
#855=ORIENTED_EDGE('',*,*,#854,.T.);
#856=CARTESIAN_POINT('',(246.8,15.2,1.5));
#857=VERTEX_POINT('',#856);
#858=CARTESIAN_POINT('',(246.8,9.2,1.5));
#859=DIRECTION('',(-0.,1.,0.));
#860=VECTOR('',#859,6.);
#861=LINE('',#858,#860);
#862=EDGE_CURVE('',#849,#857,#861,.T.);
#863=ORIENTED_EDGE('',*,*,#862,.T.);
#864=CARTESIAN_POINT('',(241.8,15.2,1.5));
#865=VERTEX_POINT('',#864);
#866=CARTESIAN_POINT('',(246.8,15.2,1.5));
#867=DIRECTION('',(-1.,0.,0.));
#868=VECTOR('',#867,5.);
#869=LINE('',#866,#868);
#870=EDGE_CURVE('',#857,#865,#869,.T.);
#871=ORIENTED_EDGE('',*,*,#870,.T.);
#872=CARTESIAN_POINT('',(238.8,18.2,1.5));
#873=VERTEX_POINT('',#872);
#874=CARTESIAN_POINT('',(241.8,18.2,1.5));
#875=DIRECTION('',(-0.,-0.,-1.));
#876=DIRECTION('',(1.,0.,-0.));
#877=AXIS2_PLACEMENT_3D('',#874,#875,#876);
#878=CIRCLE('',#877,3.);
#879=EDGE_CURVE('',#865,#873,#878,.T.);
#880=ORIENTED_EDGE('',*,*,#879,.T.);
#881=CARTESIAN_POINT('',(238.8,19.7,1.5));
#882=VERTEX_POINT('',#881);
#883=CARTESIAN_POINT('',(238.8,18.2,1.5));
#884=DIRECTION('',(0.,1.,0.));
#885=VECTOR('',#884,1.5);
#886=LINE('',#883,#885);
#887=EDGE_CURVE('',#873,#882,#886,.T.);
#888=ORIENTED_EDGE('',*,*,#887,.T.);
#889=CARTESIAN_POINT('',(241.8,22.7,1.5));
#890=VERTEX_POINT('',#889);
#891=CARTESIAN_POINT('',(241.8,19.7,1.5));
#892=DIRECTION('',(-0.,-0.,-1.));
#893=DIRECTION('',(1.,0.,-0.));
#894=AXIS2_PLACEMENT_3D('',#891,#892,#893);
#895=CIRCLE('',#894,3.);
#896=EDGE_CURVE('',#882,#890,#895,.T.);
#897=ORIENTED_EDGE('',*,*,#896,.T.);
#898=CARTESIAN_POINT('',(241.8,22.7,1.5));
#899=DIRECTION('',(1.,0.,-0.));
#900=VECTOR('',#899,5.);
#901=LINE('',#898,#900);
#902=EDGE_CURVE('',#890,#586,#901,.T.);
#903=ORIENTED_EDGE('',*,*,#902,.T.);
#904=EDGE_LOOP('',(#594,#602,#610,#618,#627,#635,#643,#651,#659,#667,#675,#683,#691,#699,#707,#715,#723,#731,#739,#747,#755,#763,#771,#779,#788,#794,
#795,#796,#797,#805,#814,#822,#830,#838,#847,#855,#863,#871,#880,#888,#897,#903));
#905=FACE_BOUND('',#904,.T.);
#906=ADVANCED_FACE('',(#905),#584,.T.);
#907=CARTESIAN_POINT('',(148.,199.7062,7.));
#908=DIRECTION('',(-0.,1.,0.));
#909=DIRECTION('',(-1.,-0.,0.));
#910=AXIS2_PLACEMENT_3D('',#907,#908,#909);
#911=PLANE('',#910);
#912=CARTESIAN_POINT('',(245.,199.7062,0.050510257));
#913=VERTEX_POINT('',#912);
#914=CARTESIAN_POINT('',(245.,199.7062,0.));
#915=VERTEX_POINT('',#914);
#916=CARTESIAN_POINT('',(245.,199.7062,0.050510257));
#917=DIRECTION('',(0.,0.,-1.));
#918=VECTOR('',#917,0.050510257);
#919=LINE('',#916,#918);
#920=EDGE_CURVE('',#913,#915,#919,.T.);
#921=ORIENTED_EDGE('',*,*,#920,.F.);
#922=CARTESIAN_POINT('',(245.5,199.7062,0.));
#923=VERTEX_POINT('',#922);
#924=CARTESIAN_POINT('',(245.5,199.7062,2.5));
#925=DIRECTION('',(-0.,1.,0.));
#926=DIRECTION('',(-1.,-0.,0.));
#927=AXIS2_PLACEMENT_3D('',#924,#925,#926);
#928=CIRCLE('',#927,2.5);
#929=EDGE_CURVE('',#923,#913,#928,.T.);
#930=ORIENTED_EDGE('',*,*,#929,.F.);
#931=CARTESIAN_POINT('',(245.5,199.7062,0.));
#932=DIRECTION('',(-1.,-0.,0.));
#933=VECTOR('',#932,0.5);
#934=LINE('',#931,#933);
#935=EDGE_CURVE('',#923,#915,#934,.T.);
#936=ORIENTED_EDGE('',*,*,#935,.T.);
#937=EDGE_LOOP('',(#921,#930,#936));
#938=FACE_BOUND('',#937,.T.);
#939=ADVANCED_FACE('',(#938),#911,.T.);
#940=CARTESIAN_POINT('',(100.,189.4062,7.));
#941=DIRECTION('',(-0.,1.,0.));
#942=DIRECTION('',(-1.,-0.,0.));
#943=AXIS2_PLACEMENT_3D('',#940,#941,#942);
#944=PLANE('',#943);
#945=CARTESIAN_POINT('',(3.2,189.4062,1.2));
#946=VERTEX_POINT('',#945);
#947=CARTESIAN_POINT('',(3.2,189.4062,0.));
#948=VERTEX_POINT('',#947);
#949=CARTESIAN_POINT('',(3.2,189.4062,1.2));
#950=DIRECTION('',(0.,0.,-1.));
#951=VECTOR('',#950,1.2);
#952=LINE('',#949,#951);
#953=EDGE_CURVE('',#946,#948,#952,.T.);
#954=ORIENTED_EDGE('',*,*,#953,.F.);
#955=CARTESIAN_POINT('',(27.8,189.4062,1.2));
#956=VERTEX_POINT('',#955);
#957=CARTESIAN_POINT('',(27.8,189.4062,1.2));
#958=DIRECTION('',(-1.,-0.,0.));
#959=VECTOR('',#958,24.6);
#960=LINE('',#957,#959);
#961=EDGE_CURVE('',#956,#946,#960,.T.);
#962=ORIENTED_EDGE('',*,*,#961,.F.);
#963=CARTESIAN_POINT('',(27.8,189.4062,0.));
#964=VERTEX_POINT('',#963);
#965=CARTESIAN_POINT('',(27.8,189.4062,0.));
#966=DIRECTION('',(0.,0.,1.));
#967=VECTOR('',#966,1.2);
#968=LINE('',#965,#967);
#969=EDGE_CURVE('',#964,#956,#968,.T.);
#970=ORIENTED_EDGE('',*,*,#969,.F.);
#971=CARTESIAN_POINT('',(27.8,189.4062,0.));
#972=DIRECTION('',(-1.,-0.,0.));
#973=VECTOR('',#972,24.6);
#974=LINE('',#971,#973);
#975=EDGE_CURVE('',#964,#948,#974,.T.);
#976=ORIENTED_EDGE('',*,*,#975,.T.);
#977=EDGE_LOOP('',(#954,#962,#970,#976));
#978=FACE_BOUND('',#977,.T.);
#979=ADVANCED_FACE('',(#978),#944,.T.);
#980=CARTESIAN_POINT('',(221.2,192.8312,11.625));
#981=DIRECTION('',(1.,0.,0.));
#982=DIRECTION('',(-0.,1.,0.));
#983=AXIS2_PLACEMENT_3D('',#980,#981,#982);
#984=PLANE('',#983);
#985=CARTESIAN_POINT('',(221.2,197.2062,0.));
#986=VERTEX_POINT('',#985);
#987=CARTESIAN_POINT('',(221.2,200.2062,3.));
#988=VERTEX_POINT('',#987);
#989=CARTESIAN_POINT('',(221.2,197.2062,3.));
#990=DIRECTION('',(1.,0.,0.));
#991=DIRECTION('',(-0.,1.,0.));
#992=AXIS2_PLACEMENT_3D('',#989,#990,#991);
#993=CIRCLE('',#992,3.);
#994=EDGE_CURVE('',#986,#988,#993,.T.);
#995=ORIENTED_EDGE('',*,*,#994,.T.);
#996=CARTESIAN_POINT('',(221.2,200.2062,9.8));
#997=VERTEX_POINT('',#996);
#998=CARTESIAN_POINT('',(221.2,200.2062,9.8));
#999=DIRECTION('',(0.,0.,-1.));
#1000=VECTOR('',#999,6.8);
#1001=LINE('',#998,#1000);
#1002=EDGE_CURVE('',#997,#988,#1001,.T.);
#1003=ORIENTED_EDGE('',*,*,#1002,.F.);
#1004=CARTESIAN_POINT('',(221.2,197.4562,9.8));
#1005=VERTEX_POINT('',#1004);
#1006=CARTESIAN_POINT('',(221.2,200.2062,9.8));
#1007=DIRECTION('',(0.,-1.,0.));
#1008=VECTOR('',#1007,2.75);
#1009=LINE('',#1006,#1008);
#1010=EDGE_CURVE('',#997,#1005,#1009,.T.);
#1011=ORIENTED_EDGE('',*,*,#1010,.T.);
#1012=CARTESIAN_POINT('',(221.2,197.4562,5.7));
#1013=VERTEX_POINT('',#1012);
#1014=CARTESIAN_POINT('',(221.2,197.4562,5.7));
#1015=DIRECTION('',(0.,0.,1.));
#1016=VECTOR('',#1015,4.1);
#1017=LINE('',#1014,#1016);
#1018=EDGE_CURVE('',#1013,#1005,#1017,.T.);
#1019=ORIENTED_EDGE('',*,*,#1018,.F.);
#1020=CARTESIAN_POINT('',(221.2,194.8062,3.000463003));
#1021=VERTEX_POINT('',#1020);
#1022=CARTESIAN_POINT('',(221.2,194.7562,5.7));
#1023=DIRECTION('',(-1.,-0.,-0.));
#1024=DIRECTION('',(-0.,1.,0.));
#1025=AXIS2_PLACEMENT_3D('',#1022,#1023,#1024);
#1026=CIRCLE('',#1025,2.7);
#1027=EDGE_CURVE('',#1013,#1021,#1026,.T.);
#1028=ORIENTED_EDGE('',*,*,#1027,.T.);
#1029=CARTESIAN_POINT('',(221.2,192.1562,5.7));
#1030=VERTEX_POINT('',#1029);
#1031=CARTESIAN_POINT('',(221.2,194.8562,5.7));
#1032=DIRECTION('',(-1.,-0.,-0.));
#1033=DIRECTION('',(-0.,1.,0.));
#1034=AXIS2_PLACEMENT_3D('',#1031,#1032,#1033);
#1035=CIRCLE('',#1034,2.7);
#1036=EDGE_CURVE('',#1021,#1030,#1035,.T.);
#1037=ORIENTED_EDGE('',*,*,#1036,.T.);
#1038=CARTESIAN_POINT('',(221.2,192.1562,9.8));
#1039=VERTEX_POINT('',#1038);
#1040=CARTESIAN_POINT('',(221.2,192.1562,5.7));
#1041=DIRECTION('',(0.,0.,1.));
#1042=VECTOR('',#1041,4.1);
#1043=LINE('',#1040,#1042);
#1044=EDGE_CURVE('',#1030,#1039,#1043,.T.);
#1045=ORIENTED_EDGE('',*,*,#1044,.T.);
#1046=CARTESIAN_POINT('',(221.2,187.0062,9.8));
#1047=VERTEX_POINT('',#1046);
#1048=CARTESIAN_POINT('',(221.2,192.1562,9.8));
#1049=DIRECTION('',(0.,-1.,0.));
#1050=VECTOR('',#1049,5.15);
#1051=LINE('',#1048,#1050);
#1052=EDGE_CURVE('',#1039,#1047,#1051,.T.);
#1053=ORIENTED_EDGE('',*,*,#1052,.T.);
#1054=CARTESIAN_POINT('',(221.2,187.0062,1.2));
#1055=VERTEX_POINT('',#1054);
#1056=CARTESIAN_POINT('',(221.2,187.0062,1.2));
#1057=DIRECTION('',(0.,0.,1.));
#1058=VECTOR('',#1057,8.6);
#1059=LINE('',#1056,#1058);
#1060=EDGE_CURVE('',#1055,#1047,#1059,.T.);
#1061=ORIENTED_EDGE('',*,*,#1060,.F.);
#1062=CARTESIAN_POINT('',(221.2,189.4062,1.2));
#1063=VERTEX_POINT('',#1062);
#1064=CARTESIAN_POINT('',(221.2,187.0062,1.2));
#1065=DIRECTION('',(-0.,1.,0.));
#1066=VECTOR('',#1065,2.4);
#1067=LINE('',#1064,#1066);
#1068=EDGE_CURVE('',#1055,#1063,#1067,.T.);
#1069=ORIENTED_EDGE('',*,*,#1068,.T.);
#1070=CARTESIAN_POINT('',(221.2,189.4062,0.));
#1071=VERTEX_POINT('',#1070);
#1072=CARTESIAN_POINT('',(221.2,189.4062,1.2));
#1073=DIRECTION('',(0.,0.,-1.));
#1074=VECTOR('',#1073,1.2);
#1075=LINE('',#1072,#1074);
#1076=EDGE_CURVE('',#1063,#1071,#1075,.T.);
#1077=ORIENTED_EDGE('',*,*,#1076,.T.);
#1078=CARTESIAN_POINT('',(221.2,189.4062,0.));
#1079=DIRECTION('',(-0.,1.,0.));
#1080=VECTOR('',#1079,7.8);
#1081=LINE('',#1078,#1080);
#1082=EDGE_CURVE('',#1071,#986,#1081,.T.);
#1083=ORIENTED_EDGE('',*,*,#1082,.T.);
#1084=EDGE_LOOP('',(#995,#1003,#1011,#1019,#1028,#1037,#1045,#1053,#1061,#1069,#1077,#1083));
#1085=FACE_BOUND('',#1084,.T.);
#1086=ADVANCED_FACE('',(#1085),#984,.T.);
#1087=CARTESIAN_POINT('',(181.1,192.8312,11.625));
#1088=DIRECTION('',(1.,0.,0.));
#1089=DIRECTION('',(-0.,1.,0.));
#1090=AXIS2_PLACEMENT_3D('',#1087,#1088,#1089);
#1091=PLANE('',#1090);
#1092=CARTESIAN_POINT('',(181.1,189.4062,1.2));
#1093=VERTEX_POINT('',#1092);
#1094=CARTESIAN_POINT('',(181.1,189.4062,0.));
#1095=VERTEX_POINT('',#1094);
#1096=CARTESIAN_POINT('',(181.1,189.4062,1.2));
#1097=DIRECTION('',(0.,0.,-1.));
#1098=VECTOR('',#1097,1.2);
#1099=LINE('',#1096,#1098);
#1100=EDGE_CURVE('',#1093,#1095,#1099,.T.);
#1101=ORIENTED_EDGE('',*,*,#1100,.F.);
#1102=CARTESIAN_POINT('',(181.1,187.0062,1.2));
#1103=VERTEX_POINT('',#1102);
#1104=CARTESIAN_POINT('',(181.1,187.0062,1.2));
#1105=DIRECTION('',(-0.,1.,0.));
#1106=VECTOR('',#1105,2.4);
#1107=LINE('',#1104,#1106);
#1108=EDGE_CURVE('',#1103,#1093,#1107,.T.);
#1109=ORIENTED_EDGE('',*,*,#1108,.F.);
#1110=CARTESIAN_POINT('',(181.1,187.0062,9.8));
#1111=VERTEX_POINT('',#1110);
#1112=CARTESIAN_POINT('',(181.1,187.0062,9.8));
#1113=DIRECTION('',(0.,0.,-1.));
#1114=VECTOR('',#1113,8.6);
#1115=LINE('',#1112,#1114);
#1116=EDGE_CURVE('',#1111,#1103,#1115,.T.);
#1117=ORIENTED_EDGE('',*,*,#1116,.F.);
#1118=CARTESIAN_POINT('',(181.1,191.9062,9.8));
#1119=VERTEX_POINT('',#1118);
#1120=CARTESIAN_POINT('',(181.1,187.0062,9.8));
#1121=DIRECTION('',(-0.,1.,0.));
#1122=VECTOR('',#1121,4.9);
#1123=LINE('',#1120,#1122);
#1124=EDGE_CURVE('',#1111,#1119,#1123,.T.);
#1125=ORIENTED_EDGE('',*,*,#1124,.T.);
#1126=CARTESIAN_POINT('',(181.1,191.9062,5.1));
#1127=VERTEX_POINT('',#1126);
#1128=CARTESIAN_POINT('',(181.1,191.9062,5.1));
#1129=DIRECTION('',(0.,0.,1.));
#1130=VECTOR('',#1129,4.7);
#1131=LINE('',#1128,#1130);
#1132=EDGE_CURVE('',#1127,#1119,#1131,.T.);
#1133=ORIENTED_EDGE('',*,*,#1132,.F.);
#1134=CARTESIAN_POINT('',(181.1,195.4062,1.6));
#1135=VERTEX_POINT('',#1134);
#1136=CARTESIAN_POINT('',(181.1,195.4062,5.1));
#1137=DIRECTION('',(1.,0.,0.));
#1138=DIRECTION('',(-0.,1.,0.));
#1139=AXIS2_PLACEMENT_3D('',#1136,#1137,#1138);
#1140=CIRCLE('',#1139,3.5);
#1141=EDGE_CURVE('',#1127,#1135,#1140,.T.);
#1142=ORIENTED_EDGE('',*,*,#1141,.T.);
#1143=CARTESIAN_POINT('',(181.1,198.9062,5.1));
#1144=VERTEX_POINT('',#1143);
#1145=CARTESIAN_POINT('',(181.1,195.4062,5.1));
#1146=DIRECTION('',(1.,0.,0.));
#1147=DIRECTION('',(-0.,1.,0.));
#1148=AXIS2_PLACEMENT_3D('',#1145,#1146,#1147);
#1149=CIRCLE('',#1148,3.5);
#1150=EDGE_CURVE('',#1135,#1144,#1149,.T.);
#1151=ORIENTED_EDGE('',*,*,#1150,.T.);
#1152=CARTESIAN_POINT('',(181.1,198.9062,9.8));
#1153=VERTEX_POINT('',#1152);
#1154=CARTESIAN_POINT('',(181.1,198.9062,5.1));
#1155=DIRECTION('',(0.,0.,1.));
#1156=VECTOR('',#1155,4.7);
#1157=LINE('',#1154,#1156);
#1158=EDGE_CURVE('',#1144,#1153,#1157,.T.);
#1159=ORIENTED_EDGE('',*,*,#1158,.T.);
#1160=CARTESIAN_POINT('',(181.1,200.2062,9.8));
#1161=VERTEX_POINT('',#1160);
#1162=CARTESIAN_POINT('',(181.1,198.9062,9.8));
#1163=DIRECTION('',(-0.,1.,0.));
#1164=VECTOR('',#1163,1.3);
#1165=LINE('',#1162,#1164);
#1166=EDGE_CURVE('',#1153,#1161,#1165,.T.);
#1167=ORIENTED_EDGE('',*,*,#1166,.T.);
#1168=CARTESIAN_POINT('',(181.1,200.2062,3.));
#1169=VERTEX_POINT('',#1168);
#1170=CARTESIAN_POINT('',(181.1,200.2062,9.8));
#1171=DIRECTION('',(0.,0.,-1.));
#1172=VECTOR('',#1171,6.8);
#1173=LINE('',#1170,#1172);
#1174=EDGE_CURVE('',#1161,#1169,#1173,.T.);
#1175=ORIENTED_EDGE('',*,*,#1174,.T.);
#1176=CARTESIAN_POINT('',(181.1,197.2062,0.));
#1177=VERTEX_POINT('',#1176);
#1178=CARTESIAN_POINT('',(181.1,197.2062,3.));
#1179=DIRECTION('',(-1.,-0.,-0.));
#1180=DIRECTION('',(-0.,1.,0.));
#1181=AXIS2_PLACEMENT_3D('',#1178,#1179,#1180);
#1182=CIRCLE('',#1181,3.);
#1183=EDGE_CURVE('',#1169,#1177,#1182,.T.);
#1184=ORIENTED_EDGE('',*,*,#1183,.T.);
#1185=CARTESIAN_POINT('',(181.1,189.4062,0.));
#1186=DIRECTION('',(-0.,1.,0.));
#1187=VECTOR('',#1186,7.8);
#1188=LINE('',#1185,#1187);
#1189=EDGE_CURVE('',#1095,#1177,#1188,.T.);
#1190=ORIENTED_EDGE('',*,*,#1189,.F.);
#1191=EDGE_LOOP('',(#1101,#1109,#1117,#1125,#1133,#1142,#1151,#1159,#1167,#1175,#1184,#1190));
#1192=FACE_BOUND('',#1191,.T.);
#1193=ADVANCED_FACE('',(#1192),#1091,.F.);
#1194=CARTESIAN_POINT('',(100.,197.2062,3.));
#1195=DIRECTION('',(1.,0.,0.));
#1196=DIRECTION('',(-0.,1.,0.));
#1197=AXIS2_PLACEMENT_3D('',#1194,#1195,#1196);
#1198=CYLINDRICAL_SURFACE('',#1197,3.);
#1199=ORIENTED_EDGE('',*,*,#1183,.F.);
#1200=CARTESIAN_POINT('',(204.16674455,200.2062,3.));
#1201=VERTEX_POINT('',#1200);
#1202=CARTESIAN_POINT('',(204.16674455,200.2062,3.));
#1203=DIRECTION('',(-1.,-0.,0.));
#1204=VECTOR('',#1203,23.06674455);
#1205=LINE('',#1202,#1204);
#1206=EDGE_CURVE('',#1201,#1169,#1205,.T.);
#1207=ORIENTED_EDGE('',*,*,#1206,.F.);
#1208=CARTESIAN_POINT('',(207.73325545,200.2062,3.));
#1209=VERTEX_POINT('',#1208);
#1210=CARTESIAN_POINT('',(207.73325545,200.2062,3.));
#1211=CARTESIAN_POINT('',(207.476424792,200.2062,2.805108651));
#1212=CARTESIAN_POINT('',(207.195975696,200.188308949,2.656815206));
#1213=CARTESIAN_POINT('',(206.891529854,200.172904952,2.554285148));
#1214=CARTESIAN_POINT('',(206.739306933,200.165202953,2.503020119));
#1215=CARTESIAN_POINT('',(206.584008479,200.158147268,2.4645645));
#1216=CARTESIAN_POINT('',(206.427340509,200.153256033,2.438875468));
#1217=CARTESIAN_POINT('',(206.270672539,200.148364797,2.413186437));
#1218=CARTESIAN_POINT('',(206.112104219,200.145605063,2.400085104));
#1219=CARTESIAN_POINT('',(205.951556692,200.145587775,2.400000411));
#1220=CARTESIAN_POINT('',(205.791009164,200.145570487,2.399915718));
#1221=CARTESIAN_POINT('',(205.630767734,200.148332116,2.413025311));
#1222=CARTESIAN_POINT('',(205.474010842,200.153213896,2.438654208));
#1223=CARTESIAN_POINT('',(205.31725395,200.158095676,2.464283105));
#1224=CARTESIAN_POINT('',(205.162960096,200.165096878,2.502419668));
#1225=CARTESIAN_POINT('',(205.011143416,200.172769767,2.553386277));
#1226=CARTESIAN_POINT('',(204.859326736,200.180442656,2.604352886));
#1227=CARTESIAN_POINT('',(204.711344385,200.188699919,2.667912521));
#1228=CARTESIAN_POINT('',(204.570572255,200.195118237,2.742380569));
#1229=CARTESIAN_POINT('',(204.429800125,200.201536555,2.816848617));
#1230=CARTESIAN_POINT('',(204.295142981,200.2062,2.902567148));
#1231=CARTESIAN_POINT('',(204.16674455,200.2062,3.));
#1232=B_SPLINE_CURVE_WITH_KNOTS('',3,(#1210,#1211,#1212,#1213,#1214,#1215,#1216,#1217,#1218,#1219,#1220,#1221,#1222,#1223,#1224,#1225,#1226,#1227,#1228,#1229,#1230,#1231),.UNSPECIFIED.,.F.,.F.,(4,3,3,3,3,3,3,4),(0.,0.000953017,0.001429526,0.001906035,0.002382544,0.002859052,0.003335561,0.00381207),.UNSPECIFIED.);
#1233=EDGE_CURVE('',#1209,#1201,#1232,.T.);
#1234=ORIENTED_EDGE('',*,*,#1233,.F.);
#1235=CARTESIAN_POINT('',(212.16674455,200.2062,3.));
#1236=VERTEX_POINT('',#1235);
#1237=CARTESIAN_POINT('',(212.16674455,200.2062,3.));
#1238=DIRECTION('',(-1.,-0.,0.));
#1239=VECTOR('',#1238,4.4334891);
#1240=LINE('',#1237,#1239);
#1241=EDGE_CURVE('',#1236,#1209,#1240,.T.);
#1242=ORIENTED_EDGE('',*,*,#1241,.F.);
#1243=CARTESIAN_POINT('',(215.73325545,200.2062,3.));
#1244=VERTEX_POINT('',#1243);
#1245=CARTESIAN_POINT('',(215.73325545,200.2062,3.));
#1246=CARTESIAN_POINT('',(215.476424792,200.2062,2.805108651));
#1247=CARTESIAN_POINT('',(215.195975696,200.188308949,2.656815206));
#1248=CARTESIAN_POINT('',(214.891529854,200.172904952,2.554285148));
#1249=CARTESIAN_POINT('',(214.739306933,200.165202953,2.503020119));
#1250=CARTESIAN_POINT('',(214.584008479,200.158147268,2.4645645));
#1251=CARTESIAN_POINT('',(214.427340509,200.153256033,2.438875468));
#1252=CARTESIAN_POINT('',(214.270672539,200.148364797,2.413186437));
#1253=CARTESIAN_POINT('',(214.112104219,200.145605063,2.400085104));
#1254=CARTESIAN_POINT('',(213.951556692,200.145587775,2.400000411));
#1255=CARTESIAN_POINT('',(213.791009164,200.145570487,2.399915718));
#1256=CARTESIAN_POINT('',(213.630767734,200.148332116,2.413025311));
#1257=CARTESIAN_POINT('',(213.474010842,200.153213896,2.438654208));
#1258=CARTESIAN_POINT('',(213.31725395,200.158095676,2.464283105));
#1259=CARTESIAN_POINT('',(213.162960096,200.165096878,2.502419668));
#1260=CARTESIAN_POINT('',(213.011143416,200.172769767,2.553386277));
#1261=CARTESIAN_POINT('',(212.859326736,200.180442656,2.604352886));
#1262=CARTESIAN_POINT('',(212.711344385,200.188699919,2.667912521));
#1263=CARTESIAN_POINT('',(212.570572255,200.195118237,2.742380569));
#1264=CARTESIAN_POINT('',(212.429800125,200.201536555,2.816848617));
#1265=CARTESIAN_POINT('',(212.295142981,200.2062,2.902567148));
#1266=CARTESIAN_POINT('',(212.16674455,200.2062,3.));
#1267=B_SPLINE_CURVE_WITH_KNOTS('',3,(#1245,#1246,#1247,#1248,#1249,#1250,#1251,#1252,#1253,#1254,#1255,#1256,#1257,#1258,#1259,#1260,#1261,#1262,#1263,#1264,#1265,#1266),.UNSPECIFIED.,.F.,.F.,(4,3,3,3,3,3,3,4),(0.,0.000953017,0.001429526,0.001906035,0.002382544,0.002859052,0.003335561,0.00381207),.UNSPECIFIED.);
#1268=EDGE_CURVE('',#1244,#1236,#1267,.T.);
#1269=ORIENTED_EDGE('',*,*,#1268,.F.);
#1270=CARTESIAN_POINT('',(221.2,200.2062,3.));
#1271=DIRECTION('',(-1.,-0.,0.));
#1272=VECTOR('',#1271,5.46674455);
#1273=LINE('',#1270,#1272);
#1274=EDGE_CURVE('',#988,#1244,#1273,.T.);
#1275=ORIENTED_EDGE('',*,*,#1274,.F.);
#1276=ORIENTED_EDGE('',*,*,#994,.F.);
#1277=CARTESIAN_POINT('',(181.1,197.2062,0.));
#1278=DIRECTION('',(1.,0.,-0.));
#1279=VECTOR('',#1278,40.1);
#1280=LINE('',#1277,#1279);
#1281=EDGE_CURVE('',#1177,#986,#1280,.T.);
#1282=ORIENTED_EDGE('',*,*,#1281,.F.);
#1283=EDGE_LOOP('',(#1199,#1207,#1234,#1242,#1269,#1275,#1276,#1282));
#1284=FACE_BOUND('',#1283,.T.);
#1285=ADVANCED_FACE('',(#1284),#1198,.T.);
#1286=CARTESIAN_POINT('',(52.8,93.077575003,11.050567116));
#1287=DIRECTION('',(-1.,0.,0.));
#1288=DIRECTION('',(0.,0.,1.));
#1289=AXIS2_PLACEMENT_3D('',#1286,#1287,#1288);
#1290=PLANE('',#1289);
#1291=CARTESIAN_POINT('',(52.8,197.2062,0.));
#1292=VERTEX_POINT('',#1291);
#1293=CARTESIAN_POINT('',(52.8,200.2062,3.));
#1294=VERTEX_POINT('',#1293);
#1295=CARTESIAN_POINT('',(52.8,197.2062,3.));
#1296=DIRECTION('',(1.,-0.,-0.));
#1297=DIRECTION('',(0.,0.,1.));
#1298=AXIS2_PLACEMENT_3D('',#1295,#1296,#1297);
#1299=CIRCLE('',#1298,3.);
#1300=EDGE_CURVE('',#1292,#1294,#1299,.T.);
#1301=ORIENTED_EDGE('',*,*,#1300,.T.);
#1302=CARTESIAN_POINT('',(52.8,200.2062,9.8));
#1303=VERTEX_POINT('',#1302);
#1304=CARTESIAN_POINT('',(52.8,200.2062,3.));
#1305=DIRECTION('',(0.,0.,1.));
#1306=VECTOR('',#1305,6.8);
#1307=LINE('',#1304,#1306);
#1308=EDGE_CURVE('',#1294,#1303,#1307,.T.);
#1309=ORIENTED_EDGE('',*,*,#1308,.T.);
#1310=CARTESIAN_POINT('',(52.8,198.4062,9.8));
#1311=VERTEX_POINT('',#1310);
#1312=CARTESIAN_POINT('',(52.8,200.2062,9.8));
#1313=DIRECTION('',(0.,-1.,0.));
#1314=VECTOR('',#1313,1.8);
#1315=LINE('',#1312,#1314);
#1316=EDGE_CURVE('',#1303,#1311,#1315,.T.);
#1317=ORIENTED_EDGE('',*,*,#1316,.T.);
#1318=CARTESIAN_POINT('',(52.8,198.4062,5.9));
#1319=VERTEX_POINT('',#1318);
#1320=CARTESIAN_POINT('',(52.8,198.4062,9.8));
#1321=DIRECTION('',(0.,0.,-1.));
#1322=VECTOR('',#1321,3.9);
#1323=LINE('',#1320,#1322);
#1324=EDGE_CURVE('',#1311,#1319,#1323,.T.);
#1325=ORIENTED_EDGE('',*,*,#1324,.T.);
#1326=CARTESIAN_POINT('',(52.8,194.7562,2.200337853));
#1327=VERTEX_POINT('',#1326);
#1328=CARTESIAN_POINT('',(52.8,194.7062,5.9));
#1329=DIRECTION('',(-1.,0.,0.));
#1330=DIRECTION('',(0.,0.,1.));
#1331=AXIS2_PLACEMENT_3D('',#1328,#1329,#1330);
#1332=CIRCLE('',#1331,3.7);
#1333=EDGE_CURVE('',#1319,#1327,#1332,.T.);
#1334=ORIENTED_EDGE('',*,*,#1333,.T.);
#1335=CARTESIAN_POINT('',(52.8,191.1062,5.9));
#1336=VERTEX_POINT('',#1335);
#1337=CARTESIAN_POINT('',(52.8,194.8062,5.9));
#1338=DIRECTION('',(-1.,0.,0.));
#1339=DIRECTION('',(0.,0.,1.));
#1340=AXIS2_PLACEMENT_3D('',#1337,#1338,#1339);
#1341=CIRCLE('',#1340,3.7);
#1342=EDGE_CURVE('',#1327,#1336,#1341,.T.);
#1343=ORIENTED_EDGE('',*,*,#1342,.T.);
#1344=CARTESIAN_POINT('',(52.8,191.1062,9.8));
#1345=VERTEX_POINT('',#1344);
#1346=CARTESIAN_POINT('',(52.8,191.1062,9.8));
#1347=DIRECTION('',(0.,0.,-1.));
#1348=VECTOR('',#1347,3.9);
#1349=LINE('',#1346,#1348);
#1350=EDGE_CURVE('',#1345,#1336,#1349,.T.);
#1351=ORIENTED_EDGE('',*,*,#1350,.F.);
#1352=CARTESIAN_POINT('',(52.8,187.0062,9.8));
#1353=VERTEX_POINT('',#1352);
#1354=CARTESIAN_POINT('',(52.8,191.1062,9.8));
#1355=DIRECTION('',(0.,-1.,0.));
#1356=VECTOR('',#1355,4.1);
#1357=LINE('',#1354,#1356);
#1358=EDGE_CURVE('',#1345,#1353,#1357,.T.);
#1359=ORIENTED_EDGE('',*,*,#1358,.T.);
#1360=CARTESIAN_POINT('',(52.8,187.0062,1.2));
#1361=VERTEX_POINT('',#1360);
#1362=CARTESIAN_POINT('',(52.8,187.0062,1.2));
#1363=DIRECTION('',(0.,0.,1.));
#1364=VECTOR('',#1363,8.6);
#1365=LINE('',#1362,#1364);
#1366=EDGE_CURVE('',#1361,#1353,#1365,.T.);
#1367=ORIENTED_EDGE('',*,*,#1366,.F.);
#1368=CARTESIAN_POINT('',(52.8,189.4062,1.2));
#1369=VERTEX_POINT('',#1368);
#1370=CARTESIAN_POINT('',(52.8,187.0062,1.2));
#1371=DIRECTION('',(0.,1.,0.));
#1372=VECTOR('',#1371,2.4);
#1373=LINE('',#1370,#1372);
#1374=EDGE_CURVE('',#1361,#1369,#1373,.T.);
#1375=ORIENTED_EDGE('',*,*,#1374,.T.);
#1376=CARTESIAN_POINT('',(52.8,189.4062,0.));
#1377=VERTEX_POINT('',#1376);
#1378=CARTESIAN_POINT('',(52.8,189.4062,0.));
#1379=DIRECTION('',(0.,0.,1.));
#1380=VECTOR('',#1379,1.2);
#1381=LINE('',#1378,#1380);
#1382=EDGE_CURVE('',#1377,#1369,#1381,.T.);
#1383=ORIENTED_EDGE('',*,*,#1382,.F.);
#1384=CARTESIAN_POINT('',(52.8,197.2062,0.));
#1385=DIRECTION('',(0.,-1.,0.));
#1386=VECTOR('',#1385,7.8);
#1387=LINE('',#1384,#1386);
#1388=EDGE_CURVE('',#1292,#1377,#1387,.T.);
#1389=ORIENTED_EDGE('',*,*,#1388,.F.);
#1390=EDGE_LOOP('',(#1301,#1309,#1317,#1325,#1334,#1343,#1351,#1359,#1367,#1375,#1383,#1389));
#1391=FACE_BOUND('',#1390,.T.);
#1392=ADVANCED_FACE('',(#1391),#1290,.F.);
#1393=CARTESIAN_POINT('',(27.8,93.077575003,11.050567116));
#1394=DIRECTION('',(-1.,0.,0.));
#1395=DIRECTION('',(0.,0.,1.));
#1396=AXIS2_PLACEMENT_3D('',#1393,#1394,#1395);
#1397=PLANE('',#1396);
#1398=ORIENTED_EDGE('',*,*,#969,.T.);
#1399=CARTESIAN_POINT('',(27.8,187.0062,1.2));
#1400=VERTEX_POINT('',#1399);
#1401=CARTESIAN_POINT('',(27.8,189.4062,1.2));
#1402=DIRECTION('',(0.,-1.,0.));
#1403=VECTOR('',#1402,2.4);
#1404=LINE('',#1401,#1403);
#1405=EDGE_CURVE('',#956,#1400,#1404,.T.);
#1406=ORIENTED_EDGE('',*,*,#1405,.T.);
#1407=CARTESIAN_POINT('',(27.8,187.0062,9.8));
#1408=VERTEX_POINT('',#1407);
#1409=CARTESIAN_POINT('',(27.8,187.0062,9.8));
#1410=DIRECTION('',(0.,0.,-1.));
#1411=VECTOR('',#1410,8.6);
#1412=LINE('',#1409,#1411);
#1413=EDGE_CURVE('',#1408,#1400,#1412,.T.);
#1414=ORIENTED_EDGE('',*,*,#1413,.F.);
#1415=CARTESIAN_POINT('',(27.8,192.2562,9.8));
#1416=VERTEX_POINT('',#1415);
#1417=CARTESIAN_POINT('',(27.8,187.0062,9.8));
#1418=DIRECTION('',(0.,1.,0.));
#1419=VECTOR('',#1418,5.25);
#1420=LINE('',#1417,#1419);
#1421=EDGE_CURVE('',#1408,#1416,#1420,.T.);
#1422=ORIENTED_EDGE('',*,*,#1421,.T.);
#1423=CARTESIAN_POINT('',(27.8,192.2562,5.6));
#1424=VERTEX_POINT('',#1423);
#1425=CARTESIAN_POINT('',(27.8,192.2562,9.8));
#1426=DIRECTION('',(0.,0.,-1.));
#1427=VECTOR('',#1426,4.2);
#1428=LINE('',#1425,#1427);
#1429=EDGE_CURVE('',#1416,#1424,#1428,.T.);
#1430=ORIENTED_EDGE('',*,*,#1429,.T.);
#1431=CARTESIAN_POINT('',(27.8,194.8562,3.));
#1432=VERTEX_POINT('',#1431);
#1433=CARTESIAN_POINT('',(27.8,194.8562,5.6));
#1434=DIRECTION('',(1.,-0.,-0.));
#1435=DIRECTION('',(0.,0.,1.));
#1436=AXIS2_PLACEMENT_3D('',#1433,#1434,#1435);
#1437=CIRCLE('',#1436,2.6);
#1438=EDGE_CURVE('',#1424,#1432,#1437,.T.);
#1439=ORIENTED_EDGE('',*,*,#1438,.T.);
#1440=CARTESIAN_POINT('',(27.8,197.4562,5.6));
#1441=VERTEX_POINT('',#1440);
#1442=CARTESIAN_POINT('',(27.8,194.8562,5.6));
#1443=DIRECTION('',(1.,-0.,-0.));
#1444=DIRECTION('',(0.,0.,1.));
#1445=AXIS2_PLACEMENT_3D('',#1442,#1443,#1444);
#1446=CIRCLE('',#1445,2.6);
#1447=EDGE_CURVE('',#1432,#1441,#1446,.T.);
#1448=ORIENTED_EDGE('',*,*,#1447,.T.);
#1449=CARTESIAN_POINT('',(27.8,197.4562,9.8));
#1450=VERTEX_POINT('',#1449);
#1451=CARTESIAN_POINT('',(27.8,197.4562,9.8));
#1452=DIRECTION('',(0.,0.,-1.));
#1453=VECTOR('',#1452,4.2);
#1454=LINE('',#1451,#1453);
#1455=EDGE_CURVE('',#1450,#1441,#1454,.T.);
#1456=ORIENTED_EDGE('',*,*,#1455,.F.);
#1457=CARTESIAN_POINT('',(27.8,200.2062,9.8));
#1458=VERTEX_POINT('',#1457);
#1459=CARTESIAN_POINT('',(27.8,197.4562,9.8));
#1460=DIRECTION('',(0.,1.,0.));
#1461=VECTOR('',#1460,2.75);
#1462=LINE('',#1459,#1461);
#1463=EDGE_CURVE('',#1450,#1458,#1462,.T.);
#1464=ORIENTED_EDGE('',*,*,#1463,.T.);
#1465=CARTESIAN_POINT('',(27.8,200.2062,3.));
#1466=VERTEX_POINT('',#1465);
#1467=CARTESIAN_POINT('',(27.8,200.2062,3.));
#1468=DIRECTION('',(0.,0.,1.));
#1469=VECTOR('',#1468,6.8);
#1470=LINE('',#1467,#1469);
#1471=EDGE_CURVE('',#1466,#1458,#1470,.T.);
#1472=ORIENTED_EDGE('',*,*,#1471,.F.);
#1473=CARTESIAN_POINT('',(27.8,197.2062,0.));
#1474=VERTEX_POINT('',#1473);
#1475=CARTESIAN_POINT('',(27.8,197.2062,3.));
#1476=DIRECTION('',(-1.,0.,0.));
#1477=DIRECTION('',(0.,0.,1.));
#1478=AXIS2_PLACEMENT_3D('',#1475,#1476,#1477);
#1479=CIRCLE('',#1478,3.);
#1480=EDGE_CURVE('',#1466,#1474,#1479,.T.);
#1481=ORIENTED_EDGE('',*,*,#1480,.T.);
#1482=CARTESIAN_POINT('',(27.8,197.2062,0.));
#1483=DIRECTION('',(0.,-1.,0.));
#1484=VECTOR('',#1483,7.8);
#1485=LINE('',#1482,#1484);
#1486=EDGE_CURVE('',#1474,#964,#1485,.T.);
#1487=ORIENTED_EDGE('',*,*,#1486,.T.);
#1488=EDGE_LOOP('',(#1398,#1406,#1414,#1422,#1430,#1439,#1448,#1456,#1464,#1472,#1481,#1487));
#1489=FACE_BOUND('',#1488,.T.);
#1490=ADVANCED_FACE('',(#1489),#1397,.T.);
#1491=CARTESIAN_POINT('',(101.2,197.2062,3.));
#1492=DIRECTION('',(1.,0.,0.));
#1493=DIRECTION('',(-0.,1.,0.));
#1494=AXIS2_PLACEMENT_3D('',#1491,#1492,#1493);
#1495=CYLINDRICAL_SURFACE('',#1494,3.);
#1496=ORIENTED_EDGE('',*,*,#1480,.F.);
#1497=CARTESIAN_POINT('',(33.26674455,200.2062,3.));
#1498=VERTEX_POINT('',#1497);
#1499=CARTESIAN_POINT('',(33.26674455,200.2062,3.));
#1500=DIRECTION('',(-1.,-0.,0.));
#1501=VECTOR('',#1500,5.46674455);
#1502=LINE('',#1499,#1501);
#1503=EDGE_CURVE('',#1498,#1466,#1502,.T.);
#1504=ORIENTED_EDGE('',*,*,#1503,.F.);
#1505=CARTESIAN_POINT('',(36.83325545,200.2062,3.));
#1506=VERTEX_POINT('',#1505);
#1507=CARTESIAN_POINT('',(36.83325545,200.2062,3.));
#1508=CARTESIAN_POINT('',(36.576424792,200.2062,2.805108651));
#1509=CARTESIAN_POINT('',(36.295975696,200.188308949,2.656815206));
#1510=CARTESIAN_POINT('',(35.991529854,200.172904952,2.554285148));
#1511=CARTESIAN_POINT('',(35.839306933,200.165202953,2.503020119));
#1512=CARTESIAN_POINT('',(35.684008479,200.158147268,2.4645645));
#1513=CARTESIAN_POINT('',(35.527340509,200.153256033,2.438875468));
#1514=CARTESIAN_POINT('',(35.370672539,200.148364797,2.413186437));
#1515=CARTESIAN_POINT('',(35.212104219,200.145605063,2.400085104));
#1516=CARTESIAN_POINT('',(35.051556692,200.145587775,2.400000411));
#1517=CARTESIAN_POINT('',(34.891009164,200.145570487,2.399915718));
#1518=CARTESIAN_POINT('',(34.730767734,200.148332116,2.413025311));
#1519=CARTESIAN_POINT('',(34.574010842,200.153213896,2.438654208));
#1520=CARTESIAN_POINT('',(34.41725395,200.158095676,2.464283105));
#1521=CARTESIAN_POINT('',(34.262960096,200.165096878,2.502419668));
#1522=CARTESIAN_POINT('',(34.111143416,200.172769767,2.553386277));
#1523=CARTESIAN_POINT('',(33.959326736,200.180442656,2.604352886));
#1524=CARTESIAN_POINT('',(33.811344385,200.188699919,2.667912521));
#1525=CARTESIAN_POINT('',(33.670572255,200.195118237,2.742380569));
#1526=CARTESIAN_POINT('',(33.529800125,200.201536555,2.816848617));
#1527=CARTESIAN_POINT('',(33.395142981,200.2062,2.902567148));
#1528=CARTESIAN_POINT('',(33.26674455,200.2062,3.));
#1529=B_SPLINE_CURVE_WITH_KNOTS('',3,(#1507,#1508,#1509,#1510,#1511,#1512,#1513,#1514,#1515,#1516,#1517,#1518,#1519,#1520,#1521,#1522,#1523,#1524,#1525,#1526,#1527,#1528),.UNSPECIFIED.,.F.,.F.,(4,3,3,3,3,3,3,4),(0.,0.000953017,0.001429526,0.001906035,0.002382544,0.002859052,0.003335561,0.00381207),.UNSPECIFIED.);
#1530=EDGE_CURVE('',#1506,#1498,#1529,.T.);
#1531=ORIENTED_EDGE('',*,*,#1530,.F.);
#1532=CARTESIAN_POINT('',(41.51674455,200.2062,3.));
#1533=VERTEX_POINT('',#1532);
#1534=CARTESIAN_POINT('',(41.51674455,200.2062,3.));
#1535=DIRECTION('',(-1.,-0.,0.));
#1536=VECTOR('',#1535,4.6834891);
#1537=LINE('',#1534,#1536);
#1538=EDGE_CURVE('',#1533,#1506,#1537,.T.);
#1539=ORIENTED_EDGE('',*,*,#1538,.F.);
#1540=CARTESIAN_POINT('',(45.08325545,200.2062,3.));
#1541=VERTEX_POINT('',#1540);
#1542=CARTESIAN_POINT('',(45.08325545,200.2062,3.));
#1543=CARTESIAN_POINT('',(44.826424792,200.2062,2.805108651));
#1544=CARTESIAN_POINT('',(44.545975696,200.188308949,2.656815206));
#1545=CARTESIAN_POINT('',(44.241529854,200.172904952,2.554285148));
#1546=CARTESIAN_POINT('',(44.089306933,200.165202953,2.503020119));
#1547=CARTESIAN_POINT('',(43.934008479,200.158147268,2.4645645));
#1548=CARTESIAN_POINT('',(43.777340509,200.153256033,2.438875468));
#1549=CARTESIAN_POINT('',(43.620672539,200.148364797,2.413186437));
#1550=CARTESIAN_POINT('',(43.462104219,200.145605063,2.400085104));
#1551=CARTESIAN_POINT('',(43.301556692,200.145587775,2.400000411));
#1552=CARTESIAN_POINT('',(43.141009164,200.145570487,2.399915718));
#1553=CARTESIAN_POINT('',(42.980767734,200.148332116,2.413025311));
#1554=CARTESIAN_POINT('',(42.824010842,200.153213896,2.438654208));
#1555=CARTESIAN_POINT('',(42.66725395,200.158095676,2.464283105));
#1556=CARTESIAN_POINT('',(42.512960096,200.165096878,2.502419668));
#1557=CARTESIAN_POINT('',(42.361143416,200.172769767,2.553386277));
#1558=CARTESIAN_POINT('',(42.209326736,200.180442656,2.604352886));
#1559=CARTESIAN_POINT('',(42.061344385,200.188699919,2.667912521));
#1560=CARTESIAN_POINT('',(41.920572255,200.195118237,2.742380569));
#1561=CARTESIAN_POINT('',(41.779800125,200.201536555,2.816848617));
#1562=CARTESIAN_POINT('',(41.645142981,200.2062,2.902567148));
#1563=CARTESIAN_POINT('',(41.51674455,200.2062,3.));
#1564=B_SPLINE_CURVE_WITH_KNOTS('',3,(#1542,#1543,#1544,#1545,#1546,#1547,#1548,#1549,#1550,#1551,#1552,#1553,#1554,#1555,#1556,#1557,#1558,#1559,#1560,#1561,#1562,#1563),.UNSPECIFIED.,.F.,.F.,(4,3,3,3,3,3,3,4),(0.,0.000953017,0.001429526,0.001906035,0.002382544,0.002859052,0.003335561,0.00381207),.UNSPECIFIED.);
#1565=EDGE_CURVE('',#1541,#1533,#1564,.T.);
#1566=ORIENTED_EDGE('',*,*,#1565,.F.);
#1567=CARTESIAN_POINT('',(52.8,200.2062,3.));
#1568=DIRECTION('',(-1.,-0.,0.));
#1569=VECTOR('',#1568,7.71674455);
#1570=LINE('',#1567,#1569);
#1571=EDGE_CURVE('',#1294,#1541,#1570,.T.);
#1572=ORIENTED_EDGE('',*,*,#1571,.F.);
#1573=ORIENTED_EDGE('',*,*,#1300,.F.);
#1574=CARTESIAN_POINT('',(27.8,197.2062,0.));
#1575=DIRECTION('',(1.,0.,-0.));
#1576=VECTOR('',#1575,25.);
#1577=LINE('',#1574,#1576);
#1578=EDGE_CURVE('',#1474,#1292,#1577,.T.);
#1579=ORIENTED_EDGE('',*,*,#1578,.F.);
#1580=EDGE_LOOP('',(#1496,#1504,#1531,#1539,#1566,#1572,#1573,#1579));
#1581=FACE_BOUND('',#1580,.T.);
#1582=ADVANCED_FACE('',(#1581),#1495,.T.);
#1583=CARTESIAN_POINT('',(0.,2.2562,0.));
#1584=DIRECTION('',(0.,0.,1.));
#1585=DIRECTION('',(1.,0.,0.));
#1586=AXIS2_PLACEMENT_3D('',#1583,#1584,#1585);
#1587=PLANE('',#1586);
#1588=ORIENTED_EDGE('',*,*,#325,.T.);
#1589=ORIENTED_EDGE('',*,*,#299,.F.);
#1590=CARTESIAN_POINT('',(3.2,189.4062,0.));
#1591=DIRECTION('',(0.,1.,0.));
#1592=VECTOR('',#1591,10.3);
#1593=LINE('',#1590,#1592);
#1594=EDGE_CURVE('',#948,#286,#1593,.T.);
#1595=ORIENTED_EDGE('',*,*,#1594,.F.);
#1596=ORIENTED_EDGE('',*,*,#975,.F.);
#1597=ORIENTED_EDGE('',*,*,#1486,.F.);
#1598=ORIENTED_EDGE('',*,*,#1578,.T.);
#1599=ORIENTED_EDGE('',*,*,#1388,.T.);
#1600=CARTESIAN_POINT('',(181.1,189.4062,0.));
#1601=DIRECTION('',(-1.,-0.,0.));
#1602=VECTOR('',#1601,128.3);
#1603=LINE('',#1600,#1602);
#1604=EDGE_CURVE('',#1095,#1377,#1603,.T.);
#1605=ORIENTED_EDGE('',*,*,#1604,.F.);
#1606=ORIENTED_EDGE('',*,*,#1189,.T.);
#1607=ORIENTED_EDGE('',*,*,#1281,.T.);
#1608=ORIENTED_EDGE('',*,*,#1082,.F.);
#1609=CARTESIAN_POINT('',(245.,189.4062,0.));
#1610=VERTEX_POINT('',#1609);
#1611=CARTESIAN_POINT('',(245.,189.4062,0.));
#1612=DIRECTION('',(-1.,-0.,0.));
#1613=VECTOR('',#1612,23.8);
#1614=LINE('',#1611,#1613);
#1615=EDGE_CURVE('',#1610,#1071,#1614,.T.);
#1616=ORIENTED_EDGE('',*,*,#1615,.F.);
#1617=CARTESIAN_POINT('',(245.,199.7062,0.));
#1618=DIRECTION('',(0.,-1.,0.));
#1619=VECTOR('',#1618,10.3);
#1620=LINE('',#1617,#1619);
#1621=EDGE_CURVE('',#915,#1610,#1620,.T.);
#1622=ORIENTED_EDGE('',*,*,#1621,.F.);
#1623=ORIENTED_EDGE('',*,*,#935,.F.);
#1624=CARTESIAN_POINT('',(245.5,2.2,0.));
#1625=VERTEX_POINT('',#1624);
#1626=CARTESIAN_POINT('',(245.5,199.7062,0.));
#1627=DIRECTION('',(0.,-1.,-0.));
#1628=VECTOR('',#1627,197.5062);
#1629=LINE('',#1626,#1628);
#1630=EDGE_CURVE('',#923,#1625,#1629,.T.);
#1631=ORIENTED_EDGE('',*,*,#1630,.T.);
#1632=CARTESIAN_POINT('',(245.5,2.2,0.));
#1633=DIRECTION('',(-1.,-0.,-0.));
#1634=VECTOR('',#1633,243.);
#1635=LINE('',#1632,#1634);
#1636=EDGE_CURVE('',#1625,#320,#1635,.T.);
#1637=ORIENTED_EDGE('',*,*,#1636,.T.);
#1638=EDGE_LOOP('',(#1588,#1589,#1595,#1596,#1597,#1598,#1599,#1605,#1606,#1607,#1608,#1616,#1622,#1623,#1631,#1637));
#1639=FACE_BOUND('',#1638,.T.);
#1640=ADVANCED_FACE('',(#1639),#1587,.F.);
#1641=CARTESIAN_POINT('',(3.2,194.506754967,6.732258579));
#1642=DIRECTION('',(1.,0.,0.));
#1643=DIRECTION('',(0.,0.,-1.));
#1644=AXIS2_PLACEMENT_3D('',#1641,#1642,#1643);
#1645=PLANE('',#1644);
#1646=CARTESIAN_POINT('',(3.2,189.4062,1.2));
#1647=DIRECTION('',(0.,1.,0.));
#1648=VECTOR('',#1647,10.3);
#1649=LINE('',#1646,#1648);
#1650=EDGE_CURVE('',#946,#278,#1649,.T.);
#1651=ORIENTED_EDGE('',*,*,#1650,.F.);
#1652=ORIENTED_EDGE('',*,*,#953,.T.);
#1653=ORIENTED_EDGE('',*,*,#1594,.T.);
#1654=ORIENTED_EDGE('',*,*,#291,.F.);
#1655=EDGE_LOOP('',(#1651,#1652,#1653,#1654));
#1656=FACE_BOUND('',#1655,.T.);
#1657=ADVANCED_FACE('',(#1656),#1645,.T.);
#1658=CARTESIAN_POINT('',(0.,-45.7438,1.2));
#1659=DIRECTION('',(0.,0.,1.));
#1660=DIRECTION('',(1.,0.,0.));
#1661=AXIS2_PLACEMENT_3D('',#1658,#1659,#1660);
#1662=PLANE('',#1661);
#1663=ORIENTED_EDGE('',*,*,#961,.T.);
#1664=ORIENTED_EDGE('',*,*,#1650,.T.);
#1665=ORIENTED_EDGE('',*,*,#283,.T.);
#1666=ORIENTED_EDGE('',*,*,#459,.F.);
#1667=CARTESIAN_POINT('',(26.6,187.0062,1.2));
#1668=VERTEX_POINT('',#1667);
#1669=CARTESIAN_POINT('',(26.6,187.0062,1.2));
#1670=DIRECTION('',(-1.,-0.,0.));
#1671=VECTOR('',#1670,25.4);
#1672=LINE('',#1669,#1671);
#1673=EDGE_CURVE('',#1668,#448,#1672,.T.);
#1674=ORIENTED_EDGE('',*,*,#1673,.F.);
#1675=CARTESIAN_POINT('',(26.6,187.0062,1.2));
#1676=DIRECTION('',(1.,0.,0.));
#1677=VECTOR('',#1676,1.2);
#1678=LINE('',#1675,#1677);
#1679=EDGE_CURVE('',#1668,#1400,#1678,.T.);
#1680=ORIENTED_EDGE('',*,*,#1679,.T.);
#1681=ORIENTED_EDGE('',*,*,#1405,.F.);
#1682=EDGE_LOOP('',(#1663,#1664,#1665,#1666,#1674,#1680,#1681));
#1683=FACE_BOUND('',#1682,.T.);
#1684=ADVANCED_FACE('',(#1683),#1662,.T.);
#1685=CARTESIAN_POINT('',(245.5,2.2,2.5));
#1686=DIRECTION('',(0.,0.,1.));
#1687=DIRECTION('',(1.,0.,-0.));
#1688=AXIS2_PLACEMENT_3D('',#1685,#1686,#1687);
#1689=SPHERICAL_SURFACE('',#1688,2.5);
#1690=CARTESIAN_POINT('',(248.,2.2,2.5));
#1691=VERTEX_POINT('',#1690);
#1692=CARTESIAN_POINT('',(245.5,2.2,2.5));
#1693=DIRECTION('',(-0.,1.,0.));
#1694=DIRECTION('',(-1.,-0.,0.));
#1695=AXIS2_PLACEMENT_3D('',#1692,#1693,#1694);
#1696=CIRCLE('',#1695,2.5);
#1697=EDGE_CURVE('',#1691,#1625,#1696,.T.);
#1698=ORIENTED_EDGE('',*,*,#1697,.F.);
#1699=CARTESIAN_POINT('',(245.5,-0.3,2.5));
#1700=VERTEX_POINT('',#1699);
#1701=CARTESIAN_POINT('',(245.5,2.2,2.5));
#1702=DIRECTION('',(0.,0.,-1.));
#1703=DIRECTION('',(-1.,0.,0.));
#1704=AXIS2_PLACEMENT_3D('',#1701,#1702,#1703);
#1705=CIRCLE('',#1704,2.5);
#1706=EDGE_CURVE('',#1691,#1700,#1705,.T.);
#1707=ORIENTED_EDGE('',*,*,#1706,.T.);
#1708=CARTESIAN_POINT('',(245.5,2.2,2.5));
#1709=DIRECTION('',(-1.,-0.,-0.));
#1710=DIRECTION('',(-0.,1.,0.));
#1711=AXIS2_PLACEMENT_3D('',#1708,#1709,#1710);
#1712=CIRCLE('',#1711,2.5);
#1713=EDGE_CURVE('',#1625,#1700,#1712,.T.);
#1714=ORIENTED_EDGE('',*,*,#1713,.F.);
#1715=EDGE_LOOP('',(#1698,#1707,#1714));
#1716=FACE_BOUND('',#1715,.T.);
#1717=ADVANCED_FACE('',(#1716),#1689,.T.);
#1718=CARTESIAN_POINT('',(100.,2.2,2.5));
#1719=DIRECTION('',(1.,0.,0.));
#1720=DIRECTION('',(-0.,1.,0.));
#1721=AXIS2_PLACEMENT_3D('',#1718,#1719,#1720);
#1722=CYLINDRICAL_SURFACE('',#1721,2.5);
#1723=ORIENTED_EDGE('',*,*,#1713,.T.);
#1724=CARTESIAN_POINT('',(2.5,-0.3,2.5));
#1725=DIRECTION('',(1.,0.,0.));
#1726=VECTOR('',#1725,243.);
#1727=LINE('',#1724,#1726);
#1728=EDGE_CURVE('',#476,#1700,#1727,.T.);
#1729=ORIENTED_EDGE('',*,*,#1728,.F.);
#1730=ORIENTED_EDGE('',*,*,#557,.F.);
#1731=ORIENTED_EDGE('',*,*,#1636,.F.);
#1732=EDGE_LOOP('',(#1723,#1729,#1730,#1731));
#1733=FACE_BOUND('',#1732,.T.);
#1734=ADVANCED_FACE('',(#1733),#1722,.T.);
#1735=CARTESIAN_POINT('',(48.,-45.7438,1.2));
#1736=DIRECTION('',(0.,0.,1.));
#1737=DIRECTION('',(1.,0.,0.));
#1738=AXIS2_PLACEMENT_3D('',#1735,#1736,#1737);
#1739=PLANE('',#1738);
#1740=CARTESIAN_POINT('',(245.,189.4062,1.2));
#1741=VERTEX_POINT('',#1740);
#1742=CARTESIAN_POINT('',(245.,200.5062,1.2));
#1743=VERTEX_POINT('',#1742);
#1744=CARTESIAN_POINT('',(245.,189.4062,1.2));
#1745=DIRECTION('',(-0.,1.,0.));
#1746=VECTOR('',#1745,11.1);
#1747=LINE('',#1744,#1746);
#1748=EDGE_CURVE('',#1741,#1743,#1747,.T.);
#1749=ORIENTED_EDGE('',*,*,#1748,.F.);
#1750=CARTESIAN_POINT('',(246.8,189.4062,1.2));
#1751=VERTEX_POINT('',#1750);
#1752=CARTESIAN_POINT('',(245.,189.4062,1.2));
#1753=DIRECTION('',(1.,0.,0.));
#1754=VECTOR('',#1753,1.8);
#1755=LINE('',#1752,#1754);
#1756=EDGE_CURVE('',#1741,#1751,#1755,.T.);
#1757=ORIENTED_EDGE('',*,*,#1756,.T.);
#1758=CARTESIAN_POINT('',(246.8,200.5062,1.2));
#1759=VERTEX_POINT('',#1758);
#1760=CARTESIAN_POINT('',(246.8,189.4062,1.2));
#1761=DIRECTION('',(-0.,1.,0.));
#1762=VECTOR('',#1761,11.1);
#1763=LINE('',#1760,#1762);
#1764=EDGE_CURVE('',#1751,#1759,#1763,.T.);
#1765=ORIENTED_EDGE('',*,*,#1764,.T.);
#1766=CARTESIAN_POINT('',(245.,200.5062,1.2));
#1767=DIRECTION('',(1.,0.,0.));
#1768=VECTOR('',#1767,1.8);
#1769=LINE('',#1766,#1768);
#1770=EDGE_CURVE('',#1743,#1759,#1769,.T.);
#1771=ORIENTED_EDGE('',*,*,#1770,.F.);
#1772=EDGE_LOOP('',(#1749,#1757,#1765,#1771));
#1773=FACE_BOUND('',#1772,.T.);
#1774=ADVANCED_FACE('',(#1773),#1739,.T.);
#1775=CARTESIAN_POINT('',(245.,78.2562,20.75));
#1776=DIRECTION('',(-1.,-0.,0.));
#1777=DIRECTION('',(0.,-1.,0.));
#1778=AXIS2_PLACEMENT_3D('',#1775,#1776,#1777);
#1779=PLANE('',#1778);
#1780=ORIENTED_EDGE('',*,*,#1748,.T.);
#1781=CARTESIAN_POINT('',(245.,200.5062,12.095336944));
#1782=VERTEX_POINT('',#1781);
#1783=CARTESIAN_POINT('',(245.,200.5062,12.095336944));
#1784=DIRECTION('',(0.,0.,-1.));
#1785=VECTOR('',#1784,10.895336944);
#1786=LINE('',#1783,#1785);
#1787=EDGE_CURVE('',#1782,#1743,#1786,.T.);
#1788=ORIENTED_EDGE('',*,*,#1787,.F.);
#1789=CARTESIAN_POINT('',(245.,202.205689743,10.395847201));
#1790=VERTEX_POINT('',#1789);
#1791=CARTESIAN_POINT('',(245.,200.5062,12.095336944));
#1792=DIRECTION('',(-0.,0.707106781,-0.707106781));
#1793=VECTOR('',#1792,2.403441443);
#1794=LINE('',#1791,#1793);
#1795=EDGE_CURVE('',#1782,#1790,#1794,.T.);
#1796=ORIENTED_EDGE('',*,*,#1795,.T.);
#1797=CARTESIAN_POINT('',(245.,202.205689743,2.5));
#1798=VERTEX_POINT('',#1797);
#1799=CARTESIAN_POINT('',(245.,202.205689743,2.5));
#1800=DIRECTION('',(-0.,-0.,1.));
#1801=VECTOR('',#1800,7.895847201);
#1802=LINE('',#1799,#1801);
#1803=EDGE_CURVE('',#1798,#1790,#1802,.T.);
#1804=ORIENTED_EDGE('',*,*,#1803,.F.);
#1805=CARTESIAN_POINT('',(245.,199.7562,0.050510257));
#1806=VERTEX_POINT('',#1805);
#1807=CARTESIAN_POINT('',(245.,199.7562,2.5));
#1808=DIRECTION('',(1.,0.,-0.));
#1809=DIRECTION('',(0.,-1.,0.));
#1810=AXIS2_PLACEMENT_3D('',#1807,#1808,#1809);
#1811=CIRCLE('',#1810,2.449489743);
#1812=EDGE_CURVE('',#1806,#1798,#1811,.T.);
#1813=ORIENTED_EDGE('',*,*,#1812,.F.);
#1814=CARTESIAN_POINT('',(245.,199.7062,0.050510257));
#1815=DIRECTION('',(-0.,1.,0.));
#1816=VECTOR('',#1815,0.05);
#1817=LINE('',#1814,#1816);
#1818=EDGE_CURVE('',#913,#1806,#1817,.T.);
#1819=ORIENTED_EDGE('',*,*,#1818,.F.);
#1820=ORIENTED_EDGE('',*,*,#920,.T.);
#1821=ORIENTED_EDGE('',*,*,#1621,.T.);
#1822=CARTESIAN_POINT('',(245.,189.4062,1.2));
#1823=DIRECTION('',(0.,0.,-1.));
#1824=VECTOR('',#1823,1.2);
#1825=LINE('',#1822,#1824);
#1826=EDGE_CURVE('',#1741,#1610,#1825,.T.);
#1827=ORIENTED_EDGE('',*,*,#1826,.F.);
#1828=EDGE_LOOP('',(#1780,#1788,#1796,#1804,#1813,#1819,#1820,#1821,#1827));
#1829=FACE_BOUND('',#1828,.T.);
#1830=ADVANCED_FACE('',(#1829),#1779,.T.);
#1831=CARTESIAN_POINT('',(245.5,199.7562,2.5));
#1832=DIRECTION('',(1.,0.,-0.));
#1833=DIRECTION('',(-0.,0.,-1.));
#1834=AXIS2_PLACEMENT_3D('',#1831,#1832,#1833);
#1835=SPHERICAL_SURFACE('',#1834,2.5);
#1836=ORIENTED_EDGE('',*,*,#1812,.T.);
#1837=CARTESIAN_POINT('',(248.,199.7562,2.5));
#1838=VERTEX_POINT('',#1837);
#1839=CARTESIAN_POINT('',(245.5,199.7562,2.5));
#1840=DIRECTION('',(0.,0.,-1.));
#1841=DIRECTION('',(-1.,0.,0.));
#1842=AXIS2_PLACEMENT_3D('',#1839,#1840,#1841);
#1843=CIRCLE('',#1842,2.5);
#1844=EDGE_CURVE('',#1798,#1838,#1843,.T.);
#1845=ORIENTED_EDGE('',*,*,#1844,.T.);
#1846=CARTESIAN_POINT('',(245.5,199.7562,2.5));
#1847=DIRECTION('',(0.,1.,0.));
#1848=DIRECTION('',(0.,-0.,1.));
#1849=AXIS2_PLACEMENT_3D('',#1846,#1847,#1848);
#1850=CIRCLE('',#1849,2.5);
#1851=EDGE_CURVE('',#1838,#1806,#1850,.T.);
#1852=ORIENTED_EDGE('',*,*,#1851,.T.);
#1853=EDGE_LOOP('',(#1836,#1845,#1852));
#1854=FACE_BOUND('',#1853,.T.);
#1855=ADVANCED_FACE('',(#1854),#1835,.T.);
#1856=CARTESIAN_POINT('',(245.5,126.2562,2.5));
#1857=DIRECTION('',(-0.,1.,0.));
#1858=DIRECTION('',(-1.,-0.,0.));
#1859=AXIS2_PLACEMENT_3D('',#1856,#1857,#1858);
#1860=CYLINDRICAL_SURFACE('',#1859,2.5);
#1861=ORIENTED_EDGE('',*,*,#1851,.F.);
#1862=CARTESIAN_POINT('',(248.,2.2,2.5));
#1863=DIRECTION('',(-0.,1.,0.));
#1864=VECTOR('',#1863,197.5562);
#1865=LINE('',#1862,#1864);
#1866=EDGE_CURVE('',#1691,#1838,#1865,.T.);
#1867=ORIENTED_EDGE('',*,*,#1866,.F.);
#1868=ORIENTED_EDGE('',*,*,#1697,.T.);
#1869=ORIENTED_EDGE('',*,*,#1630,.F.);
#1870=ORIENTED_EDGE('',*,*,#929,.T.);
#1871=ORIENTED_EDGE('',*,*,#1818,.T.);
#1872=EDGE_LOOP('',(#1861,#1867,#1868,#1869,#1870,#1871));
#1873=FACE_BOUND('',#1872,.T.);
#1874=ADVANCED_FACE('',(#1873),#1860,.T.);
#1875=CARTESIAN_POINT('',(100.,189.4062,7.));
#1876=DIRECTION('',(-0.,1.,0.));
#1877=DIRECTION('',(-1.,-0.,0.));
#1878=AXIS2_PLACEMENT_3D('',#1875,#1876,#1877);
#1879=PLANE('',#1878);
#1880=ORIENTED_EDGE('',*,*,#1076,.F.);
#1881=CARTESIAN_POINT('',(245.,189.4062,1.2));
#1882=DIRECTION('',(-1.,-0.,0.));
#1883=VECTOR('',#1882,23.8);
#1884=LINE('',#1881,#1883);
#1885=EDGE_CURVE('',#1741,#1063,#1884,.T.);
#1886=ORIENTED_EDGE('',*,*,#1885,.F.);
#1887=ORIENTED_EDGE('',*,*,#1826,.T.);
#1888=ORIENTED_EDGE('',*,*,#1615,.T.);
#1889=EDGE_LOOP('',(#1880,#1886,#1887,#1888));
#1890=FACE_BOUND('',#1889,.T.);
#1891=ADVANCED_FACE('',(#1890),#1879,.T.);
#1892=CARTESIAN_POINT('',(0.,-45.7438,1.2));
#1893=DIRECTION('',(0.,0.,1.));
#1894=DIRECTION('',(1.,0.,0.));
#1895=AXIS2_PLACEMENT_3D('',#1892,#1893,#1894);
#1896=PLANE('',#1895);
#1897=ORIENTED_EDGE('',*,*,#1068,.F.);
#1898=CARTESIAN_POINT('',(245.,187.0062,1.2));
#1899=VERTEX_POINT('',#1898);
#1900=CARTESIAN_POINT('',(245.,187.0062,1.2));
#1901=DIRECTION('',(-1.,-0.,0.));
#1902=VECTOR('',#1901,23.8);
#1903=LINE('',#1900,#1902);
#1904=EDGE_CURVE('',#1899,#1055,#1903,.T.);
#1905=ORIENTED_EDGE('',*,*,#1904,.F.);
#1906=CARTESIAN_POINT('',(245.,187.0062,1.2));
#1907=DIRECTION('',(-0.,1.,0.));
#1908=VECTOR('',#1907,2.4);
#1909=LINE('',#1906,#1908);
#1910=EDGE_CURVE('',#1899,#1741,#1909,.T.);
#1911=ORIENTED_EDGE('',*,*,#1910,.T.);
#1912=ORIENTED_EDGE('',*,*,#1885,.T.);
#1913=EDGE_LOOP('',(#1897,#1905,#1911,#1912));
#1914=FACE_BOUND('',#1913,.T.);
#1915=ADVANCED_FACE('',(#1914),#1896,.T.);
#1916=CARTESIAN_POINT('',(100.,189.4062,7.));
#1917=DIRECTION('',(-0.,1.,0.));
#1918=DIRECTION('',(-1.,-0.,0.));
#1919=AXIS2_PLACEMENT_3D('',#1916,#1917,#1918);
#1920=PLANE('',#1919);
#1921=CARTESIAN_POINT('',(181.1,189.4062,1.2));
#1922=DIRECTION('',(-1.,-0.,0.));
#1923=VECTOR('',#1922,128.3);
#1924=LINE('',#1921,#1923);
#1925=EDGE_CURVE('',#1093,#1369,#1924,.T.);
#1926=ORIENTED_EDGE('',*,*,#1925,.F.);
#1927=ORIENTED_EDGE('',*,*,#1100,.T.);
#1928=ORIENTED_EDGE('',*,*,#1604,.T.);
#1929=ORIENTED_EDGE('',*,*,#1382,.T.);
#1930=EDGE_LOOP('',(#1926,#1927,#1928,#1929));
#1931=FACE_BOUND('',#1930,.T.);
#1932=ADVANCED_FACE('',(#1931),#1920,.T.);
#1933=CARTESIAN_POINT('',(0.,-45.7438,1.2));
#1934=DIRECTION('',(0.,0.,1.));
#1935=DIRECTION('',(1.,0.,0.));
#1936=AXIS2_PLACEMENT_3D('',#1933,#1934,#1935);
#1937=PLANE('',#1936);
#1938=CARTESIAN_POINT('',(52.8,187.0062,1.2));
#1939=DIRECTION('',(1.,0.,0.));
#1940=VECTOR('',#1939,128.3);
#1941=LINE('',#1938,#1940);
#1942=EDGE_CURVE('',#1361,#1103,#1941,.T.);
#1943=ORIENTED_EDGE('',*,*,#1942,.T.);
#1944=ORIENTED_EDGE('',*,*,#1108,.T.);
#1945=ORIENTED_EDGE('',*,*,#1925,.T.);
#1946=ORIENTED_EDGE('',*,*,#1374,.F.);
#1947=EDGE_LOOP('',(#1943,#1944,#1945,#1946));
#1948=FACE_BOUND('',#1947,.T.);
#1949=ADVANCED_FACE('',(#1948),#1937,.T.);
#1950=CARTESIAN_POINT('',(245.9,193.003618472,19.597918472));
#1951=DIRECTION('',(-0.,0.707106781,0.707106781));
#1952=DIRECTION('',(1.,0.,0.));
#1953=AXIS2_PLACEMENT_3D('',#1950,#1951,#1952);
#1954=PLANE('',#1953);
#1955=CARTESIAN_POINT('',(246.8,200.5062,12.095336944));
#1956=VERTEX_POINT('',#1955);
#1957=CARTESIAN_POINT('',(246.8,200.5062,12.095336944));
#1958=DIRECTION('',(-1.,-0.,-0.));
#1959=VECTOR('',#1958,1.8);
#1960=LINE('',#1957,#1959);
#1961=EDGE_CURVE('',#1956,#1782,#1960,.T.);
#1962=ORIENTED_EDGE('',*,*,#1961,.F.);
#1963=CARTESIAN_POINT('',(246.8,191.997983553,20.603553391));
#1964=VERTEX_POINT('',#1963);
#1965=CARTESIAN_POINT('',(246.8,191.997983553,20.603553391));
#1966=DIRECTION('',(-0.,0.707106781,-0.707106781));
#1967=VECTOR('',#1966,12.03243509);
#1968=LINE('',#1965,#1967);
#1969=EDGE_CURVE('',#1964,#1956,#1968,.T.);
#1970=ORIENTED_EDGE('',*,*,#1969,.F.);
#1971=CARTESIAN_POINT('',(248.,191.997983553,20.603553391));
#1972=VERTEX_POINT('',#1971);
#1973=CARTESIAN_POINT('',(246.8,191.997983553,20.603553391));
#1974=DIRECTION('',(1.,0.,-0.));
#1975=VECTOR('',#1974,1.2);
#1976=LINE('',#1973,#1975);
#1977=EDGE_CURVE('',#1964,#1972,#1976,.T.);
#1978=ORIENTED_EDGE('',*,*,#1977,.T.);
#1979=CARTESIAN_POINT('',(248.,199.7562,12.845336944));
#1980=VERTEX_POINT('',#1979);
#1981=CARTESIAN_POINT('',(248.,199.7562,12.845336944));
#1982=DIRECTION('',(0.,-0.707106781,0.707106781));
#1983=VECTOR('',#1982,10.971774919);
#1984=LINE('',#1981,#1983);
#1985=EDGE_CURVE('',#1980,#1972,#1984,.T.);
#1986=ORIENTED_EDGE('',*,*,#1985,.F.);
#1987=CARTESIAN_POINT('',(245.5,199.7562,12.845336944));
#1988=DIRECTION('',(0.,-0.707106781,-0.707106781));
#1989=DIRECTION('',(-0.,0.707106781,-0.707106781));
#1990=AXIS2_PLACEMENT_3D('',#1987,#1988,#1989);
#1991=ELLIPSE('',#1990,3.535533906,2.5);
#1992=EDGE_CURVE('',#1790,#1980,#1991,.T.);
#1993=ORIENTED_EDGE('',*,*,#1992,.F.);
#1994=ORIENTED_EDGE('',*,*,#1795,.F.);
#1995=EDGE_LOOP('',(#1962,#1970,#1978,#1986,#1993,#1994));
#1996=FACE_BOUND('',#1995,.T.);
#1997=ADVANCED_FACE('',(#1996),#1954,.T.);
#1998=CARTESIAN_POINT('',(147.01298129,200.5062,0.601693469));
#1999=DIRECTION('',(-0.,1.,0.));
#2000=DIRECTION('',(-1.,-0.,0.));
#2001=AXIS2_PLACEMENT_3D('',#1998,#1999,#2000);
#2002=PLANE('',#2001);
#2003=CARTESIAN_POINT('',(246.8,200.5062,12.095336944));
#2004=DIRECTION('',(0.,0.,-1.));
#2005=VECTOR('',#2004,10.895336944);
#2006=LINE('',#2003,#2005);
#2007=EDGE_CURVE('',#1956,#1759,#2006,.T.);
#2008=ORIENTED_EDGE('',*,*,#2007,.F.);
#2009=ORIENTED_EDGE('',*,*,#1961,.T.);
#2010=ORIENTED_EDGE('',*,*,#1787,.T.);
#2011=ORIENTED_EDGE('',*,*,#1770,.T.);
#2012=EDGE_LOOP('',(#2008,#2009,#2010,#2011));
#2013=FACE_BOUND('',#2012,.T.);
#2014=ADVANCED_FACE('',(#2013),#2002,.F.);
#2015=CARTESIAN_POINT('',(245.5,199.7562,20.75));
#2016=DIRECTION('',(0.,0.,-1.));
#2017=DIRECTION('',(-1.,0.,0.));
#2018=AXIS2_PLACEMENT_3D('',#2015,#2016,#2017);
#2019=CYLINDRICAL_SURFACE('',#2018,2.5);
#2020=ORIENTED_EDGE('',*,*,#1992,.T.);
#2021=CARTESIAN_POINT('',(248.,199.7562,2.5));
#2022=DIRECTION('',(-0.,-0.,1.));
#2023=VECTOR('',#2022,10.345336944);
#2024=LINE('',#2021,#2023);
#2025=EDGE_CURVE('',#1838,#1980,#2024,.T.);
#2026=ORIENTED_EDGE('',*,*,#2025,.F.);
#2027=ORIENTED_EDGE('',*,*,#1844,.F.);
#2028=ORIENTED_EDGE('',*,*,#1803,.T.);
#2029=EDGE_LOOP('',(#2020,#2026,#2027,#2028));
#2030=FACE_BOUND('',#2029,.T.);
#2031=ADVANCED_FACE('',(#2030),#2019,.T.);
#2032=CARTESIAN_POINT('',(0.,-45.7438,9.8));
#2033=DIRECTION('',(0.,0.,1.));
#2034=DIRECTION('',(1.,0.,0.));
#2035=AXIS2_PLACEMENT_3D('',#2032,#2033,#2034);
#2036=PLANE('',#2035);
#2037=CARTESIAN_POINT('',(59.899996978,187.0062,9.8));
#2038=VERTEX_POINT('',#2037);
#2039=CARTESIAN_POINT('',(59.899996978,187.0062,9.8));
#2040=DIRECTION('',(-1.,-0.,0.));
#2041=VECTOR('',#2040,7.099996978);
#2042=LINE('',#2039,#2041);
#2043=EDGE_CURVE('',#2038,#1353,#2042,.T.);
#2044=ORIENTED_EDGE('',*,*,#2043,.T.);
#2045=ORIENTED_EDGE('',*,*,#1358,.F.);
#2046=CARTESIAN_POINT('',(51.6,191.1062,9.8));
#2047=VERTEX_POINT('',#2046);
#2048=CARTESIAN_POINT('',(52.8,191.1062,9.8));
#2049=DIRECTION('',(-1.,-0.,0.));
#2050=VECTOR('',#2049,1.2);
#2051=LINE('',#2048,#2050);
#2052=EDGE_CURVE('',#1345,#2047,#2051,.T.);
#2053=ORIENTED_EDGE('',*,*,#2052,.T.);
#2054=CARTESIAN_POINT('',(51.6,185.5062,9.8));
#2055=VERTEX_POINT('',#2054);
#2056=CARTESIAN_POINT('',(51.6,191.1062,9.8));
#2057=DIRECTION('',(0.,-1.,0.));
#2058=VECTOR('',#2057,5.6);
#2059=LINE('',#2056,#2058);
#2060=EDGE_CURVE('',#2047,#2055,#2059,.T.);
#2061=ORIENTED_EDGE('',*,*,#2060,.T.);
#2062=CARTESIAN_POINT('',(59.899996978,185.5062,9.8));
#2063=VERTEX_POINT('',#2062);
#2064=CARTESIAN_POINT('',(59.899996978,185.5062,9.8));
#2065=DIRECTION('',(-1.,-0.,0.));
#2066=VECTOR('',#2065,8.299996978);
#2067=LINE('',#2064,#2066);
#2068=EDGE_CURVE('',#2063,#2055,#2067,.T.);
#2069=ORIENTED_EDGE('',*,*,#2068,.F.);
#2070=CARTESIAN_POINT('',(59.899996978,185.5062,9.8));
#2071=DIRECTION('',(-0.,1.,-0.));
#2072=VECTOR('',#2071,1.5);
#2073=LINE('',#2070,#2072);
#2074=EDGE_CURVE('',#2063,#2038,#2073,.T.);
#2075=ORIENTED_EDGE('',*,*,#2074,.T.);
#2076=EDGE_LOOP('',(#2044,#2045,#2053,#2061,#2069,#2075));
#2077=FACE_BOUND('',#2076,.T.);
#2078=ADVANCED_FACE('',(#2077),#2036,.T.);
#2079=CARTESIAN_POINT('',(51.6,93.077575003,11.050567116));
#2080=DIRECTION('',(-1.,0.,0.));
#2081=DIRECTION('',(0.,0.,1.));
#2082=AXIS2_PLACEMENT_3D('',#2079,#2080,#2081);
#2083=PLANE('',#2082);
#2084=ORIENTED_EDGE('',*,*,#2060,.F.);
#2085=CARTESIAN_POINT('',(51.6,191.1062,5.9));
#2086=VERTEX_POINT('',#2085);
#2087=CARTESIAN_POINT('',(51.6,191.1062,9.8));
#2088=DIRECTION('',(0.,0.,-1.));
#2089=VECTOR('',#2088,3.9);
#2090=LINE('',#2087,#2089);
#2091=EDGE_CURVE('',#2047,#2086,#2090,.T.);
#2092=ORIENTED_EDGE('',*,*,#2091,.T.);
#2093=CARTESIAN_POINT('',(51.6,194.7562,2.200337853));
#2094=VERTEX_POINT('',#2093);
#2095=CARTESIAN_POINT('',(51.6,194.8062,5.9));
#2096=DIRECTION('',(1.,-0.,-0.));
#2097=DIRECTION('',(0.,0.,1.));
#2098=AXIS2_PLACEMENT_3D('',#2095,#2096,#2097);
#2099=CIRCLE('',#2098,3.7);
#2100=EDGE_CURVE('',#2086,#2094,#2099,.T.);
#2101=ORIENTED_EDGE('',*,*,#2100,.T.);
#2102=CARTESIAN_POINT('',(51.6,198.4062,5.9));
#2103=VERTEX_POINT('',#2102);
#2104=CARTESIAN_POINT('',(51.6,194.7062,5.9));
#2105=DIRECTION('',(1.,-0.,-0.));
#2106=DIRECTION('',(0.,0.,1.));
#2107=AXIS2_PLACEMENT_3D('',#2104,#2105,#2106);
#2108=CIRCLE('',#2107,3.7);
#2109=EDGE_CURVE('',#2094,#2103,#2108,.T.);
#2110=ORIENTED_EDGE('',*,*,#2109,.T.);
#2111=CARTESIAN_POINT('',(51.6,198.4062,9.8));
#2112=VERTEX_POINT('',#2111);
#2113=CARTESIAN_POINT('',(51.6,198.4062,9.8));
#2114=DIRECTION('',(0.,0.,-1.));
#2115=VECTOR('',#2114,3.9);
#2116=LINE('',#2113,#2115);
#2117=EDGE_CURVE('',#2112,#2103,#2116,.T.);
#2118=ORIENTED_EDGE('',*,*,#2117,.F.);
#2119=CARTESIAN_POINT('',(51.6,198.9062,9.8));
#2120=VERTEX_POINT('',#2119);
#2121=CARTESIAN_POINT('',(51.6,198.9062,9.8));
#2122=DIRECTION('',(0.,-1.,0.));
#2123=VECTOR('',#2122,0.5);
#2124=LINE('',#2121,#2123);
#2125=EDGE_CURVE('',#2120,#2112,#2124,.T.);
#2126=ORIENTED_EDGE('',*,*,#2125,.F.);
#2127=CARTESIAN_POINT('',(51.6,198.9062,9.8));
#2128=DIRECTION('',(0.,0.,-1.));
#2129=VECTOR('',#2128,8.3);
#2130=LINE('',#2127,#2129);
#2131=EDGE_CURVE('',#2120,#709,#2130,.T.);
#2132=ORIENTED_EDGE('',*,*,#2131,.T.);
#2133=ORIENTED_EDGE('',*,*,#714,.T.);
#2134=CARTESIAN_POINT('',(51.6,185.5062,1.5));
#2135=DIRECTION('',(0.,0.,1.));
#2136=VECTOR('',#2135,8.3);
#2137=LINE('',#2134,#2136);
#2138=EDGE_CURVE('',#701,#2055,#2137,.T.);
#2139=ORIENTED_EDGE('',*,*,#2138,.T.);
#2140=EDGE_LOOP('',(#2084,#2092,#2101,#2110,#2118,#2126,#2132,#2133,#2139));
#2141=FACE_BOUND('',#2140,.T.);
#2142=ADVANCED_FACE('',(#2141),#2083,.T.);
#2143=CARTESIAN_POINT('',(0.,-45.7438,9.8));
#2144=DIRECTION('',(0.,0.,1.));
#2145=DIRECTION('',(1.,0.,0.));
#2146=AXIS2_PLACEMENT_3D('',#2143,#2144,#2145);
#2147=PLANE('',#2146);
#2148=CARTESIAN_POINT('',(29.,192.2562,9.8));
#2149=VERTEX_POINT('',#2148);
#2150=CARTESIAN_POINT('',(29.,185.5062,9.8));
#2151=VERTEX_POINT('',#2150);
#2152=CARTESIAN_POINT('',(29.,192.2562,9.8));
#2153=DIRECTION('',(0.,-1.,0.));
#2154=VECTOR('',#2153,6.75);
#2155=LINE('',#2152,#2154);
#2156=EDGE_CURVE('',#2149,#2151,#2155,.T.);
#2157=ORIENTED_EDGE('',*,*,#2156,.F.);
#2158=CARTESIAN_POINT('',(29.,192.2562,9.8));
#2159=DIRECTION('',(-1.,-0.,0.));
#2160=VECTOR('',#2159,1.2);
#2161=LINE('',#2158,#2160);
#2162=EDGE_CURVE('',#2149,#1416,#2161,.T.);
#2163=ORIENTED_EDGE('',*,*,#2162,.T.);
#2164=ORIENTED_EDGE('',*,*,#1421,.F.);
#2165=CARTESIAN_POINT('',(26.6,187.0062,9.8));
#2166=VERTEX_POINT('',#2165);
#2167=CARTESIAN_POINT('',(27.8,187.0062,9.8));
#2168=DIRECTION('',(-1.,-0.,0.));
#2169=VECTOR('',#2168,1.2);
#2170=LINE('',#2167,#2169);
#2171=EDGE_CURVE('',#1408,#2166,#2170,.T.);
#2172=ORIENTED_EDGE('',*,*,#2171,.T.);
#2173=CARTESIAN_POINT('',(26.6,187.0062,9.8));
#2174=DIRECTION('',(-1.,-0.,0.));
#2175=VECTOR('',#2174,25.4);
#2176=LINE('',#2173,#2175);
#2177=EDGE_CURVE('',#2166,#440,#2176,.T.);
#2178=ORIENTED_EDGE('',*,*,#2177,.T.);
#2179=ORIENTED_EDGE('',*,*,#445,.F.);
#2180=CARTESIAN_POINT('',(29.,185.5062,9.8));
#2181=DIRECTION('',(-1.,-0.,0.));
#2182=VECTOR('',#2181,27.8);
#2183=LINE('',#2180,#2182);
#2184=EDGE_CURVE('',#2151,#432,#2183,.T.);
#2185=ORIENTED_EDGE('',*,*,#2184,.F.);
#2186=EDGE_LOOP('',(#2157,#2163,#2164,#2172,#2178,#2179,#2185));
#2187=FACE_BOUND('',#2186,.T.);
#2188=ADVANCED_FACE('',(#2187),#2147,.T.);
#2189=CARTESIAN_POINT('',(29.,93.077575003,11.050567116));
#2190=DIRECTION('',(-1.,0.,0.));
#2191=DIRECTION('',(0.,0.,1.));
#2192=AXIS2_PLACEMENT_3D('',#2189,#2190,#2191);
#2193=PLANE('',#2192);
#2194=ORIENTED_EDGE('',*,*,#762,.F.);
#2195=CARTESIAN_POINT('',(29.,198.9062,9.8));
#2196=VERTEX_POINT('',#2195);
#2197=CARTESIAN_POINT('',(29.,198.9062,1.5));
#2198=DIRECTION('',(0.,0.,1.));
#2199=VECTOR('',#2198,8.3);
#2200=LINE('',#2197,#2199);
#2201=EDGE_CURVE('',#749,#2196,#2200,.T.);
#2202=ORIENTED_EDGE('',*,*,#2201,.T.);
#2203=CARTESIAN_POINT('',(29.,197.4562,9.8));
#2204=VERTEX_POINT('',#2203);
#2205=CARTESIAN_POINT('',(29.,198.9062,9.8));
#2206=DIRECTION('',(0.,-1.,0.));
#2207=VECTOR('',#2206,1.45);
#2208=LINE('',#2205,#2207);
#2209=EDGE_CURVE('',#2196,#2204,#2208,.T.);
#2210=ORIENTED_EDGE('',*,*,#2209,.T.);
#2211=CARTESIAN_POINT('',(29.,197.4562,5.6));
#2212=VERTEX_POINT('',#2211);
#2213=CARTESIAN_POINT('',(29.,197.4562,9.8));
#2214=DIRECTION('',(0.,0.,-1.));
#2215=VECTOR('',#2214,4.2);
#2216=LINE('',#2213,#2215);
#2217=EDGE_CURVE('',#2204,#2212,#2216,.T.);
#2218=ORIENTED_EDGE('',*,*,#2217,.T.);
#2219=CARTESIAN_POINT('',(29.,194.8562,3.));
#2220=VERTEX_POINT('',#2219);
#2221=CARTESIAN_POINT('',(29.,194.8562,5.6));
#2222=DIRECTION('',(-1.,0.,0.));
#2223=DIRECTION('',(0.,0.,1.));
#2224=AXIS2_PLACEMENT_3D('',#2221,#2222,#2223);
#2225=CIRCLE('',#2224,2.6);
#2226=EDGE_CURVE('',#2212,#2220,#2225,.T.);
#2227=ORIENTED_EDGE('',*,*,#2226,.T.);
#2228=CARTESIAN_POINT('',(29.,192.2562,5.6));
#2229=VERTEX_POINT('',#2228);
#2230=CARTESIAN_POINT('',(29.,194.8562,5.6));
#2231=DIRECTION('',(-1.,0.,0.));
#2232=DIRECTION('',(0.,0.,1.));
#2233=AXIS2_PLACEMENT_3D('',#2230,#2231,#2232);
#2234=CIRCLE('',#2233,2.6);
#2235=EDGE_CURVE('',#2220,#2229,#2234,.T.);
#2236=ORIENTED_EDGE('',*,*,#2235,.T.);
#2237=CARTESIAN_POINT('',(29.,192.2562,9.8));
#2238=DIRECTION('',(0.,0.,-1.));
#2239=VECTOR('',#2238,4.2);
#2240=LINE('',#2237,#2239);
#2241=EDGE_CURVE('',#2149,#2229,#2240,.T.);
#2242=ORIENTED_EDGE('',*,*,#2241,.F.);
#2243=ORIENTED_EDGE('',*,*,#2156,.T.);
#2244=CARTESIAN_POINT('',(29.,185.5062,1.5));
#2245=DIRECTION('',(0.,0.,1.));
#2246=VECTOR('',#2245,8.3);
#2247=LINE('',#2244,#2246);
#2248=EDGE_CURVE('',#757,#2151,#2247,.T.);
#2249=ORIENTED_EDGE('',*,*,#2248,.F.);
#2250=EDGE_LOOP('',(#2194,#2202,#2210,#2218,#2227,#2236,#2242,#2243,#2249));
#2251=FACE_BOUND('',#2250,.T.);
#2252=ADVANCED_FACE('',(#2251),#2193,.F.);
#2253=CARTESIAN_POINT('',(0.,-45.7438,9.8));
#2254=DIRECTION('',(0.,0.,1.));
#2255=DIRECTION('',(1.,0.,0.));
#2256=AXIS2_PLACEMENT_3D('',#2253,#2254,#2255);
#2257=PLANE('',#2256);
#2258=CARTESIAN_POINT('',(246.8,185.5062,9.8));
#2259=VERTEX_POINT('',#2258);
#2260=CARTESIAN_POINT('',(246.8,189.4062,9.8));
#2261=VERTEX_POINT('',#2260);
#2262=CARTESIAN_POINT('',(246.8,185.5062,9.8));
#2263=DIRECTION('',(-0.,1.,0.));
#2264=VECTOR('',#2263,3.9);
#2265=LINE('',#2262,#2264);
#2266=EDGE_CURVE('',#2259,#2261,#2265,.T.);
#2267=ORIENTED_EDGE('',*,*,#2266,.T.);
#2268=CARTESIAN_POINT('',(245.,189.4062,9.8));
#2269=VERTEX_POINT('',#2268);
#2270=CARTESIAN_POINT('',(246.8,189.4062,9.8));
#2271=DIRECTION('',(-1.,-0.,0.));
#2272=VECTOR('',#2271,1.8);
#2273=LINE('',#2270,#2272);
#2274=EDGE_CURVE('',#2261,#2269,#2273,.T.);
#2275=ORIENTED_EDGE('',*,*,#2274,.T.);
#2276=CARTESIAN_POINT('',(245.,187.0062,9.8));
#2277=VERTEX_POINT('',#2276);
#2278=CARTESIAN_POINT('',(245.,189.4062,9.8));
#2279=DIRECTION('',(0.,-1.,0.));
#2280=VECTOR('',#2279,2.4);
#2281=LINE('',#2278,#2280);
#2282=EDGE_CURVE('',#2269,#2277,#2281,.T.);
#2283=ORIENTED_EDGE('',*,*,#2282,.T.);
#2284=CARTESIAN_POINT('',(245.,187.0062,9.8));
#2285=DIRECTION('',(-1.,-0.,0.));
#2286=VECTOR('',#2285,23.8);
#2287=LINE('',#2284,#2286);
#2288=EDGE_CURVE('',#2277,#1047,#2287,.T.);
#2289=ORIENTED_EDGE('',*,*,#2288,.T.);
#2290=ORIENTED_EDGE('',*,*,#1052,.F.);
#2291=CARTESIAN_POINT('',(220.,192.1562,9.8));
#2292=VERTEX_POINT('',#2291);
#2293=CARTESIAN_POINT('',(221.2,192.1562,9.8));
#2294=DIRECTION('',(-1.,-0.,0.));
#2295=VECTOR('',#2294,1.2);
#2296=LINE('',#2293,#2295);
#2297=EDGE_CURVE('',#1039,#2292,#2296,.T.);
#2298=ORIENTED_EDGE('',*,*,#2297,.T.);
#2299=CARTESIAN_POINT('',(220.,185.5062,9.8));
#2300=VERTEX_POINT('',#2299);
#2301=CARTESIAN_POINT('',(220.,185.5062,9.8));
#2302=DIRECTION('',(-0.,1.,0.));
#2303=VECTOR('',#2302,6.65);
#2304=LINE('',#2301,#2303);
#2305=EDGE_CURVE('',#2300,#2292,#2304,.T.);
#2306=ORIENTED_EDGE('',*,*,#2305,.F.);
#2307=CARTESIAN_POINT('',(246.8,185.5062,9.8));
#2308=DIRECTION('',(-1.,-0.,0.));
#2309=VECTOR('',#2308,26.8);
#2310=LINE('',#2307,#2309);
#2311=EDGE_CURVE('',#2259,#2300,#2310,.T.);
#2312=ORIENTED_EDGE('',*,*,#2311,.F.);
#2313=EDGE_LOOP('',(#2267,#2275,#2283,#2289,#2290,#2298,#2306,#2312));
#2314=FACE_BOUND('',#2313,.T.);
#2315=ADVANCED_FACE('',(#2314),#2257,.T.);
#2316=CARTESIAN_POINT('',(182.3,192.8312,11.625));
#2317=DIRECTION('',(1.,0.,0.));
#2318=DIRECTION('',(-0.,1.,0.));
#2319=AXIS2_PLACEMENT_3D('',#2316,#2317,#2318);
#2320=PLANE('',#2319);
#2321=ORIENTED_EDGE('',*,*,#698,.T.);
#2322=CARTESIAN_POINT('',(182.3,198.9062,5.1));
#2323=VERTEX_POINT('',#2322);
#2324=CARTESIAN_POINT('',(182.3,198.9062,5.1));
#2325=DIRECTION('',(0.,0.,-1.));
#2326=VECTOR('',#2325,3.6);
#2327=LINE('',#2324,#2326);
#2328=EDGE_CURVE('',#2323,#685,#2327,.T.);
#2329=ORIENTED_EDGE('',*,*,#2328,.F.);
#2330=CARTESIAN_POINT('',(182.3,195.4062,1.6));
#2331=VERTEX_POINT('',#2330);
#2332=CARTESIAN_POINT('',(182.3,195.4062,5.1));
#2333=DIRECTION('',(-1.,-0.,-0.));
#2334=DIRECTION('',(-0.,1.,0.));
#2335=AXIS2_PLACEMENT_3D('',#2332,#2333,#2334);
#2336=CIRCLE('',#2335,3.5);
#2337=EDGE_CURVE('',#2323,#2331,#2336,.T.);
#2338=ORIENTED_EDGE('',*,*,#2337,.T.);
#2339=CARTESIAN_POINT('',(182.3,191.9062,5.1));
#2340=VERTEX_POINT('',#2339);
#2341=CARTESIAN_POINT('',(182.3,195.4062,5.1));
#2342=DIRECTION('',(-1.,-0.,-0.));
#2343=DIRECTION('',(-0.,1.,0.));
#2344=AXIS2_PLACEMENT_3D('',#2341,#2342,#2343);
#2345=CIRCLE('',#2344,3.5);
#2346=EDGE_CURVE('',#2331,#2340,#2345,.T.);
#2347=ORIENTED_EDGE('',*,*,#2346,.T.);
#2348=CARTESIAN_POINT('',(182.3,191.9062,9.8));
#2349=VERTEX_POINT('',#2348);
#2350=CARTESIAN_POINT('',(182.3,191.9062,5.1));
#2351=DIRECTION('',(0.,0.,1.));
#2352=VECTOR('',#2351,4.7);
#2353=LINE('',#2350,#2352);
#2354=EDGE_CURVE('',#2340,#2349,#2353,.T.);
#2355=ORIENTED_EDGE('',*,*,#2354,.T.);
#2356=CARTESIAN_POINT('',(182.3,185.5062,9.8));
#2357=VERTEX_POINT('',#2356);
#2358=CARTESIAN_POINT('',(182.3,185.5062,9.8));
#2359=DIRECTION('',(-0.,1.,0.));
#2360=VECTOR('',#2359,6.4);
#2361=LINE('',#2358,#2360);
#2362=EDGE_CURVE('',#2357,#2349,#2361,.T.);
#2363=ORIENTED_EDGE('',*,*,#2362,.F.);
#2364=CARTESIAN_POINT('',(182.3,185.5062,9.8));
#2365=DIRECTION('',(0.,0.,-1.));
#2366=VECTOR('',#2365,8.3);
#2367=LINE('',#2364,#2366);
#2368=EDGE_CURVE('',#2357,#693,#2367,.T.);
#2369=ORIENTED_EDGE('',*,*,#2368,.T.);
#2370=EDGE_LOOP('',(#2321,#2329,#2338,#2347,#2355,#2363,#2369));
#2371=FACE_BOUND('',#2370,.T.);
#2372=ADVANCED_FACE('',(#2371),#2320,.T.);
#2373=CARTESIAN_POINT('',(220.,192.8312,11.625));
#2374=DIRECTION('',(1.,0.,0.));
#2375=DIRECTION('',(-0.,1.,0.));
#2376=AXIS2_PLACEMENT_3D('',#2373,#2374,#2375);
#2377=PLANE('',#2376);
#2378=ORIENTED_EDGE('',*,*,#2305,.T.);
#2379=CARTESIAN_POINT('',(220.,192.1562,5.7));
#2380=VERTEX_POINT('',#2379);
#2381=CARTESIAN_POINT('',(220.,192.1562,5.7));
#2382=DIRECTION('',(0.,0.,1.));
#2383=VECTOR('',#2382,4.1);
#2384=LINE('',#2381,#2383);
#2385=EDGE_CURVE('',#2380,#2292,#2384,.T.);
#2386=ORIENTED_EDGE('',*,*,#2385,.F.);
#2387=CARTESIAN_POINT('',(220.,194.8062,3.000463003));
#2388=VERTEX_POINT('',#2387);
#2389=CARTESIAN_POINT('',(220.,194.8562,5.7));
#2390=DIRECTION('',(1.,0.,0.));
#2391=DIRECTION('',(-0.,1.,0.));
#2392=AXIS2_PLACEMENT_3D('',#2389,#2390,#2391);
#2393=CIRCLE('',#2392,2.7);
#2394=EDGE_CURVE('',#2380,#2388,#2393,.T.);
#2395=ORIENTED_EDGE('',*,*,#2394,.T.);
#2396=CARTESIAN_POINT('',(220.,197.4562,5.7));
#2397=VERTEX_POINT('',#2396);
#2398=CARTESIAN_POINT('',(220.,194.7562,5.7));
#2399=DIRECTION('',(1.,0.,0.));
#2400=DIRECTION('',(-0.,1.,0.));
#2401=AXIS2_PLACEMENT_3D('',#2398,#2399,#2400);
#2402=CIRCLE('',#2401,2.7);
#2403=EDGE_CURVE('',#2388,#2397,#2402,.T.);
#2404=ORIENTED_EDGE('',*,*,#2403,.T.);
#2405=CARTESIAN_POINT('',(220.,197.4562,9.8));
#2406=VERTEX_POINT('',#2405);
#2407=CARTESIAN_POINT('',(220.,197.4562,5.7));
#2408=DIRECTION('',(0.,0.,1.));
#2409=VECTOR('',#2408,4.1);
#2410=LINE('',#2407,#2409);
#2411=EDGE_CURVE('',#2397,#2406,#2410,.T.);
#2412=ORIENTED_EDGE('',*,*,#2411,.T.);
#2413=CARTESIAN_POINT('',(220.,198.9062,9.8));
#2414=VERTEX_POINT('',#2413);
#2415=CARTESIAN_POINT('',(220.,197.4562,9.8));
#2416=DIRECTION('',(-0.,1.,0.));
#2417=VECTOR('',#2416,1.45);
#2418=LINE('',#2415,#2417);
#2419=EDGE_CURVE('',#2406,#2414,#2418,.T.);
#2420=ORIENTED_EDGE('',*,*,#2419,.T.);
#2421=CARTESIAN_POINT('',(220.,198.9062,9.8));
#2422=DIRECTION('',(0.,0.,-1.));
#2423=VECTOR('',#2422,8.3);
#2424=LINE('',#2421,#2423);
#2425=EDGE_CURVE('',#2414,#645,#2424,.T.);
#2426=ORIENTED_EDGE('',*,*,#2425,.T.);
#2427=ORIENTED_EDGE('',*,*,#650,.F.);
#2428=CARTESIAN_POINT('',(220.,185.5062,9.8));
#2429=DIRECTION('',(0.,0.,-1.));
#2430=VECTOR('',#2429,8.3);
#2431=LINE('',#2428,#2430);
#2432=EDGE_CURVE('',#2300,#637,#2431,.T.);
#2433=ORIENTED_EDGE('',*,*,#2432,.F.);
#2434=EDGE_LOOP('',(#2378,#2386,#2395,#2404,#2412,#2420,#2426,#2427,#2433));
#2435=FACE_BOUND('',#2434,.T.);
#2436=ADVANCED_FACE('',(#2435),#2377,.F.);
#2437=CARTESIAN_POINT('',(0.,-45.7438,9.8));
#2438=DIRECTION('',(0.,0.,1.));
#2439=DIRECTION('',(1.,0.,0.));
#2440=AXIS2_PLACEMENT_3D('',#2437,#2438,#2439);
#2441=PLANE('',#2440);
#2442=ORIENTED_EDGE('',*,*,#2362,.T.);
#2443=CARTESIAN_POINT('',(182.3,191.9062,9.8));
#2444=DIRECTION('',(-1.,-0.,0.));
#2445=VECTOR('',#2444,1.2);
#2446=LINE('',#2443,#2445);
#2447=EDGE_CURVE('',#2349,#1119,#2446,.T.);
#2448=ORIENTED_EDGE('',*,*,#2447,.T.);
#2449=ORIENTED_EDGE('',*,*,#1124,.F.);
#2450=CARTESIAN_POINT('',(174.076393202,187.0062,9.8));
#2451=VERTEX_POINT('',#2450);
#2452=CARTESIAN_POINT('',(181.1,187.0062,9.8));
#2453=DIRECTION('',(-1.,-0.,0.));
#2454=VECTOR('',#2453,7.023606798);
#2455=LINE('',#2452,#2454);
#2456=EDGE_CURVE('',#1111,#2451,#2455,.T.);
#2457=ORIENTED_EDGE('',*,*,#2456,.T.);
#2458=CARTESIAN_POINT('',(174.076393202,185.5062,9.8));
#2459=VERTEX_POINT('',#2458);
#2460=CARTESIAN_POINT('',(174.076393202,187.0062,9.8));
#2461=DIRECTION('',(-0.,-1.,-0.));
#2462=VECTOR('',#2461,1.5);
#2463=LINE('',#2460,#2462);
#2464=EDGE_CURVE('',#2451,#2459,#2463,.T.);
#2465=ORIENTED_EDGE('',*,*,#2464,.T.);
#2466=CARTESIAN_POINT('',(182.3,185.5062,9.8));
#2467=DIRECTION('',(-1.,-0.,0.));
#2468=VECTOR('',#2467,8.223606798);
#2469=LINE('',#2466,#2468);
#2470=EDGE_CURVE('',#2357,#2459,#2469,.T.);
#2471=ORIENTED_EDGE('',*,*,#2470,.F.);
#2472=EDGE_LOOP('',(#2442,#2448,#2449,#2457,#2465,#2471));
#2473=FACE_BOUND('',#2472,.T.);
#2474=ADVANCED_FACE('',(#2473),#2441,.T.);
#2475=CARTESIAN_POINT('',(100.,185.5062,0.60335315));
#2476=DIRECTION('',(-0.,1.,0.));
#2477=DIRECTION('',(-1.,-0.,0.));
#2478=AXIS2_PLACEMENT_3D('',#2475,#2476,#2477);
#2479=PLANE('',#2478);
#2480=CARTESIAN_POINT('',(239.1,185.5062,4.95));
#2481=VERTEX_POINT('',#2480);
#2482=CARTESIAN_POINT('',(239.1,185.5062,4.95));
#2483=DIRECTION('',(0.,0.,-1.));
#2484=VECTOR('',#2483,3.45);
#2485=LINE('',#2482,#2484);
#2486=EDGE_CURVE('',#2481,#629,#2485,.T.);
#2487=ORIENTED_EDGE('',*,*,#2486,.F.);
#2488=CARTESIAN_POINT('',(246.8,185.5062,4.95));
#2489=VERTEX_POINT('',#2488);
#2490=CARTESIAN_POINT('',(246.8,185.5062,4.95));
#2491=DIRECTION('',(-1.,0.,0.));
#2492=VECTOR('',#2491,7.7);
#2493=LINE('',#2490,#2492);
#2494=EDGE_CURVE('',#2489,#2481,#2493,.T.);
#2495=ORIENTED_EDGE('',*,*,#2494,.F.);
#2496=CARTESIAN_POINT('',(246.8,185.5062,9.8));
#2497=DIRECTION('',(0.,0.,-1.));
#2498=VECTOR('',#2497,4.85);
#2499=LINE('',#2496,#2498);
#2500=EDGE_CURVE('',#2259,#2489,#2499,.T.);
#2501=ORIENTED_EDGE('',*,*,#2500,.F.);
#2502=ORIENTED_EDGE('',*,*,#2311,.T.);
#2503=ORIENTED_EDGE('',*,*,#2432,.T.);
#2504=ORIENTED_EDGE('',*,*,#642,.F.);
#2505=EDGE_LOOP('',(#2487,#2495,#2501,#2502,#2503,#2504));
#2506=FACE_BOUND('',#2505,.T.);
#2507=ADVANCED_FACE('',(#2506),#2479,.F.);
#2508=CARTESIAN_POINT('',(100.,185.5062,0.60335315));
#2509=DIRECTION('',(-0.,1.,0.));
#2510=DIRECTION('',(-1.,-0.,0.));
#2511=AXIS2_PLACEMENT_3D('',#2508,#2509,#2510);
#2512=PLANE('',#2511);
#2513=ORIENTED_EDGE('',*,*,#706,.F.);
#2514=ORIENTED_EDGE('',*,*,#2368,.F.);
#2515=ORIENTED_EDGE('',*,*,#2470,.T.);
#2516=CARTESIAN_POINT('',(173.480108408,185.5062,9.533333333));
#2517=VERTEX_POINT('',#2516);
#2518=CARTESIAN_POINT('',(174.076393202,185.5062,9.));
#2519=DIRECTION('',(0.,-1.,-0.));
#2520=DIRECTION('',(-1.,-0.,0.));
#2521=AXIS2_PLACEMENT_3D('',#2518,#2519,#2520);
#2522=CIRCLE('',#2521,0.8);
#2523=EDGE_CURVE('',#2459,#2517,#2522,.T.);
#2524=ORIENTED_EDGE('',*,*,#2523,.T.);
#2525=CARTESIAN_POINT('',(173.2,185.5062,8.8));
#2526=VERTEX_POINT('',#2525);
#2527=CARTESIAN_POINT('',(174.3,185.5062,8.8));
#2528=DIRECTION('',(-0.,1.,0.));
#2529=DIRECTION('',(-1.,-0.,0.));
#2530=AXIS2_PLACEMENT_3D('',#2527,#2528,#2529);
#2531=CIRCLE('',#2530,1.1);
#2532=EDGE_CURVE('',#2526,#2517,#2531,.T.);
#2533=ORIENTED_EDGE('',*,*,#2532,.F.);
#2534=CARTESIAN_POINT('',(173.2,185.5062,8.4));
#2535=VERTEX_POINT('',#2534);
#2536=CARTESIAN_POINT('',(173.2,185.5062,8.4));
#2537=DIRECTION('',(0.,0.,1.));
#2538=VECTOR('',#2537,0.4);
#2539=LINE('',#2536,#2538);
#2540=EDGE_CURVE('',#2535,#2526,#2539,.T.);
#2541=ORIENTED_EDGE('',*,*,#2540,.F.);
#2542=CARTESIAN_POINT('',(174.2,185.5062,7.4));
#2543=VERTEX_POINT('',#2542);
#2544=CARTESIAN_POINT('',(174.2,185.5062,8.4));
#2545=DIRECTION('',(-0.,1.,0.));
#2546=DIRECTION('',(-1.,-0.,0.));
#2547=AXIS2_PLACEMENT_3D('',#2544,#2545,#2546);
#2548=CIRCLE('',#2547,1.);
#2549=EDGE_CURVE('',#2543,#2535,#2548,.T.);
#2550=ORIENTED_EDGE('',*,*,#2549,.F.);
#2551=CARTESIAN_POINT('',(175.15,185.5062,7.4));
#2552=VERTEX_POINT('',#2551);
#2553=CARTESIAN_POINT('',(175.15,185.5062,7.4));
#2554=DIRECTION('',(-1.,-0.,0.));
#2555=VECTOR('',#2554,0.95);
#2556=LINE('',#2553,#2555);
#2557=EDGE_CURVE('',#2552,#2543,#2556,.T.);
#2558=ORIENTED_EDGE('',*,*,#2557,.F.);
#2559=CARTESIAN_POINT('',(175.5,185.5062,6.923030399));
#2560=VERTEX_POINT('',#2559);
#2561=CARTESIAN_POINT('',(175.,185.5062,6.923030399));
#2562=DIRECTION('',(-0.,1.,0.));
#2563=DIRECTION('',(-1.,-0.,0.));
#2564=AXIS2_PLACEMENT_3D('',#2561,#2562,#2563);
#2565=CIRCLE('',#2564,0.5);
#2566=EDGE_CURVE('',#2552,#2560,#2565,.T.);
#2567=ORIENTED_EDGE('',*,*,#2566,.T.);
#2568=CARTESIAN_POINT('',(175.5,185.5062,5.25));
#2569=VERTEX_POINT('',#2568);
#2570=CARTESIAN_POINT('',(175.5,185.5062,5.25));
#2571=DIRECTION('',(0.,0.,1.));
#2572=VECTOR('',#2571,1.673030399);
#2573=LINE('',#2570,#2572);
#2574=EDGE_CURVE('',#2569,#2560,#2573,.T.);
#2575=ORIENTED_EDGE('',*,*,#2574,.F.);
#2576=CARTESIAN_POINT('',(175.,185.5062,4.75));
#2577=VERTEX_POINT('',#2576);
#2578=CARTESIAN_POINT('',(175.,185.5062,5.25));
#2579=DIRECTION('',(-0.,1.,0.));
#2580=DIRECTION('',(-1.,-0.,0.));
#2581=AXIS2_PLACEMENT_3D('',#2578,#2579,#2580);
#2582=CIRCLE('',#2581,0.5);
#2583=EDGE_CURVE('',#2569,#2577,#2582,.T.);
#2584=ORIENTED_EDGE('',*,*,#2583,.T.);
#2585=CARTESIAN_POINT('',(163.179999046,185.5062,4.75));
#2586=VERTEX_POINT('',#2585);
#2587=CARTESIAN_POINT('',(175.,185.5062,4.75));
#2588=DIRECTION('',(-1.,-0.,0.));
#2589=VECTOR('',#2588,11.820000954);
#2590=LINE('',#2587,#2589);
#2591=EDGE_CURVE('',#2577,#2586,#2590,.T.);
#2592=ORIENTED_EDGE('',*,*,#2591,.T.);
#2593=CARTESIAN_POINT('',(162.68,185.5062,5.25));
#2594=VERTEX_POINT('',#2593);
#2595=CARTESIAN_POINT('',(163.18,185.5062,5.25));
#2596=DIRECTION('',(-0.,1.,0.));
#2597=DIRECTION('',(-1.,-0.,0.));
#2598=AXIS2_PLACEMENT_3D('',#2595,#2596,#2597);
#2599=CIRCLE('',#2598,0.5);
#2600=EDGE_CURVE('',#2586,#2594,#2599,.T.);
#2601=ORIENTED_EDGE('',*,*,#2600,.T.);
#2602=CARTESIAN_POINT('',(162.68,185.5062,6.9));
#2603=VERTEX_POINT('',#2602);
#2604=CARTESIAN_POINT('',(162.68,185.5062,5.25));
#2605=DIRECTION('',(0.,0.,1.));
#2606=VECTOR('',#2605,1.65);
#2607=LINE('',#2604,#2606);
#2608=EDGE_CURVE('',#2594,#2603,#2607,.T.);
#2609=ORIENTED_EDGE('',*,*,#2608,.T.);
#2610=CARTESIAN_POINT('',(163.18,185.5062,7.4));
#2611=VERTEX_POINT('',#2610);
#2612=CARTESIAN_POINT('',(163.18,185.5062,6.9));
#2613=DIRECTION('',(-0.,1.,0.));
#2614=DIRECTION('',(-1.,-0.,0.));
#2615=AXIS2_PLACEMENT_3D('',#2612,#2613,#2614);
#2616=CIRCLE('',#2615,0.5);
#2617=EDGE_CURVE('',#2603,#2611,#2616,.T.);
#2618=ORIENTED_EDGE('',*,*,#2617,.T.);
#2619=CARTESIAN_POINT('',(163.93,185.5062,7.4));
#2620=VERTEX_POINT('',#2619);
#2621=CARTESIAN_POINT('',(163.93,185.5062,7.4));
#2622=DIRECTION('',(-1.,-0.,0.));
#2623=VECTOR('',#2622,0.75);
#2624=LINE('',#2621,#2623);
#2625=EDGE_CURVE('',#2620,#2611,#2624,.T.);
#2626=ORIENTED_EDGE('',*,*,#2625,.F.);
#2627=CARTESIAN_POINT('',(164.93,185.5062,8.4));
#2628=VERTEX_POINT('',#2627);
#2629=CARTESIAN_POINT('',(163.93,185.5062,8.4));
#2630=DIRECTION('',(-0.,1.,0.));
#2631=DIRECTION('',(-1.,-0.,0.));
#2632=AXIS2_PLACEMENT_3D('',#2629,#2630,#2631);
#2633=CIRCLE('',#2632,1.);
#2634=EDGE_CURVE('',#2628,#2620,#2633,.T.);
#2635=ORIENTED_EDGE('',*,*,#2634,.F.);
#2636=CARTESIAN_POINT('',(164.93,185.5062,9.024007472));
#2637=VERTEX_POINT('',#2636);
#2638=CARTESIAN_POINT('',(164.93,185.5062,8.4));
#2639=DIRECTION('',(0.,0.,1.));
#2640=VECTOR('',#2639,0.624007472);
#2641=LINE('',#2638,#2640);
#2642=EDGE_CURVE('',#2628,#2637,#2641,.T.);
#2643=ORIENTED_EDGE('',*,*,#2642,.T.);
#2644=CARTESIAN_POINT('',(164.130360305,185.5062,9.8));
#2645=VERTEX_POINT('',#2644);
#2646=CARTESIAN_POINT('',(164.130360305,185.5062,9.));
#2647=DIRECTION('',(0.,-1.,-0.));
#2648=DIRECTION('',(-1.,-0.,0.));
#2649=AXIS2_PLACEMENT_3D('',#2646,#2647,#2648);
#2650=CIRCLE('',#2649,0.8);
#2651=EDGE_CURVE('',#2637,#2645,#2650,.T.);
#2652=ORIENTED_EDGE('',*,*,#2651,.T.);
#2653=CARTESIAN_POINT('',(121.188141612,185.5062,9.8));
#2654=VERTEX_POINT('',#2653);
#2655=CARTESIAN_POINT('',(164.130360305,185.5062,9.8));
#2656=DIRECTION('',(-1.,-0.,0.));
#2657=VECTOR('',#2656,42.942218693);
#2658=LINE('',#2655,#2657);
#2659=EDGE_CURVE('',#2645,#2654,#2658,.T.);
#2660=ORIENTED_EDGE('',*,*,#2659,.T.);
#2661=CARTESIAN_POINT('',(120.9,185.5062,9.752627944));
#2662=VERTEX_POINT('',#2661);
#2663=CARTESIAN_POINT('',(121.188141612,185.5062,8.9));
#2664=DIRECTION('',(0.,-1.,-0.));
#2665=DIRECTION('',(-1.,-0.,0.));
#2666=AXIS2_PLACEMENT_3D('',#2663,#2664,#2665);
#2667=CIRCLE('',#2666,0.9);
#2668=EDGE_CURVE('',#2654,#2662,#2667,.T.);
#2669=ORIENTED_EDGE('',*,*,#2668,.T.);
#2670=CARTESIAN_POINT('',(120.5,185.5062,9.059807621));
#2671=VERTEX_POINT('',#2670);
#2672=CARTESIAN_POINT('',(121.3,185.5062,9.059807621));
#2673=DIRECTION('',(0.,-1.,-0.));
#2674=DIRECTION('',(-1.,-0.,0.));
#2675=AXIS2_PLACEMENT_3D('',#2672,#2673,#2674);
#2676=CIRCLE('',#2675,0.8);
#2677=EDGE_CURVE('',#2662,#2671,#2676,.T.);
#2678=ORIENTED_EDGE('',*,*,#2677,.T.);
#2679=CARTESIAN_POINT('',(120.5,185.5062,8.4));
#2680=VERTEX_POINT('',#2679);
#2681=CARTESIAN_POINT('',(120.5,185.5062,8.4));
#2682=DIRECTION('',(0.,0.,1.));
#2683=VECTOR('',#2682,0.659807621);
#2684=LINE('',#2681,#2683);
#2685=EDGE_CURVE('',#2680,#2671,#2684,.T.);
#2686=ORIENTED_EDGE('',*,*,#2685,.F.);
#2687=CARTESIAN_POINT('',(121.5,185.5062,7.4));
#2688=VERTEX_POINT('',#2687);
#2689=CARTESIAN_POINT('',(121.5,185.5062,8.4));
#2690=DIRECTION('',(-0.,1.,0.));
#2691=DIRECTION('',(-1.,-0.,0.));
#2692=AXIS2_PLACEMENT_3D('',#2689,#2690,#2691);
#2693=CIRCLE('',#2692,1.);
#2694=EDGE_CURVE('',#2688,#2680,#2693,.T.);
#2695=ORIENTED_EDGE('',*,*,#2694,.F.);
#2696=CARTESIAN_POINT('',(122.25,185.5062,7.4));
#2697=VERTEX_POINT('',#2696);
#2698=CARTESIAN_POINT('',(122.25,185.5062,7.4));
#2699=DIRECTION('',(-1.,-0.,0.));
#2700=VECTOR('',#2699,0.75);
#2701=LINE('',#2698,#2700);
#2702=EDGE_CURVE('',#2697,#2688,#2701,.T.);
#2703=ORIENTED_EDGE('',*,*,#2702,.F.);
#2704=CARTESIAN_POINT('',(122.75,185.5062,6.9));
#2705=VERTEX_POINT('',#2704);
#2706=CARTESIAN_POINT('',(122.25,185.5062,6.9));
#2707=DIRECTION('',(-0.,1.,0.));
#2708=DIRECTION('',(-1.,-0.,0.));
#2709=AXIS2_PLACEMENT_3D('',#2706,#2707,#2708);
#2710=CIRCLE('',#2709,0.5);
#2711=EDGE_CURVE('',#2697,#2705,#2710,.T.);
#2712=ORIENTED_EDGE('',*,*,#2711,.T.);
#2713=CARTESIAN_POINT('',(122.75,185.5062,5.25));
#2714=VERTEX_POINT('',#2713);
#2715=CARTESIAN_POINT('',(122.75,185.5062,5.25));
#2716=DIRECTION('',(0.,0.,1.));
#2717=VECTOR('',#2716,1.65);
#2718=LINE('',#2715,#2717);
#2719=EDGE_CURVE('',#2714,#2705,#2718,.T.);
#2720=ORIENTED_EDGE('',*,*,#2719,.F.);
#2721=CARTESIAN_POINT('',(122.25,185.5062,4.75));
#2722=VERTEX_POINT('',#2721);
#2723=CARTESIAN_POINT('',(122.25,185.5062,5.25));
#2724=DIRECTION('',(-0.,1.,0.));
#2725=DIRECTION('',(-1.,-0.,0.));
#2726=AXIS2_PLACEMENT_3D('',#2723,#2724,#2725);
#2727=CIRCLE('',#2726,0.5);
#2728=EDGE_CURVE('',#2714,#2722,#2727,.T.);
#2729=ORIENTED_EDGE('',*,*,#2728,.T.);
#2730=CARTESIAN_POINT('',(110.449999047,185.5062,4.75));
#2731=VERTEX_POINT('',#2730);
#2732=CARTESIAN_POINT('',(122.25,185.5062,4.75));
#2733=DIRECTION('',(-1.,-0.,0.));
#2734=VECTOR('',#2733,11.800000953);
#2735=LINE('',#2732,#2734);
#2736=EDGE_CURVE('',#2722,#2731,#2735,.T.);
#2737=ORIENTED_EDGE('',*,*,#2736,.T.);
#2738=CARTESIAN_POINT('',(109.95,185.5062,5.25));
#2739=VERTEX_POINT('',#2738);
#2740=CARTESIAN_POINT('',(110.45,185.5062,5.25));
#2741=DIRECTION('',(-0.,1.,0.));
#2742=DIRECTION('',(-1.,-0.,0.));
#2743=AXIS2_PLACEMENT_3D('',#2740,#2741,#2742);
#2744=CIRCLE('',#2743,0.5);
#2745=EDGE_CURVE('',#2731,#2739,#2744,.T.);
#2746=ORIENTED_EDGE('',*,*,#2745,.T.);
#2747=CARTESIAN_POINT('',(109.95,185.5062,6.9));
#2748=VERTEX_POINT('',#2747);
#2749=CARTESIAN_POINT('',(109.95,185.5062,5.25));
#2750=DIRECTION('',(0.,0.,1.));
#2751=VECTOR('',#2750,1.65);
#2752=LINE('',#2749,#2751);
#2753=EDGE_CURVE('',#2739,#2748,#2752,.T.);
#2754=ORIENTED_EDGE('',*,*,#2753,.T.);
#2755=CARTESIAN_POINT('',(110.45,185.5062,7.4));
#2756=VERTEX_POINT('',#2755);
#2757=CARTESIAN_POINT('',(110.45,185.5062,6.9));
#2758=DIRECTION('',(-0.,1.,0.));
#2759=DIRECTION('',(-1.,-0.,0.));
#2760=AXIS2_PLACEMENT_3D('',#2757,#2758,#2759);
#2761=CIRCLE('',#2760,0.5);
#2762=EDGE_CURVE('',#2748,#2756,#2761,.T.);
#2763=ORIENTED_EDGE('',*,*,#2762,.T.);
#2764=CARTESIAN_POINT('',(111.2,185.5062,7.4));
#2765=VERTEX_POINT('',#2764);
#2766=CARTESIAN_POINT('',(111.2,185.5062,7.4));
#2767=DIRECTION('',(-1.,-0.,0.));
#2768=VECTOR('',#2767,0.75);
#2769=LINE('',#2766,#2768);
#2770=EDGE_CURVE('',#2765,#2756,#2769,.T.);
#2771=ORIENTED_EDGE('',*,*,#2770,.F.);
#2772=CARTESIAN_POINT('',(112.2,185.5062,8.4));
#2773=VERTEX_POINT('',#2772);
#2774=CARTESIAN_POINT('',(111.2,185.5062,8.4));
#2775=DIRECTION('',(-0.,1.,0.));
#2776=DIRECTION('',(-1.,-0.,0.));
#2777=AXIS2_PLACEMENT_3D('',#2774,#2775,#2776);
#2778=CIRCLE('',#2777,1.);
#2779=EDGE_CURVE('',#2773,#2765,#2778,.T.);
#2780=ORIENTED_EDGE('',*,*,#2779,.F.);
#2781=CARTESIAN_POINT('',(112.2,185.5062,9.099222582));
#2782=VERTEX_POINT('',#2781);
#2783=CARTESIAN_POINT('',(112.2,185.5062,8.4));
#2784=DIRECTION('',(0.,0.,1.));
#2785=VECTOR('',#2784,0.699222582);
#2786=LINE('',#2783,#2785);
#2787=EDGE_CURVE('',#2773,#2782,#2786,.T.);
#2788=ORIENTED_EDGE('',*,*,#2787,.T.);
#2789=CARTESIAN_POINT('',(111.322326733,185.5062,9.8));
#2790=VERTEX_POINT('',#2789);
#2791=CARTESIAN_POINT('',(111.322326733,185.5062,8.9));
#2792=DIRECTION('',(0.,-1.,-0.));
#2793=DIRECTION('',(-1.,-0.,0.));
#2794=AXIS2_PLACEMENT_3D('',#2791,#2792,#2793);
#2795=CIRCLE('',#2794,0.9);
#2796=EDGE_CURVE('',#2782,#2790,#2795,.T.);
#2797=ORIENTED_EDGE('',*,*,#2796,.T.);
#2798=CARTESIAN_POINT('',(69.628010147,185.5062,9.8));
#2799=VERTEX_POINT('',#2798);
#2800=CARTESIAN_POINT('',(111.322326733,185.5062,9.8));
#2801=DIRECTION('',(-1.,-0.,0.));
#2802=VECTOR('',#2801,41.694316587);
#2803=LINE('',#2800,#2802);
#2804=EDGE_CURVE('',#2790,#2799,#2803,.T.);
#2805=ORIENTED_EDGE('',*,*,#2804,.T.);
#2806=CARTESIAN_POINT('',(69.02604566,185.5062,9.457265667));
#2807=VERTEX_POINT('',#2806);
#2808=CARTESIAN_POINT('',(69.628010147,185.5062,9.1));
#2809=DIRECTION('',(0.,-1.,-0.));
#2810=DIRECTION('',(-1.,-0.,0.));
#2811=AXIS2_PLACEMENT_3D('',#2808,#2809,#2810);
#2812=CIRCLE('',#2811,0.7);
#2813=EDGE_CURVE('',#2799,#2807,#2812,.T.);
#2814=ORIENTED_EDGE('',*,*,#2813,.T.);
#2815=CARTESIAN_POINT('',(68.9,185.5062,8.997924095));
#2816=VERTEX_POINT('',#2815);
#2817=CARTESIAN_POINT('',(69.8,185.5062,8.997924095));
#2818=DIRECTION('',(0.,-1.,-0.));
#2819=DIRECTION('',(-1.,-0.,0.));
#2820=AXIS2_PLACEMENT_3D('',#2817,#2818,#2819);
#2821=CIRCLE('',#2820,0.9);
#2822=EDGE_CURVE('',#2807,#2816,#2821,.T.);
#2823=ORIENTED_EDGE('',*,*,#2822,.T.);
#2824=CARTESIAN_POINT('',(68.9,185.5062,8.4));
#2825=VERTEX_POINT('',#2824);
#2826=CARTESIAN_POINT('',(68.9,185.5062,8.4));
#2827=DIRECTION('',(0.,0.,1.));
#2828=VECTOR('',#2827,0.597924095);
#2829=LINE('',#2826,#2828);
#2830=EDGE_CURVE('',#2825,#2816,#2829,.T.);
#2831=ORIENTED_EDGE('',*,*,#2830,.F.);
#2832=CARTESIAN_POINT('',(69.9,185.5062,7.4));
#2833=VERTEX_POINT('',#2832);
#2834=CARTESIAN_POINT('',(69.9,185.5062,8.4));
#2835=DIRECTION('',(-0.,1.,0.));
#2836=DIRECTION('',(-1.,-0.,0.));
#2837=AXIS2_PLACEMENT_3D('',#2834,#2835,#2836);
#2838=CIRCLE('',#2837,1.);
#2839=EDGE_CURVE('',#2833,#2825,#2838,.T.);
#2840=ORIENTED_EDGE('',*,*,#2839,.F.);
#2841=CARTESIAN_POINT('',(70.65,185.5062,7.4));
#2842=VERTEX_POINT('',#2841);
#2843=CARTESIAN_POINT('',(70.65,185.5062,7.4));
#2844=DIRECTION('',(-1.,-0.,0.));
#2845=VECTOR('',#2844,0.75);
#2846=LINE('',#2843,#2845);
#2847=EDGE_CURVE('',#2842,#2833,#2846,.T.);
#2848=ORIENTED_EDGE('',*,*,#2847,.F.);
#2849=CARTESIAN_POINT('',(71.15,185.5062,6.9));
#2850=VERTEX_POINT('',#2849);
#2851=CARTESIAN_POINT('',(70.65,185.5062,6.9));
#2852=DIRECTION('',(-0.,1.,0.));
#2853=DIRECTION('',(-1.,-0.,0.));
#2854=AXIS2_PLACEMENT_3D('',#2851,#2852,#2853);
#2855=CIRCLE('',#2854,0.5);
#2856=EDGE_CURVE('',#2842,#2850,#2855,.T.);
#2857=ORIENTED_EDGE('',*,*,#2856,.T.);
#2858=CARTESIAN_POINT('',(71.15,185.5062,5.25));
#2859=VERTEX_POINT('',#2858);
#2860=CARTESIAN_POINT('',(71.15,185.5062,5.25));
#2861=DIRECTION('',(0.,0.,1.));
#2862=VECTOR('',#2861,1.65);
#2863=LINE('',#2860,#2862);
#2864=EDGE_CURVE('',#2859,#2850,#2863,.T.);
#2865=ORIENTED_EDGE('',*,*,#2864,.F.);
#2866=CARTESIAN_POINT('',(70.65,185.5062,4.75));
#2867=VERTEX_POINT('',#2866);
#2868=CARTESIAN_POINT('',(70.65,185.5062,5.25));
#2869=DIRECTION('',(-0.,1.,0.));
#2870=DIRECTION('',(-1.,-0.,0.));
#2871=AXIS2_PLACEMENT_3D('',#2868,#2869,#2870);
#2872=CIRCLE('',#2871,0.5);
#2873=EDGE_CURVE('',#2859,#2867,#2872,.T.);
#2874=ORIENTED_EDGE('',*,*,#2873,.T.);
#2875=CARTESIAN_POINT('',(58.85,185.5062,4.75));
#2876=VERTEX_POINT('',#2875);
#2877=CARTESIAN_POINT('',(58.85,185.5062,4.75));
#2878=DIRECTION('',(1.,0.,0.));
#2879=VECTOR('',#2878,11.8);
#2880=LINE('',#2877,#2879);
#2881=EDGE_CURVE('',#2876,#2867,#2880,.T.);
#2882=ORIENTED_EDGE('',*,*,#2881,.F.);
#2883=CARTESIAN_POINT('',(58.35,185.5062,5.25));
#2884=VERTEX_POINT('',#2883);
#2885=CARTESIAN_POINT('',(58.85,185.5062,5.25));
#2886=DIRECTION('',(-0.,1.,0.));
#2887=DIRECTION('',(-1.,-0.,0.));
#2888=AXIS2_PLACEMENT_3D('',#2885,#2886,#2887);
#2889=CIRCLE('',#2888,0.5);
#2890=EDGE_CURVE('',#2876,#2884,#2889,.T.);
#2891=ORIENTED_EDGE('',*,*,#2890,.T.);
#2892=CARTESIAN_POINT('',(58.35,185.5062,6.9));
#2893=VERTEX_POINT('',#2892);
#2894=CARTESIAN_POINT('',(58.35,185.5062,5.25));
#2895=DIRECTION('',(0.,0.,1.));
#2896=VECTOR('',#2895,1.65);
#2897=LINE('',#2894,#2896);
#2898=EDGE_CURVE('',#2884,#2893,#2897,.T.);
#2899=ORIENTED_EDGE('',*,*,#2898,.T.);
#2900=CARTESIAN_POINT('',(58.85,185.5062,7.4));
#2901=VERTEX_POINT('',#2900);
#2902=CARTESIAN_POINT('',(58.85,185.5062,6.9));
#2903=DIRECTION('',(-0.,1.,0.));
#2904=DIRECTION('',(-1.,-0.,0.));
#2905=AXIS2_PLACEMENT_3D('',#2902,#2903,#2904);
#2906=CIRCLE('',#2905,0.5);
#2907=EDGE_CURVE('',#2893,#2901,#2906,.T.);
#2908=ORIENTED_EDGE('',*,*,#2907,.T.);
#2909=CARTESIAN_POINT('',(59.6,185.5062,7.4));
#2910=VERTEX_POINT('',#2909);
#2911=CARTESIAN_POINT('',(59.6,185.5062,7.4));
#2912=DIRECTION('',(-1.,-0.,0.));
#2913=VECTOR('',#2912,0.75);
#2914=LINE('',#2911,#2913);
#2915=EDGE_CURVE('',#2910,#2901,#2914,.T.);
#2916=ORIENTED_EDGE('',*,*,#2915,.F.);
#2917=CARTESIAN_POINT('',(60.6,185.5062,8.4));
#2918=VERTEX_POINT('',#2917);
#2919=CARTESIAN_POINT('',(59.6,185.5062,8.4));
#2920=DIRECTION('',(-0.,1.,0.));
#2921=DIRECTION('',(-1.,-0.,0.));
#2922=AXIS2_PLACEMENT_3D('',#2919,#2920,#2921);
#2923=CIRCLE('',#2922,1.);
#2924=EDGE_CURVE('',#2918,#2910,#2923,.T.);
#2925=ORIENTED_EDGE('',*,*,#2924,.F.);
#2926=CARTESIAN_POINT('',(60.6,185.5062,9.099222582));
#2927=VERTEX_POINT('',#2926);
#2928=CARTESIAN_POINT('',(60.6,185.5062,8.4));
#2929=DIRECTION('',(0.,0.,1.));
#2930=VECTOR('',#2929,0.699222582);
#2931=LINE('',#2928,#2930);
#2932=EDGE_CURVE('',#2918,#2927,#2931,.T.);
#2933=ORIENTED_EDGE('',*,*,#2932,.T.);
#2934=CARTESIAN_POINT('',(60.599975824,185.5062,9.105441925));
#2935=VERTEX_POINT('',#2934);
#2936=CARTESIAN_POINT('',(59.8,185.5062,9.099222582));
#2937=DIRECTION('',(0.,-1.,-0.));
#2938=DIRECTION('',(-1.,-0.,0.));
#2939=AXIS2_PLACEMENT_3D('',#2936,#2937,#2938);
#2940=CIRCLE('',#2939,0.8);
#2941=EDGE_CURVE('',#2927,#2935,#2940,.T.);
#2942=ORIENTED_EDGE('',*,*,#2941,.T.);
#2943=CARTESIAN_POINT('',(59.899996978,185.5062,9.1));
#2944=DIRECTION('',(0.,-1.,-0.));
#2945=DIRECTION('',(-1.,-0.,0.));
#2946=AXIS2_PLACEMENT_3D('',#2943,#2944,#2945);
#2947=CIRCLE('',#2946,0.7);
#2948=EDGE_CURVE('',#2935,#2063,#2947,.T.);
#2949=ORIENTED_EDGE('',*,*,#2948,.T.);
#2950=ORIENTED_EDGE('',*,*,#2068,.T.);
#2951=ORIENTED_EDGE('',*,*,#2138,.F.);
#2952=EDGE_LOOP('',(#2513,#2514,#2515,#2524,#2533,#2541,#2550,#2558,#2567,#2575,#2584,#2592,#2601,#2609,#2618,#2626,#2635,#2643,#2652,#2660,#2669,#2678,#2686,#2695,#2703,#2712,
#2720,#2729,#2737,#2746,#2754,#2763,#2771,#2780,#2788,#2797,#2805,#2814,#2823,#2831,#2840,#2848,#2857,#2865,#2874,#2882,#2891,#2899,#2908,#2916,#2925,
#2933,#2942,#2949,#2950,#2951));
#2953=FACE_BOUND('',#2952,.T.);
#2954=ADVANCED_FACE('',(#2953),#2512,.F.);
#2955=CARTESIAN_POINT('',(100.,187.0062,0.60335315));
#2956=DIRECTION('',(-0.,1.,0.));
#2957=DIRECTION('',(-1.,-0.,0.));
#2958=AXIS2_PLACEMENT_3D('',#2955,#2956,#2957);
#2959=PLANE('',#2958);
#2960=CARTESIAN_POINT('',(175.5,187.0062,5.25));
#2961=VERTEX_POINT('',#2960);
#2962=CARTESIAN_POINT('',(175.,187.0062,4.75));
#2963=VERTEX_POINT('',#2962);
#2964=CARTESIAN_POINT('',(175.,187.0062,5.25));
#2965=DIRECTION('',(-0.,1.,0.));
#2966=DIRECTION('',(-1.,-0.,0.));
#2967=AXIS2_PLACEMENT_3D('',#2964,#2965,#2966);
#2968=CIRCLE('',#2967,0.5);
#2969=EDGE_CURVE('',#2961,#2963,#2968,.T.);
#2970=ORIENTED_EDGE('',*,*,#2969,.F.);
#2971=CARTESIAN_POINT('',(175.5,187.0062,6.923030399));
#2972=VERTEX_POINT('',#2971);
#2973=CARTESIAN_POINT('',(175.5,187.0062,5.25));
#2974=DIRECTION('',(0.,0.,1.));
#2975=VECTOR('',#2974,1.673030399);
#2976=LINE('',#2973,#2975);
#2977=EDGE_CURVE('',#2961,#2972,#2976,.T.);
#2978=ORIENTED_EDGE('',*,*,#2977,.T.);
#2979=CARTESIAN_POINT('',(175.15,187.0062,7.4));
#2980=VERTEX_POINT('',#2979);
#2981=CARTESIAN_POINT('',(175.,187.0062,6.923030399));
#2982=DIRECTION('',(0.,-1.,-0.));
#2983=DIRECTION('',(-1.,-0.,0.));
#2984=AXIS2_PLACEMENT_3D('',#2981,#2982,#2983);
#2985=CIRCLE('',#2984,0.5);
#2986=EDGE_CURVE('',#2972,#2980,#2985,.T.);
#2987=ORIENTED_EDGE('',*,*,#2986,.T.);
#2988=CARTESIAN_POINT('',(174.2,187.0062,7.4));
#2989=VERTEX_POINT('',#2988);
#2990=CARTESIAN_POINT('',(175.15,187.0062,7.4));
#2991=DIRECTION('',(-1.,-0.,0.));
#2992=VECTOR('',#2991,0.95);
#2993=LINE('',#2990,#2992);
#2994=EDGE_CURVE('',#2980,#2989,#2993,.T.);
#2995=ORIENTED_EDGE('',*,*,#2994,.T.);
#2996=CARTESIAN_POINT('',(173.2,187.0062,8.4));
#2997=VERTEX_POINT('',#2996);
#2998=CARTESIAN_POINT('',(174.2,187.0062,8.4));
#2999=DIRECTION('',(-0.,1.,0.));
#3000=DIRECTION('',(-1.,-0.,0.));
#3001=AXIS2_PLACEMENT_3D('',#2998,#2999,#3000);
#3002=CIRCLE('',#3001,1.);
#3003=EDGE_CURVE('',#2989,#2997,#3002,.T.);
#3004=ORIENTED_EDGE('',*,*,#3003,.T.);
#3005=CARTESIAN_POINT('',(173.2,187.0062,8.8));
#3006=VERTEX_POINT('',#3005);
#3007=CARTESIAN_POINT('',(173.2,187.0062,8.4));
#3008=DIRECTION('',(0.,0.,1.));
#3009=VECTOR('',#3008,0.4);
#3010=LINE('',#3007,#3009);
#3011=EDGE_CURVE('',#2997,#3006,#3010,.T.);
#3012=ORIENTED_EDGE('',*,*,#3011,.T.);
#3013=CARTESIAN_POINT('',(173.480108408,187.0062,9.533333333));
#3014=VERTEX_POINT('',#3013);
#3015=CARTESIAN_POINT('',(174.3,187.0062,8.8));
#3016=DIRECTION('',(0.,-1.,-0.));
#3017=DIRECTION('',(-1.,-0.,0.));
#3018=AXIS2_PLACEMENT_3D('',#3015,#3016,#3017);
#3019=CIRCLE('',#3018,1.1);
#3020=EDGE_CURVE('',#3014,#3006,#3019,.T.);
#3021=ORIENTED_EDGE('',*,*,#3020,.F.);
#3022=CARTESIAN_POINT('',(174.076393202,187.0062,9.));
#3023=DIRECTION('',(-0.,1.,0.));
#3024=DIRECTION('',(-1.,-0.,0.));
#3025=AXIS2_PLACEMENT_3D('',#3022,#3023,#3024);
#3026=CIRCLE('',#3025,0.8);
#3027=EDGE_CURVE('',#3014,#2451,#3026,.T.);
#3028=ORIENTED_EDGE('',*,*,#3027,.T.);
#3029=ORIENTED_EDGE('',*,*,#2456,.F.);
#3030=ORIENTED_EDGE('',*,*,#1116,.T.);
#3031=ORIENTED_EDGE('',*,*,#1942,.F.);
#3032=ORIENTED_EDGE('',*,*,#1366,.T.);
#3033=ORIENTED_EDGE('',*,*,#2043,.F.);
#3034=CARTESIAN_POINT('',(60.599975824,187.0062,9.105441925));
#3035=VERTEX_POINT('',#3034);
#3036=CARTESIAN_POINT('',(59.899996978,187.0062,9.1));
#3037=DIRECTION('',(-0.,1.,0.));
#3038=DIRECTION('',(-1.,-0.,0.));
#3039=AXIS2_PLACEMENT_3D('',#3036,#3037,#3038);
#3040=CIRCLE('',#3039,0.7);
#3041=EDGE_CURVE('',#2038,#3035,#3040,.T.);
#3042=ORIENTED_EDGE('',*,*,#3041,.T.);
#3043=CARTESIAN_POINT('',(60.6,187.0062,9.099222582));
#3044=VERTEX_POINT('',#3043);
#3045=CARTESIAN_POINT('',(59.8,187.0062,9.099222582));
#3046=DIRECTION('',(-0.,1.,0.));
#3047=DIRECTION('',(-1.,-0.,0.));
#3048=AXIS2_PLACEMENT_3D('',#3045,#3046,#3047);
#3049=CIRCLE('',#3048,0.8);
#3050=EDGE_CURVE('',#3035,#3044,#3049,.T.);
#3051=ORIENTED_EDGE('',*,*,#3050,.T.);
#3052=CARTESIAN_POINT('',(60.6,187.0062,8.4));
#3053=VERTEX_POINT('',#3052);
#3054=CARTESIAN_POINT('',(60.6,187.0062,8.4));
#3055=DIRECTION('',(0.,0.,1.));
#3056=VECTOR('',#3055,0.699222582);
#3057=LINE('',#3054,#3056);
#3058=EDGE_CURVE('',#3053,#3044,#3057,.T.);
#3059=ORIENTED_EDGE('',*,*,#3058,.F.);
#3060=CARTESIAN_POINT('',(59.6,187.0062,7.4));
#3061=VERTEX_POINT('',#3060);
#3062=CARTESIAN_POINT('',(59.6,187.0062,8.4));
#3063=DIRECTION('',(-0.,1.,0.));
#3064=DIRECTION('',(-1.,-0.,0.));
#3065=AXIS2_PLACEMENT_3D('',#3062,#3063,#3064);
#3066=CIRCLE('',#3065,1.);
#3067=EDGE_CURVE('',#3053,#3061,#3066,.T.);
#3068=ORIENTED_EDGE('',*,*,#3067,.T.);
#3069=CARTESIAN_POINT('',(58.85,187.0062,7.4));
#3070=VERTEX_POINT('',#3069);
#3071=CARTESIAN_POINT('',(59.6,187.0062,7.4));
#3072=DIRECTION('',(-1.,-0.,0.));
#3073=VECTOR('',#3072,0.75);
#3074=LINE('',#3071,#3073);
#3075=EDGE_CURVE('',#3061,#3070,#3074,.T.);
#3076=ORIENTED_EDGE('',*,*,#3075,.T.);
#3077=CARTESIAN_POINT('',(58.35,187.0062,6.9));
#3078=VERTEX_POINT('',#3077);
#3079=CARTESIAN_POINT('',(58.85,187.0062,6.9));
#3080=DIRECTION('',(-0.,1.,0.));
#3081=DIRECTION('',(-1.,-0.,0.));
#3082=AXIS2_PLACEMENT_3D('',#3079,#3080,#3081);
#3083=CIRCLE('',#3082,0.5);
#3084=EDGE_CURVE('',#3078,#3070,#3083,.T.);
#3085=ORIENTED_EDGE('',*,*,#3084,.F.);
#3086=CARTESIAN_POINT('',(58.35,187.0062,5.25));
#3087=VERTEX_POINT('',#3086);
#3088=CARTESIAN_POINT('',(58.35,187.0062,5.25));
#3089=DIRECTION('',(0.,0.,1.));
#3090=VECTOR('',#3089,1.65);
#3091=LINE('',#3088,#3090);
#3092=EDGE_CURVE('',#3087,#3078,#3091,.T.);
#3093=ORIENTED_EDGE('',*,*,#3092,.F.);
#3094=CARTESIAN_POINT('',(58.85,187.0062,4.75));
#3095=VERTEX_POINT('',#3094);
#3096=CARTESIAN_POINT('',(58.85,187.0062,5.25));
#3097=DIRECTION('',(-0.,1.,0.));
#3098=DIRECTION('',(-1.,-0.,0.));
#3099=AXIS2_PLACEMENT_3D('',#3096,#3097,#3098);
#3100=CIRCLE('',#3099,0.5);
#3101=EDGE_CURVE('',#3095,#3087,#3100,.T.);
#3102=ORIENTED_EDGE('',*,*,#3101,.F.);
#3103=CARTESIAN_POINT('',(70.65,187.0062,4.75));
#3104=VERTEX_POINT('',#3103);
#3105=CARTESIAN_POINT('',(58.85,187.0062,4.75));
#3106=DIRECTION('',(1.,0.,0.));
#3107=VECTOR('',#3106,11.8);
#3108=LINE('',#3105,#3107);
#3109=EDGE_CURVE('',#3095,#3104,#3108,.T.);
#3110=ORIENTED_EDGE('',*,*,#3109,.T.);
#3111=CARTESIAN_POINT('',(71.15,187.0062,5.25));
#3112=VERTEX_POINT('',#3111);
#3113=CARTESIAN_POINT('',(70.65,187.0062,5.25));
#3114=DIRECTION('',(-0.,1.,0.));
#3115=DIRECTION('',(-1.,-0.,0.));
#3116=AXIS2_PLACEMENT_3D('',#3113,#3114,#3115);
#3117=CIRCLE('',#3116,0.5);
#3118=EDGE_CURVE('',#3112,#3104,#3117,.T.);
#3119=ORIENTED_EDGE('',*,*,#3118,.F.);
#3120=CARTESIAN_POINT('',(71.15,187.0062,6.9));
#3121=VERTEX_POINT('',#3120);
#3122=CARTESIAN_POINT('',(71.15,187.0062,5.25));
#3123=DIRECTION('',(0.,0.,1.));
#3124=VECTOR('',#3123,1.65);
#3125=LINE('',#3122,#3124);
#3126=EDGE_CURVE('',#3112,#3121,#3125,.T.);
#3127=ORIENTED_EDGE('',*,*,#3126,.T.);
#3128=CARTESIAN_POINT('',(70.65,187.0062,7.4));
#3129=VERTEX_POINT('',#3128);
#3130=CARTESIAN_POINT('',(70.65,187.0062,6.9));
#3131=DIRECTION('',(-0.,1.,0.));
#3132=DIRECTION('',(-1.,-0.,0.));
#3133=AXIS2_PLACEMENT_3D('',#3130,#3131,#3132);
#3134=CIRCLE('',#3133,0.5);
#3135=EDGE_CURVE('',#3129,#3121,#3134,.T.);
#3136=ORIENTED_EDGE('',*,*,#3135,.F.);
#3137=CARTESIAN_POINT('',(69.9,187.0062,7.4));
#3138=VERTEX_POINT('',#3137);
#3139=CARTESIAN_POINT('',(70.65,187.0062,7.4));
#3140=DIRECTION('',(-1.,-0.,0.));
#3141=VECTOR('',#3140,0.75);
#3142=LINE('',#3139,#3141);
#3143=EDGE_CURVE('',#3129,#3138,#3142,.T.);
#3144=ORIENTED_EDGE('',*,*,#3143,.T.);
#3145=CARTESIAN_POINT('',(68.9,187.0062,8.4));
#3146=VERTEX_POINT('',#3145);
#3147=CARTESIAN_POINT('',(69.9,187.0062,8.4));
#3148=DIRECTION('',(-0.,1.,0.));
#3149=DIRECTION('',(-1.,-0.,0.));
#3150=AXIS2_PLACEMENT_3D('',#3147,#3148,#3149);
#3151=CIRCLE('',#3150,1.);
#3152=EDGE_CURVE('',#3138,#3146,#3151,.T.);
#3153=ORIENTED_EDGE('',*,*,#3152,.T.);
#3154=CARTESIAN_POINT('',(68.9,187.0062,8.997924095));
#3155=VERTEX_POINT('',#3154);
#3156=CARTESIAN_POINT('',(68.9,187.0062,8.4));
#3157=DIRECTION('',(0.,0.,1.));
#3158=VECTOR('',#3157,0.597924095);
#3159=LINE('',#3156,#3158);
#3160=EDGE_CURVE('',#3146,#3155,#3159,.T.);
#3161=ORIENTED_EDGE('',*,*,#3160,.T.);
#3162=CARTESIAN_POINT('',(69.02604566,187.0062,9.457265667));
#3163=VERTEX_POINT('',#3162);
#3164=CARTESIAN_POINT('',(69.8,187.0062,8.997924095));
#3165=DIRECTION('',(-0.,1.,0.));
#3166=DIRECTION('',(-1.,-0.,0.));
#3167=AXIS2_PLACEMENT_3D('',#3164,#3165,#3166);
#3168=CIRCLE('',#3167,0.9);
#3169=EDGE_CURVE('',#3155,#3163,#3168,.T.);
#3170=ORIENTED_EDGE('',*,*,#3169,.T.);
#3171=CARTESIAN_POINT('',(69.628010147,187.0062,9.8));
#3172=VERTEX_POINT('',#3171);
#3173=CARTESIAN_POINT('',(69.628010147,187.0062,9.1));
#3174=DIRECTION('',(-0.,1.,0.));
#3175=DIRECTION('',(-1.,-0.,0.));
#3176=AXIS2_PLACEMENT_3D('',#3173,#3174,#3175);
#3177=CIRCLE('',#3176,0.7);
#3178=EDGE_CURVE('',#3163,#3172,#3177,.T.);
#3179=ORIENTED_EDGE('',*,*,#3178,.T.);
#3180=CARTESIAN_POINT('',(111.322326733,187.0062,9.8));
#3181=VERTEX_POINT('',#3180);
#3182=CARTESIAN_POINT('',(111.322326733,187.0062,9.8));
#3183=DIRECTION('',(-1.,-0.,0.));
#3184=VECTOR('',#3183,41.694316587);
#3185=LINE('',#3182,#3184);
#3186=EDGE_CURVE('',#3181,#3172,#3185,.T.);
#3187=ORIENTED_EDGE('',*,*,#3186,.F.);
#3188=CARTESIAN_POINT('',(112.2,187.0062,9.099222582));
#3189=VERTEX_POINT('',#3188);
#3190=CARTESIAN_POINT('',(111.322326733,187.0062,8.9));
#3191=DIRECTION('',(-0.,1.,0.));
#3192=DIRECTION('',(-1.,-0.,0.));
#3193=AXIS2_PLACEMENT_3D('',#3190,#3191,#3192);
#3194=CIRCLE('',#3193,0.9);
#3195=EDGE_CURVE('',#3181,#3189,#3194,.T.);
#3196=ORIENTED_EDGE('',*,*,#3195,.T.);
#3197=CARTESIAN_POINT('',(112.2,187.0062,8.4));
#3198=VERTEX_POINT('',#3197);
#3199=CARTESIAN_POINT('',(112.2,187.0062,8.4));
#3200=DIRECTION('',(0.,0.,1.));
#3201=VECTOR('',#3200,0.699222582);
#3202=LINE('',#3199,#3201);
#3203=EDGE_CURVE('',#3198,#3189,#3202,.T.);
#3204=ORIENTED_EDGE('',*,*,#3203,.F.);
#3205=CARTESIAN_POINT('',(111.2,187.0062,7.4));
#3206=VERTEX_POINT('',#3205);
#3207=CARTESIAN_POINT('',(111.2,187.0062,8.4));
#3208=DIRECTION('',(-0.,1.,0.));
#3209=DIRECTION('',(-1.,-0.,0.));
#3210=AXIS2_PLACEMENT_3D('',#3207,#3208,#3209);
#3211=CIRCLE('',#3210,1.);
#3212=EDGE_CURVE('',#3198,#3206,#3211,.T.);
#3213=ORIENTED_EDGE('',*,*,#3212,.T.);
#3214=CARTESIAN_POINT('',(110.45,187.0062,7.4));
#3215=VERTEX_POINT('',#3214);
#3216=CARTESIAN_POINT('',(111.2,187.0062,7.4));
#3217=DIRECTION('',(-1.,-0.,0.));
#3218=VECTOR('',#3217,0.75);
#3219=LINE('',#3216,#3218);
#3220=EDGE_CURVE('',#3206,#3215,#3219,.T.);
#3221=ORIENTED_EDGE('',*,*,#3220,.T.);
#3222=CARTESIAN_POINT('',(109.95,187.0062,6.9));
#3223=VERTEX_POINT('',#3222);
#3224=CARTESIAN_POINT('',(110.45,187.0062,6.9));
#3225=DIRECTION('',(-0.,1.,0.));
#3226=DIRECTION('',(-1.,-0.,0.));
#3227=AXIS2_PLACEMENT_3D('',#3224,#3225,#3226);
#3228=CIRCLE('',#3227,0.5);
#3229=EDGE_CURVE('',#3223,#3215,#3228,.T.);
#3230=ORIENTED_EDGE('',*,*,#3229,.F.);
#3231=CARTESIAN_POINT('',(109.95,187.0062,5.25));
#3232=VERTEX_POINT('',#3231);
#3233=CARTESIAN_POINT('',(109.95,187.0062,5.25));
#3234=DIRECTION('',(0.,0.,1.));
#3235=VECTOR('',#3234,1.65);
#3236=LINE('',#3233,#3235);
#3237=EDGE_CURVE('',#3232,#3223,#3236,.T.);
#3238=ORIENTED_EDGE('',*,*,#3237,.F.);
#3239=CARTESIAN_POINT('',(110.449998093,187.0062,4.75));
#3240=VERTEX_POINT('',#3239);
#3241=CARTESIAN_POINT('',(110.45,187.0062,5.25));
#3242=DIRECTION('',(-0.,1.,0.));
#3243=DIRECTION('',(-1.,-0.,0.));
#3244=AXIS2_PLACEMENT_3D('',#3241,#3242,#3243);
#3245=CIRCLE('',#3244,0.5);
#3246=EDGE_CURVE('',#3240,#3232,#3245,.T.);
#3247=ORIENTED_EDGE('',*,*,#3246,.F.);
#3248=CARTESIAN_POINT('',(122.25,187.0062,4.75));
#3249=VERTEX_POINT('',#3248);
#3250=CARTESIAN_POINT('',(110.449998093,187.0062,4.75));
#3251=DIRECTION('',(1.,0.,0.));
#3252=VECTOR('',#3251,11.800001907);
#3253=LINE('',#3250,#3252);
#3254=EDGE_CURVE('',#3240,#3249,#3253,.T.);
#3255=ORIENTED_EDGE('',*,*,#3254,.T.);
#3256=CARTESIAN_POINT('',(122.75,187.0062,5.25));
#3257=VERTEX_POINT('',#3256);
#3258=CARTESIAN_POINT('',(122.25,187.0062,5.25));
#3259=DIRECTION('',(-0.,1.,0.));
#3260=DIRECTION('',(-1.,-0.,0.));
#3261=AXIS2_PLACEMENT_3D('',#3258,#3259,#3260);
#3262=CIRCLE('',#3261,0.5);
#3263=EDGE_CURVE('',#3257,#3249,#3262,.T.);
#3264=ORIENTED_EDGE('',*,*,#3263,.F.);
#3265=CARTESIAN_POINT('',(122.75,187.0062,6.9));
#3266=VERTEX_POINT('',#3265);
#3267=CARTESIAN_POINT('',(122.75,187.0062,5.25));
#3268=DIRECTION('',(0.,0.,1.));
#3269=VECTOR('',#3268,1.65);
#3270=LINE('',#3267,#3269);
#3271=EDGE_CURVE('',#3257,#3266,#3270,.T.);
#3272=ORIENTED_EDGE('',*,*,#3271,.T.);
#3273=CARTESIAN_POINT('',(122.25,187.0062,7.4));
#3274=VERTEX_POINT('',#3273);
#3275=CARTESIAN_POINT('',(122.25,187.0062,6.9));
#3276=DIRECTION('',(-0.,1.,0.));
#3277=DIRECTION('',(-1.,-0.,0.));
#3278=AXIS2_PLACEMENT_3D('',#3275,#3276,#3277);
#3279=CIRCLE('',#3278,0.5);
#3280=EDGE_CURVE('',#3274,#3266,#3279,.T.);
#3281=ORIENTED_EDGE('',*,*,#3280,.F.);
#3282=CARTESIAN_POINT('',(121.5,187.0062,7.4));
#3283=VERTEX_POINT('',#3282);
#3284=CARTESIAN_POINT('',(122.25,187.0062,7.4));
#3285=DIRECTION('',(-1.,-0.,0.));
#3286=VECTOR('',#3285,0.75);
#3287=LINE('',#3284,#3286);
#3288=EDGE_CURVE('',#3274,#3283,#3287,.T.);
#3289=ORIENTED_EDGE('',*,*,#3288,.T.);
#3290=CARTESIAN_POINT('',(120.5,187.0062,8.4));
#3291=VERTEX_POINT('',#3290);
#3292=CARTESIAN_POINT('',(121.5,187.0062,8.4));
#3293=DIRECTION('',(-0.,1.,0.));
#3294=DIRECTION('',(-1.,-0.,0.));
#3295=AXIS2_PLACEMENT_3D('',#3292,#3293,#3294);
#3296=CIRCLE('',#3295,1.);
#3297=EDGE_CURVE('',#3283,#3291,#3296,.T.);
#3298=ORIENTED_EDGE('',*,*,#3297,.T.);
#3299=CARTESIAN_POINT('',(120.5,187.0062,9.059807621));
#3300=VERTEX_POINT('',#3299);
#3301=CARTESIAN_POINT('',(120.5,187.0062,8.4));
#3302=DIRECTION('',(0.,0.,1.));
#3303=VECTOR('',#3302,0.659807621);
#3304=LINE('',#3301,#3303);
#3305=EDGE_CURVE('',#3291,#3300,#3304,.T.);
#3306=ORIENTED_EDGE('',*,*,#3305,.T.);
#3307=CARTESIAN_POINT('',(120.9,187.0062,9.752627944));
#3308=VERTEX_POINT('',#3307);
#3309=CARTESIAN_POINT('',(121.3,187.0062,9.059807621));
#3310=DIRECTION('',(-0.,1.,0.));
#3311=DIRECTION('',(-1.,-0.,0.));
#3312=AXIS2_PLACEMENT_3D('',#3309,#3310,#3311);
#3313=CIRCLE('',#3312,0.8);
#3314=EDGE_CURVE('',#3300,#3308,#3313,.T.);
#3315=ORIENTED_EDGE('',*,*,#3314,.T.);
#3316=CARTESIAN_POINT('',(121.188141612,187.0062,9.8));
#3317=VERTEX_POINT('',#3316);
#3318=CARTESIAN_POINT('',(121.188141612,187.0062,8.9));
#3319=DIRECTION('',(-0.,1.,0.));
#3320=DIRECTION('',(-1.,-0.,0.));
#3321=AXIS2_PLACEMENT_3D('',#3318,#3319,#3320);
#3322=CIRCLE('',#3321,0.9);
#3323=EDGE_CURVE('',#3308,#3317,#3322,.T.);
#3324=ORIENTED_EDGE('',*,*,#3323,.T.);
#3325=CARTESIAN_POINT('',(164.130360305,187.0062,9.8));
#3326=VERTEX_POINT('',#3325);
#3327=CARTESIAN_POINT('',(164.130360305,187.0062,9.8));
#3328=DIRECTION('',(-1.,-0.,0.));
#3329=VECTOR('',#3328,42.942218693);
#3330=LINE('',#3327,#3329);
#3331=EDGE_CURVE('',#3326,#3317,#3330,.T.);
#3332=ORIENTED_EDGE('',*,*,#3331,.F.);
#3333=CARTESIAN_POINT('',(164.93,187.0062,9.024007472));
#3334=VERTEX_POINT('',#3333);
#3335=CARTESIAN_POINT('',(164.130360305,187.0062,9.));
#3336=DIRECTION('',(-0.,1.,0.));
#3337=DIRECTION('',(-1.,-0.,0.));
#3338=AXIS2_PLACEMENT_3D('',#3335,#3336,#3337);
#3339=CIRCLE('',#3338,0.8);
#3340=EDGE_CURVE('',#3326,#3334,#3339,.T.);
#3341=ORIENTED_EDGE('',*,*,#3340,.T.);
#3342=CARTESIAN_POINT('',(164.93,187.0062,8.4));
#3343=VERTEX_POINT('',#3342);
#3344=CARTESIAN_POINT('',(164.93,187.0062,8.4));
#3345=DIRECTION('',(0.,0.,1.));
#3346=VECTOR('',#3345,0.624007472);
#3347=LINE('',#3344,#3346);
#3348=EDGE_CURVE('',#3343,#3334,#3347,.T.);
#3349=ORIENTED_EDGE('',*,*,#3348,.F.);
#3350=CARTESIAN_POINT('',(163.93,187.0062,7.4));
#3351=VERTEX_POINT('',#3350);
#3352=CARTESIAN_POINT('',(163.93,187.0062,8.4));
#3353=DIRECTION('',(-0.,1.,0.));
#3354=DIRECTION('',(-1.,-0.,0.));
#3355=AXIS2_PLACEMENT_3D('',#3352,#3353,#3354);
#3356=CIRCLE('',#3355,1.);
#3357=EDGE_CURVE('',#3343,#3351,#3356,.T.);
#3358=ORIENTED_EDGE('',*,*,#3357,.T.);
#3359=CARTESIAN_POINT('',(163.18,187.0062,7.4));
#3360=VERTEX_POINT('',#3359);
#3361=CARTESIAN_POINT('',(163.93,187.0062,7.4));
#3362=DIRECTION('',(-1.,-0.,0.));
#3363=VECTOR('',#3362,0.75);
#3364=LINE('',#3361,#3363);
#3365=EDGE_CURVE('',#3351,#3360,#3364,.T.);
#3366=ORIENTED_EDGE('',*,*,#3365,.T.);
#3367=CARTESIAN_POINT('',(162.68,187.0062,6.9));
#3368=VERTEX_POINT('',#3367);
#3369=CARTESIAN_POINT('',(163.18,187.0062,6.9));
#3370=DIRECTION('',(-0.,1.,0.));
#3371=DIRECTION('',(-1.,-0.,0.));
#3372=AXIS2_PLACEMENT_3D('',#3369,#3370,#3371);
#3373=CIRCLE('',#3372,0.5);
#3374=EDGE_CURVE('',#3368,#3360,#3373,.T.);
#3375=ORIENTED_EDGE('',*,*,#3374,.F.);
#3376=CARTESIAN_POINT('',(162.68,187.0062,5.25));
#3377=VERTEX_POINT('',#3376);
#3378=CARTESIAN_POINT('',(162.68,187.0062,5.25));
#3379=DIRECTION('',(0.,0.,1.));
#3380=VECTOR('',#3379,1.65);
#3381=LINE('',#3378,#3380);
#3382=EDGE_CURVE('',#3377,#3368,#3381,.T.);
#3383=ORIENTED_EDGE('',*,*,#3382,.F.);
#3384=CARTESIAN_POINT('',(163.179998093,187.0062,4.75));
#3385=VERTEX_POINT('',#3384);
#3386=CARTESIAN_POINT('',(163.18,187.0062,5.25));
#3387=DIRECTION('',(-0.,1.,0.));
#3388=DIRECTION('',(-1.,-0.,0.));
#3389=AXIS2_PLACEMENT_3D('',#3386,#3387,#3388);
#3390=CIRCLE('',#3389,0.5);
#3391=EDGE_CURVE('',#3385,#3377,#3390,.T.);
#3392=ORIENTED_EDGE('',*,*,#3391,.F.);
#3393=CARTESIAN_POINT('',(163.179998093,187.0062,4.75));
#3394=DIRECTION('',(1.,0.,0.));
#3395=VECTOR('',#3394,11.820001907);
#3396=LINE('',#3393,#3395);
#3397=EDGE_CURVE('',#3385,#2963,#3396,.T.);
#3398=ORIENTED_EDGE('',*,*,#3397,.T.);
#3399=EDGE_LOOP('',(#2970,#2978,#2987,#2995,#3004,#3012,#3021,#3028,#3029,#3030,#3031,#3032,#3033,#3042,#3051,#3059,#3068,#3076,#3085,#3093,#3102,#3110,#3119,#3127,#3136,#3144,
#3153,#3161,#3170,#3179,#3187,#3196,#3204,#3213,#3221,#3230,#3238,#3247,#3255,#3264,#3272,#3281,#3289,#3298,#3306,#3315,#3324,#3332,#3341,#3349,#3358,
#3366,#3375,#3383,#3392,#3398));
#3400=FACE_BOUND('',#3399,.T.);
#3401=ADVANCED_FACE('',(#3400),#2959,.T.);
#3402=CARTESIAN_POINT('',(0.,-45.7438,9.8));
#3403=DIRECTION('',(0.,0.,1.));
#3404=DIRECTION('',(1.,0.,0.));
#3405=AXIS2_PLACEMENT_3D('',#3402,#3403,#3404);
#3406=PLANE('',#3405);
#3407=ORIENTED_EDGE('',*,*,#2659,.F.);
#3408=CARTESIAN_POINT('',(164.130360305,185.5062,9.8));
#3409=DIRECTION('',(0.,1.,0.));
#3410=VECTOR('',#3409,1.5);
#3411=LINE('',#3408,#3410);
#3412=EDGE_CURVE('',#2645,#3326,#3411,.T.);
#3413=ORIENTED_EDGE('',*,*,#3412,.T.);
#3414=ORIENTED_EDGE('',*,*,#3331,.T.);
#3415=CARTESIAN_POINT('',(121.188141612,187.0062,9.8));
#3416=DIRECTION('',(0.,-1.,0.));
#3417=VECTOR('',#3416,1.5);
#3418=LINE('',#3415,#3417);
#3419=EDGE_CURVE('',#3317,#2654,#3418,.T.);
#3420=ORIENTED_EDGE('',*,*,#3419,.T.);
#3421=EDGE_LOOP('',(#3407,#3413,#3414,#3420));
#3422=FACE_BOUND('',#3421,.T.);
#3423=ADVANCED_FACE('',(#3422),#3406,.T.);
#3424=CARTESIAN_POINT('',(0.,-45.7438,9.8));
#3425=DIRECTION('',(0.,0.,1.));
#3426=DIRECTION('',(1.,0.,0.));
#3427=AXIS2_PLACEMENT_3D('',#3424,#3425,#3426);
#3428=PLANE('',#3427);
#3429=ORIENTED_EDGE('',*,*,#2804,.F.);
#3430=CARTESIAN_POINT('',(111.322326733,185.5062,9.8));
#3431=DIRECTION('',(0.,1.,0.));
#3432=VECTOR('',#3431,1.5);
#3433=LINE('',#3430,#3432);
#3434=EDGE_CURVE('',#2790,#3181,#3433,.T.);
#3435=ORIENTED_EDGE('',*,*,#3434,.T.);
#3436=ORIENTED_EDGE('',*,*,#3186,.T.);
#3437=CARTESIAN_POINT('',(69.628010147,187.0062,9.8));
#3438=DIRECTION('',(-0.,-1.,-0.));
#3439=VECTOR('',#3438,1.5);
#3440=LINE('',#3437,#3439);
#3441=EDGE_CURVE('',#3172,#2799,#3440,.T.);
#3442=ORIENTED_EDGE('',*,*,#3441,.T.);
#3443=EDGE_LOOP('',(#3429,#3435,#3436,#3442));
#3444=FACE_BOUND('',#3443,.T.);
#3445=ADVANCED_FACE('',(#3444),#3428,.T.);
#3446=CARTESIAN_POINT('',(100.,185.5062,0.60335315));
#3447=DIRECTION('',(-0.,1.,0.));
#3448=DIRECTION('',(-1.,-0.,0.));
#3449=AXIS2_PLACEMENT_3D('',#3446,#3447,#3448);
#3450=PLANE('',#3449);
#3451=ORIENTED_EDGE('',*,*,#437,.F.);
#3452=CARTESIAN_POINT('',(9.9,185.5062,4.95));
#3453=VERTEX_POINT('',#3452);
#3454=CARTESIAN_POINT('',(1.2,185.5062,4.95));
#3455=DIRECTION('',(1.,0.,-0.));
#3456=VECTOR('',#3455,8.7);
#3457=LINE('',#3454,#3456);
#3458=EDGE_CURVE('',#424,#3453,#3457,.T.);
#3459=ORIENTED_EDGE('',*,*,#3458,.T.);
#3460=CARTESIAN_POINT('',(9.9,185.5062,4.95));
#3461=DIRECTION('',(0.,0.,-1.));
#3462=VECTOR('',#3461,3.45);
#3463=LINE('',#3460,#3462);
#3464=EDGE_CURVE('',#3453,#765,#3463,.T.);
#3465=ORIENTED_EDGE('',*,*,#3464,.T.);
#3466=ORIENTED_EDGE('',*,*,#770,.F.);
#3467=ORIENTED_EDGE('',*,*,#2248,.T.);
#3468=ORIENTED_EDGE('',*,*,#2184,.T.);
#3469=EDGE_LOOP('',(#3451,#3459,#3465,#3466,#3467,#3468));
#3470=FACE_BOUND('',#3469,.T.);
#3471=ADVANCED_FACE('',(#3470),#3450,.F.);
#3472=CARTESIAN_POINT('',(100.,187.0062,0.60335315));
#3473=DIRECTION('',(-0.,1.,0.));
#3474=DIRECTION('',(-1.,-0.,0.));
#3475=AXIS2_PLACEMENT_3D('',#3472,#3473,#3474);
#3476=PLANE('',#3475);
#3477=CARTESIAN_POINT('',(26.6,187.0062,1.2));
#3478=DIRECTION('',(0.,0.,1.));
#3479=VECTOR('',#3478,8.6);
#3480=LINE('',#3477,#3479);
#3481=EDGE_CURVE('',#1668,#2166,#3480,.T.);
#3482=ORIENTED_EDGE('',*,*,#3481,.F.);
#3483=ORIENTED_EDGE('',*,*,#1673,.T.);
#3484=ORIENTED_EDGE('',*,*,#453,.T.);
#3485=ORIENTED_EDGE('',*,*,#2177,.F.);
#3486=EDGE_LOOP('',(#3482,#3483,#3484,#3485));
#3487=FACE_BOUND('',#3486,.T.);
#3488=ADVANCED_FACE('',(#3487),#3476,.T.);
#3489=CARTESIAN_POINT('',(100.,187.0062,0.60335315));
#3490=DIRECTION('',(-0.,1.,0.));
#3491=DIRECTION('',(-1.,-0.,0.));
#3492=AXIS2_PLACEMENT_3D('',#3489,#3490,#3491);
#3493=PLANE('',#3492);
#3494=ORIENTED_EDGE('',*,*,#1413,.T.);
#3495=ORIENTED_EDGE('',*,*,#1679,.F.);
#3496=ORIENTED_EDGE('',*,*,#3481,.T.);
#3497=ORIENTED_EDGE('',*,*,#2171,.F.);
#3498=EDGE_LOOP('',(#3494,#3495,#3496,#3497));
#3499=FACE_BOUND('',#3498,.T.);
#3500=ADVANCED_FACE('',(#3499),#3493,.T.);
#3501=CARTESIAN_POINT('',(122.25,1.5,5.25));
#3502=DIRECTION('',(0.,-1.,0.));
#3503=DIRECTION('',(0.,0.,-1.));
#3504=AXIS2_PLACEMENT_3D('',#3501,#3502,#3503);
#3505=CYLINDRICAL_SURFACE('',#3504,0.5);
#3506=ORIENTED_EDGE('',*,*,#2728,.F.);
#3507=CARTESIAN_POINT('',(122.75,185.5062,5.25));
#3508=DIRECTION('',(0.,1.,0.));
#3509=VECTOR('',#3508,1.5);
#3510=LINE('',#3507,#3509);
#3511=EDGE_CURVE('',#2714,#3257,#3510,.T.);
#3512=ORIENTED_EDGE('',*,*,#3511,.T.);
#3513=ORIENTED_EDGE('',*,*,#3263,.T.);
#3514=CARTESIAN_POINT('',(122.25,187.0062,4.75));
#3515=DIRECTION('',(0.,-1.,0.));
#3516=VECTOR('',#3515,1.5);
#3517=LINE('',#3514,#3516);
#3518=EDGE_CURVE('',#3249,#2722,#3517,.T.);
#3519=ORIENTED_EDGE('',*,*,#3518,.T.);
#3520=EDGE_LOOP('',(#3506,#3512,#3513,#3519));
#3521=FACE_BOUND('',#3520,.T.);
#3522=ADVANCED_FACE('',(#3521),#3505,.F.);
#3523=CARTESIAN_POINT('',(194.2,1.5,4.75));
#3524=DIRECTION('',(0.,0.,1.));
#3525=DIRECTION('',(-1.,0.,0.));
#3526=AXIS2_PLACEMENT_3D('',#3523,#3524,#3525);
#3527=PLANE('',#3526);
#3528=ORIENTED_EDGE('',*,*,#2736,.F.);
#3529=ORIENTED_EDGE('',*,*,#3518,.F.);
#3530=ORIENTED_EDGE('',*,*,#3254,.F.);
#3531=CARTESIAN_POINT('',(110.45,185.5062,4.75));
#3532=DIRECTION('',(-0.,1.,-0.));
#3533=VECTOR('',#3532,1.5);
#3534=LINE('',#3531,#3533);
#3535=EDGE_CURVE('',#2731,#3240,#3534,.T.);
#3536=ORIENTED_EDGE('',*,*,#3535,.F.);
#3537=EDGE_LOOP('',(#3528,#3529,#3530,#3536));
#3538=FACE_BOUND('',#3537,.T.);
#3539=ADVANCED_FACE('',(#3538),#3527,.T.);
#3540=CARTESIAN_POINT('',(110.45,119.853428951,5.25));
#3541=DIRECTION('',(0.,1.,0.));
#3542=DIRECTION('',(0.,-0.,1.));
#3543=AXIS2_PLACEMENT_3D('',#3540,#3541,#3542);
#3544=CYLINDRICAL_SURFACE('',#3543,0.5);
#3545=ORIENTED_EDGE('',*,*,#2745,.F.);
#3546=ORIENTED_EDGE('',*,*,#3535,.T.);
#3547=ORIENTED_EDGE('',*,*,#3246,.T.);
#3548=CARTESIAN_POINT('',(109.95,187.0062,5.25));
#3549=DIRECTION('',(-0.,-1.,-0.));
#3550=VECTOR('',#3549,1.5);
#3551=LINE('',#3548,#3550);
#3552=EDGE_CURVE('',#3232,#2739,#3551,.T.);
#3553=ORIENTED_EDGE('',*,*,#3552,.T.);
#3554=EDGE_LOOP('',(#3545,#3546,#3547,#3553));
#3555=FACE_BOUND('',#3554,.T.);
#3556=ADVANCED_FACE('',(#3555),#3544,.F.);
#3557=CARTESIAN_POINT('',(109.95,119.853428951,16.428630997));
#3558=DIRECTION('',(-1.,0.,0.));
#3559=DIRECTION('',(0.,0.,1.));
#3560=AXIS2_PLACEMENT_3D('',#3557,#3558,#3559);
#3561=PLANE('',#3560);
#3562=ORIENTED_EDGE('',*,*,#2753,.F.);
#3563=ORIENTED_EDGE('',*,*,#3552,.F.);
#3564=ORIENTED_EDGE('',*,*,#3237,.T.);
#3565=CARTESIAN_POINT('',(109.95,185.5062,6.9));
#3566=DIRECTION('',(0.,1.,0.));
#3567=VECTOR('',#3566,1.5);
#3568=LINE('',#3565,#3567);
#3569=EDGE_CURVE('',#2748,#3223,#3568,.T.);
#3570=ORIENTED_EDGE('',*,*,#3569,.F.);
#3571=EDGE_LOOP('',(#3562,#3563,#3564,#3570));
#3572=FACE_BOUND('',#3571,.T.);
#3573=ADVANCED_FACE('',(#3572),#3561,.F.);
#3574=CARTESIAN_POINT('',(110.45,186.375,6.9));
#3575=DIRECTION('',(0.,1.,0.));
#3576=DIRECTION('',(0.,-0.,1.));
#3577=AXIS2_PLACEMENT_3D('',#3574,#3575,#3576);
#3578=CYLINDRICAL_SURFACE('',#3577,0.5);
#3579=ORIENTED_EDGE('',*,*,#2762,.F.);
#3580=ORIENTED_EDGE('',*,*,#3569,.T.);
#3581=ORIENTED_EDGE('',*,*,#3229,.T.);
#3582=CARTESIAN_POINT('',(110.45,187.0062,7.4));
#3583=DIRECTION('',(-0.,-1.,-0.));
#3584=VECTOR('',#3583,1.5);
#3585=LINE('',#3582,#3584);
#3586=EDGE_CURVE('',#3215,#2756,#3585,.T.);
#3587=ORIENTED_EDGE('',*,*,#3586,.T.);
#3588=EDGE_LOOP('',(#3579,#3580,#3581,#3587));
#3589=FACE_BOUND('',#3588,.T.);
#3590=ADVANCED_FACE('',(#3589),#3578,.F.);
#3591=CARTESIAN_POINT('',(116.35,186.375,7.4));
#3592=DIRECTION('',(0.,0.,-1.));
#3593=DIRECTION('',(-1.,0.,0.));
#3594=AXIS2_PLACEMENT_3D('',#3591,#3592,#3593);
#3595=PLANE('',#3594);
#3596=CARTESIAN_POINT('',(111.2,185.5062,7.4));
#3597=DIRECTION('',(0.,1.,0.));
#3598=VECTOR('',#3597,1.5);
#3599=LINE('',#3596,#3598);
#3600=EDGE_CURVE('',#2765,#3206,#3599,.T.);
#3601=ORIENTED_EDGE('',*,*,#3600,.F.);
#3602=ORIENTED_EDGE('',*,*,#2770,.T.);
#3603=ORIENTED_EDGE('',*,*,#3586,.F.);
#3604=ORIENTED_EDGE('',*,*,#3220,.F.);
#3605=EDGE_LOOP('',(#3601,#3602,#3603,#3604));
#3606=FACE_BOUND('',#3605,.T.);
#3607=ADVANCED_FACE('',(#3606),#3595,.T.);
#3608=CARTESIAN_POINT('',(111.2,186.375,8.4));
#3609=DIRECTION('',(0.,1.,0.));
#3610=DIRECTION('',(0.,-0.,1.));
#3611=AXIS2_PLACEMENT_3D('',#3608,#3609,#3610);
#3612=CYLINDRICAL_SURFACE('',#3611,1.);
#3613=CARTESIAN_POINT('',(112.2,187.0062,8.4));
#3614=DIRECTION('',(-0.,-1.,-0.));
#3615=VECTOR('',#3614,1.5);
#3616=LINE('',#3613,#3615);
#3617=EDGE_CURVE('',#3198,#2773,#3616,.T.);
#3618=ORIENTED_EDGE('',*,*,#3617,.T.);
#3619=ORIENTED_EDGE('',*,*,#2779,.T.);
#3620=ORIENTED_EDGE('',*,*,#3600,.T.);
#3621=ORIENTED_EDGE('',*,*,#3212,.F.);
#3622=EDGE_LOOP('',(#3618,#3619,#3620,#3621));
#3623=FACE_BOUND('',#3622,.T.);
#3624=ADVANCED_FACE('',(#3623),#3612,.T.);
#3625=CARTESIAN_POINT('',(121.5,119.853428951,8.4));
#3626=DIRECTION('',(0.,-1.,0.));
#3627=DIRECTION('',(0.,0.,-1.));
#3628=AXIS2_PLACEMENT_3D('',#3625,#3626,#3627);
#3629=CYLINDRICAL_SURFACE('',#3628,1.);
#3630=CARTESIAN_POINT('',(121.5,187.0062,7.4));
#3631=DIRECTION('',(-0.,-1.,-0.));
#3632=VECTOR('',#3631,1.5);
#3633=LINE('',#3630,#3632);
#3634=EDGE_CURVE('',#3283,#2688,#3633,.T.);
#3635=ORIENTED_EDGE('',*,*,#3634,.T.);
#3636=ORIENTED_EDGE('',*,*,#2694,.T.);
#3637=CARTESIAN_POINT('',(120.5,185.5062,8.4));
#3638=DIRECTION('',(0.,1.,0.));
#3639=VECTOR('',#3638,1.5);
#3640=LINE('',#3637,#3639);
#3641=EDGE_CURVE('',#2680,#3291,#3640,.T.);
#3642=ORIENTED_EDGE('',*,*,#3641,.T.);
#3643=ORIENTED_EDGE('',*,*,#3297,.F.);
#3644=EDGE_LOOP('',(#3635,#3636,#3642,#3643));
#3645=FACE_BOUND('',#3644,.T.);
#3646=ADVANCED_FACE('',(#3645),#3629,.T.);
#3647=CARTESIAN_POINT('',(116.35,186.375,7.4));
#3648=DIRECTION('',(0.,0.,-1.));
#3649=DIRECTION('',(-1.,0.,0.));
#3650=AXIS2_PLACEMENT_3D('',#3647,#3648,#3649);
#3651=PLANE('',#3650);
#3652=CARTESIAN_POINT('',(122.25,185.5062,7.4));
#3653=DIRECTION('',(0.,1.,0.));
#3654=VECTOR('',#3653,1.5);
#3655=LINE('',#3652,#3654);
#3656=EDGE_CURVE('',#2697,#3274,#3655,.T.);
#3657=ORIENTED_EDGE('',*,*,#3656,.F.);
#3658=ORIENTED_EDGE('',*,*,#2702,.T.);
#3659=ORIENTED_EDGE('',*,*,#3634,.F.);
#3660=ORIENTED_EDGE('',*,*,#3288,.F.);
#3661=EDGE_LOOP('',(#3657,#3658,#3659,#3660));
#3662=FACE_BOUND('',#3661,.T.);
#3663=ADVANCED_FACE('',(#3662),#3651,.T.);
#3664=CARTESIAN_POINT('',(122.25,119.853428951,6.9));
#3665=DIRECTION('',(0.,-1.,0.));
#3666=DIRECTION('',(0.,0.,-1.));
#3667=AXIS2_PLACEMENT_3D('',#3664,#3665,#3666);
#3668=CYLINDRICAL_SURFACE('',#3667,0.5);
#3669=ORIENTED_EDGE('',*,*,#2711,.F.);
#3670=ORIENTED_EDGE('',*,*,#3656,.T.);
#3671=ORIENTED_EDGE('',*,*,#3280,.T.);
#3672=CARTESIAN_POINT('',(122.75,187.0062,6.9));
#3673=DIRECTION('',(-0.,-1.,-0.));
#3674=VECTOR('',#3673,1.5);
#3675=LINE('',#3672,#3674);
#3676=EDGE_CURVE('',#3266,#2705,#3675,.T.);
#3677=ORIENTED_EDGE('',*,*,#3676,.T.);
#3678=EDGE_LOOP('',(#3669,#3670,#3671,#3677));
#3679=FACE_BOUND('',#3678,.T.);
#3680=ADVANCED_FACE('',(#3679),#3668,.F.);
#3681=CARTESIAN_POINT('',(122.75,119.853428951,16.428630997));
#3682=DIRECTION('',(-1.,0.,0.));
#3683=DIRECTION('',(0.,0.,1.));
#3684=AXIS2_PLACEMENT_3D('',#3681,#3682,#3683);
#3685=PLANE('',#3684);
#3686=ORIENTED_EDGE('',*,*,#3511,.F.);
#3687=ORIENTED_EDGE('',*,*,#2719,.T.);
#3688=ORIENTED_EDGE('',*,*,#3676,.F.);
#3689=ORIENTED_EDGE('',*,*,#3271,.F.);
#3690=EDGE_LOOP('',(#3686,#3687,#3688,#3689));
#3691=FACE_BOUND('',#3690,.T.);
#3692=ADVANCED_FACE('',(#3691),#3685,.T.);
#3693=CARTESIAN_POINT('',(120.5,119.853428951,16.428630997));
#3694=DIRECTION('',(-1.,0.,0.));
#3695=DIRECTION('',(0.,0.,1.));
#3696=AXIS2_PLACEMENT_3D('',#3693,#3694,#3695);
#3697=PLANE('',#3696);
#3698=ORIENTED_EDGE('',*,*,#2685,.T.);
#3699=CARTESIAN_POINT('',(120.5,185.5062,9.059807621));
#3700=DIRECTION('',(0.,1.,0.));
#3701=VECTOR('',#3700,1.5);
#3702=LINE('',#3699,#3701);
#3703=EDGE_CURVE('',#2671,#3300,#3702,.T.);
#3704=ORIENTED_EDGE('',*,*,#3703,.T.);
#3705=ORIENTED_EDGE('',*,*,#3305,.F.);
#3706=ORIENTED_EDGE('',*,*,#3641,.F.);
#3707=EDGE_LOOP('',(#3698,#3704,#3705,#3706));
#3708=FACE_BOUND('',#3707,.T.);
#3709=ADVANCED_FACE('',(#3708),#3697,.T.);
#3710=CARTESIAN_POINT('',(112.2,119.853428951,16.428630997));
#3711=DIRECTION('',(-1.,0.,0.));
#3712=DIRECTION('',(0.,0.,1.));
#3713=AXIS2_PLACEMENT_3D('',#3710,#3711,#3712);
#3714=PLANE('',#3713);
#3715=ORIENTED_EDGE('',*,*,#3203,.T.);
#3716=CARTESIAN_POINT('',(112.2,187.0062,9.099222582));
#3717=DIRECTION('',(0.,-1.,0.));
#3718=VECTOR('',#3717,1.5);
#3719=LINE('',#3716,#3718);
#3720=EDGE_CURVE('',#3189,#2782,#3719,.T.);
#3721=ORIENTED_EDGE('',*,*,#3720,.T.);
#3722=ORIENTED_EDGE('',*,*,#2787,.F.);
#3723=ORIENTED_EDGE('',*,*,#3617,.F.);
#3724=EDGE_LOOP('',(#3715,#3721,#3722,#3723));
#3725=FACE_BOUND('',#3724,.T.);
#3726=ADVANCED_FACE('',(#3725),#3714,.F.);
#3727=CARTESIAN_POINT('',(70.65,1.5,5.25));
#3728=DIRECTION('',(0.,-1.,0.));
#3729=DIRECTION('',(0.,0.,-1.));
#3730=AXIS2_PLACEMENT_3D('',#3727,#3728,#3729);
#3731=CYLINDRICAL_SURFACE('',#3730,0.5);
#3732=ORIENTED_EDGE('',*,*,#2873,.F.);
#3733=CARTESIAN_POINT('',(71.15,185.5062,5.25));
#3734=DIRECTION('',(0.,1.,0.));
#3735=VECTOR('',#3734,1.5);
#3736=LINE('',#3733,#3735);
#3737=EDGE_CURVE('',#2859,#3112,#3736,.T.);
#3738=ORIENTED_EDGE('',*,*,#3737,.T.);
#3739=ORIENTED_EDGE('',*,*,#3118,.T.);
#3740=CARTESIAN_POINT('',(70.65,187.0062,4.75));
#3741=DIRECTION('',(0.,-1.,0.));
#3742=VECTOR('',#3741,1.5);
#3743=LINE('',#3740,#3742);
#3744=EDGE_CURVE('',#3104,#2867,#3743,.T.);
#3745=ORIENTED_EDGE('',*,*,#3744,.T.);
#3746=EDGE_LOOP('',(#3732,#3738,#3739,#3745));
#3747=FACE_BOUND('',#3746,.T.);
#3748=ADVANCED_FACE('',(#3747),#3731,.F.);
#3749=CARTESIAN_POINT('',(142.6,1.5,4.75));
#3750=DIRECTION('',(0.,0.,1.));
#3751=DIRECTION('',(-1.,0.,0.));
#3752=AXIS2_PLACEMENT_3D('',#3749,#3750,#3751);
#3753=PLANE('',#3752);
#3754=CARTESIAN_POINT('',(58.85,185.5062,4.75));
#3755=DIRECTION('',(-0.,1.,-0.));
#3756=VECTOR('',#3755,1.5);
#3757=LINE('',#3754,#3756);
#3758=EDGE_CURVE('',#2876,#3095,#3757,.T.);
#3759=ORIENTED_EDGE('',*,*,#3758,.F.);
#3760=ORIENTED_EDGE('',*,*,#2881,.T.);
#3761=ORIENTED_EDGE('',*,*,#3744,.F.);
#3762=ORIENTED_EDGE('',*,*,#3109,.F.);
#3763=EDGE_LOOP('',(#3759,#3760,#3761,#3762));
#3764=FACE_BOUND('',#3763,.T.);
#3765=ADVANCED_FACE('',(#3764),#3753,.T.);
#3766=CARTESIAN_POINT('',(58.85,119.853428951,5.25));
#3767=DIRECTION('',(0.,1.,0.));
#3768=DIRECTION('',(0.,-0.,1.));
#3769=AXIS2_PLACEMENT_3D('',#3766,#3767,#3768);
#3770=CYLINDRICAL_SURFACE('',#3769,0.5);
#3771=ORIENTED_EDGE('',*,*,#2890,.F.);
#3772=ORIENTED_EDGE('',*,*,#3758,.T.);
#3773=ORIENTED_EDGE('',*,*,#3101,.T.);
#3774=CARTESIAN_POINT('',(58.35,187.0062,5.25));
#3775=DIRECTION('',(-0.,-1.,-0.));
#3776=VECTOR('',#3775,1.5);
#3777=LINE('',#3774,#3776);
#3778=EDGE_CURVE('',#3087,#2884,#3777,.T.);
#3779=ORIENTED_EDGE('',*,*,#3778,.T.);
#3780=EDGE_LOOP('',(#3771,#3772,#3773,#3779));
#3781=FACE_BOUND('',#3780,.T.);
#3782=ADVANCED_FACE('',(#3781),#3770,.F.);
#3783=CARTESIAN_POINT('',(58.35,119.853428951,16.428630997));
#3784=DIRECTION('',(-1.,0.,0.));
#3785=DIRECTION('',(0.,0.,1.));
#3786=AXIS2_PLACEMENT_3D('',#3783,#3784,#3785);
#3787=PLANE('',#3786);
#3788=ORIENTED_EDGE('',*,*,#2898,.F.);
#3789=ORIENTED_EDGE('',*,*,#3778,.F.);
#3790=ORIENTED_EDGE('',*,*,#3092,.T.);
#3791=CARTESIAN_POINT('',(58.35,185.5062,6.9));
#3792=DIRECTION('',(0.,1.,0.));
#3793=VECTOR('',#3792,1.5);
#3794=LINE('',#3791,#3793);
#3795=EDGE_CURVE('',#2893,#3078,#3794,.T.);
#3796=ORIENTED_EDGE('',*,*,#3795,.F.);
#3797=EDGE_LOOP('',(#3788,#3789,#3790,#3796));
#3798=FACE_BOUND('',#3797,.T.);
#3799=ADVANCED_FACE('',(#3798),#3787,.F.);
#3800=CARTESIAN_POINT('',(58.85,186.375,6.9));
#3801=DIRECTION('',(0.,1.,0.));
#3802=DIRECTION('',(0.,-0.,1.));
#3803=AXIS2_PLACEMENT_3D('',#3800,#3801,#3802);
#3804=CYLINDRICAL_SURFACE('',#3803,0.5);
#3805=ORIENTED_EDGE('',*,*,#2907,.F.);
#3806=ORIENTED_EDGE('',*,*,#3795,.T.);
#3807=ORIENTED_EDGE('',*,*,#3084,.T.);
#3808=CARTESIAN_POINT('',(58.85,187.0062,7.4));
#3809=DIRECTION('',(-0.,-1.,-0.));
#3810=VECTOR('',#3809,1.5);
#3811=LINE('',#3808,#3810);
#3812=EDGE_CURVE('',#3070,#2901,#3811,.T.);
#3813=ORIENTED_EDGE('',*,*,#3812,.T.);
#3814=EDGE_LOOP('',(#3805,#3806,#3807,#3813));
#3815=FACE_BOUND('',#3814,.T.);
#3816=ADVANCED_FACE('',(#3815),#3804,.F.);
#3817=CARTESIAN_POINT('',(64.75,186.375,7.4));
#3818=DIRECTION('',(0.,0.,-1.));
#3819=DIRECTION('',(-1.,0.,0.));
#3820=AXIS2_PLACEMENT_3D('',#3817,#3818,#3819);
#3821=PLANE('',#3820);
#3822=CARTESIAN_POINT('',(59.6,185.5062,7.4));
#3823=DIRECTION('',(0.,1.,0.));
#3824=VECTOR('',#3823,1.5);
#3825=LINE('',#3822,#3824);
#3826=EDGE_CURVE('',#2910,#3061,#3825,.T.);
#3827=ORIENTED_EDGE('',*,*,#3826,.F.);
#3828=ORIENTED_EDGE('',*,*,#2915,.T.);
#3829=ORIENTED_EDGE('',*,*,#3812,.F.);
#3830=ORIENTED_EDGE('',*,*,#3075,.F.);
#3831=EDGE_LOOP('',(#3827,#3828,#3829,#3830));
#3832=FACE_BOUND('',#3831,.T.);
#3833=ADVANCED_FACE('',(#3832),#3821,.T.);
#3834=CARTESIAN_POINT('',(59.6,186.375,8.4));
#3835=DIRECTION('',(0.,1.,0.));
#3836=DIRECTION('',(0.,-0.,1.));
#3837=AXIS2_PLACEMENT_3D('',#3834,#3835,#3836);
#3838=CYLINDRICAL_SURFACE('',#3837,1.);
#3839=CARTESIAN_POINT('',(60.6,187.0062,8.4));
#3840=DIRECTION('',(-0.,-1.,-0.));
#3841=VECTOR('',#3840,1.5);
#3842=LINE('',#3839,#3841);
#3843=EDGE_CURVE('',#3053,#2918,#3842,.T.);
#3844=ORIENTED_EDGE('',*,*,#3843,.T.);
#3845=ORIENTED_EDGE('',*,*,#2924,.T.);
#3846=ORIENTED_EDGE('',*,*,#3826,.T.);
#3847=ORIENTED_EDGE('',*,*,#3067,.F.);
#3848=EDGE_LOOP('',(#3844,#3845,#3846,#3847));
#3849=FACE_BOUND('',#3848,.T.);
#3850=ADVANCED_FACE('',(#3849),#3838,.T.);
#3851=CARTESIAN_POINT('',(60.6,119.853428951,16.428630997));
#3852=DIRECTION('',(-1.,0.,0.));
#3853=DIRECTION('',(0.,0.,1.));
#3854=AXIS2_PLACEMENT_3D('',#3851,#3852,#3853);
#3855=PLANE('',#3854);
#3856=ORIENTED_EDGE('',*,*,#3058,.T.);
#3857=CARTESIAN_POINT('',(60.6,187.0062,9.099222582));
#3858=DIRECTION('',(0.,-1.,0.));
#3859=VECTOR('',#3858,1.5);
#3860=LINE('',#3857,#3859);
#3861=EDGE_CURVE('',#3044,#2927,#3860,.T.);
#3862=ORIENTED_EDGE('',*,*,#3861,.T.);
#3863=ORIENTED_EDGE('',*,*,#2932,.F.);
#3864=ORIENTED_EDGE('',*,*,#3843,.F.);
#3865=EDGE_LOOP('',(#3856,#3862,#3863,#3864));
#3866=FACE_BOUND('',#3865,.T.);
#3867=ADVANCED_FACE('',(#3866),#3855,.F.);
#3868=CARTESIAN_POINT('',(68.9,119.853428951,16.428630997));
#3869=DIRECTION('',(-1.,0.,0.));
#3870=DIRECTION('',(0.,0.,1.));
#3871=AXIS2_PLACEMENT_3D('',#3868,#3869,#3870);
#3872=PLANE('',#3871);
#3873=ORIENTED_EDGE('',*,*,#2830,.T.);
#3874=CARTESIAN_POINT('',(68.9,185.5062,8.997924095));
#3875=DIRECTION('',(-0.,1.,-0.));
#3876=VECTOR('',#3875,1.5);
#3877=LINE('',#3874,#3876);
#3878=EDGE_CURVE('',#2816,#3155,#3877,.T.);
#3879=ORIENTED_EDGE('',*,*,#3878,.T.);
#3880=ORIENTED_EDGE('',*,*,#3160,.F.);
#3881=CARTESIAN_POINT('',(68.9,185.5062,8.4));
#3882=DIRECTION('',(0.,1.,0.));
#3883=VECTOR('',#3882,1.5);
#3884=LINE('',#3881,#3883);
#3885=EDGE_CURVE('',#2825,#3146,#3884,.T.);
#3886=ORIENTED_EDGE('',*,*,#3885,.F.);
#3887=EDGE_LOOP('',(#3873,#3879,#3880,#3886));
#3888=FACE_BOUND('',#3887,.T.);
#3889=ADVANCED_FACE('',(#3888),#3872,.T.);
#3890=CARTESIAN_POINT('',(69.9,119.853428951,8.4));
#3891=DIRECTION('',(0.,-1.,0.));
#3892=DIRECTION('',(0.,0.,-1.));
#3893=AXIS2_PLACEMENT_3D('',#3890,#3891,#3892);
#3894=CYLINDRICAL_SURFACE('',#3893,1.);
#3895=CARTESIAN_POINT('',(69.9,187.0062,7.4));
#3896=DIRECTION('',(-0.,-1.,-0.));
#3897=VECTOR('',#3896,1.5);
#3898=LINE('',#3895,#3897);
#3899=EDGE_CURVE('',#3138,#2833,#3898,.T.);
#3900=ORIENTED_EDGE('',*,*,#3899,.T.);
#3901=ORIENTED_EDGE('',*,*,#2839,.T.);
#3902=ORIENTED_EDGE('',*,*,#3885,.T.);
#3903=ORIENTED_EDGE('',*,*,#3152,.F.);
#3904=EDGE_LOOP('',(#3900,#3901,#3902,#3903));
#3905=FACE_BOUND('',#3904,.T.);
#3906=ADVANCED_FACE('',(#3905),#3894,.T.);
#3907=CARTESIAN_POINT('',(64.75,186.375,7.4));
#3908=DIRECTION('',(0.,0.,-1.));
#3909=DIRECTION('',(-1.,0.,0.));
#3910=AXIS2_PLACEMENT_3D('',#3907,#3908,#3909);
#3911=PLANE('',#3910);
#3912=CARTESIAN_POINT('',(70.65,185.5062,7.4));
#3913=DIRECTION('',(0.,1.,0.));
#3914=VECTOR('',#3913,1.5);
#3915=LINE('',#3912,#3914);
#3916=EDGE_CURVE('',#2842,#3129,#3915,.T.);
#3917=ORIENTED_EDGE('',*,*,#3916,.F.);
#3918=ORIENTED_EDGE('',*,*,#2847,.T.);
#3919=ORIENTED_EDGE('',*,*,#3899,.F.);
#3920=ORIENTED_EDGE('',*,*,#3143,.F.);
#3921=EDGE_LOOP('',(#3917,#3918,#3919,#3920));
#3922=FACE_BOUND('',#3921,.T.);
#3923=ADVANCED_FACE('',(#3922),#3911,.T.);
#3924=CARTESIAN_POINT('',(70.65,119.853428951,6.9));
#3925=DIRECTION('',(0.,-1.,0.));
#3926=DIRECTION('',(0.,0.,-1.));
#3927=AXIS2_PLACEMENT_3D('',#3924,#3925,#3926);
#3928=CYLINDRICAL_SURFACE('',#3927,0.5);
#3929=ORIENTED_EDGE('',*,*,#2856,.F.);
#3930=ORIENTED_EDGE('',*,*,#3916,.T.);
#3931=ORIENTED_EDGE('',*,*,#3135,.T.);
#3932=CARTESIAN_POINT('',(71.15,187.0062,6.9));
#3933=DIRECTION('',(-0.,-1.,-0.));
#3934=VECTOR('',#3933,1.5);
#3935=LINE('',#3932,#3934);
#3936=EDGE_CURVE('',#3121,#2850,#3935,.T.);
#3937=ORIENTED_EDGE('',*,*,#3936,.T.);
#3938=EDGE_LOOP('',(#3929,#3930,#3931,#3937));
#3939=FACE_BOUND('',#3938,.T.);
#3940=ADVANCED_FACE('',(#3939),#3928,.F.);
#3941=CARTESIAN_POINT('',(71.15,119.853428951,16.428630997));
#3942=DIRECTION('',(-1.,0.,0.));
#3943=DIRECTION('',(0.,0.,1.));
#3944=AXIS2_PLACEMENT_3D('',#3941,#3942,#3943);
#3945=PLANE('',#3944);
#3946=ORIENTED_EDGE('',*,*,#3737,.F.);
#3947=ORIENTED_EDGE('',*,*,#2864,.T.);
#3948=ORIENTED_EDGE('',*,*,#3936,.F.);
#3949=ORIENTED_EDGE('',*,*,#3126,.F.);
#3950=EDGE_LOOP('',(#3946,#3947,#3948,#3949));
#3951=FACE_BOUND('',#3950,.T.);
#3952=ADVANCED_FACE('',(#3951),#3945,.T.);
#3953=CARTESIAN_POINT('',(175.,1.5,5.25));
#3954=DIRECTION('',(0.,-1.,0.));
#3955=DIRECTION('',(0.,0.,-1.));
#3956=AXIS2_PLACEMENT_3D('',#3953,#3954,#3955);
#3957=CYLINDRICAL_SURFACE('',#3956,0.5);
#3958=ORIENTED_EDGE('',*,*,#2583,.F.);
#3959=CARTESIAN_POINT('',(175.5,185.5062,5.25));
#3960=DIRECTION('',(0.,1.,0.));
#3961=VECTOR('',#3960,1.5);
#3962=LINE('',#3959,#3961);
#3963=EDGE_CURVE('',#2569,#2961,#3962,.T.);
#3964=ORIENTED_EDGE('',*,*,#3963,.T.);
#3965=ORIENTED_EDGE('',*,*,#2969,.T.);
#3966=CARTESIAN_POINT('',(175.,187.0062,4.75));
#3967=DIRECTION('',(0.,-1.,0.));
#3968=VECTOR('',#3967,1.5);
#3969=LINE('',#3966,#3968);
#3970=EDGE_CURVE('',#2963,#2577,#3969,.T.);
#3971=ORIENTED_EDGE('',*,*,#3970,.T.);
#3972=EDGE_LOOP('',(#3958,#3964,#3965,#3971));
#3973=FACE_BOUND('',#3972,.T.);
#3974=ADVANCED_FACE('',(#3973),#3957,.F.);
#3975=CARTESIAN_POINT('',(246.9,1.5,4.75));
#3976=DIRECTION('',(0.,0.,1.));
#3977=DIRECTION('',(-1.,0.,0.));
#3978=AXIS2_PLACEMENT_3D('',#3975,#3976,#3977);
#3979=PLANE('',#3978);
#3980=ORIENTED_EDGE('',*,*,#2591,.F.);
#3981=ORIENTED_EDGE('',*,*,#3970,.F.);
#3982=ORIENTED_EDGE('',*,*,#3397,.F.);
#3983=CARTESIAN_POINT('',(163.18,185.5062,4.75));
#3984=DIRECTION('',(-0.,1.,-0.));
#3985=VECTOR('',#3984,1.5);
#3986=LINE('',#3983,#3985);
#3987=EDGE_CURVE('',#2586,#3385,#3986,.T.);
#3988=ORIENTED_EDGE('',*,*,#3987,.F.);
#3989=EDGE_LOOP('',(#3980,#3981,#3982,#3988));
#3990=FACE_BOUND('',#3989,.T.);
#3991=ADVANCED_FACE('',(#3990),#3979,.T.);
#3992=CARTESIAN_POINT('',(163.18,119.853428951,5.25));
#3993=DIRECTION('',(0.,1.,0.));
#3994=DIRECTION('',(0.,-0.,1.));
#3995=AXIS2_PLACEMENT_3D('',#3992,#3993,#3994);
#3996=CYLINDRICAL_SURFACE('',#3995,0.5);
#3997=ORIENTED_EDGE('',*,*,#2600,.F.);
#3998=ORIENTED_EDGE('',*,*,#3987,.T.);
#3999=ORIENTED_EDGE('',*,*,#3391,.T.);
#4000=CARTESIAN_POINT('',(162.68,187.0062,5.25));
#4001=DIRECTION('',(-0.,-1.,-0.));
#4002=VECTOR('',#4001,1.5);
#4003=LINE('',#4000,#4002);
#4004=EDGE_CURVE('',#3377,#2594,#4003,.T.);
#4005=ORIENTED_EDGE('',*,*,#4004,.T.);
#4006=EDGE_LOOP('',(#3997,#3998,#3999,#4005));
#4007=FACE_BOUND('',#4006,.T.);
#4008=ADVANCED_FACE('',(#4007),#3996,.F.);
#4009=CARTESIAN_POINT('',(162.68,119.853428951,16.428630997));
#4010=DIRECTION('',(-1.,0.,0.));
#4011=DIRECTION('',(0.,0.,1.));
#4012=AXIS2_PLACEMENT_3D('',#4009,#4010,#4011);
#4013=PLANE('',#4012);
#4014=ORIENTED_EDGE('',*,*,#2608,.F.);
#4015=ORIENTED_EDGE('',*,*,#4004,.F.);
#4016=ORIENTED_EDGE('',*,*,#3382,.T.);
#4017=CARTESIAN_POINT('',(162.68,185.5062,6.9));
#4018=DIRECTION('',(0.,1.,0.));
#4019=VECTOR('',#4018,1.5);
#4020=LINE('',#4017,#4019);
#4021=EDGE_CURVE('',#2603,#3368,#4020,.T.);
#4022=ORIENTED_EDGE('',*,*,#4021,.F.);
#4023=EDGE_LOOP('',(#4014,#4015,#4016,#4022));
#4024=FACE_BOUND('',#4023,.T.);
#4025=ADVANCED_FACE('',(#4024),#4013,.F.);
#4026=CARTESIAN_POINT('',(163.18,186.375,6.9));
#4027=DIRECTION('',(0.,1.,0.));
#4028=DIRECTION('',(0.,-0.,1.));
#4029=AXIS2_PLACEMENT_3D('',#4026,#4027,#4028);
#4030=CYLINDRICAL_SURFACE('',#4029,0.5);
#4031=ORIENTED_EDGE('',*,*,#2617,.F.);
#4032=ORIENTED_EDGE('',*,*,#4021,.T.);
#4033=ORIENTED_EDGE('',*,*,#3374,.T.);
#4034=CARTESIAN_POINT('',(163.18,187.0062,7.4));
#4035=DIRECTION('',(-0.,-1.,-0.));
#4036=VECTOR('',#4035,1.5);
#4037=LINE('',#4034,#4036);
#4038=EDGE_CURVE('',#3360,#2611,#4037,.T.);
#4039=ORIENTED_EDGE('',*,*,#4038,.T.);
#4040=EDGE_LOOP('',(#4031,#4032,#4033,#4039));
#4041=FACE_BOUND('',#4040,.T.);
#4042=ADVANCED_FACE('',(#4041),#4030,.F.);
#4043=CARTESIAN_POINT('',(169.05,186.375,7.4));
#4044=DIRECTION('',(0.,0.,-1.));
#4045=DIRECTION('',(-1.,0.,0.));
#4046=AXIS2_PLACEMENT_3D('',#4043,#4044,#4045);
#4047=PLANE('',#4046);
#4048=CARTESIAN_POINT('',(163.93,185.5062,7.4));
#4049=DIRECTION('',(0.,1.,0.));
#4050=VECTOR('',#4049,1.5);
#4051=LINE('',#4048,#4050);
#4052=EDGE_CURVE('',#2620,#3351,#4051,.T.);
#4053=ORIENTED_EDGE('',*,*,#4052,.F.);
#4054=ORIENTED_EDGE('',*,*,#2625,.T.);
#4055=ORIENTED_EDGE('',*,*,#4038,.F.);
#4056=ORIENTED_EDGE('',*,*,#3365,.F.);
#4057=EDGE_LOOP('',(#4053,#4054,#4055,#4056));
#4058=FACE_BOUND('',#4057,.T.);
#4059=ADVANCED_FACE('',(#4058),#4047,.T.);
#4060=CARTESIAN_POINT('',(163.93,186.375,8.4));
#4061=DIRECTION('',(0.,1.,0.));
#4062=DIRECTION('',(0.,-0.,1.));
#4063=AXIS2_PLACEMENT_3D('',#4060,#4061,#4062);
#4064=CYLINDRICAL_SURFACE('',#4063,1.);
#4065=CARTESIAN_POINT('',(164.93,187.0062,8.4));
#4066=DIRECTION('',(-0.,-1.,-0.));
#4067=VECTOR('',#4066,1.5);
#4068=LINE('',#4065,#4067);
#4069=EDGE_CURVE('',#3343,#2628,#4068,.T.);
#4070=ORIENTED_EDGE('',*,*,#4069,.T.);
#4071=ORIENTED_EDGE('',*,*,#2634,.T.);
#4072=ORIENTED_EDGE('',*,*,#4052,.T.);
#4073=ORIENTED_EDGE('',*,*,#3357,.F.);
#4074=EDGE_LOOP('',(#4070,#4071,#4072,#4073));
#4075=FACE_BOUND('',#4074,.T.);
#4076=ADVANCED_FACE('',(#4075),#4064,.T.);
#4077=CARTESIAN_POINT('',(164.93,119.853428951,16.428630997));
#4078=DIRECTION('',(-1.,0.,0.));
#4079=DIRECTION('',(0.,0.,1.));
#4080=AXIS2_PLACEMENT_3D('',#4077,#4078,#4079);
#4081=PLANE('',#4080);
#4082=ORIENTED_EDGE('',*,*,#3348,.T.);
#4083=CARTESIAN_POINT('',(164.93,187.0062,9.024007472));
#4084=DIRECTION('',(0.,-1.,0.));
#4085=VECTOR('',#4084,1.5);
#4086=LINE('',#4083,#4085);
#4087=EDGE_CURVE('',#3334,#2637,#4086,.T.);
#4088=ORIENTED_EDGE('',*,*,#4087,.T.);
#4089=ORIENTED_EDGE('',*,*,#2642,.F.);
#4090=ORIENTED_EDGE('',*,*,#4069,.F.);
#4091=EDGE_LOOP('',(#4082,#4088,#4089,#4090));
#4092=FACE_BOUND('',#4091,.T.);
#4093=ADVANCED_FACE('',(#4092),#4081,.F.);
#4094=CARTESIAN_POINT('',(69.8,119.853428951,8.997924095));
#4095=DIRECTION('',(0.,1.,0.));
#4096=DIRECTION('',(0.,-0.,1.));
#4097=AXIS2_PLACEMENT_3D('',#4094,#4095,#4096);
#4098=CYLINDRICAL_SURFACE('',#4097,0.9);
#4099=ORIENTED_EDGE('',*,*,#2822,.F.);
#4100=CARTESIAN_POINT('',(69.02604566,185.5062,9.457265667));
#4101=DIRECTION('',(0.,1.,0.));
#4102=VECTOR('',#4101,1.5);
#4103=LINE('',#4100,#4102);
#4104=EDGE_CURVE('',#2807,#3163,#4103,.T.);
#4105=ORIENTED_EDGE('',*,*,#4104,.T.);
#4106=ORIENTED_EDGE('',*,*,#3169,.F.);
#4107=ORIENTED_EDGE('',*,*,#3878,.F.);
#4108=EDGE_LOOP('',(#4099,#4105,#4106,#4107));
#4109=FACE_BOUND('',#4108,.T.);
#4110=ADVANCED_FACE('',(#4109),#4098,.T.);
#4111=CARTESIAN_POINT('',(59.8,1.5,9.099222582));
#4112=DIRECTION('',(0.,-1.,0.));
#4113=DIRECTION('',(0.,0.,-1.));
#4114=AXIS2_PLACEMENT_3D('',#4111,#4112,#4113);
#4115=CYLINDRICAL_SURFACE('',#4114,0.8);
#4116=ORIENTED_EDGE('',*,*,#3050,.F.);
#4117=CARTESIAN_POINT('',(60.599975824,187.0062,9.105441925));
#4118=DIRECTION('',(0.,-1.,0.));
#4119=VECTOR('',#4118,1.5);
#4120=LINE('',#4117,#4119);
#4121=EDGE_CURVE('',#3035,#2935,#4120,.T.);
#4122=ORIENTED_EDGE('',*,*,#4121,.T.);
#4123=ORIENTED_EDGE('',*,*,#2941,.F.);
#4124=ORIENTED_EDGE('',*,*,#3861,.F.);
#4125=EDGE_LOOP('',(#4116,#4122,#4123,#4124));
#4126=FACE_BOUND('',#4125,.T.);
#4127=ADVANCED_FACE('',(#4126),#4115,.T.);
#4128=CARTESIAN_POINT('',(69.628010147,119.853428951,9.1));
#4129=DIRECTION('',(0.,1.,0.));
#4130=DIRECTION('',(0.,-0.,1.));
#4131=AXIS2_PLACEMENT_3D('',#4128,#4129,#4130);
#4132=CYLINDRICAL_SURFACE('',#4131,0.7);
#4133=ORIENTED_EDGE('',*,*,#3178,.F.);
#4134=ORIENTED_EDGE('',*,*,#4104,.F.);
#4135=ORIENTED_EDGE('',*,*,#2813,.F.);
#4136=ORIENTED_EDGE('',*,*,#3441,.F.);
#4137=EDGE_LOOP('',(#4133,#4134,#4135,#4136));
#4138=FACE_BOUND('',#4137,.T.);
#4139=ADVANCED_FACE('',(#4138),#4132,.T.);
#4140=CARTESIAN_POINT('',(59.899996978,1.5,9.1));
#4141=DIRECTION('',(0.,-1.,0.));
#4142=DIRECTION('',(0.,0.,-1.));
#4143=AXIS2_PLACEMENT_3D('',#4140,#4141,#4142);
#4144=CYLINDRICAL_SURFACE('',#4143,0.7);
#4145=ORIENTED_EDGE('',*,*,#2948,.F.);
#4146=ORIENTED_EDGE('',*,*,#4121,.F.);
#4147=ORIENTED_EDGE('',*,*,#3041,.F.);
#4148=ORIENTED_EDGE('',*,*,#2074,.F.);
#4149=EDGE_LOOP('',(#4145,#4146,#4147,#4148));
#4150=FACE_BOUND('',#4149,.T.);
#4151=ADVANCED_FACE('',(#4150),#4144,.T.);
#4152=CARTESIAN_POINT('',(121.3,119.853428951,9.059807621));
#4153=DIRECTION('',(0.,1.,0.));
#4154=DIRECTION('',(0.,-0.,1.));
#4155=AXIS2_PLACEMENT_3D('',#4152,#4153,#4154);
#4156=CYLINDRICAL_SURFACE('',#4155,0.8);
#4157=ORIENTED_EDGE('',*,*,#3314,.F.);
#4158=ORIENTED_EDGE('',*,*,#3703,.F.);
#4159=ORIENTED_EDGE('',*,*,#2677,.F.);
#4160=CARTESIAN_POINT('',(120.9,187.0062,9.752627944));
#4161=DIRECTION('',(-0.,-1.,-0.));
#4162=VECTOR('',#4161,1.5);
#4163=LINE('',#4160,#4162);
#4164=EDGE_CURVE('',#3308,#2662,#4163,.T.);
#4165=ORIENTED_EDGE('',*,*,#4164,.F.);
#4166=EDGE_LOOP('',(#4157,#4158,#4159,#4165));
#4167=FACE_BOUND('',#4166,.T.);
#4168=ADVANCED_FACE('',(#4167),#4156,.T.);
#4169=CARTESIAN_POINT('',(111.322326733,1.5,8.9));
#4170=DIRECTION('',(0.,-1.,0.));
#4171=DIRECTION('',(0.,0.,-1.));
#4172=AXIS2_PLACEMENT_3D('',#4169,#4170,#4171);
#4173=CYLINDRICAL_SURFACE('',#4172,0.9);
#4174=ORIENTED_EDGE('',*,*,#2796,.F.);
#4175=ORIENTED_EDGE('',*,*,#3720,.F.);
#4176=ORIENTED_EDGE('',*,*,#3195,.F.);
#4177=ORIENTED_EDGE('',*,*,#3434,.F.);
#4178=EDGE_LOOP('',(#4174,#4175,#4176,#4177));
#4179=FACE_BOUND('',#4178,.T.);
#4180=ADVANCED_FACE('',(#4179),#4173,.T.);
#4181=CARTESIAN_POINT('',(121.188141612,119.853428951,8.9));
#4182=DIRECTION('',(0.,1.,0.));
#4183=DIRECTION('',(0.,-0.,1.));
#4184=AXIS2_PLACEMENT_3D('',#4181,#4182,#4183);
#4185=CYLINDRICAL_SURFACE('',#4184,0.9);
#4186=ORIENTED_EDGE('',*,*,#3323,.F.);
#4187=ORIENTED_EDGE('',*,*,#4164,.T.);
#4188=ORIENTED_EDGE('',*,*,#2668,.F.);
#4189=ORIENTED_EDGE('',*,*,#3419,.F.);
#4190=EDGE_LOOP('',(#4186,#4187,#4188,#4189));
#4191=FACE_BOUND('',#4190,.T.);
#4192=ADVANCED_FACE('',(#4191),#4185,.T.);
#4193=CARTESIAN_POINT('',(164.130360305,1.5,9.));
#4194=DIRECTION('',(0.,-1.,0.));
#4195=DIRECTION('',(0.,0.,-1.));
#4196=AXIS2_PLACEMENT_3D('',#4193,#4194,#4195);
#4197=CYLINDRICAL_SURFACE('',#4196,0.8);
#4198=ORIENTED_EDGE('',*,*,#2651,.F.);
#4199=ORIENTED_EDGE('',*,*,#4087,.F.);
#4200=ORIENTED_EDGE('',*,*,#3340,.F.);
#4201=ORIENTED_EDGE('',*,*,#3412,.F.);
#4202=EDGE_LOOP('',(#4198,#4199,#4200,#4201));
#4203=FACE_BOUND('',#4202,.T.);
#4204=ADVANCED_FACE('',(#4203),#4197,.T.);
#4205=CARTESIAN_POINT('',(100.,187.0062,0.60335315));
#4206=DIRECTION('',(-0.,1.,0.));
#4207=DIRECTION('',(-1.,-0.,0.));
#4208=AXIS2_PLACEMENT_3D('',#4205,#4206,#4207);
#4209=PLANE('',#4208);
#4210=ORIENTED_EDGE('',*,*,#1060,.T.);
#4211=ORIENTED_EDGE('',*,*,#2288,.F.);
#4212=CARTESIAN_POINT('',(245.,187.0062,9.8));
#4213=DIRECTION('',(0.,0.,-1.));
#4214=VECTOR('',#4213,8.6);
#4215=LINE('',#4212,#4214);
#4216=EDGE_CURVE('',#2277,#1899,#4215,.T.);
#4217=ORIENTED_EDGE('',*,*,#4216,.T.);
#4218=ORIENTED_EDGE('',*,*,#1904,.T.);
#4219=EDGE_LOOP('',(#4210,#4211,#4217,#4218));
#4220=FACE_BOUND('',#4219,.T.);
#4221=ADVANCED_FACE('',(#4220),#4209,.T.);
#4222=CARTESIAN_POINT('',(175.5,119.853428951,16.428630997));
#4223=DIRECTION('',(-1.,0.,0.));
#4224=DIRECTION('',(0.,0.,1.));
#4225=AXIS2_PLACEMENT_3D('',#4222,#4223,#4224);
#4226=PLANE('',#4225);
#4227=ORIENTED_EDGE('',*,*,#3963,.F.);
#4228=ORIENTED_EDGE('',*,*,#2574,.T.);
#4229=CARTESIAN_POINT('',(175.5,185.5062,6.923030399));
#4230=DIRECTION('',(-0.,1.,-0.));
#4231=VECTOR('',#4230,1.5);
#4232=LINE('',#4229,#4231);
#4233=EDGE_CURVE('',#2560,#2972,#4232,.T.);
#4234=ORIENTED_EDGE('',*,*,#4233,.T.);
#4235=ORIENTED_EDGE('',*,*,#2977,.F.);
#4236=EDGE_LOOP('',(#4227,#4228,#4234,#4235));
#4237=FACE_BOUND('',#4236,.T.);
#4238=ADVANCED_FACE('',(#4237),#4226,.T.);
#4239=CARTESIAN_POINT('',(174.076393202,119.853428951,9.));
#4240=DIRECTION('',(0.,1.,0.));
#4241=DIRECTION('',(0.,-0.,1.));
#4242=AXIS2_PLACEMENT_3D('',#4239,#4240,#4241);
#4243=CYLINDRICAL_SURFACE('',#4242,0.8);
#4244=ORIENTED_EDGE('',*,*,#3027,.F.);
#4245=CARTESIAN_POINT('',(173.480108408,185.5062,9.533333333));
#4246=DIRECTION('',(0.,1.,0.));
#4247=VECTOR('',#4246,1.5);
#4248=LINE('',#4245,#4247);
#4249=EDGE_CURVE('',#2517,#3014,#4248,.T.);
#4250=ORIENTED_EDGE('',*,*,#4249,.F.);
#4251=ORIENTED_EDGE('',*,*,#2523,.F.);
#4252=ORIENTED_EDGE('',*,*,#2464,.F.);
#4253=EDGE_LOOP('',(#4244,#4250,#4251,#4252));
#4254=FACE_BOUND('',#4253,.T.);
#4255=ADVANCED_FACE('',(#4254),#4243,.T.);
#4256=CARTESIAN_POINT('',(174.3,119.853428951,8.8));
#4257=DIRECTION('',(0.,1.,0.));
#4258=DIRECTION('',(0.,-0.,1.));
#4259=AXIS2_PLACEMENT_3D('',#4256,#4257,#4258);
#4260=CYLINDRICAL_SURFACE('',#4259,1.1);
#4261=ORIENTED_EDGE('',*,*,#2532,.T.);
#4262=ORIENTED_EDGE('',*,*,#4249,.T.);
#4263=ORIENTED_EDGE('',*,*,#3020,.T.);
#4264=CARTESIAN_POINT('',(173.2,187.0062,8.8));
#4265=DIRECTION('',(-0.,-1.,-0.));
#4266=VECTOR('',#4265,1.5);
#4267=LINE('',#4264,#4266);
#4268=EDGE_CURVE('',#3006,#2526,#4267,.T.);
#4269=ORIENTED_EDGE('',*,*,#4268,.T.);
#4270=EDGE_LOOP('',(#4261,#4262,#4263,#4269));
#4271=FACE_BOUND('',#4270,.T.);
#4272=ADVANCED_FACE('',(#4271),#4260,.T.);
#4273=CARTESIAN_POINT('',(173.2,119.853428951,16.428630997));
#4274=DIRECTION('',(-1.,0.,0.));
#4275=DIRECTION('',(0.,0.,1.));
#4276=AXIS2_PLACEMENT_3D('',#4273,#4274,#4275);
#4277=PLANE('',#4276);
#4278=CARTESIAN_POINT('',(173.2,185.5062,8.4));
#4279=DIRECTION('',(0.,1.,0.));
#4280=VECTOR('',#4279,1.5);
#4281=LINE('',#4278,#4280);
#4282=EDGE_CURVE('',#2535,#2997,#4281,.T.);
#4283=ORIENTED_EDGE('',*,*,#4282,.F.);
#4284=ORIENTED_EDGE('',*,*,#2540,.T.);
#4285=ORIENTED_EDGE('',*,*,#4268,.F.);
#4286=ORIENTED_EDGE('',*,*,#3011,.F.);
#4287=EDGE_LOOP('',(#4283,#4284,#4285,#4286));
#4288=FACE_BOUND('',#4287,.T.);
#4289=ADVANCED_FACE('',(#4288),#4277,.T.);
#4290=CARTESIAN_POINT('',(174.2,119.853428951,8.4));
#4291=DIRECTION('',(0.,-1.,0.));
#4292=DIRECTION('',(0.,0.,-1.));
#4293=AXIS2_PLACEMENT_3D('',#4290,#4291,#4292);
#4294=CYLINDRICAL_SURFACE('',#4293,1.);
#4295=CARTESIAN_POINT('',(174.2,187.0062,7.4));
#4296=DIRECTION('',(-0.,-1.,-0.));
#4297=VECTOR('',#4296,1.5);
#4298=LINE('',#4295,#4297);
#4299=EDGE_CURVE('',#2989,#2543,#4298,.T.);
#4300=ORIENTED_EDGE('',*,*,#4299,.T.);
#4301=ORIENTED_EDGE('',*,*,#2549,.T.);
#4302=ORIENTED_EDGE('',*,*,#4282,.T.);
#4303=ORIENTED_EDGE('',*,*,#3003,.F.);
#4304=EDGE_LOOP('',(#4300,#4301,#4302,#4303));
#4305=FACE_BOUND('',#4304,.T.);
#4306=ADVANCED_FACE('',(#4305),#4294,.T.);
#4307=CARTESIAN_POINT('',(169.2,186.375,7.4));
#4308=DIRECTION('',(0.,0.,-1.));
#4309=DIRECTION('',(-1.,0.,0.));
#4310=AXIS2_PLACEMENT_3D('',#4307,#4308,#4309);
#4311=PLANE('',#4310);
#4312=CARTESIAN_POINT('',(175.15,185.5062,7.4));
#4313=DIRECTION('',(0.,1.,0.));
#4314=VECTOR('',#4313,1.5);
#4315=LINE('',#4312,#4314);
#4316=EDGE_CURVE('',#2552,#2980,#4315,.T.);
#4317=ORIENTED_EDGE('',*,*,#4316,.F.);
#4318=ORIENTED_EDGE('',*,*,#2557,.T.);
#4319=ORIENTED_EDGE('',*,*,#4299,.F.);
#4320=ORIENTED_EDGE('',*,*,#2994,.F.);
#4321=EDGE_LOOP('',(#4317,#4318,#4319,#4320));
#4322=FACE_BOUND('',#4321,.T.);
#4323=ADVANCED_FACE('',(#4322),#4311,.T.);
#4324=CARTESIAN_POINT('',(175.,119.853428951,6.923030399));
#4325=DIRECTION('',(0.,-1.,0.));
#4326=DIRECTION('',(0.,0.,-1.));
#4327=AXIS2_PLACEMENT_3D('',#4324,#4325,#4326);
#4328=CYLINDRICAL_SURFACE('',#4327,0.5);
#4329=ORIENTED_EDGE('',*,*,#2566,.F.);
#4330=ORIENTED_EDGE('',*,*,#4316,.T.);
#4331=ORIENTED_EDGE('',*,*,#2986,.F.);
#4332=ORIENTED_EDGE('',*,*,#4233,.F.);
#4333=EDGE_LOOP('',(#4329,#4330,#4331,#4332));
#4334=FACE_BOUND('',#4333,.T.);
#4335=ADVANCED_FACE('',(#4334),#4328,.F.);
#4336=CARTESIAN_POINT('',(5.2,177.8062,4.95));
#4337=DIRECTION('',(0.,-1.,0.));
#4338=DIRECTION('',(0.,0.,-1.));
#4339=AXIS2_PLACEMENT_3D('',#4336,#4337,#4338);
#4340=PLANE('',#4339);
#4341=ORIENTED_EDGE('',*,*,#793,.F.);
#4342=CARTESIAN_POINT('',(6.9,177.8062,4.95));
#4343=VERTEX_POINT('',#4342);
#4344=CARTESIAN_POINT('',(6.9,177.8062,1.5));
#4345=DIRECTION('',(-0.,-0.,1.));
#4346=VECTOR('',#4345,3.45);
#4347=LINE('',#4344,#4346);
#4348=EDGE_CURVE('',#781,#4343,#4347,.T.);
#4349=ORIENTED_EDGE('',*,*,#4348,.T.);
#4350=CARTESIAN_POINT('',(6.9,177.8062,4.95));
#4351=DIRECTION('',(-1.,0.,0.));
#4352=VECTOR('',#4351,5.7);
#4353=LINE('',#4350,#4352);
#4354=EDGE_CURVE('',#4343,#416,#4353,.T.);
#4355=ORIENTED_EDGE('',*,*,#4354,.T.);
#4356=ORIENTED_EDGE('',*,*,#421,.T.);
#4357=EDGE_LOOP('',(#4341,#4349,#4355,#4356));
#4358=FACE_BOUND('',#4357,.T.);
#4359=ADVANCED_FACE('',(#4358),#4340,.T.);
#4360=CARTESIAN_POINT('',(9.9,181.5062,4.95));
#4361=DIRECTION('',(1.,0.,0.));
#4362=DIRECTION('',(0.,0.,-1.));
#4363=AXIS2_PLACEMENT_3D('',#4360,#4361,#4362);
#4364=PLANE('',#4363);
#4365=CARTESIAN_POINT('',(9.9,180.8062,4.95));
#4366=VERTEX_POINT('',#4365);
#4367=CARTESIAN_POINT('',(9.9,185.5062,4.95));
#4368=DIRECTION('',(0.,-1.,0.));
#4369=VECTOR('',#4368,4.7);
#4370=LINE('',#4367,#4369);
#4371=EDGE_CURVE('',#3453,#4366,#4370,.T.);
#4372=ORIENTED_EDGE('',*,*,#4371,.T.);
#4373=CARTESIAN_POINT('',(9.9,180.8062,4.95));
#4374=DIRECTION('',(0.,0.,-1.));
#4375=VECTOR('',#4374,3.45);
#4376=LINE('',#4373,#4375);
#4377=EDGE_CURVE('',#4366,#773,#4376,.T.);
#4378=ORIENTED_EDGE('',*,*,#4377,.T.);
#4379=ORIENTED_EDGE('',*,*,#778,.F.);
#4380=ORIENTED_EDGE('',*,*,#3464,.F.);
#4381=EDGE_LOOP('',(#4372,#4378,#4379,#4380));
#4382=FACE_BOUND('',#4381,.T.);
#4383=ADVANCED_FACE('',(#4382),#4364,.T.);
#4384=CARTESIAN_POINT('',(0.,0.,4.95));
#4385=DIRECTION('',(0.,0.,1.));
#4386=DIRECTION('',(1.,0.,0.));
#4387=AXIS2_PLACEMENT_3D('',#4384,#4385,#4386);
#4388=PLANE('',#4387);
#4389=CARTESIAN_POINT('',(4.55,182.3,4.95));
#4390=VERTEX_POINT('',#4389);
#4391=CARTESIAN_POINT('',(7.85,182.3,4.95));
#4392=VERTEX_POINT('',#4391);
#4393=CARTESIAN_POINT('',(6.2,182.3,4.95));
#4394=DIRECTION('',(0.,0.,1.));
#4395=DIRECTION('',(1.,0.,-0.));
#4396=AXIS2_PLACEMENT_3D('',#4393,#4394,#4395);
#4397=CIRCLE('',#4396,1.65);
#4398=EDGE_CURVE('',#4390,#4392,#4397,.T.);
#4399=ORIENTED_EDGE('',*,*,#4398,.F.);
#4400=CARTESIAN_POINT('',(6.2,182.3,4.95));
#4401=DIRECTION('',(0.,0.,1.));
#4402=DIRECTION('',(1.,0.,-0.));
#4403=AXIS2_PLACEMENT_3D('',#4400,#4401,#4402);
#4404=CIRCLE('',#4403,1.65);
#4405=EDGE_CURVE('',#4392,#4390,#4404,.T.);
#4406=ORIENTED_EDGE('',*,*,#4405,.F.);
#4407=EDGE_LOOP('',(#4399,#4406));
#4408=FACE_BOUND('',#4407,.T.);
#4409=ORIENTED_EDGE('',*,*,#4354,.F.);
#4410=CARTESIAN_POINT('',(6.9,180.8062,4.95));
#4411=DIRECTION('',(0.,0.,1.));
#4412=DIRECTION('',(1.,0.,-0.));
#4413=AXIS2_PLACEMENT_3D('',#4410,#4411,#4412);
#4414=CIRCLE('',#4413,3.);
#4415=EDGE_CURVE('',#4343,#4366,#4414,.T.);
#4416=ORIENTED_EDGE('',*,*,#4415,.T.);
#4417=ORIENTED_EDGE('',*,*,#4371,.F.);
#4418=ORIENTED_EDGE('',*,*,#3458,.F.);
#4419=ORIENTED_EDGE('',*,*,#429,.T.);
#4420=EDGE_LOOP('',(#4409,#4416,#4417,#4418,#4419));
#4421=FACE_BOUND('',#4420,.T.);
#4422=ADVANCED_FACE('',(#4408,#4421),#4388,.T.);
#4423=CARTESIAN_POINT('',(6.9,180.8062,4.95));
#4424=DIRECTION('',(0.,0.,-1.));
#4425=DIRECTION('',(-1.,0.,0.));
#4426=AXIS2_PLACEMENT_3D('',#4423,#4424,#4425);
#4427=CYLINDRICAL_SURFACE('',#4426,3.);
#4428=ORIENTED_EDGE('',*,*,#4415,.F.);
#4429=ORIENTED_EDGE('',*,*,#4348,.F.);
#4430=ORIENTED_EDGE('',*,*,#787,.F.);
#4431=ORIENTED_EDGE('',*,*,#4377,.F.);
#4432=EDGE_LOOP('',(#4428,#4429,#4430,#4431));
#4433=FACE_BOUND('',#4432,.T.);
#4434=ADVANCED_FACE('',(#4433),#4427,.T.);
#4435=CARTESIAN_POINT('',(239.1,181.5062,4.95));
#4436=DIRECTION('',(1.,0.,0.));
#4437=DIRECTION('',(0.,0.,-1.));
#4438=AXIS2_PLACEMENT_3D('',#4435,#4436,#4437);
#4439=PLANE('',#4438);
#4440=ORIENTED_EDGE('',*,*,#634,.T.);
#4441=CARTESIAN_POINT('',(239.1,180.8062,4.95));
#4442=VERTEX_POINT('',#4441);
#4443=CARTESIAN_POINT('',(239.1,180.8062,1.5));
#4444=DIRECTION('',(-0.,-0.,1.));
#4445=VECTOR('',#4444,3.45);
#4446=LINE('',#4443,#4445);
#4447=EDGE_CURVE('',#620,#4442,#4446,.T.);
#4448=ORIENTED_EDGE('',*,*,#4447,.T.);
#4449=CARTESIAN_POINT('',(239.1,185.5062,4.95));
#4450=DIRECTION('',(0.,-1.,0.));
#4451=VECTOR('',#4450,4.7);
#4452=LINE('',#4449,#4451);
#4453=EDGE_CURVE('',#2481,#4442,#4452,.T.);
#4454=ORIENTED_EDGE('',*,*,#4453,.F.);
#4455=ORIENTED_EDGE('',*,*,#2486,.T.);
#4456=EDGE_LOOP('',(#4440,#4448,#4454,#4455));
#4457=FACE_BOUND('',#4456,.T.);
#4458=ADVANCED_FACE('',(#4457),#4439,.F.);
#4459=CARTESIAN_POINT('',(242.8,177.8062,4.95));
#4460=DIRECTION('',(0.,1.,0.));
#4461=DIRECTION('',(0.,0.,1.));
#4462=AXIS2_PLACEMENT_3D('',#4459,#4460,#4461);
#4463=PLANE('',#4462);
#4464=CARTESIAN_POINT('',(242.1,177.8062,4.95));
#4465=VERTEX_POINT('',#4464);
#4466=CARTESIAN_POINT('',(246.8,177.8062,4.95));
#4467=VERTEX_POINT('',#4466);
#4468=CARTESIAN_POINT('',(242.1,177.8062,4.95));
#4469=DIRECTION('',(1.,0.,-0.));
#4470=VECTOR('',#4469,4.7);
#4471=LINE('',#4468,#4470);
#4472=EDGE_CURVE('',#4465,#4467,#4471,.T.);
#4473=ORIENTED_EDGE('',*,*,#4472,.F.);
#4474=CARTESIAN_POINT('',(242.1,177.8062,4.95));
#4475=DIRECTION('',(0.,0.,-1.));
#4476=VECTOR('',#4475,3.45);
#4477=LINE('',#4474,#4476);
#4478=EDGE_CURVE('',#4465,#612,#4477,.T.);
#4479=ORIENTED_EDGE('',*,*,#4478,.T.);
#4480=ORIENTED_EDGE('',*,*,#617,.T.);
#4481=CARTESIAN_POINT('',(246.8,177.8062,4.95));
#4482=DIRECTION('',(0.,0.,-1.));
#4483=VECTOR('',#4482,3.45);
#4484=LINE('',#4481,#4483);
#4485=EDGE_CURVE('',#4467,#604,#4484,.T.);
#4486=ORIENTED_EDGE('',*,*,#4485,.F.);
#4487=EDGE_LOOP('',(#4473,#4479,#4480,#4486));
#4488=FACE_BOUND('',#4487,.T.);
#4489=ADVANCED_FACE('',(#4488),#4463,.F.);
#4490=CARTESIAN_POINT('',(0.,0.,4.95));
#4491=DIRECTION('',(0.,0.,1.));
#4492=DIRECTION('',(1.,0.,0.));
#4493=AXIS2_PLACEMENT_3D('',#4490,#4491,#4492);
#4494=PLANE('',#4493);
#4495=CARTESIAN_POINT('',(241.15,182.3,4.95));
#4496=VERTEX_POINT('',#4495);
#4497=CARTESIAN_POINT('',(244.45,182.3,4.95));
#4498=VERTEX_POINT('',#4497);
#4499=CARTESIAN_POINT('',(242.8,182.3,4.95));
#4500=DIRECTION('',(0.,0.,1.));
#4501=DIRECTION('',(1.,0.,-0.));
#4502=AXIS2_PLACEMENT_3D('',#4499,#4500,#4501);
#4503=CIRCLE('',#4502,1.65);
#4504=EDGE_CURVE('',#4496,#4498,#4503,.T.);
#4505=ORIENTED_EDGE('',*,*,#4504,.F.);
#4506=CARTESIAN_POINT('',(242.8,182.3,4.95));
#4507=DIRECTION('',(0.,0.,1.));
#4508=DIRECTION('',(1.,0.,-0.));
#4509=AXIS2_PLACEMENT_3D('',#4506,#4507,#4508);
#4510=CIRCLE('',#4509,1.65);
#4511=EDGE_CURVE('',#4498,#4496,#4510,.T.);
#4512=ORIENTED_EDGE('',*,*,#4511,.F.);
#4513=EDGE_LOOP('',(#4505,#4512));
#4514=FACE_BOUND('',#4513,.T.);
#4515=ORIENTED_EDGE('',*,*,#4453,.T.);
#4516=CARTESIAN_POINT('',(242.1,180.8062,4.95));
#4517=DIRECTION('',(0.,0.,1.));
#4518=DIRECTION('',(1.,0.,-0.));
#4519=AXIS2_PLACEMENT_3D('',#4516,#4517,#4518);
#4520=CIRCLE('',#4519,3.);
#4521=EDGE_CURVE('',#4442,#4465,#4520,.T.);
#4522=ORIENTED_EDGE('',*,*,#4521,.T.);
#4523=ORIENTED_EDGE('',*,*,#4472,.T.);
#4524=CARTESIAN_POINT('',(246.8,177.8062,4.95));
#4525=DIRECTION('',(0.,1.,0.));
#4526=VECTOR('',#4525,7.7);
#4527=LINE('',#4524,#4526);
#4528=EDGE_CURVE('',#4467,#2489,#4527,.T.);
#4529=ORIENTED_EDGE('',*,*,#4528,.T.);
#4530=ORIENTED_EDGE('',*,*,#2494,.T.);
#4531=EDGE_LOOP('',(#4515,#4522,#4523,#4529,#4530));
#4532=FACE_BOUND('',#4531,.T.);
#4533=ADVANCED_FACE('',(#4514,#4532),#4494,.T.);
#4534=CARTESIAN_POINT('',(242.1,180.8062,4.95));
#4535=DIRECTION('',(0.,0.,-1.));
#4536=DIRECTION('',(-1.,0.,0.));
#4537=AXIS2_PLACEMENT_3D('',#4534,#4535,#4536);
#4538=CYLINDRICAL_SURFACE('',#4537,3.);
#4539=ORIENTED_EDGE('',*,*,#4521,.F.);
#4540=ORIENTED_EDGE('',*,*,#4447,.F.);
#4541=ORIENTED_EDGE('',*,*,#626,.F.);
#4542=ORIENTED_EDGE('',*,*,#4478,.F.);
#4543=EDGE_LOOP('',(#4539,#4540,#4541,#4542));
#4544=FACE_BOUND('',#4543,.T.);
#4545=ADVANCED_FACE('',(#4544),#4538,.T.);
#4546=CARTESIAN_POINT('',(9.45,197.9062,0.));
#4547=DIRECTION('',(-0.,1.,0.));
#4548=DIRECTION('',(0.,0.,1.));
#4549=AXIS2_PLACEMENT_3D('',#4546,#4547,#4548);
#4550=PLANE('',#4549);
#4551=CARTESIAN_POINT('',(41.75,197.9062,5.35));
#4552=VERTEX_POINT('',#4551);
#4553=CARTESIAN_POINT('',(43.3,197.9062,5.35));
#4554=DIRECTION('',(-0.,1.,0.));
#4555=DIRECTION('',(-1.,-0.,0.));
#4556=AXIS2_PLACEMENT_3D('',#4553,#4554,#4555);
#4557=CIRCLE('',#4556,1.55);
#4558=EDGE_CURVE('',#4552,#4552,#4557,.T.);
#4559=ORIENTED_EDGE('',*,*,#4558,.F.);
#4560=EDGE_LOOP('',(#4559));
#4561=FACE_BOUND('',#4560,.T.);
#4562=CARTESIAN_POINT('',(40.35,197.9062,5.35));
#4563=VERTEX_POINT('',#4562);
#4564=CARTESIAN_POINT('',(43.3,197.9062,5.35));
#4565=DIRECTION('',(-0.,1.,0.));
#4566=DIRECTION('',(-1.,-0.,0.));
#4567=AXIS2_PLACEMENT_3D('',#4564,#4565,#4566);
#4568=CIRCLE('',#4567,2.95);
#4569=EDGE_CURVE('',#4563,#4563,#4568,.T.);
#4570=ORIENTED_EDGE('',*,*,#4569,.T.);
#4571=EDGE_LOOP('',(#4570));
#4572=FACE_BOUND('',#4571,.T.);
#4573=ADVANCED_FACE('',(#4561,#4572),#4550,.T.);
#4574=CARTESIAN_POINT('',(1.2,197.9062,0.));
#4575=DIRECTION('',(-0.,1.,0.));
#4576=DIRECTION('',(0.,0.,1.));
#4577=AXIS2_PLACEMENT_3D('',#4574,#4575,#4576);
#4578=PLANE('',#4577);
#4579=CARTESIAN_POINT('',(33.5,197.9062,5.35));
#4580=VERTEX_POINT('',#4579);
#4581=CARTESIAN_POINT('',(35.05,197.9062,5.35));
#4582=DIRECTION('',(-0.,1.,0.));
#4583=DIRECTION('',(-1.,-0.,0.));
#4584=AXIS2_PLACEMENT_3D('',#4581,#4582,#4583);
#4585=CIRCLE('',#4584,1.55);
#4586=EDGE_CURVE('',#4580,#4580,#4585,.T.);
#4587=ORIENTED_EDGE('',*,*,#4586,.F.);
#4588=EDGE_LOOP('',(#4587));
#4589=FACE_BOUND('',#4588,.T.);
#4590=CARTESIAN_POINT('',(32.1,197.9062,5.35));
#4591=VERTEX_POINT('',#4590);
#4592=CARTESIAN_POINT('',(35.05,197.9062,5.35));
#4593=DIRECTION('',(-0.,1.,0.));
#4594=DIRECTION('',(-1.,-0.,0.));
#4595=AXIS2_PLACEMENT_3D('',#4592,#4593,#4594);
#4596=CIRCLE('',#4595,2.95);
#4597=EDGE_CURVE('',#4591,#4591,#4596,.T.);
#4598=ORIENTED_EDGE('',*,*,#4597,.T.);
#4599=EDGE_LOOP('',(#4598));
#4600=FACE_BOUND('',#4599,.T.);
#4601=ADVANCED_FACE('',(#4589,#4600),#4578,.T.);
#4602=CARTESIAN_POINT('',(-8.,197.9062,0.));
#4603=DIRECTION('',(-0.,1.,0.));
#4604=DIRECTION('',(0.,0.,1.));
#4605=AXIS2_PLACEMENT_3D('',#4602,#4603,#4604);
#4606=PLANE('',#4605);
#4607=CARTESIAN_POINT('',(204.4,197.9062,5.35));
#4608=VERTEX_POINT('',#4607);
#4609=CARTESIAN_POINT('',(205.95,197.9062,5.35));
#4610=DIRECTION('',(-0.,1.,0.));
#4611=DIRECTION('',(-1.,-0.,0.));
#4612=AXIS2_PLACEMENT_3D('',#4609,#4610,#4611);
#4613=CIRCLE('',#4612,1.55);
#4614=EDGE_CURVE('',#4608,#4608,#4613,.T.);
#4615=ORIENTED_EDGE('',*,*,#4614,.F.);
#4616=EDGE_LOOP('',(#4615));
#4617=FACE_BOUND('',#4616,.T.);
#4618=CARTESIAN_POINT('',(203.,197.9062,5.35));
#4619=VERTEX_POINT('',#4618);
#4620=CARTESIAN_POINT('',(205.95,197.9062,5.35));
#4621=DIRECTION('',(-0.,1.,0.));
#4622=DIRECTION('',(-1.,-0.,0.));
#4623=AXIS2_PLACEMENT_3D('',#4620,#4621,#4622);
#4624=CIRCLE('',#4623,2.95);
#4625=EDGE_CURVE('',#4619,#4619,#4624,.T.);
#4626=ORIENTED_EDGE('',*,*,#4625,.T.);
#4627=EDGE_LOOP('',(#4626));
#4628=FACE_BOUND('',#4627,.T.);
#4629=ADVANCED_FACE('',(#4617,#4628),#4606,.T.);
#4630=CARTESIAN_POINT('',(-0.,197.9062,0.));
#4631=DIRECTION('',(-0.,1.,0.));
#4632=DIRECTION('',(0.,0.,1.));
#4633=AXIS2_PLACEMENT_3D('',#4630,#4631,#4632);
#4634=PLANE('',#4633);
#4635=CARTESIAN_POINT('',(212.4,197.9062,5.35));
#4636=VERTEX_POINT('',#4635);
#4637=CARTESIAN_POINT('',(213.95,197.9062,5.35));
#4638=DIRECTION('',(-0.,1.,0.));
#4639=DIRECTION('',(-1.,-0.,0.));
#4640=AXIS2_PLACEMENT_3D('',#4637,#4638,#4639);
#4641=CIRCLE('',#4640,1.55);
#4642=EDGE_CURVE('',#4636,#4636,#4641,.T.);
#4643=ORIENTED_EDGE('',*,*,#4642,.F.);
#4644=EDGE_LOOP('',(#4643));
#4645=FACE_BOUND('',#4644,.T.);
#4646=CARTESIAN_POINT('',(211.,197.9062,5.35));
#4647=VERTEX_POINT('',#4646);
#4648=CARTESIAN_POINT('',(213.95,197.9062,5.35));
#4649=DIRECTION('',(-0.,1.,0.));
#4650=DIRECTION('',(-1.,-0.,0.));
#4651=AXIS2_PLACEMENT_3D('',#4648,#4649,#4650);
#4652=CIRCLE('',#4651,2.95);
#4653=EDGE_CURVE('',#4647,#4647,#4652,.T.);
#4654=ORIENTED_EDGE('',*,*,#4653,.T.);
#4655=EDGE_LOOP('',(#4654));
#4656=FACE_BOUND('',#4655,.T.);
#4657=ADVANCED_FACE('',(#4645,#4656),#4634,.T.);
#4658=CARTESIAN_POINT('',(213.95,193.8062,5.35));
#4659=DIRECTION('',(-0.,1.,0.));
#4660=DIRECTION('',(-1.,-0.,0.));
#4661=AXIS2_PLACEMENT_3D('',#4658,#4659,#4660);
#4662=CYLINDRICAL_SURFACE('',#4661,1.55);
#4663=CARTESIAN_POINT('',(212.4,196.6062,5.35));
#4664=VERTEX_POINT('',#4663);
#4665=CARTESIAN_POINT('',(212.4,197.9062,5.35));
#4666=DIRECTION('',(0.,-1.,-0.));
#4667=VECTOR('',#4666,1.3);
#4668=LINE('',#4665,#4667);
#4669=EDGE_CURVE('',#4636,#4664,#4668,.T.);
#4670=ORIENTED_EDGE('',*,*,#4669,.F.);
#4671=ORIENTED_EDGE('',*,*,#4642,.T.);
#4672=ORIENTED_EDGE('',*,*,#4669,.T.);
#4673=CARTESIAN_POINT('',(213.95,196.6062,5.35));
#4674=DIRECTION('',(-0.,1.,0.));
#4675=DIRECTION('',(-1.,-0.,0.));
#4676=AXIS2_PLACEMENT_3D('',#4673,#4674,#4675);
#4677=CIRCLE('',#4676,1.55);
#4678=EDGE_CURVE('',#4664,#4664,#4677,.T.);
#4679=ORIENTED_EDGE('',*,*,#4678,.F.);
#4680=EDGE_LOOP('',(#4670,#4671,#4672,#4679));
#4681=FACE_BOUND('',#4680,.T.);
#4682=ADVANCED_FACE('',(#4681),#4662,.F.);
#4683=CARTESIAN_POINT('',(205.95,193.8062,5.35));
#4684=DIRECTION('',(-0.,1.,0.));
#4685=DIRECTION('',(-1.,-0.,0.));
#4686=AXIS2_PLACEMENT_3D('',#4683,#4684,#4685);
#4687=CYLINDRICAL_SURFACE('',#4686,1.55);
#4688=CARTESIAN_POINT('',(204.4,196.6062,5.35));
#4689=VERTEX_POINT('',#4688);
#4690=CARTESIAN_POINT('',(204.4,197.9062,5.35));
#4691=DIRECTION('',(0.,-1.,-0.));
#4692=VECTOR('',#4691,1.3);
#4693=LINE('',#4690,#4692);
#4694=EDGE_CURVE('',#4608,#4689,#4693,.T.);
#4695=ORIENTED_EDGE('',*,*,#4694,.F.);
#4696=ORIENTED_EDGE('',*,*,#4614,.T.);
#4697=ORIENTED_EDGE('',*,*,#4694,.T.);
#4698=CARTESIAN_POINT('',(205.95,196.6062,5.35));
#4699=DIRECTION('',(-0.,1.,0.));
#4700=DIRECTION('',(-1.,-0.,0.));
#4701=AXIS2_PLACEMENT_3D('',#4698,#4699,#4700);
#4702=CIRCLE('',#4701,1.55);
#4703=EDGE_CURVE('',#4689,#4689,#4702,.T.);
#4704=ORIENTED_EDGE('',*,*,#4703,.F.);
#4705=EDGE_LOOP('',(#4695,#4696,#4697,#4704));
#4706=FACE_BOUND('',#4705,.T.);
#4707=ADVANCED_FACE('',(#4706),#4687,.F.);
#4708=CARTESIAN_POINT('',(35.05,189.9062,5.35));
#4709=DIRECTION('',(-0.,1.,0.));
#4710=DIRECTION('',(-1.,-0.,0.));
#4711=AXIS2_PLACEMENT_3D('',#4708,#4709,#4710);
#4712=CYLINDRICAL_SURFACE('',#4711,1.55);
#4713=CARTESIAN_POINT('',(33.5,196.2062,5.35));
#4714=VERTEX_POINT('',#4713);
#4715=CARTESIAN_POINT('',(33.5,197.9062,5.35));
#4716=DIRECTION('',(0.,-1.,-0.));
#4717=VECTOR('',#4716,1.7);
#4718=LINE('',#4715,#4717);
#4719=EDGE_CURVE('',#4580,#4714,#4718,.T.);
#4720=ORIENTED_EDGE('',*,*,#4719,.F.);
#4721=ORIENTED_EDGE('',*,*,#4586,.T.);
#4722=ORIENTED_EDGE('',*,*,#4719,.T.);
#4723=CARTESIAN_POINT('',(35.05,196.2062,5.35));
#4724=DIRECTION('',(-0.,1.,0.));
#4725=DIRECTION('',(-1.,-0.,0.));
#4726=AXIS2_PLACEMENT_3D('',#4723,#4724,#4725);
#4727=CIRCLE('',#4726,1.55);
#4728=EDGE_CURVE('',#4714,#4714,#4727,.T.);
#4729=ORIENTED_EDGE('',*,*,#4728,.F.);
#4730=EDGE_LOOP('',(#4720,#4721,#4722,#4729));
#4731=FACE_BOUND('',#4730,.T.);
#4732=ADVANCED_FACE('',(#4731),#4712,.F.);
#4733=CARTESIAN_POINT('',(43.3,189.9062,5.35));
#4734=DIRECTION('',(-0.,1.,0.));
#4735=DIRECTION('',(-1.,-0.,0.));
#4736=AXIS2_PLACEMENT_3D('',#4733,#4734,#4735);
#4737=CYLINDRICAL_SURFACE('',#4736,1.55);
#4738=CARTESIAN_POINT('',(41.75,196.2062,5.35));
#4739=VERTEX_POINT('',#4738);
#4740=CARTESIAN_POINT('',(41.75,197.9062,5.35));
#4741=DIRECTION('',(0.,-1.,-0.));
#4742=VECTOR('',#4741,1.7);
#4743=LINE('',#4740,#4742);
#4744=EDGE_CURVE('',#4552,#4739,#4743,.T.);
#4745=ORIENTED_EDGE('',*,*,#4744,.F.);
#4746=ORIENTED_EDGE('',*,*,#4558,.T.);
#4747=ORIENTED_EDGE('',*,*,#4744,.T.);
#4748=CARTESIAN_POINT('',(43.3,196.2062,5.35));
#4749=DIRECTION('',(-0.,1.,0.));
#4750=DIRECTION('',(-1.,-0.,0.));
#4751=AXIS2_PLACEMENT_3D('',#4748,#4749,#4750);
#4752=CIRCLE('',#4751,1.55);
#4753=EDGE_CURVE('',#4739,#4739,#4752,.T.);
#4754=ORIENTED_EDGE('',*,*,#4753,.F.);
#4755=EDGE_LOOP('',(#4745,#4746,#4747,#4754));
#4756=FACE_BOUND('',#4755,.T.);
#4757=ADVANCED_FACE('',(#4756),#4737,.F.);
#4758=CARTESIAN_POINT('',(43.3,197.9062,5.35));
#4759=DIRECTION('',(-0.,1.,0.));
#4760=DIRECTION('',(-1.,-0.,0.));
#4761=AXIS2_PLACEMENT_3D('',#4758,#4759,#4760);
#4762=CYLINDRICAL_SURFACE('',#4761,2.95);
#4763=CARTESIAN_POINT('',(40.35,200.2062,5.35));
#4764=VERTEX_POINT('',#4763);
#4765=CARTESIAN_POINT('',(40.35,200.2062,5.35));
#4766=DIRECTION('',(0.,-1.,-0.));
#4767=VECTOR('',#4766,2.3);
#4768=LINE('',#4765,#4767);
#4769=EDGE_CURVE('',#4764,#4563,#4768,.T.);
#4770=ORIENTED_EDGE('',*,*,#4769,.F.);
#4771=CARTESIAN_POINT('',(43.3,200.2062,5.35));
#4772=DIRECTION('',(-0.,1.,0.));
#4773=DIRECTION('',(-1.,-0.,0.));
#4774=AXIS2_PLACEMENT_3D('',#4771,#4772,#4773);
#4775=CIRCLE('',#4774,2.95);
#4776=EDGE_CURVE('',#4764,#1541,#4775,.T.);
#4777=ORIENTED_EDGE('',*,*,#4776,.T.);
#4778=ORIENTED_EDGE('',*,*,#1565,.T.);
#4779=CARTESIAN_POINT('',(43.3,200.2062,5.35));
#4780=DIRECTION('',(-0.,1.,0.));
#4781=DIRECTION('',(-1.,-0.,0.));
#4782=AXIS2_PLACEMENT_3D('',#4779,#4780,#4781);
#4783=CIRCLE('',#4782,2.95);
#4784=EDGE_CURVE('',#1533,#4764,#4783,.T.);
#4785=ORIENTED_EDGE('',*,*,#4784,.T.);
#4786=ORIENTED_EDGE('',*,*,#4769,.T.);
#4787=ORIENTED_EDGE('',*,*,#4569,.F.);
#4788=EDGE_LOOP('',(#4770,#4777,#4778,#4785,#4786,#4787));
#4789=FACE_BOUND('',#4788,.T.);
#4790=ADVANCED_FACE('',(#4789),#4762,.F.);
#4791=CARTESIAN_POINT('',(35.05,197.9062,5.35));
#4792=DIRECTION('',(-0.,1.,0.));
#4793=DIRECTION('',(-1.,-0.,0.));
#4794=AXIS2_PLACEMENT_3D('',#4791,#4792,#4793);
#4795=CYLINDRICAL_SURFACE('',#4794,2.95);
#4796=CARTESIAN_POINT('',(32.1,200.2062,5.35));
#4797=VERTEX_POINT('',#4796);
#4798=CARTESIAN_POINT('',(32.1,200.2062,5.35));
#4799=DIRECTION('',(0.,-1.,-0.));
#4800=VECTOR('',#4799,2.3);
#4801=LINE('',#4798,#4800);
#4802=EDGE_CURVE('',#4797,#4591,#4801,.T.);
#4803=ORIENTED_EDGE('',*,*,#4802,.F.);
#4804=CARTESIAN_POINT('',(35.05,200.2062,5.35));
#4805=DIRECTION('',(-0.,1.,0.));
#4806=DIRECTION('',(-1.,-0.,0.));
#4807=AXIS2_PLACEMENT_3D('',#4804,#4805,#4806);
#4808=CIRCLE('',#4807,2.95);
#4809=EDGE_CURVE('',#4797,#1506,#4808,.T.);
#4810=ORIENTED_EDGE('',*,*,#4809,.T.);
#4811=ORIENTED_EDGE('',*,*,#1530,.T.);
#4812=CARTESIAN_POINT('',(35.05,200.2062,5.35));
#4813=DIRECTION('',(-0.,1.,0.));
#4814=DIRECTION('',(-1.,-0.,0.));
#4815=AXIS2_PLACEMENT_3D('',#4812,#4813,#4814);
#4816=CIRCLE('',#4815,2.95);
#4817=EDGE_CURVE('',#1498,#4797,#4816,.T.);
#4818=ORIENTED_EDGE('',*,*,#4817,.T.);
#4819=ORIENTED_EDGE('',*,*,#4802,.T.);
#4820=ORIENTED_EDGE('',*,*,#4597,.F.);
#4821=EDGE_LOOP('',(#4803,#4810,#4811,#4818,#4819,#4820));
#4822=FACE_BOUND('',#4821,.T.);
#4823=ADVANCED_FACE('',(#4822),#4795,.F.);
#4824=CARTESIAN_POINT('',(205.95,197.9062,5.35));
#4825=DIRECTION('',(-0.,1.,0.));
#4826=DIRECTION('',(-1.,-0.,0.));
#4827=AXIS2_PLACEMENT_3D('',#4824,#4825,#4826);
#4828=CYLINDRICAL_SURFACE('',#4827,2.95);
#4829=CARTESIAN_POINT('',(203.,200.2062,5.35));
#4830=VERTEX_POINT('',#4829);
#4831=CARTESIAN_POINT('',(203.,200.2062,5.35));
#4832=DIRECTION('',(0.,-1.,-0.));
#4833=VECTOR('',#4832,2.3);
#4834=LINE('',#4831,#4833);
#4835=EDGE_CURVE('',#4830,#4619,#4834,.T.);
#4836=ORIENTED_EDGE('',*,*,#4835,.F.);
#4837=CARTESIAN_POINT('',(205.95,200.2062,5.35));
#4838=DIRECTION('',(-0.,1.,0.));
#4839=DIRECTION('',(-1.,-0.,0.));
#4840=AXIS2_PLACEMENT_3D('',#4837,#4838,#4839);
#4841=CIRCLE('',#4840,2.95);
#4842=EDGE_CURVE('',#4830,#1209,#4841,.T.);
#4843=ORIENTED_EDGE('',*,*,#4842,.T.);
#4844=ORIENTED_EDGE('',*,*,#1233,.T.);
#4845=CARTESIAN_POINT('',(205.95,200.2062,5.35));
#4846=DIRECTION('',(-0.,1.,0.));
#4847=DIRECTION('',(-1.,-0.,0.));
#4848=AXIS2_PLACEMENT_3D('',#4845,#4846,#4847);
#4849=CIRCLE('',#4848,2.95);
#4850=EDGE_CURVE('',#1201,#4830,#4849,.T.);
#4851=ORIENTED_EDGE('',*,*,#4850,.T.);
#4852=ORIENTED_EDGE('',*,*,#4835,.T.);
#4853=ORIENTED_EDGE('',*,*,#4625,.F.);
#4854=EDGE_LOOP('',(#4836,#4843,#4844,#4851,#4852,#4853));
#4855=FACE_BOUND('',#4854,.T.);
#4856=ADVANCED_FACE('',(#4855),#4828,.F.);
#4857=CARTESIAN_POINT('',(213.95,197.9062,5.35));
#4858=DIRECTION('',(-0.,1.,0.));
#4859=DIRECTION('',(-1.,-0.,0.));
#4860=AXIS2_PLACEMENT_3D('',#4857,#4858,#4859);
#4861=CYLINDRICAL_SURFACE('',#4860,2.95);
#4862=CARTESIAN_POINT('',(211.,200.2062,5.35));
#4863=VERTEX_POINT('',#4862);
#4864=CARTESIAN_POINT('',(211.,200.2062,5.35));
#4865=DIRECTION('',(0.,-1.,-0.));
#4866=VECTOR('',#4865,2.3);
#4867=LINE('',#4864,#4866);
#4868=EDGE_CURVE('',#4863,#4647,#4867,.T.);
#4869=ORIENTED_EDGE('',*,*,#4868,.F.);
#4870=CARTESIAN_POINT('',(213.95,200.2062,5.35));
#4871=DIRECTION('',(-0.,1.,0.));
#4872=DIRECTION('',(-1.,-0.,0.));
#4873=AXIS2_PLACEMENT_3D('',#4870,#4871,#4872);
#4874=CIRCLE('',#4873,2.95);
#4875=EDGE_CURVE('',#4863,#1244,#4874,.T.);
#4876=ORIENTED_EDGE('',*,*,#4875,.T.);
#4877=ORIENTED_EDGE('',*,*,#1268,.T.);
#4878=CARTESIAN_POINT('',(213.95,200.2062,5.35));
#4879=DIRECTION('',(-0.,1.,0.));
#4880=DIRECTION('',(-1.,-0.,0.));
#4881=AXIS2_PLACEMENT_3D('',#4878,#4879,#4880);
#4882=CIRCLE('',#4881,2.95);
#4883=EDGE_CURVE('',#1236,#4863,#4882,.T.);
#4884=ORIENTED_EDGE('',*,*,#4883,.T.);
#4885=ORIENTED_EDGE('',*,*,#4868,.T.);
#4886=ORIENTED_EDGE('',*,*,#4653,.F.);
#4887=EDGE_LOOP('',(#4869,#4876,#4877,#4884,#4885,#4886));
#4888=FACE_BOUND('',#4887,.T.);
#4889=ADVANCED_FACE('',(#4888),#4861,.F.);
#4890=CARTESIAN_POINT('',(202.,193.0562,4.9));
#4891=DIRECTION('',(1.,0.,0.));
#4892=DIRECTION('',(-0.,1.,0.));
#4893=AXIS2_PLACEMENT_3D('',#4890,#4891,#4892);
#4894=PLANE('',#4893);
#4895=CARTESIAN_POINT('',(202.,196.6062,9.8));
#4896=VERTEX_POINT('',#4895);
#4897=CARTESIAN_POINT('',(202.,198.9062,9.8));
#4898=VERTEX_POINT('',#4897);
#4899=CARTESIAN_POINT('',(202.,196.6062,9.8));
#4900=DIRECTION('',(-0.,1.,0.));
#4901=VECTOR('',#4900,2.3);
#4902=LINE('',#4899,#4901);
#4903=EDGE_CURVE('',#4896,#4898,#4902,.T.);
#4904=ORIENTED_EDGE('',*,*,#4903,.T.);
#4905=CARTESIAN_POINT('',(202.,198.9062,9.8));
#4906=DIRECTION('',(0.,0.,-1.));
#4907=VECTOR('',#4906,8.3);
#4908=LINE('',#4905,#4907);
#4909=EDGE_CURVE('',#4898,#677,#4908,.T.);
#4910=ORIENTED_EDGE('',*,*,#4909,.T.);
#4911=ORIENTED_EDGE('',*,*,#682,.F.);
#4912=CARTESIAN_POINT('',(202.,196.6062,9.8));
#4913=DIRECTION('',(0.,0.,-1.));
#4914=VECTOR('',#4913,8.3);
#4915=LINE('',#4912,#4914);
#4916=EDGE_CURVE('',#4896,#669,#4915,.T.);
#4917=ORIENTED_EDGE('',*,*,#4916,.F.);
#4918=EDGE_LOOP('',(#4904,#4910,#4911,#4917));
#4919=FACE_BOUND('',#4918,.T.);
#4920=ADVANCED_FACE('',(#4919),#4894,.F.);
#4921=CARTESIAN_POINT('',(201.15,196.6062,0.6));
#4922=DIRECTION('',(-0.,1.,0.));
#4923=DIRECTION('',(-1.,-0.,0.));
#4924=AXIS2_PLACEMENT_3D('',#4921,#4922,#4923);
#4925=PLANE('',#4924);
#4926=ORIENTED_EDGE('',*,*,#4703,.T.);
#4927=EDGE_LOOP('',(#4926));
#4928=FACE_BOUND('',#4927,.T.);
#4929=ORIENTED_EDGE('',*,*,#4678,.T.);
#4930=EDGE_LOOP('',(#4929));
#4931=FACE_BOUND('',#4930,.T.);
#4932=CARTESIAN_POINT('',(218.,196.6062,9.8));
#4933=VERTEX_POINT('',#4932);
#4934=CARTESIAN_POINT('',(218.,196.6062,9.8));
#4935=DIRECTION('',(-1.,-0.,0.));
#4936=VECTOR('',#4935,16.);
#4937=LINE('',#4934,#4936);
#4938=EDGE_CURVE('',#4933,#4896,#4937,.T.);
#4939=ORIENTED_EDGE('',*,*,#4938,.T.);
#4940=ORIENTED_EDGE('',*,*,#4916,.T.);
#4941=ORIENTED_EDGE('',*,*,#674,.F.);
#4942=CARTESIAN_POINT('',(218.,196.6062,9.8));
#4943=DIRECTION('',(0.,0.,-1.));
#4944=VECTOR('',#4943,8.3);
#4945=LINE('',#4942,#4944);
#4946=EDGE_CURVE('',#4933,#661,#4945,.T.);
#4947=ORIENTED_EDGE('',*,*,#4946,.F.);
#4948=EDGE_LOOP('',(#4939,#4940,#4941,#4947));
#4949=FACE_BOUND('',#4948,.T.);
#4950=ADVANCED_FACE('',(#4928,#4931,#4949),#4925,.F.);
#4951=CARTESIAN_POINT('',(218.,193.0562,4.9));
#4952=DIRECTION('',(1.,0.,0.));
#4953=DIRECTION('',(-0.,1.,0.));
#4954=AXIS2_PLACEMENT_3D('',#4951,#4952,#4953);
#4955=PLANE('',#4954);
#4956=ORIENTED_EDGE('',*,*,#4946,.T.);
#4957=ORIENTED_EDGE('',*,*,#666,.T.);
#4958=CARTESIAN_POINT('',(218.,198.9062,9.8));
#4959=VERTEX_POINT('',#4958);
#4960=CARTESIAN_POINT('',(218.,198.9062,9.8));
#4961=DIRECTION('',(0.,0.,-1.));
#4962=VECTOR('',#4961,8.3);
#4963=LINE('',#4960,#4962);
#4964=EDGE_CURVE('',#4959,#653,#4963,.T.);
#4965=ORIENTED_EDGE('',*,*,#4964,.F.);
#4966=CARTESIAN_POINT('',(218.,196.6062,9.8));
#4967=DIRECTION('',(-0.,1.,0.));
#4968=VECTOR('',#4967,2.3);
#4969=LINE('',#4966,#4968);
#4970=EDGE_CURVE('',#4933,#4959,#4969,.T.);
#4971=ORIENTED_EDGE('',*,*,#4970,.F.);
#4972=EDGE_LOOP('',(#4956,#4957,#4965,#4971));
#4973=FACE_BOUND('',#4972,.T.);
#4974=ADVANCED_FACE('',(#4973),#4955,.T.);
#4975=CARTESIAN_POINT('',(30.8,193.0562,4.9));
#4976=DIRECTION('',(-1.,0.,0.));
#4977=DIRECTION('',(0.,0.,1.));
#4978=AXIS2_PLACEMENT_3D('',#4975,#4976,#4977);
#4979=PLANE('',#4978);
#4980=CARTESIAN_POINT('',(30.8,198.9062,9.8));
#4981=VERTEX_POINT('',#4980);
#4982=CARTESIAN_POINT('',(30.8,198.9062,1.5));
#4983=DIRECTION('',(0.,0.,1.));
#4984=VECTOR('',#4983,8.3);
#4985=LINE('',#4982,#4984);
#4986=EDGE_CURVE('',#741,#4981,#4985,.T.);
#4987=ORIENTED_EDGE('',*,*,#4986,.F.);
#4988=ORIENTED_EDGE('',*,*,#746,.T.);
#4989=CARTESIAN_POINT('',(30.8,196.2062,9.8));
#4990=VERTEX_POINT('',#4989);
#4991=CARTESIAN_POINT('',(30.8,196.2062,1.5));
#4992=DIRECTION('',(0.,0.,1.));
#4993=VECTOR('',#4992,8.3);
#4994=LINE('',#4991,#4993);
#4995=EDGE_CURVE('',#733,#4990,#4994,.T.);
#4996=ORIENTED_EDGE('',*,*,#4995,.T.);
#4997=CARTESIAN_POINT('',(30.8,198.9062,9.8));
#4998=DIRECTION('',(0.,-1.,0.));
#4999=VECTOR('',#4998,2.7);
#5000=LINE('',#4997,#4999);
#5001=EDGE_CURVE('',#4981,#4990,#5000,.T.);
#5002=ORIENTED_EDGE('',*,*,#5001,.F.);
#5003=EDGE_LOOP('',(#4987,#4988,#4996,#5002));
#5004=FACE_BOUND('',#5003,.T.);
#5005=ADVANCED_FACE('',(#5004),#4979,.T.);
#5006=CARTESIAN_POINT('',(40.4,196.2062,0.6));
#5007=DIRECTION('',(-0.,1.,0.));
#5008=DIRECTION('',(-1.,-0.,0.));
#5009=AXIS2_PLACEMENT_3D('',#5006,#5007,#5008);
#5010=PLANE('',#5009);
#5011=ORIENTED_EDGE('',*,*,#4753,.T.);
#5012=EDGE_LOOP('',(#5011));
#5013=FACE_BOUND('',#5012,.T.);
#5014=ORIENTED_EDGE('',*,*,#4728,.T.);
#5015=EDGE_LOOP('',(#5014));
#5016=FACE_BOUND('',#5015,.T.);
#5017=ORIENTED_EDGE('',*,*,#738,.F.);
#5018=CARTESIAN_POINT('',(46.8,196.2062,9.8));
#5019=VERTEX_POINT('',#5018);
#5020=CARTESIAN_POINT('',(46.8,196.2062,1.5));
#5021=DIRECTION('',(0.,0.,1.));
#5022=VECTOR('',#5021,8.3);
#5023=LINE('',#5020,#5022);
#5024=EDGE_CURVE('',#725,#5019,#5023,.T.);
#5025=ORIENTED_EDGE('',*,*,#5024,.T.);
#5026=CARTESIAN_POINT('',(46.8,196.2062,9.8));
#5027=DIRECTION('',(-1.,-0.,0.));
#5028=VECTOR('',#5027,16.);
#5029=LINE('',#5026,#5028);
#5030=EDGE_CURVE('',#5019,#4990,#5029,.T.);
#5031=ORIENTED_EDGE('',*,*,#5030,.T.);
#5032=ORIENTED_EDGE('',*,*,#4995,.F.);
#5033=EDGE_LOOP('',(#5017,#5025,#5031,#5032));
#5034=FACE_BOUND('',#5033,.T.);
#5035=ADVANCED_FACE('',(#5013,#5016,#5034),#5010,.F.);
#5036=CARTESIAN_POINT('',(46.8,193.0562,4.9));
#5037=DIRECTION('',(-1.,0.,0.));
#5038=DIRECTION('',(0.,0.,1.));
#5039=AXIS2_PLACEMENT_3D('',#5036,#5037,#5038);
#5040=PLANE('',#5039);
#5041=ORIENTED_EDGE('',*,*,#730,.F.);
#5042=CARTESIAN_POINT('',(46.8,198.9062,9.8));
#5043=VERTEX_POINT('',#5042);
#5044=CARTESIAN_POINT('',(46.8,198.9062,1.5));
#5045=DIRECTION('',(0.,0.,1.));
#5046=VECTOR('',#5045,8.3);
#5047=LINE('',#5044,#5046);
#5048=EDGE_CURVE('',#717,#5043,#5047,.T.);
#5049=ORIENTED_EDGE('',*,*,#5048,.T.);
#5050=CARTESIAN_POINT('',(46.8,198.9062,9.8));
#5051=DIRECTION('',(0.,-1.,0.));
#5052=VECTOR('',#5051,2.7);
#5053=LINE('',#5050,#5052);
#5054=EDGE_CURVE('',#5043,#5019,#5053,.T.);
#5055=ORIENTED_EDGE('',*,*,#5054,.T.);
#5056=ORIENTED_EDGE('',*,*,#5024,.F.);
#5057=EDGE_LOOP('',(#5041,#5049,#5055,#5056));
#5058=FACE_BOUND('',#5057,.T.);
#5059=ADVANCED_FACE('',(#5058),#5040,.F.);
#5060=CARTESIAN_POINT('',(40.4,198.9062,0.6));
#5061=DIRECTION('',(-0.,1.,0.));
#5062=DIRECTION('',(-1.,-0.,0.));
#5063=AXIS2_PLACEMENT_3D('',#5060,#5061,#5062);
#5064=PLANE('',#5063);
#5065=ORIENTED_EDGE('',*,*,#5048,.F.);
#5066=ORIENTED_EDGE('',*,*,#722,.F.);
#5067=ORIENTED_EDGE('',*,*,#2131,.F.);
#5068=CARTESIAN_POINT('',(51.6,198.9062,9.8));
#5069=DIRECTION('',(-1.,-0.,0.));
#5070=VECTOR('',#5069,4.8);
#5071=LINE('',#5068,#5070);
#5072=EDGE_CURVE('',#2120,#5043,#5071,.T.);
#5073=ORIENTED_EDGE('',*,*,#5072,.T.);
#5074=EDGE_LOOP('',(#5065,#5066,#5067,#5073));
#5075=FACE_BOUND('',#5074,.T.);
#5076=ADVANCED_FACE('',(#5075),#5064,.F.);
#5077=CARTESIAN_POINT('',(40.4,198.9062,0.6));
#5078=DIRECTION('',(-0.,1.,0.));
#5079=DIRECTION('',(-1.,-0.,0.));
#5080=AXIS2_PLACEMENT_3D('',#5077,#5078,#5079);
#5081=PLANE('',#5080);
#5082=ORIENTED_EDGE('',*,*,#754,.F.);
#5083=ORIENTED_EDGE('',*,*,#4986,.T.);
#5084=CARTESIAN_POINT('',(30.8,198.9062,9.8));
#5085=DIRECTION('',(-1.,-0.,0.));
#5086=VECTOR('',#5085,1.8);
#5087=LINE('',#5084,#5086);
#5088=EDGE_CURVE('',#4981,#2196,#5087,.T.);
#5089=ORIENTED_EDGE('',*,*,#5088,.T.);
#5090=ORIENTED_EDGE('',*,*,#2201,.F.);
#5091=EDGE_LOOP('',(#5082,#5083,#5089,#5090));
#5092=FACE_BOUND('',#5091,.T.);
#5093=ADVANCED_FACE('',(#5092),#5081,.F.);
#5094=CARTESIAN_POINT('',(40.748357019,197.4562,4.772032115));
#5095=DIRECTION('',(-0.,1.,0.));
#5096=DIRECTION('',(-1.,-0.,0.));
#5097=AXIS2_PLACEMENT_3D('',#5094,#5095,#5096);
#5098=PLANE('',#5097);
#5099=ORIENTED_EDGE('',*,*,#1455,.T.);
#5100=CARTESIAN_POINT('',(27.8,197.4562,5.6));
#5101=DIRECTION('',(1.,0.,-0.));
#5102=VECTOR('',#5101,1.2);
#5103=LINE('',#5100,#5102);
#5104=EDGE_CURVE('',#1441,#2212,#5103,.T.);
#5105=ORIENTED_EDGE('',*,*,#5104,.T.);
#5106=ORIENTED_EDGE('',*,*,#2217,.F.);
#5107=CARTESIAN_POINT('',(29.,197.4562,9.8));
#5108=DIRECTION('',(-1.,-0.,0.));
#5109=VECTOR('',#5108,1.2);
#5110=LINE('',#5107,#5109);
#5111=EDGE_CURVE('',#2204,#1450,#5110,.T.);
#5112=ORIENTED_EDGE('',*,*,#5111,.T.);
#5113=EDGE_LOOP('',(#5099,#5105,#5106,#5112));
#5114=FACE_BOUND('',#5113,.T.);
#5115=ADVANCED_FACE('',(#5114),#5098,.F.);
#5116=CARTESIAN_POINT('',(28.4,194.8562,5.6));
#5117=DIRECTION('',(1.,0.,0.));
#5118=DIRECTION('',(-0.,1.,0.));
#5119=AXIS2_PLACEMENT_3D('',#5116,#5117,#5118);
#5120=CYLINDRICAL_SURFACE('',#5119,2.6);
#5121=ORIENTED_EDGE('',*,*,#2226,.F.);
#5122=ORIENTED_EDGE('',*,*,#5104,.F.);
#5123=ORIENTED_EDGE('',*,*,#1447,.F.);
#5124=CARTESIAN_POINT('',(27.8,194.8562,3.));
#5125=DIRECTION('',(1.,0.,-0.));
#5126=VECTOR('',#5125,1.2);
#5127=LINE('',#5124,#5126);
#5128=EDGE_CURVE('',#1432,#2220,#5127,.T.);
#5129=ORIENTED_EDGE('',*,*,#5128,.T.);
#5130=EDGE_LOOP('',(#5121,#5122,#5123,#5129));
#5131=FACE_BOUND('',#5130,.T.);
#5132=ADVANCED_FACE('',(#5131),#5120,.F.);
#5133=CARTESIAN_POINT('',(40.748357019,194.8562,5.6));
#5134=DIRECTION('',(-1.,-0.,0.));
#5135=DIRECTION('',(0.,-1.,0.));
#5136=AXIS2_PLACEMENT_3D('',#5133,#5134,#5135);
#5137=CYLINDRICAL_SURFACE('',#5136,2.6);
#5138=CARTESIAN_POINT('',(29.,192.2562,5.6));
#5139=DIRECTION('',(-1.,-0.,0.));
#5140=VECTOR('',#5139,1.2);
#5141=LINE('',#5138,#5140);
#5142=EDGE_CURVE('',#2229,#1424,#5141,.T.);
#5143=ORIENTED_EDGE('',*,*,#5142,.F.);
#5144=ORIENTED_EDGE('',*,*,#2235,.F.);
#5145=ORIENTED_EDGE('',*,*,#5128,.F.);
#5146=ORIENTED_EDGE('',*,*,#1438,.F.);
#5147=EDGE_LOOP('',(#5143,#5144,#5145,#5146));
#5148=FACE_BOUND('',#5147,.T.);
#5149=ADVANCED_FACE('',(#5148),#5137,.F.);
#5150=CARTESIAN_POINT('',(40.748357019,192.2562,4.772032115));
#5151=DIRECTION('',(-0.,1.,0.));
#5152=DIRECTION('',(-1.,-0.,0.));
#5153=AXIS2_PLACEMENT_3D('',#5150,#5151,#5152);
#5154=PLANE('',#5153);
#5155=ORIENTED_EDGE('',*,*,#2241,.T.);
#5156=ORIENTED_EDGE('',*,*,#5142,.T.);
#5157=ORIENTED_EDGE('',*,*,#1429,.F.);
#5158=ORIENTED_EDGE('',*,*,#2162,.F.);
#5159=EDGE_LOOP('',(#5155,#5156,#5157,#5158));
#5160=FACE_BOUND('',#5159,.T.);
#5161=ADVANCED_FACE('',(#5160),#5154,.T.);
#5162=CARTESIAN_POINT('',(52.4,191.1062,4.9));
#5163=DIRECTION('',(-0.,1.,0.));
#5164=DIRECTION('',(-1.,-0.,0.));
#5165=AXIS2_PLACEMENT_3D('',#5162,#5163,#5164);
#5166=PLANE('',#5165);
#5167=ORIENTED_EDGE('',*,*,#1350,.T.);
#5168=CARTESIAN_POINT('',(52.8,191.1062,5.9));
#5169=DIRECTION('',(-1.,-0.,0.));
#5170=VECTOR('',#5169,1.2);
#5171=LINE('',#5168,#5170);
#5172=EDGE_CURVE('',#1336,#2086,#5171,.T.);
#5173=ORIENTED_EDGE('',*,*,#5172,.T.);
#5174=ORIENTED_EDGE('',*,*,#2091,.F.);
#5175=ORIENTED_EDGE('',*,*,#2052,.F.);
#5176=EDGE_LOOP('',(#5167,#5173,#5174,#5175));
#5177=FACE_BOUND('',#5176,.T.);
#5178=ADVANCED_FACE('',(#5177),#5166,.T.);
#5179=CARTESIAN_POINT('',(52.4,194.8062,5.9));
#5180=DIRECTION('',(-1.,-0.,0.));
#5181=DIRECTION('',(0.,-1.,0.));
#5182=AXIS2_PLACEMENT_3D('',#5179,#5180,#5181);
#5183=CYLINDRICAL_SURFACE('',#5182,3.7);
#5184=ORIENTED_EDGE('',*,*,#5172,.F.);
#5185=ORIENTED_EDGE('',*,*,#1342,.F.);
#5186=CARTESIAN_POINT('',(51.6,194.7562,2.200337853));
#5187=DIRECTION('',(1.,0.,-0.));
#5188=VECTOR('',#5187,1.2);
#5189=LINE('',#5186,#5188);
#5190=EDGE_CURVE('',#2094,#1327,#5189,.T.);
#5191=ORIENTED_EDGE('',*,*,#5190,.F.);
#5192=ORIENTED_EDGE('',*,*,#2100,.F.);
#5193=EDGE_LOOP('',(#5184,#5185,#5191,#5192));
#5194=FACE_BOUND('',#5193,.T.);
#5195=ADVANCED_FACE('',(#5194),#5183,.F.);
#5196=CARTESIAN_POINT('',(52.4,194.7062,5.9));
#5197=DIRECTION('',(1.,0.,0.));
#5198=DIRECTION('',(-0.,1.,0.));
#5199=AXIS2_PLACEMENT_3D('',#5196,#5197,#5198);
#5200=CYLINDRICAL_SURFACE('',#5199,3.7);
#5201=ORIENTED_EDGE('',*,*,#1333,.F.);
#5202=CARTESIAN_POINT('',(51.6,198.4062,5.9));
#5203=DIRECTION('',(1.,0.,-0.));
#5204=VECTOR('',#5203,1.2);
#5205=LINE('',#5202,#5204);
#5206=EDGE_CURVE('',#2103,#1319,#5205,.T.);
#5207=ORIENTED_EDGE('',*,*,#5206,.F.);
#5208=ORIENTED_EDGE('',*,*,#2109,.F.);
#5209=ORIENTED_EDGE('',*,*,#5190,.T.);
#5210=EDGE_LOOP('',(#5201,#5207,#5208,#5209));
#5211=FACE_BOUND('',#5210,.T.);
#5212=ADVANCED_FACE('',(#5211),#5200,.F.);
#5213=CARTESIAN_POINT('',(52.4,198.4062,4.9));
#5214=DIRECTION('',(-0.,1.,0.));
#5215=DIRECTION('',(-1.,-0.,0.));
#5216=AXIS2_PLACEMENT_3D('',#5213,#5214,#5215);
#5217=PLANE('',#5216);
#5218=ORIENTED_EDGE('',*,*,#2117,.T.);
#5219=ORIENTED_EDGE('',*,*,#5206,.T.);
#5220=ORIENTED_EDGE('',*,*,#1324,.F.);
#5221=CARTESIAN_POINT('',(52.8,198.4062,9.8));
#5222=DIRECTION('',(-1.,-0.,0.));
#5223=VECTOR('',#5222,1.2);
#5224=LINE('',#5221,#5223);
#5225=EDGE_CURVE('',#1311,#2112,#5224,.T.);
#5226=ORIENTED_EDGE('',*,*,#5225,.T.);
#5227=EDGE_LOOP('',(#5218,#5219,#5220,#5226));
#5228=FACE_BOUND('',#5227,.T.);
#5229=ADVANCED_FACE('',(#5228),#5217,.F.);
#5230=CARTESIAN_POINT('',(1.2,-45.7438,9.8));
#5231=DIRECTION('',(0.,0.,1.));
#5232=DIRECTION('',(1.,0.,0.));
#5233=AXIS2_PLACEMENT_3D('',#5230,#5231,#5232);
#5234=PLANE('',#5233);
#5235=ORIENTED_EDGE('',*,*,#5111,.F.);
#5236=ORIENTED_EDGE('',*,*,#2209,.F.);
#5237=ORIENTED_EDGE('',*,*,#5088,.F.);
#5238=ORIENTED_EDGE('',*,*,#5001,.T.);
#5239=ORIENTED_EDGE('',*,*,#5030,.F.);
#5240=ORIENTED_EDGE('',*,*,#5054,.F.);
#5241=ORIENTED_EDGE('',*,*,#5072,.F.);
#5242=ORIENTED_EDGE('',*,*,#2125,.T.);
#5243=ORIENTED_EDGE('',*,*,#5225,.F.);
#5244=ORIENTED_EDGE('',*,*,#1316,.F.);
#5245=CARTESIAN_POINT('',(52.8,200.2062,9.8));
#5246=DIRECTION('',(-1.,-0.,0.));
#5247=VECTOR('',#5246,25.);
#5248=LINE('',#5245,#5247);
#5249=EDGE_CURVE('',#1303,#1458,#5248,.T.);
#5250=ORIENTED_EDGE('',*,*,#5249,.T.);
#5251=ORIENTED_EDGE('',*,*,#1463,.F.);
#5252=EDGE_LOOP('',(#5235,#5236,#5237,#5238,#5239,#5240,#5241,#5242,#5243,#5244,#5250,#5251));
#5253=FACE_BOUND('',#5252,.T.);
#5254=ADVANCED_FACE('',(#5253),#5234,.T.);
#5255=CARTESIAN_POINT('',(101.2,200.2062,0.60335315));
#5256=DIRECTION('',(-0.,1.,0.));
#5257=DIRECTION('',(-1.,-0.,0.));
#5258=AXIS2_PLACEMENT_3D('',#5255,#5256,#5257);
#5259=PLANE('',#5258);
#5260=ORIENTED_EDGE('',*,*,#1308,.F.);
#5261=ORIENTED_EDGE('',*,*,#1571,.T.);
#5262=ORIENTED_EDGE('',*,*,#4776,.F.);
#5263=ORIENTED_EDGE('',*,*,#4784,.F.);
#5264=ORIENTED_EDGE('',*,*,#1538,.T.);
#5265=ORIENTED_EDGE('',*,*,#4809,.F.);
#5266=ORIENTED_EDGE('',*,*,#4817,.F.);
#5267=ORIENTED_EDGE('',*,*,#1503,.T.);
#5268=ORIENTED_EDGE('',*,*,#1471,.T.);
#5269=ORIENTED_EDGE('',*,*,#5249,.F.);
#5270=EDGE_LOOP('',(#5260,#5261,#5262,#5263,#5264,#5265,#5266,#5267,#5268,#5269));
#5271=FACE_BOUND('',#5270,.T.);
#5272=ADVANCED_FACE('',(#5271),#5259,.T.);
#5273=CARTESIAN_POINT('',(201.15,198.9062,0.6));
#5274=DIRECTION('',(-0.,1.,0.));
#5275=DIRECTION('',(-1.,-0.,0.));
#5276=AXIS2_PLACEMENT_3D('',#5273,#5274,#5275);
#5277=PLANE('',#5276);
#5278=CARTESIAN_POINT('',(220.,198.9062,9.8));
#5279=DIRECTION('',(-1.,-0.,0.));
#5280=VECTOR('',#5279,2.);
#5281=LINE('',#5278,#5280);
#5282=EDGE_CURVE('',#2414,#4959,#5281,.T.);
#5283=ORIENTED_EDGE('',*,*,#5282,.T.);
#5284=ORIENTED_EDGE('',*,*,#4964,.T.);
#5285=ORIENTED_EDGE('',*,*,#658,.F.);
#5286=ORIENTED_EDGE('',*,*,#2425,.F.);
#5287=EDGE_LOOP('',(#5283,#5284,#5285,#5286));
#5288=FACE_BOUND('',#5287,.T.);
#5289=ADVANCED_FACE('',(#5288),#5277,.F.);
#5290=CARTESIAN_POINT('',(220.6,197.4562,4.9));
#5291=DIRECTION('',(-0.,1.,0.));
#5292=DIRECTION('',(-1.,-0.,0.));
#5293=AXIS2_PLACEMENT_3D('',#5290,#5291,#5292);
#5294=PLANE('',#5293);
#5295=ORIENTED_EDGE('',*,*,#2411,.F.);
#5296=CARTESIAN_POINT('',(220.,197.4562,5.7));
#5297=DIRECTION('',(1.,0.,-0.));
#5298=VECTOR('',#5297,1.2);
#5299=LINE('',#5296,#5298);
#5300=EDGE_CURVE('',#2397,#1013,#5299,.T.);
#5301=ORIENTED_EDGE('',*,*,#5300,.T.);
#5302=ORIENTED_EDGE('',*,*,#1018,.T.);
#5303=CARTESIAN_POINT('',(221.2,197.4562,9.8));
#5304=DIRECTION('',(-1.,-0.,0.));
#5305=VECTOR('',#5304,1.2);
#5306=LINE('',#5303,#5305);
#5307=EDGE_CURVE('',#1005,#2406,#5306,.T.);
#5308=ORIENTED_EDGE('',*,*,#5307,.T.);
#5309=EDGE_LOOP('',(#5295,#5301,#5302,#5308));
#5310=FACE_BOUND('',#5309,.T.);
#5311=ADVANCED_FACE('',(#5310),#5294,.F.);
#5312=CARTESIAN_POINT('',(220.6,194.7562,5.7));
#5313=DIRECTION('',(1.,0.,0.));
#5314=DIRECTION('',(-0.,1.,0.));
#5315=AXIS2_PLACEMENT_3D('',#5312,#5313,#5314);
#5316=CYLINDRICAL_SURFACE('',#5315,2.7);
#5317=CARTESIAN_POINT('',(221.2,194.8062,3.000463003));
#5318=DIRECTION('',(-1.,-0.,-0.));
#5319=VECTOR('',#5318,1.2);
#5320=LINE('',#5317,#5319);
#5321=EDGE_CURVE('',#1021,#2388,#5320,.T.);
#5322=ORIENTED_EDGE('',*,*,#5321,.F.);
#5323=ORIENTED_EDGE('',*,*,#1027,.F.);
#5324=ORIENTED_EDGE('',*,*,#5300,.F.);
#5325=ORIENTED_EDGE('',*,*,#2403,.F.);
#5326=EDGE_LOOP('',(#5322,#5323,#5324,#5325));
#5327=FACE_BOUND('',#5326,.T.);
#5328=ADVANCED_FACE('',(#5327),#5316,.F.);
#5329=CARTESIAN_POINT('',(220.6,194.8562,5.7));
#5330=DIRECTION('',(-1.,-0.,0.));
#5331=DIRECTION('',(0.,-1.,0.));
#5332=AXIS2_PLACEMENT_3D('',#5329,#5330,#5331);
#5333=CYLINDRICAL_SURFACE('',#5332,2.7);
#5334=ORIENTED_EDGE('',*,*,#1036,.F.);
#5335=ORIENTED_EDGE('',*,*,#5321,.T.);
#5336=ORIENTED_EDGE('',*,*,#2394,.F.);
#5337=CARTESIAN_POINT('',(221.2,192.1562,5.7));
#5338=DIRECTION('',(-1.,-0.,0.));
#5339=VECTOR('',#5338,1.2);
#5340=LINE('',#5337,#5339);
#5341=EDGE_CURVE('',#1030,#2380,#5340,.T.);
#5342=ORIENTED_EDGE('',*,*,#5341,.F.);
#5343=EDGE_LOOP('',(#5334,#5335,#5336,#5342));
#5344=FACE_BOUND('',#5343,.T.);
#5345=ADVANCED_FACE('',(#5344),#5333,.F.);
#5346=CARTESIAN_POINT('',(220.6,192.1562,4.9));
#5347=DIRECTION('',(-0.,1.,0.));
#5348=DIRECTION('',(-1.,-0.,0.));
#5349=AXIS2_PLACEMENT_3D('',#5346,#5347,#5348);
#5350=PLANE('',#5349);
#5351=ORIENTED_EDGE('',*,*,#1044,.F.);
#5352=ORIENTED_EDGE('',*,*,#5341,.T.);
#5353=ORIENTED_EDGE('',*,*,#2385,.T.);
#5354=ORIENTED_EDGE('',*,*,#2297,.F.);
#5355=EDGE_LOOP('',(#5351,#5352,#5353,#5354));
#5356=FACE_BOUND('',#5355,.T.);
#5357=ADVANCED_FACE('',(#5356),#5350,.T.);
#5358=CARTESIAN_POINT('',(100.,200.2062,7.));
#5359=DIRECTION('',(-0.,1.,0.));
#5360=DIRECTION('',(-1.,-0.,0.));
#5361=AXIS2_PLACEMENT_3D('',#5358,#5359,#5360);
#5362=PLANE('',#5361);
#5363=ORIENTED_EDGE('',*,*,#1002,.T.);
#5364=ORIENTED_EDGE('',*,*,#1274,.T.);
#5365=ORIENTED_EDGE('',*,*,#4875,.F.);
#5366=ORIENTED_EDGE('',*,*,#4883,.F.);
#5367=ORIENTED_EDGE('',*,*,#1241,.T.);
#5368=ORIENTED_EDGE('',*,*,#4842,.F.);
#5369=ORIENTED_EDGE('',*,*,#4850,.F.);
#5370=ORIENTED_EDGE('',*,*,#1206,.T.);
#5371=ORIENTED_EDGE('',*,*,#1174,.F.);
#5372=CARTESIAN_POINT('',(221.2,200.2062,9.8));
#5373=DIRECTION('',(-1.,-0.,0.));
#5374=VECTOR('',#5373,40.1);
#5375=LINE('',#5372,#5374);
#5376=EDGE_CURVE('',#997,#1161,#5375,.T.);
#5377=ORIENTED_EDGE('',*,*,#5376,.F.);
#5378=EDGE_LOOP('',(#5363,#5364,#5365,#5366,#5367,#5368,#5369,#5370,#5371,#5377));
#5379=FACE_BOUND('',#5378,.T.);
#5380=ADVANCED_FACE('',(#5379),#5362,.T.);
#5381=CARTESIAN_POINT('',(0.,-45.7438,9.8));
#5382=DIRECTION('',(0.,0.,1.));
#5383=DIRECTION('',(1.,0.,0.));
#5384=AXIS2_PLACEMENT_3D('',#5381,#5382,#5383);
#5385=PLANE('',#5384);
#5386=CARTESIAN_POINT('',(202.,198.9062,9.8));
#5387=DIRECTION('',(-1.,-0.,0.));
#5388=VECTOR('',#5387,20.9);
#5389=LINE('',#5386,#5388);
#5390=EDGE_CURVE('',#4898,#1153,#5389,.T.);
#5391=ORIENTED_EDGE('',*,*,#5390,.F.);
#5392=ORIENTED_EDGE('',*,*,#4903,.F.);
#5393=ORIENTED_EDGE('',*,*,#4938,.F.);
#5394=ORIENTED_EDGE('',*,*,#4970,.T.);
#5395=ORIENTED_EDGE('',*,*,#5282,.F.);
#5396=ORIENTED_EDGE('',*,*,#2419,.F.);
#5397=ORIENTED_EDGE('',*,*,#5307,.F.);
#5398=ORIENTED_EDGE('',*,*,#1010,.F.);
#5399=ORIENTED_EDGE('',*,*,#5376,.T.);
#5400=ORIENTED_EDGE('',*,*,#1166,.F.);
#5401=EDGE_LOOP('',(#5391,#5392,#5393,#5394,#5395,#5396,#5397,#5398,#5399,#5400));
#5402=FACE_BOUND('',#5401,.T.);
#5403=ADVANCED_FACE('',(#5402),#5385,.T.);
#5404=CARTESIAN_POINT('',(201.15,198.9062,0.6));
#5405=DIRECTION('',(-0.,1.,0.));
#5406=DIRECTION('',(-1.,-0.,0.));
#5407=AXIS2_PLACEMENT_3D('',#5404,#5405,#5406);
#5408=PLANE('',#5407);
#5409=ORIENTED_EDGE('',*,*,#1158,.F.);
#5410=CARTESIAN_POINT('',(181.1,198.9062,5.1));
#5411=DIRECTION('',(1.,0.,-0.));
#5412=VECTOR('',#5411,1.2);
#5413=LINE('',#5410,#5412);
#5414=EDGE_CURVE('',#1144,#2323,#5413,.T.);
#5415=ORIENTED_EDGE('',*,*,#5414,.T.);
#5416=ORIENTED_EDGE('',*,*,#2328,.T.);
#5417=ORIENTED_EDGE('',*,*,#690,.F.);
#5418=ORIENTED_EDGE('',*,*,#4909,.F.);
#5419=ORIENTED_EDGE('',*,*,#5390,.T.);
#5420=EDGE_LOOP('',(#5409,#5415,#5416,#5417,#5418,#5419));
#5421=FACE_BOUND('',#5420,.T.);
#5422=ADVANCED_FACE('',(#5421),#5408,.F.);
#5423=CARTESIAN_POINT('',(181.7,195.4062,5.1));
#5424=DIRECTION('',(1.,0.,0.));
#5425=DIRECTION('',(-0.,1.,0.));
#5426=AXIS2_PLACEMENT_3D('',#5423,#5424,#5425);
#5427=CYLINDRICAL_SURFACE('',#5426,3.5);
#5428=ORIENTED_EDGE('',*,*,#2337,.F.);
#5429=ORIENTED_EDGE('',*,*,#5414,.F.);
#5430=ORIENTED_EDGE('',*,*,#1150,.F.);
#5431=CARTESIAN_POINT('',(181.1,195.4062,1.6));
#5432=DIRECTION('',(1.,0.,-0.));
#5433=VECTOR('',#5432,1.2);
#5434=LINE('',#5431,#5433);
#5435=EDGE_CURVE('',#1135,#2331,#5434,.T.);
#5436=ORIENTED_EDGE('',*,*,#5435,.T.);
#5437=EDGE_LOOP('',(#5428,#5429,#5430,#5436));
#5438=FACE_BOUND('',#5437,.T.);
#5439=ADVANCED_FACE('',(#5438),#5427,.F.);
#5440=CARTESIAN_POINT('',(199.621383154,195.4062,5.1));
#5441=DIRECTION('',(-1.,-0.,0.));
#5442=DIRECTION('',(0.,-1.,0.));
#5443=AXIS2_PLACEMENT_3D('',#5440,#5441,#5442);
#5444=CYLINDRICAL_SURFACE('',#5443,3.5);
#5445=CARTESIAN_POINT('',(182.3,191.9062,5.1));
#5446=DIRECTION('',(-1.,-0.,0.));
#5447=VECTOR('',#5446,1.2);
#5448=LINE('',#5445,#5447);
#5449=EDGE_CURVE('',#2340,#1127,#5448,.T.);
#5450=ORIENTED_EDGE('',*,*,#5449,.F.);
#5451=ORIENTED_EDGE('',*,*,#2346,.F.);
#5452=ORIENTED_EDGE('',*,*,#5435,.F.);
#5453=ORIENTED_EDGE('',*,*,#1141,.F.);
#5454=EDGE_LOOP('',(#5450,#5451,#5452,#5453));
#5455=FACE_BOUND('',#5454,.T.);
#5456=ADVANCED_FACE('',(#5455),#5444,.F.);
#5457=CARTESIAN_POINT('',(148.,189.4062,0.60335315));
#5458=DIRECTION('',(-0.,1.,0.));
#5459=DIRECTION('',(-1.,-0.,0.));
#5460=AXIS2_PLACEMENT_3D('',#5457,#5458,#5459);
#5461=PLANE('',#5460);
#5462=CARTESIAN_POINT('',(246.8,189.4062,1.2));
#5463=DIRECTION('',(0.,0.,1.));
#5464=VECTOR('',#5463,8.6);
#5465=LINE('',#5462,#5464);
#5466=EDGE_CURVE('',#1751,#2261,#5465,.T.);
#5467=ORIENTED_EDGE('',*,*,#5466,.F.);
#5468=ORIENTED_EDGE('',*,*,#1756,.F.);
#5469=CARTESIAN_POINT('',(245.,189.4062,1.2));
#5470=DIRECTION('',(0.,0.,1.));
#5471=VECTOR('',#5470,8.6);
#5472=LINE('',#5469,#5471);
#5473=EDGE_CURVE('',#1741,#2269,#5472,.T.);
#5474=ORIENTED_EDGE('',*,*,#5473,.T.);
#5475=ORIENTED_EDGE('',*,*,#2274,.F.);
#5476=EDGE_LOOP('',(#5467,#5468,#5474,#5475));
#5477=FACE_BOUND('',#5476,.T.);
#5478=ADVANCED_FACE('',(#5477),#5461,.T.);
#5479=CARTESIAN_POINT('',(199.621383154,191.9062,4.821832093));
#5480=DIRECTION('',(-0.,1.,0.));
#5481=DIRECTION('',(-1.,-0.,0.));
#5482=AXIS2_PLACEMENT_3D('',#5479,#5480,#5481);
#5483=PLANE('',#5482);
#5484=ORIENTED_EDGE('',*,*,#2354,.F.);
#5485=ORIENTED_EDGE('',*,*,#5449,.T.);
#5486=ORIENTED_EDGE('',*,*,#1132,.T.);
#5487=ORIENTED_EDGE('',*,*,#2447,.F.);
#5488=EDGE_LOOP('',(#5484,#5485,#5486,#5487));
#5489=FACE_BOUND('',#5488,.T.);
#5490=ADVANCED_FACE('',(#5489),#5483,.T.);
#5491=CARTESIAN_POINT('',(245.,78.2562,20.75));
#5492=DIRECTION('',(-1.,-0.,0.));
#5493=DIRECTION('',(0.,-1.,0.));
#5494=AXIS2_PLACEMENT_3D('',#5491,#5492,#5493);
#5495=PLANE('',#5494);
#5496=ORIENTED_EDGE('',*,*,#1910,.F.);
#5497=ORIENTED_EDGE('',*,*,#4216,.F.);
#5498=ORIENTED_EDGE('',*,*,#2282,.F.);
#5499=ORIENTED_EDGE('',*,*,#5473,.F.);
#5500=EDGE_LOOP('',(#5496,#5497,#5498,#5499));
#5501=FACE_BOUND('',#5500,.T.);
#5502=ADVANCED_FACE('',(#5501),#5495,.T.);
#5503=CARTESIAN_POINT('',(241.8,19.7,4.95));
#5504=DIRECTION('',(0.,0.,-1.));
#5505=DIRECTION('',(-1.,0.,0.));
#5506=AXIS2_PLACEMENT_3D('',#5503,#5504,#5505);
#5507=CYLINDRICAL_SURFACE('',#5506,3.);
#5508=CARTESIAN_POINT('',(241.8,22.7,4.95));
#5509=VERTEX_POINT('',#5508);
#5510=CARTESIAN_POINT('',(238.8,19.7,4.95));
#5511=VERTEX_POINT('',#5510);
#5512=CARTESIAN_POINT('',(241.8,19.7,4.95));
#5513=DIRECTION('',(0.,0.,1.));
#5514=DIRECTION('',(1.,0.,-0.));
#5515=AXIS2_PLACEMENT_3D('',#5512,#5513,#5514);
#5516=CIRCLE('',#5515,3.);
#5517=EDGE_CURVE('',#5509,#5511,#5516,.T.);
#5518=ORIENTED_EDGE('',*,*,#5517,.F.);
#5519=CARTESIAN_POINT('',(241.8,22.7,1.5));
#5520=DIRECTION('',(-0.,-0.,1.));
#5521=VECTOR('',#5520,3.45);
#5522=LINE('',#5519,#5521);
#5523=EDGE_CURVE('',#890,#5509,#5522,.T.);
#5524=ORIENTED_EDGE('',*,*,#5523,.F.);
#5525=ORIENTED_EDGE('',*,*,#896,.F.);
#5526=CARTESIAN_POINT('',(238.8,19.7,4.95));
#5527=DIRECTION('',(0.,0.,-1.));
#5528=VECTOR('',#5527,3.45);
#5529=LINE('',#5526,#5528);
#5530=EDGE_CURVE('',#5511,#882,#5529,.T.);
#5531=ORIENTED_EDGE('',*,*,#5530,.F.);
#5532=EDGE_LOOP('',(#5518,#5524,#5525,#5531));
#5533=FACE_BOUND('',#5532,.T.);
#5534=ADVANCED_FACE('',(#5533),#5507,.T.);
#5535=CARTESIAN_POINT('',(238.8,18.95,4.95));
#5536=DIRECTION('',(-1.,0.,0.));
#5537=DIRECTION('',(0.,0.,1.));
#5538=AXIS2_PLACEMENT_3D('',#5535,#5536,#5537);
#5539=PLANE('',#5538);
#5540=CARTESIAN_POINT('',(238.8,18.2,4.95));
#5541=VERTEX_POINT('',#5540);
#5542=CARTESIAN_POINT('',(238.8,18.2,4.95));
#5543=DIRECTION('',(0.,1.,0.));
#5544=VECTOR('',#5543,1.5);
#5545=LINE('',#5542,#5544);
#5546=EDGE_CURVE('',#5541,#5511,#5545,.T.);
#5547=ORIENTED_EDGE('',*,*,#5546,.T.);
#5548=ORIENTED_EDGE('',*,*,#5530,.T.);
#5549=ORIENTED_EDGE('',*,*,#887,.F.);
#5550=CARTESIAN_POINT('',(238.8,18.2,1.5));
#5551=DIRECTION('',(-0.,-0.,1.));
#5552=VECTOR('',#5551,3.45);
#5553=LINE('',#5550,#5552);
#5554=EDGE_CURVE('',#873,#5541,#5553,.T.);
#5555=ORIENTED_EDGE('',*,*,#5554,.T.);
#5556=EDGE_LOOP('',(#5547,#5548,#5549,#5555));
#5557=FACE_BOUND('',#5556,.T.);
#5558=ADVANCED_FACE('',(#5557),#5539,.T.);
#5559=CARTESIAN_POINT('',(241.8,18.2,4.95));
#5560=DIRECTION('',(0.,0.,-1.));
#5561=DIRECTION('',(-1.,0.,0.));
#5562=AXIS2_PLACEMENT_3D('',#5559,#5560,#5561);
#5563=CYLINDRICAL_SURFACE('',#5562,3.);
#5564=CARTESIAN_POINT('',(241.8,15.2,4.95));
#5565=VERTEX_POINT('',#5564);
#5566=CARTESIAN_POINT('',(241.8,18.2,4.95));
#5567=DIRECTION('',(0.,0.,1.));
#5568=DIRECTION('',(1.,0.,-0.));
#5569=AXIS2_PLACEMENT_3D('',#5566,#5567,#5568);
#5570=CIRCLE('',#5569,3.);
#5571=EDGE_CURVE('',#5541,#5565,#5570,.T.);
#5572=ORIENTED_EDGE('',*,*,#5571,.F.);
#5573=ORIENTED_EDGE('',*,*,#5554,.F.);
#5574=ORIENTED_EDGE('',*,*,#879,.F.);
#5575=CARTESIAN_POINT('',(241.8,15.2,4.95));
#5576=DIRECTION('',(0.,0.,-1.));
#5577=VECTOR('',#5576,3.45);
#5578=LINE('',#5575,#5577);
#5579=EDGE_CURVE('',#5565,#865,#5578,.T.);
#5580=ORIENTED_EDGE('',*,*,#5579,.F.);
#5581=EDGE_LOOP('',(#5572,#5573,#5574,#5580));
#5582=FACE_BOUND('',#5581,.T.);
#5583=ADVANCED_FACE('',(#5582),#5563,.T.);
#5584=CARTESIAN_POINT('',(0.,0.,4.95));
#5585=DIRECTION('',(0.,0.,1.));
#5586=DIRECTION('',(1.,0.,0.));
#5587=AXIS2_PLACEMENT_3D('',#5584,#5585,#5586);
#5588=PLANE('',#5587);
#5589=CARTESIAN_POINT('',(241.7,18.9,4.95));
#5590=VERTEX_POINT('',#5589);
#5591=CARTESIAN_POINT('',(243.9,18.9,4.95));
#5592=VERTEX_POINT('',#5591);
#5593=CARTESIAN_POINT('',(242.8,18.9,4.95));
#5594=DIRECTION('',(0.,0.,1.));
#5595=DIRECTION('',(1.,0.,-0.));
#5596=AXIS2_PLACEMENT_3D('',#5593,#5594,#5595);
#5597=CIRCLE('',#5596,1.1);
#5598=EDGE_CURVE('',#5590,#5592,#5597,.T.);
#5599=ORIENTED_EDGE('',*,*,#5598,.F.);
#5600=CARTESIAN_POINT('',(242.8,18.9,4.95));
#5601=DIRECTION('',(0.,0.,1.));
#5602=DIRECTION('',(1.,0.,-0.));
#5603=AXIS2_PLACEMENT_3D('',#5600,#5601,#5602);
#5604=CIRCLE('',#5603,1.1);
#5605=EDGE_CURVE('',#5592,#5590,#5604,.T.);
#5606=ORIENTED_EDGE('',*,*,#5605,.F.);
#5607=EDGE_LOOP('',(#5599,#5606));
#5608=FACE_BOUND('',#5607,.T.);
#5609=CARTESIAN_POINT('',(246.8,22.7,4.95));
#5610=VERTEX_POINT('',#5609);
#5611=CARTESIAN_POINT('',(241.8,22.7,4.95));
#5612=DIRECTION('',(1.,0.,-0.));
#5613=VECTOR('',#5612,5.);
#5614=LINE('',#5611,#5613);
#5615=EDGE_CURVE('',#5509,#5610,#5614,.T.);
#5616=ORIENTED_EDGE('',*,*,#5615,.F.);
#5617=ORIENTED_EDGE('',*,*,#5517,.T.);
#5618=ORIENTED_EDGE('',*,*,#5546,.F.);
#5619=ORIENTED_EDGE('',*,*,#5571,.T.);
#5620=CARTESIAN_POINT('',(246.8,15.2,4.95));
#5621=VERTEX_POINT('',#5620);
#5622=CARTESIAN_POINT('',(246.8,15.2,4.95));
#5623=DIRECTION('',(-1.,0.,0.));
#5624=VECTOR('',#5623,5.);
#5625=LINE('',#5622,#5624);
#5626=EDGE_CURVE('',#5621,#5565,#5625,.T.);
#5627=ORIENTED_EDGE('',*,*,#5626,.F.);
#5628=CARTESIAN_POINT('',(246.8,15.2,4.95));
#5629=DIRECTION('',(0.,1.,0.));
#5630=VECTOR('',#5629,7.5);
#5631=LINE('',#5628,#5630);
#5632=EDGE_CURVE('',#5621,#5610,#5631,.T.);
#5633=ORIENTED_EDGE('',*,*,#5632,.T.);
#5634=EDGE_LOOP('',(#5616,#5617,#5618,#5619,#5627,#5633));
#5635=FACE_BOUND('',#5634,.T.);
#5636=ADVANCED_FACE('',(#5608,#5635),#5588,.T.);
#5637=CARTESIAN_POINT('',(242.8,22.7,4.95));
#5638=DIRECTION('',(0.,1.,0.));
#5639=DIRECTION('',(0.,0.,1.));
#5640=AXIS2_PLACEMENT_3D('',#5637,#5638,#5639);
#5641=PLANE('',#5640);
#5642=ORIENTED_EDGE('',*,*,#902,.F.);
#5643=ORIENTED_EDGE('',*,*,#5523,.T.);
#5644=ORIENTED_EDGE('',*,*,#5615,.T.);
#5645=CARTESIAN_POINT('',(246.8,22.7,4.95));
#5646=DIRECTION('',(0.,0.,-1.));
#5647=VECTOR('',#5646,3.45);
#5648=LINE('',#5645,#5647);
#5649=EDGE_CURVE('',#5610,#586,#5648,.T.);
#5650=ORIENTED_EDGE('',*,*,#5649,.T.);
#5651=EDGE_LOOP('',(#5642,#5643,#5644,#5650));
#5652=FACE_BOUND('',#5651,.T.);
#5653=ADVANCED_FACE('',(#5652),#5641,.T.);
#5654=CARTESIAN_POINT('',(244.05,15.2,4.95));
#5655=DIRECTION('',(0.,-1.,0.));
#5656=DIRECTION('',(0.,0.,-1.));
#5657=AXIS2_PLACEMENT_3D('',#5654,#5655,#5656);
#5658=PLANE('',#5657);
#5659=ORIENTED_EDGE('',*,*,#5626,.T.);
#5660=ORIENTED_EDGE('',*,*,#5579,.T.);
#5661=ORIENTED_EDGE('',*,*,#870,.F.);
#5662=CARTESIAN_POINT('',(246.8,15.2,4.95));
#5663=DIRECTION('',(0.,0.,-1.));
#5664=VECTOR('',#5663,3.45);
#5665=LINE('',#5662,#5664);
#5666=EDGE_CURVE('',#5621,#857,#5665,.T.);
#5667=ORIENTED_EDGE('',*,*,#5666,.F.);
#5668=EDGE_LOOP('',(#5659,#5660,#5661,#5667));
#5669=FACE_BOUND('',#5668,.T.);
#5670=ADVANCED_FACE('',(#5669),#5658,.T.);
#5671=CARTESIAN_POINT('',(248.,126.2562,20.75));
#5672=DIRECTION('',(-1.,-0.,0.));
#5673=DIRECTION('',(0.,-1.,0.));
#5674=AXIS2_PLACEMENT_3D('',#5671,#5672,#5673);
#5675=PLANE('',#5674);
#5676=ORIENTED_EDGE('',*,*,#1866,.T.);
#5677=ORIENTED_EDGE('',*,*,#2025,.T.);
#5678=ORIENTED_EDGE('',*,*,#1985,.T.);
#5679=CARTESIAN_POINT('',(248.,191.644430163,20.75));
#5680=VERTEX_POINT('',#5679);
#5681=CARTESIAN_POINT('',(248.,191.644430163,20.25));
#5682=DIRECTION('',(1.,0.,-0.));
#5683=DIRECTION('',(0.,-1.,0.));
#5684=AXIS2_PLACEMENT_3D('',#5681,#5682,#5683);
#5685=CIRCLE('',#5684,0.5);
#5686=EDGE_CURVE('',#1972,#5680,#5685,.T.);
#5687=ORIENTED_EDGE('',*,*,#5686,.T.);
#5688=CARTESIAN_POINT('',(248.,2.2,20.75));
#5689=VERTEX_POINT('',#5688);
#5690=CARTESIAN_POINT('',(248.,2.2,20.75));
#5691=DIRECTION('',(-0.,1.,0.));
#5692=VECTOR('',#5691,189.444430163);
#5693=LINE('',#5690,#5692);
#5694=EDGE_CURVE('',#5689,#5680,#5693,.T.);
#5695=ORIENTED_EDGE('',*,*,#5694,.F.);
#5696=CARTESIAN_POINT('',(248.,2.2,20.75));
#5697=DIRECTION('',(0.,0.,-1.));
#5698=VECTOR('',#5697,18.25);
#5699=LINE('',#5696,#5698);
#5700=EDGE_CURVE('',#5689,#1691,#5699,.T.);
#5701=ORIENTED_EDGE('',*,*,#5700,.T.);
#5702=EDGE_LOOP('',(#5676,#5677,#5678,#5687,#5695,#5701));
#5703=FACE_BOUND('',#5702,.T.);
#5704=ADVANCED_FACE('',(#5703),#5675,.F.);
#5705=CARTESIAN_POINT('',(48.,191.644430163,20.25));
#5706=DIRECTION('',(-1.,-0.,0.));
#5707=DIRECTION('',(0.,-1.,0.));
#5708=AXIS2_PLACEMENT_3D('',#5705,#5706,#5707);
#5709=CYLINDRICAL_SURFACE('',#5708,0.5);
#5710=ORIENTED_EDGE('',*,*,#5686,.F.);
#5711=ORIENTED_EDGE('',*,*,#1977,.F.);
#5712=CARTESIAN_POINT('',(246.8,191.644430163,20.75));
#5713=VERTEX_POINT('',#5712);
#5714=CARTESIAN_POINT('',(246.8,191.644430163,20.25));
#5715=DIRECTION('',(-1.,-0.,0.));
#5716=DIRECTION('',(0.,-1.,0.));
#5717=AXIS2_PLACEMENT_3D('',#5714,#5715,#5716);
#5718=CIRCLE('',#5717,0.5);
#5719=EDGE_CURVE('',#5713,#1964,#5718,.T.);
#5720=ORIENTED_EDGE('',*,*,#5719,.F.);
#5721=CARTESIAN_POINT('',(248.,191.644430163,20.75));
#5722=DIRECTION('',(-1.,-0.,-0.));
#5723=VECTOR('',#5722,1.2);
#5724=LINE('',#5721,#5723);
#5725=EDGE_CURVE('',#5680,#5713,#5724,.T.);
#5726=ORIENTED_EDGE('',*,*,#5725,.F.);
#5727=EDGE_LOOP('',(#5710,#5711,#5720,#5726));
#5728=FACE_BOUND('',#5727,.T.);
#5729=ADVANCED_FACE('',(#5728),#5709,.T.);
#5730=CARTESIAN_POINT('',(246.8,126.2562,20.75));
#5731=DIRECTION('',(-1.,-0.,0.));
#5732=DIRECTION('',(0.,-1.,0.));
#5733=AXIS2_PLACEMENT_3D('',#5730,#5731,#5732);
#5734=PLANE('',#5733);
#5735=CARTESIAN_POINT('',(246.8,2.,4.95));
#5736=VERTEX_POINT('',#5735);
#5737=CARTESIAN_POINT('',(246.8,9.2,4.95));
#5738=VERTEX_POINT('',#5737);
#5739=CARTESIAN_POINT('',(246.8,2.,4.95));
#5740=DIRECTION('',(0.,1.,0.));
#5741=VECTOR('',#5740,7.2);
#5742=LINE('',#5739,#5741);
#5743=EDGE_CURVE('',#5736,#5738,#5742,.T.);
#5744=ORIENTED_EDGE('',*,*,#5743,.F.);
#5745=CARTESIAN_POINT('',(246.8,2.,20.75));
#5746=VERTEX_POINT('',#5745);
#5747=CARTESIAN_POINT('',(246.8,2.,4.95));
#5748=DIRECTION('',(-0.,-0.,1.));
#5749=VECTOR('',#5748,15.8);
#5750=LINE('',#5747,#5749);
#5751=EDGE_CURVE('',#5736,#5746,#5750,.T.);
#5752=ORIENTED_EDGE('',*,*,#5751,.T.);
#5753=CARTESIAN_POINT('',(246.8,2.,20.75));
#5754=DIRECTION('',(-0.,1.,0.));
#5755=VECTOR('',#5754,189.644430163);
#5756=LINE('',#5753,#5755);
#5757=EDGE_CURVE('',#5746,#5713,#5756,.T.);
#5758=ORIENTED_EDGE('',*,*,#5757,.T.);
#5759=ORIENTED_EDGE('',*,*,#5719,.T.);
#5760=ORIENTED_EDGE('',*,*,#1969,.T.);
#5761=ORIENTED_EDGE('',*,*,#2007,.T.);
#5762=ORIENTED_EDGE('',*,*,#1764,.F.);
#5763=ORIENTED_EDGE('',*,*,#5466,.T.);
#5764=ORIENTED_EDGE('',*,*,#2266,.F.);
#5765=ORIENTED_EDGE('',*,*,#2500,.T.);
#5766=ORIENTED_EDGE('',*,*,#4528,.F.);
#5767=ORIENTED_EDGE('',*,*,#4485,.T.);
#5768=ORIENTED_EDGE('',*,*,#609,.F.);
#5769=CARTESIAN_POINT('',(246.8,122.03839016,1.7));
#5770=VERTEX_POINT('',#5769);
#5771=CARTESIAN_POINT('',(246.8,122.03839016,1.7));
#5772=DIRECTION('',(0.,0.,-1.));
#5773=VECTOR('',#5772,0.2);
#5774=LINE('',#5771,#5773);
#5775=EDGE_CURVE('',#5770,#596,#5774,.T.);
#5776=ORIENTED_EDGE('',*,*,#5775,.F.);
#5777=CARTESIAN_POINT('',(246.8,120.03839016,1.7));
#5778=VERTEX_POINT('',#5777);
#5779=CARTESIAN_POINT('',(246.8,120.03839016,1.7));
#5780=DIRECTION('',(0.,1.,0.));
#5781=VECTOR('',#5780,2.);
#5782=LINE('',#5779,#5781);
#5783=EDGE_CURVE('',#5778,#5770,#5782,.T.);
#5784=ORIENTED_EDGE('',*,*,#5783,.F.);
#5785=CARTESIAN_POINT('',(246.8,120.03839016,1.7));
#5786=DIRECTION('',(0.,0.,-1.));
#5787=VECTOR('',#5786,0.2);
#5788=LINE('',#5785,#5787);
#5789=EDGE_CURVE('',#5778,#588,#5788,.T.);
#5790=ORIENTED_EDGE('',*,*,#5789,.T.);
#5791=ORIENTED_EDGE('',*,*,#593,.F.);
#5792=ORIENTED_EDGE('',*,*,#5649,.F.);
#5793=ORIENTED_EDGE('',*,*,#5632,.F.);
#5794=ORIENTED_EDGE('',*,*,#5666,.T.);
#5795=ORIENTED_EDGE('',*,*,#862,.F.);
#5796=CARTESIAN_POINT('',(246.8,9.2,4.95));
#5797=DIRECTION('',(0.,0.,-1.));
#5798=VECTOR('',#5797,3.45);
#5799=LINE('',#5796,#5798);
#5800=EDGE_CURVE('',#5738,#849,#5799,.T.);
#5801=ORIENTED_EDGE('',*,*,#5800,.F.);
#5802=EDGE_LOOP('',(#5744,#5752,#5758,#5759,#5760,#5761,#5762,#5763,#5764,#5765,#5766,#5767,#5768,#5776,#5784,#5790,#5791,#5792,#5793,#5794,#5795,#5801));
#5803=FACE_BOUND('',#5802,.T.);
#5804=CARTESIAN_POINT('',(246.8,199.7062,2.5));
#5805=VERTEX_POINT('',#5804);
#5806=CARTESIAN_POINT('',(246.8,199.7562,2.5));
#5807=VERTEX_POINT('',#5806);
#5808=CARTESIAN_POINT('',(246.8,199.7062,2.5));
#5809=DIRECTION('',(-0.,1.,-0.));
#5810=VECTOR('',#5809,0.05);
#5811=LINE('',#5808,#5810);
#5812=EDGE_CURVE('',#5805,#5807,#5811,.T.);
#5813=ORIENTED_EDGE('',*,*,#5812,.T.);
#5814=ORIENTED_EDGE('',*,*,#5812,.F.);
#5815=EDGE_LOOP('',(#5813,#5814));
#5816=FACE_BOUND('',#5815,.T.);
#5817=ADVANCED_FACE('',(#5803,#5816),#5734,.T.);
#5818=CARTESIAN_POINT('',(245.5,2.2,20.75));
#5819=DIRECTION('',(0.,0.,-1.));
#5820=DIRECTION('',(-1.,0.,0.));
#5821=AXIS2_PLACEMENT_3D('',#5818,#5819,#5820);
#5822=CYLINDRICAL_SURFACE('',#5821,2.5);
#5823=CARTESIAN_POINT('',(245.5,-0.3,20.75));
#5824=VERTEX_POINT('',#5823);
#5825=CARTESIAN_POINT('',(245.5,2.2,20.75));
#5826=DIRECTION('',(0.,0.,1.));
#5827=DIRECTION('',(1.,0.,-0.));
#5828=AXIS2_PLACEMENT_3D('',#5825,#5826,#5827);
#5829=CIRCLE('',#5828,2.5);
#5830=EDGE_CURVE('',#5824,#5689,#5829,.T.);
#5831=ORIENTED_EDGE('',*,*,#5830,.F.);
#5832=CARTESIAN_POINT('',(245.5,-0.3,2.5));
#5833=DIRECTION('',(-0.,-0.,1.));
#5834=VECTOR('',#5833,18.25);
#5835=LINE('',#5832,#5834);
#5836=EDGE_CURVE('',#1700,#5824,#5835,.T.);
#5837=ORIENTED_EDGE('',*,*,#5836,.F.);
#5838=ORIENTED_EDGE('',*,*,#1706,.F.);
#5839=ORIENTED_EDGE('',*,*,#5700,.F.);
#5840=EDGE_LOOP('',(#5831,#5837,#5838,#5839));
#5841=FACE_BOUND('',#5840,.T.);
#5842=ADVANCED_FACE('',(#5841),#5822,.T.);
#5843=CARTESIAN_POINT('',(48.,2.2562,20.75));
#5844=DIRECTION('',(0.,0.,1.));
#5845=DIRECTION('',(1.,0.,0.));
#5846=AXIS2_PLACEMENT_3D('',#5843,#5844,#5845);
#5847=PLANE('',#5846);
#5848=ORIENTED_EDGE('',*,*,#5757,.F.);
#5849=CARTESIAN_POINT('',(245.8,1.,20.75));
#5850=VERTEX_POINT('',#5849);
#5851=CARTESIAN_POINT('',(245.8,2.,20.75));
#5852=DIRECTION('',(-0.,-0.,-1.));
#5853=DIRECTION('',(1.,0.,-0.));
#5854=AXIS2_PLACEMENT_3D('',#5851,#5852,#5853);
#5855=CIRCLE('',#5854,1.);
#5856=EDGE_CURVE('',#5746,#5850,#5855,.T.);
#5857=ORIENTED_EDGE('',*,*,#5856,.T.);
#5858=CARTESIAN_POINT('',(241.85,1.,20.75));
#5859=VERTEX_POINT('',#5858);
#5860=CARTESIAN_POINT('',(241.85,1.,20.75));
#5861=DIRECTION('',(1.,0.,0.));
#5862=VECTOR('',#5861,3.95);
#5863=LINE('',#5860,#5862);
#5864=EDGE_CURVE('',#5859,#5850,#5863,.T.);
#5865=ORIENTED_EDGE('',*,*,#5864,.F.);
#5866=CARTESIAN_POINT('',(241.85,-0.3,20.75));
#5867=VERTEX_POINT('',#5866);
#5868=CARTESIAN_POINT('',(241.85,1.,20.75));
#5869=DIRECTION('',(0.,-1.,-0.));
#5870=VECTOR('',#5869,1.3);
#5871=LINE('',#5868,#5870);
#5872=EDGE_CURVE('',#5859,#5867,#5871,.T.);
#5873=ORIENTED_EDGE('',*,*,#5872,.T.);
#5874=CARTESIAN_POINT('',(241.85,-0.3,20.75));
#5875=DIRECTION('',(1.,0.,0.));
#5876=VECTOR('',#5875,3.65);
#5877=LINE('',#5874,#5876);
#5878=EDGE_CURVE('',#5867,#5824,#5877,.T.);
#5879=ORIENTED_EDGE('',*,*,#5878,.T.);
#5880=ORIENTED_EDGE('',*,*,#5830,.T.);
#5881=ORIENTED_EDGE('',*,*,#5694,.T.);
#5882=ORIENTED_EDGE('',*,*,#5725,.T.);
#5883=EDGE_LOOP('',(#5848,#5857,#5865,#5873,#5879,#5880,#5881,#5882));
#5884=FACE_BOUND('',#5883,.T.);
#5885=ADVANCED_FACE('',(#5884),#5847,.T.);
#5886=CARTESIAN_POINT('',(246.8,126.2562,20.75));
#5887=DIRECTION('',(-1.,-0.,0.));
#5888=DIRECTION('',(0.,-1.,0.));
#5889=AXIS2_PLACEMENT_3D('',#5886,#5887,#5888);
#5890=PLANE('',#5889);
#5891=ORIENTED_EDGE('',*,*,#5783,.T.);
#5892=ORIENTED_EDGE('',*,*,#5775,.T.);
#5893=ORIENTED_EDGE('',*,*,#601,.T.);
#5894=ORIENTED_EDGE('',*,*,#5789,.F.);
#5895=EDGE_LOOP('',(#5891,#5892,#5893,#5894));
#5896=FACE_BOUND('',#5895,.T.);
#5897=ADVANCED_FACE('',(#5896),#5890,.T.);
#5898=CARTESIAN_POINT('',(241.85,124.,19.25));
#5899=DIRECTION('',(0.,-1.,0.));
#5900=DIRECTION('',(1.,0.,0.));
#5901=AXIS2_PLACEMENT_3D('',#5898,#5899,#5900);
#5902=CYLINDRICAL_SURFACE('',#5901,1.5);
#5903=CARTESIAN_POINT('',(240.35,-0.3,19.25));
#5904=VERTEX_POINT('',#5903);
#5905=CARTESIAN_POINT('',(241.85,-0.3,19.25));
#5906=DIRECTION('',(0.,-1.,-0.));
#5907=DIRECTION('',(-1.,-0.,0.));
#5908=AXIS2_PLACEMENT_3D('',#5905,#5906,#5907);
#5909=CIRCLE('',#5908,1.5);
#5910=EDGE_CURVE('',#5867,#5904,#5909,.T.);
#5911=ORIENTED_EDGE('',*,*,#5910,.F.);
#5912=ORIENTED_EDGE('',*,*,#5872,.F.);
#5913=CARTESIAN_POINT('',(240.35,1.,19.25));
#5914=VERTEX_POINT('',#5913);
#5915=CARTESIAN_POINT('',(241.85,1.,19.25));
#5916=DIRECTION('',(-0.,1.,0.));
#5917=DIRECTION('',(-1.,-0.,0.));
#5918=AXIS2_PLACEMENT_3D('',#5915,#5916,#5917);
#5919=CIRCLE('',#5918,1.5);
#5920=EDGE_CURVE('',#5914,#5859,#5919,.T.);
#5921=ORIENTED_EDGE('',*,*,#5920,.F.);
#5922=CARTESIAN_POINT('',(240.35,-0.3,19.25));
#5923=DIRECTION('',(-0.,1.,0.));
#5924=VECTOR('',#5923,1.3);
#5925=LINE('',#5922,#5924);
#5926=EDGE_CURVE('',#5904,#5914,#5925,.T.);
#5927=ORIENTED_EDGE('',*,*,#5926,.F.);
#5928=EDGE_LOOP('',(#5911,#5912,#5921,#5927));
#5929=FACE_BOUND('',#5928,.T.);
#5930=ADVANCED_FACE('',(#5929),#5902,.T.);
#5931=CARTESIAN_POINT('',(240.35,124.,15.875));
#5932=DIRECTION('',(1.,0.,0.));
#5933=DIRECTION('',(-0.,1.,0.));
#5934=AXIS2_PLACEMENT_3D('',#5931,#5932,#5933);
#5935=PLANE('',#5934);
#5936=CARTESIAN_POINT('',(240.35,-0.3,12.5));
#5937=VERTEX_POINT('',#5936);
#5938=CARTESIAN_POINT('',(240.35,-0.3,19.25));
#5939=DIRECTION('',(0.,0.,-1.));
#5940=VECTOR('',#5939,6.75);
#5941=LINE('',#5938,#5940);
#5942=EDGE_CURVE('',#5904,#5937,#5941,.T.);
#5943=ORIENTED_EDGE('',*,*,#5942,.F.);
#5944=ORIENTED_EDGE('',*,*,#5926,.T.);
#5945=CARTESIAN_POINT('',(240.35,1.,12.5));
#5946=VERTEX_POINT('',#5945);
#5947=CARTESIAN_POINT('',(240.35,1.,19.25));
#5948=DIRECTION('',(0.,0.,-1.));
#5949=VECTOR('',#5948,6.75);
#5950=LINE('',#5947,#5949);
#5951=EDGE_CURVE('',#5914,#5946,#5950,.T.);
#5952=ORIENTED_EDGE('',*,*,#5951,.T.);
#5953=CARTESIAN_POINT('',(240.35,1.,12.5));
#5954=DIRECTION('',(0.,-1.,0.));
#5955=VECTOR('',#5954,1.3);
#5956=LINE('',#5953,#5955);
#5957=EDGE_CURVE('',#5946,#5937,#5956,.T.);
#5958=ORIENTED_EDGE('',*,*,#5957,.T.);
#5959=EDGE_LOOP('',(#5943,#5944,#5952,#5958));
#5960=FACE_BOUND('',#5959,.T.);
#5961=ADVANCED_FACE('',(#5960),#5935,.F.);
#5962=CARTESIAN_POINT('',(238.85,124.,12.5));
#5963=DIRECTION('',(-0.,1.,0.));
#5964=DIRECTION('',(-1.,-0.,0.));
#5965=AXIS2_PLACEMENT_3D('',#5962,#5963,#5964);
#5966=CYLINDRICAL_SURFACE('',#5965,1.5);
#5967=CARTESIAN_POINT('',(238.85,1.,11.));
#5968=VERTEX_POINT('',#5967);
#5969=CARTESIAN_POINT('',(238.85,1.,12.5));
#5970=DIRECTION('',(0.,-1.,-0.));
#5971=DIRECTION('',(-1.,-0.,0.));
#5972=AXIS2_PLACEMENT_3D('',#5969,#5970,#5971);
#5973=CIRCLE('',#5972,1.5);
#5974=EDGE_CURVE('',#5968,#5946,#5973,.T.);
#5975=ORIENTED_EDGE('',*,*,#5974,.F.);
#5976=CARTESIAN_POINT('',(238.85,-0.3,11.));
#5977=VERTEX_POINT('',#5976);
#5978=CARTESIAN_POINT('',(238.85,-0.3,11.));
#5979=DIRECTION('',(-0.,1.,-0.));
#5980=VECTOR('',#5979,1.3);
#5981=LINE('',#5978,#5980);
#5982=EDGE_CURVE('',#5977,#5968,#5981,.T.);
#5983=ORIENTED_EDGE('',*,*,#5982,.F.);
#5984=CARTESIAN_POINT('',(238.85,-0.3,12.5));
#5985=DIRECTION('',(-0.,1.,0.));
#5986=DIRECTION('',(-1.,-0.,0.));
#5987=AXIS2_PLACEMENT_3D('',#5984,#5985,#5986);
#5988=CIRCLE('',#5987,1.5);
#5989=EDGE_CURVE('',#5937,#5977,#5988,.T.);
#5990=ORIENTED_EDGE('',*,*,#5989,.F.);
#5991=ORIENTED_EDGE('',*,*,#5957,.F.);
#5992=EDGE_LOOP('',(#5975,#5983,#5990,#5991));
#5993=FACE_BOUND('',#5992,.T.);
#5994=ADVANCED_FACE('',(#5993),#5966,.F.);
#5995=CARTESIAN_POINT('',(148.,124.,11.));
#5996=DIRECTION('',(0.,0.,-1.));
#5997=DIRECTION('',(-1.,0.,0.));
#5998=AXIS2_PLACEMENT_3D('',#5995,#5996,#5997);
#5999=PLANE('',#5998);
#6000=CARTESIAN_POINT('',(221.9,-0.3,11.));
#6001=VERTEX_POINT('',#6000);
#6002=CARTESIAN_POINT('',(238.85,-0.3,11.));
#6003=DIRECTION('',(-1.,-0.,0.));
#6004=VECTOR('',#6003,16.95);
#6005=LINE('',#6002,#6004);
#6006=EDGE_CURVE('',#5977,#6001,#6005,.T.);
#6007=ORIENTED_EDGE('',*,*,#6006,.F.);
#6008=ORIENTED_EDGE('',*,*,#5982,.T.);
#6009=CARTESIAN_POINT('',(221.9,1.,11.));
#6010=VERTEX_POINT('',#6009);
#6011=CARTESIAN_POINT('',(238.85,1.,11.));
#6012=DIRECTION('',(-1.,-0.,0.));
#6013=VECTOR('',#6012,16.95);
#6014=LINE('',#6011,#6013);
#6015=EDGE_CURVE('',#5968,#6010,#6014,.T.);
#6016=ORIENTED_EDGE('',*,*,#6015,.T.);
#6017=CARTESIAN_POINT('',(221.9,1.,11.));
#6018=DIRECTION('',(0.,-1.,0.));
#6019=VECTOR('',#6018,1.3);
#6020=LINE('',#6017,#6019);
#6021=EDGE_CURVE('',#6010,#6001,#6020,.T.);
#6022=ORIENTED_EDGE('',*,*,#6021,.T.);
#6023=EDGE_LOOP('',(#6007,#6008,#6016,#6022));
#6024=FACE_BOUND('',#6023,.T.);
#6025=ADVANCED_FACE('',(#6024),#5999,.F.);
#6026=CARTESIAN_POINT('',(221.9,124.,12.5));
#6027=DIRECTION('',(0.,-1.,0.));
#6028=DIRECTION('',(1.,0.,0.));
#6029=AXIS2_PLACEMENT_3D('',#6026,#6027,#6028);
#6030=CYLINDRICAL_SURFACE('',#6029,1.5);
#6031=CARTESIAN_POINT('',(220.4,1.,12.5));
#6032=VERTEX_POINT('',#6031);
#6033=CARTESIAN_POINT('',(221.9,1.,12.5));
#6034=DIRECTION('',(0.,-1.,-0.));
#6035=DIRECTION('',(-1.,-0.,0.));
#6036=AXIS2_PLACEMENT_3D('',#6033,#6034,#6035);
#6037=CIRCLE('',#6036,1.5);
#6038=EDGE_CURVE('',#6032,#6010,#6037,.T.);
#6039=ORIENTED_EDGE('',*,*,#6038,.F.);
#6040=CARTESIAN_POINT('',(220.4,-0.3,12.5));
#6041=VERTEX_POINT('',#6040);
#6042=CARTESIAN_POINT('',(220.4,-0.3,12.5));
#6043=DIRECTION('',(-0.,1.,-0.));
#6044=VECTOR('',#6043,1.3);
#6045=LINE('',#6042,#6044);
#6046=EDGE_CURVE('',#6041,#6032,#6045,.T.);
#6047=ORIENTED_EDGE('',*,*,#6046,.F.);
#6048=CARTESIAN_POINT('',(221.9,-0.3,12.5));
#6049=DIRECTION('',(-0.,1.,0.));
#6050=DIRECTION('',(-1.,-0.,0.));
#6051=AXIS2_PLACEMENT_3D('',#6048,#6049,#6050);
#6052=CIRCLE('',#6051,1.5);
#6053=EDGE_CURVE('',#6001,#6041,#6052,.T.);
#6054=ORIENTED_EDGE('',*,*,#6053,.F.);
#6055=ORIENTED_EDGE('',*,*,#6021,.F.);
#6056=EDGE_LOOP('',(#6039,#6047,#6054,#6055));
#6057=FACE_BOUND('',#6056,.T.);
#6058=ADVANCED_FACE('',(#6057),#6030,.F.);
#6059=CARTESIAN_POINT('',(220.4,124.,15.875));
#6060=DIRECTION('',(1.,0.,0.));
#6061=DIRECTION('',(-0.,1.,0.));
#6062=AXIS2_PLACEMENT_3D('',#6059,#6060,#6061);
#6063=PLANE('',#6062);
#6064=CARTESIAN_POINT('',(220.4,1.,19.25));
#6065=VERTEX_POINT('',#6064);
#6066=CARTESIAN_POINT('',(220.4,1.,19.25));
#6067=DIRECTION('',(0.,0.,-1.));
#6068=VECTOR('',#6067,6.75);
#6069=LINE('',#6066,#6068);
#6070=EDGE_CURVE('',#6065,#6032,#6069,.T.);
#6071=ORIENTED_EDGE('',*,*,#6070,.F.);
#6072=CARTESIAN_POINT('',(220.4,-0.3,19.25));
#6073=VERTEX_POINT('',#6072);
#6074=CARTESIAN_POINT('',(220.4,1.,19.25));
#6075=DIRECTION('',(0.,-1.,-0.));
#6076=VECTOR('',#6075,1.3);
#6077=LINE('',#6074,#6076);
#6078=EDGE_CURVE('',#6065,#6073,#6077,.T.);
#6079=ORIENTED_EDGE('',*,*,#6078,.T.);
#6080=CARTESIAN_POINT('',(220.4,-0.3,19.25));
#6081=DIRECTION('',(0.,0.,-1.));
#6082=VECTOR('',#6081,6.75);
#6083=LINE('',#6080,#6082);
#6084=EDGE_CURVE('',#6073,#6041,#6083,.T.);
#6085=ORIENTED_EDGE('',*,*,#6084,.T.);
#6086=ORIENTED_EDGE('',*,*,#6046,.T.);
#6087=EDGE_LOOP('',(#6071,#6079,#6085,#6086));
#6088=FACE_BOUND('',#6087,.T.);
#6089=ADVANCED_FACE('',(#6088),#6063,.T.);
#6090=CARTESIAN_POINT('',(218.9,0.,19.25));
#6091=DIRECTION('',(-0.,1.,0.));
#6092=DIRECTION('',(-1.,-0.,0.));
#6093=AXIS2_PLACEMENT_3D('',#6090,#6091,#6092);
#6094=CYLINDRICAL_SURFACE('',#6093,1.5);
#6095=CARTESIAN_POINT('',(218.9,-0.3,20.75));
#6096=VERTEX_POINT('',#6095);
#6097=CARTESIAN_POINT('',(218.9,-0.3,19.25));
#6098=DIRECTION('',(0.,-1.,-0.));
#6099=DIRECTION('',(-1.,-0.,0.));
#6100=AXIS2_PLACEMENT_3D('',#6097,#6098,#6099);
#6101=CIRCLE('',#6100,1.5);
#6102=EDGE_CURVE('',#6073,#6096,#6101,.T.);
#6103=ORIENTED_EDGE('',*,*,#6102,.F.);
#6104=ORIENTED_EDGE('',*,*,#6078,.F.);
#6105=CARTESIAN_POINT('',(218.9,1.,20.75));
#6106=VERTEX_POINT('',#6105);
#6107=CARTESIAN_POINT('',(218.9,1.,19.25));
#6108=DIRECTION('',(-0.,1.,0.));
#6109=DIRECTION('',(-1.,-0.,0.));
#6110=AXIS2_PLACEMENT_3D('',#6107,#6108,#6109);
#6111=CIRCLE('',#6110,1.5);
#6112=EDGE_CURVE('',#6106,#6065,#6111,.T.);
#6113=ORIENTED_EDGE('',*,*,#6112,.F.);
#6114=CARTESIAN_POINT('',(218.9,-0.3,20.75));
#6115=DIRECTION('',(-0.,1.,0.));
#6116=VECTOR('',#6115,1.3);
#6117=LINE('',#6114,#6116);
#6118=EDGE_CURVE('',#6096,#6106,#6117,.T.);
#6119=ORIENTED_EDGE('',*,*,#6118,.F.);
#6120=EDGE_LOOP('',(#6103,#6104,#6113,#6119));
#6121=FACE_BOUND('',#6120,.T.);
#6122=ADVANCED_FACE('',(#6121),#6094,.T.);
#6123=CARTESIAN_POINT('',(0.,0.,20.75));
#6124=DIRECTION('',(0.,0.,1.));
#6125=DIRECTION('',(1.,0.,0.));
#6126=AXIS2_PLACEMENT_3D('',#6123,#6124,#6125);
#6127=PLANE('',#6126);
#6128=CARTESIAN_POINT('',(29.1,-0.3,20.75));
#6129=VERTEX_POINT('',#6128);
#6130=CARTESIAN_POINT('',(29.1,-0.3,20.75));
#6131=DIRECTION('',(1.,0.,0.));
#6132=VECTOR('',#6131,189.8);
#6133=LINE('',#6130,#6132);
#6134=EDGE_CURVE('',#6129,#6096,#6133,.T.);
#6135=ORIENTED_EDGE('',*,*,#6134,.T.);
#6136=ORIENTED_EDGE('',*,*,#6118,.T.);
#6137=CARTESIAN_POINT('',(29.1,1.,20.75));
#6138=VERTEX_POINT('',#6137);
#6139=CARTESIAN_POINT('',(29.1,1.,20.75));
#6140=DIRECTION('',(1.,0.,0.));
#6141=VECTOR('',#6140,189.8);
#6142=LINE('',#6139,#6141);
#6143=EDGE_CURVE('',#6138,#6106,#6142,.T.);
#6144=ORIENTED_EDGE('',*,*,#6143,.F.);
#6145=CARTESIAN_POINT('',(29.1,1.,20.75));
#6146=DIRECTION('',(0.,-1.,0.));
#6147=VECTOR('',#6146,1.3);
#6148=LINE('',#6145,#6147);
#6149=EDGE_CURVE('',#6138,#6129,#6148,.T.);
#6150=ORIENTED_EDGE('',*,*,#6149,.T.);
#6151=EDGE_LOOP('',(#6135,#6136,#6144,#6150));
#6152=FACE_BOUND('',#6151,.T.);
#6153=ADVANCED_FACE('',(#6152),#6127,.T.);
#6154=CARTESIAN_POINT('',(29.1,0.,19.25));
#6155=DIRECTION('',(0.,-1.,0.));
#6156=DIRECTION('',(0.,0.,-1.));
#6157=AXIS2_PLACEMENT_3D('',#6154,#6155,#6156);
#6158=CYLINDRICAL_SURFACE('',#6157,1.5);
#6159=CARTESIAN_POINT('',(27.6,1.,19.25));
#6160=VERTEX_POINT('',#6159);
#6161=CARTESIAN_POINT('',(29.1,1.,19.25));
#6162=DIRECTION('',(-0.,1.,0.));
#6163=DIRECTION('',(-1.,-0.,0.));
#6164=AXIS2_PLACEMENT_3D('',#6161,#6162,#6163);
#6165=CIRCLE('',#6164,1.5);
#6166=EDGE_CURVE('',#6160,#6138,#6165,.T.);
#6167=ORIENTED_EDGE('',*,*,#6166,.F.);
#6168=CARTESIAN_POINT('',(27.6,-0.3,19.25));
#6169=VERTEX_POINT('',#6168);
#6170=CARTESIAN_POINT('',(27.6,-0.3,19.25));
#6171=DIRECTION('',(-0.,1.,-0.));
#6172=VECTOR('',#6171,1.3);
#6173=LINE('',#6170,#6172);
#6174=EDGE_CURVE('',#6169,#6160,#6173,.T.);
#6175=ORIENTED_EDGE('',*,*,#6174,.F.);
#6176=CARTESIAN_POINT('',(29.1,-0.3,19.25));
#6177=DIRECTION('',(0.,-1.,-0.));
#6178=DIRECTION('',(-1.,-0.,0.));
#6179=AXIS2_PLACEMENT_3D('',#6176,#6177,#6178);
#6180=CIRCLE('',#6179,1.5);
#6181=EDGE_CURVE('',#6129,#6169,#6180,.T.);
#6182=ORIENTED_EDGE('',*,*,#6181,.F.);
#6183=ORIENTED_EDGE('',*,*,#6149,.F.);
#6184=EDGE_LOOP('',(#6167,#6175,#6182,#6183));
#6185=FACE_BOUND('',#6184,.T.);
#6186=ADVANCED_FACE('',(#6185),#6158,.T.);
#6187=CARTESIAN_POINT('',(27.6,124.,15.875));
#6188=DIRECTION('',(-1.,0.,0.));
#6189=DIRECTION('',(0.,0.,1.));
#6190=AXIS2_PLACEMENT_3D('',#6187,#6188,#6189);
#6191=PLANE('',#6190);
#6192=CARTESIAN_POINT('',(27.6,-0.3,12.5));
#6193=VERTEX_POINT('',#6192);
#6194=CARTESIAN_POINT('',(27.6,-0.3,12.5));
#6195=DIRECTION('',(0.,0.,1.));
#6196=VECTOR('',#6195,6.75);
#6197=LINE('',#6194,#6196);
#6198=EDGE_CURVE('',#6193,#6169,#6197,.T.);
#6199=ORIENTED_EDGE('',*,*,#6198,.T.);
#6200=ORIENTED_EDGE('',*,*,#6174,.T.);
#6201=CARTESIAN_POINT('',(27.6,1.,12.5));
#6202=VERTEX_POINT('',#6201);
#6203=CARTESIAN_POINT('',(27.6,1.,12.5));
#6204=DIRECTION('',(0.,0.,1.));
#6205=VECTOR('',#6204,6.75);
#6206=LINE('',#6203,#6205);
#6207=EDGE_CURVE('',#6202,#6160,#6206,.T.);
#6208=ORIENTED_EDGE('',*,*,#6207,.F.);
#6209=CARTESIAN_POINT('',(27.6,1.,12.5));
#6210=DIRECTION('',(-0.,-1.,-0.));
#6211=VECTOR('',#6210,1.3);
#6212=LINE('',#6209,#6211);
#6213=EDGE_CURVE('',#6202,#6193,#6212,.T.);
#6214=ORIENTED_EDGE('',*,*,#6213,.T.);
#6215=EDGE_LOOP('',(#6199,#6200,#6208,#6214));
#6216=FACE_BOUND('',#6215,.T.);
#6217=ADVANCED_FACE('',(#6216),#6191,.T.);
#6218=CARTESIAN_POINT('',(26.1,124.,12.5));
#6219=DIRECTION('',(0.,1.,0.));
#6220=DIRECTION('',(0.,-0.,1.));
#6221=AXIS2_PLACEMENT_3D('',#6218,#6219,#6220);
#6222=CYLINDRICAL_SURFACE('',#6221,1.5);
#6223=CARTESIAN_POINT('',(26.1,-0.3,11.));
#6224=VERTEX_POINT('',#6223);
#6225=CARTESIAN_POINT('',(26.1,-0.3,12.5));
#6226=DIRECTION('',(-0.,1.,0.));
#6227=DIRECTION('',(-1.,-0.,0.));
#6228=AXIS2_PLACEMENT_3D('',#6225,#6226,#6227);
#6229=CIRCLE('',#6228,1.5);
#6230=EDGE_CURVE('',#6193,#6224,#6229,.T.);
#6231=ORIENTED_EDGE('',*,*,#6230,.F.);
#6232=ORIENTED_EDGE('',*,*,#6213,.F.);
#6233=CARTESIAN_POINT('',(26.1,1.,11.));
#6234=VERTEX_POINT('',#6233);
#6235=CARTESIAN_POINT('',(26.1,1.,12.5));
#6236=DIRECTION('',(0.,-1.,-0.));
#6237=DIRECTION('',(-1.,-0.,0.));
#6238=AXIS2_PLACEMENT_3D('',#6235,#6236,#6237);
#6239=CIRCLE('',#6238,1.5);
#6240=EDGE_CURVE('',#6234,#6202,#6239,.T.);
#6241=ORIENTED_EDGE('',*,*,#6240,.F.);
#6242=CARTESIAN_POINT('',(26.1,-0.3,11.));
#6243=DIRECTION('',(0.,1.,0.));
#6244=VECTOR('',#6243,1.3);
#6245=LINE('',#6242,#6244);
#6246=EDGE_CURVE('',#6224,#6234,#6245,.T.);
#6247=ORIENTED_EDGE('',*,*,#6246,.F.);
#6248=EDGE_LOOP('',(#6231,#6232,#6241,#6247));
#6249=FACE_BOUND('',#6248,.T.);
#6250=ADVANCED_FACE('',(#6249),#6222,.F.);
#6251=CARTESIAN_POINT('',(100.,124.,11.));
#6252=DIRECTION('',(0.,0.,-1.));
#6253=DIRECTION('',(-1.,0.,0.));
#6254=AXIS2_PLACEMENT_3D('',#6251,#6252,#6253);
#6255=PLANE('',#6254);
#6256=CARTESIAN_POINT('',(8.9,1.,11.));
#6257=VERTEX_POINT('',#6256);
#6258=CARTESIAN_POINT('',(26.1,1.,11.));
#6259=DIRECTION('',(-1.,-0.,0.));
#6260=VECTOR('',#6259,17.2);
#6261=LINE('',#6258,#6260);
#6262=EDGE_CURVE('',#6234,#6257,#6261,.T.);
#6263=ORIENTED_EDGE('',*,*,#6262,.T.);
#6264=CARTESIAN_POINT('',(8.9,-0.3,11.));
#6265=VERTEX_POINT('',#6264);
#6266=CARTESIAN_POINT('',(8.9,1.,11.));
#6267=DIRECTION('',(-0.,-1.,-0.));
#6268=VECTOR('',#6267,1.3);
#6269=LINE('',#6266,#6268);
#6270=EDGE_CURVE('',#6257,#6265,#6269,.T.);
#6271=ORIENTED_EDGE('',*,*,#6270,.T.);
#6272=CARTESIAN_POINT('',(26.1,-0.3,11.));
#6273=DIRECTION('',(-1.,-0.,0.));
#6274=VECTOR('',#6273,17.2);
#6275=LINE('',#6272,#6274);
#6276=EDGE_CURVE('',#6224,#6265,#6275,.T.);
#6277=ORIENTED_EDGE('',*,*,#6276,.F.);
#6278=ORIENTED_EDGE('',*,*,#6246,.T.);
#6279=EDGE_LOOP('',(#6263,#6271,#6277,#6278));
#6280=FACE_BOUND('',#6279,.T.);
#6281=ADVANCED_FACE('',(#6280),#6255,.F.);
#6282=CARTESIAN_POINT('',(8.9,124.,12.5));
#6283=DIRECTION('',(0.,-1.,0.));
#6284=DIRECTION('',(0.,0.,-1.));
#6285=AXIS2_PLACEMENT_3D('',#6282,#6283,#6284);
#6286=CYLINDRICAL_SURFACE('',#6285,1.5);
#6287=CARTESIAN_POINT('',(7.4,-0.3,12.5));
#6288=VERTEX_POINT('',#6287);
#6289=CARTESIAN_POINT('',(8.9,-0.3,12.5));
#6290=DIRECTION('',(-0.,1.,0.));
#6291=DIRECTION('',(-1.,-0.,0.));
#6292=AXIS2_PLACEMENT_3D('',#6289,#6290,#6291);
#6293=CIRCLE('',#6292,1.5);
#6294=EDGE_CURVE('',#6265,#6288,#6293,.T.);
#6295=ORIENTED_EDGE('',*,*,#6294,.F.);
#6296=ORIENTED_EDGE('',*,*,#6270,.F.);
#6297=CARTESIAN_POINT('',(7.4,1.,12.5));
#6298=VERTEX_POINT('',#6297);
#6299=CARTESIAN_POINT('',(8.9,1.,12.5));
#6300=DIRECTION('',(0.,-1.,-0.));
#6301=DIRECTION('',(-1.,-0.,0.));
#6302=AXIS2_PLACEMENT_3D('',#6299,#6300,#6301);
#6303=CIRCLE('',#6302,1.5);
#6304=EDGE_CURVE('',#6298,#6257,#6303,.T.);
#6305=ORIENTED_EDGE('',*,*,#6304,.F.);
#6306=CARTESIAN_POINT('',(7.4,-0.3,12.5));
#6307=DIRECTION('',(0.,1.,0.));
#6308=VECTOR('',#6307,1.3);
#6309=LINE('',#6306,#6308);
#6310=EDGE_CURVE('',#6288,#6298,#6309,.T.);
#6311=ORIENTED_EDGE('',*,*,#6310,.F.);
#6312=EDGE_LOOP('',(#6295,#6296,#6305,#6311));
#6313=FACE_BOUND('',#6312,.T.);
#6314=ADVANCED_FACE('',(#6313),#6286,.F.);
#6315=CARTESIAN_POINT('',(7.4,124.,15.875));
#6316=DIRECTION('',(-1.,0.,0.));
#6317=DIRECTION('',(0.,0.,1.));
#6318=AXIS2_PLACEMENT_3D('',#6315,#6316,#6317);
#6319=PLANE('',#6318);
#6320=CARTESIAN_POINT('',(7.4,1.,19.25));
#6321=VERTEX_POINT('',#6320);
#6322=CARTESIAN_POINT('',(7.4,1.,12.5));
#6323=DIRECTION('',(0.,0.,1.));
#6324=VECTOR('',#6323,6.75);
#6325=LINE('',#6322,#6324);
#6326=EDGE_CURVE('',#6298,#6321,#6325,.T.);
#6327=ORIENTED_EDGE('',*,*,#6326,.T.);
#6328=CARTESIAN_POINT('',(7.4,-0.3,19.25));
#6329=VERTEX_POINT('',#6328);
#6330=CARTESIAN_POINT('',(7.4,1.,19.25));
#6331=DIRECTION('',(0.,-1.,0.));
#6332=VECTOR('',#6331,1.3);
#6333=LINE('',#6330,#6332);
#6334=EDGE_CURVE('',#6321,#6329,#6333,.T.);
#6335=ORIENTED_EDGE('',*,*,#6334,.T.);
#6336=CARTESIAN_POINT('',(7.4,-0.3,12.5));
#6337=DIRECTION('',(0.,0.,1.));
#6338=VECTOR('',#6337,6.75);
#6339=LINE('',#6336,#6338);
#6340=EDGE_CURVE('',#6288,#6329,#6339,.T.);
#6341=ORIENTED_EDGE('',*,*,#6340,.F.);
#6342=ORIENTED_EDGE('',*,*,#6310,.T.);
#6343=EDGE_LOOP('',(#6327,#6335,#6341,#6342));
#6344=FACE_BOUND('',#6343,.T.);
#6345=ADVANCED_FACE('',(#6344),#6319,.F.);
#6346=CARTESIAN_POINT('',(5.9,124.,19.25));
#6347=DIRECTION('',(0.,1.,0.));
#6348=DIRECTION('',(0.,-0.,1.));
#6349=AXIS2_PLACEMENT_3D('',#6346,#6347,#6348);
#6350=CYLINDRICAL_SURFACE('',#6349,1.5);
#6351=CARTESIAN_POINT('',(5.9,1.,19.25));
#6352=DIRECTION('',(-0.,1.,0.));
#6353=DIRECTION('',(-1.,-0.,0.));
#6354=AXIS2_PLACEMENT_3D('',#6351,#6352,#6353);
#6355=CIRCLE('',#6354,1.5);
#6356=EDGE_CURVE('',#518,#6321,#6355,.T.);
#6357=ORIENTED_EDGE('',*,*,#6356,.F.);
#6358=ORIENTED_EDGE('',*,*,#523,.F.);
#6359=CARTESIAN_POINT('',(5.9,-0.3,19.25));
#6360=DIRECTION('',(0.,-1.,-0.));
#6361=DIRECTION('',(-1.,-0.,0.));
#6362=AXIS2_PLACEMENT_3D('',#6359,#6360,#6361);
#6363=CIRCLE('',#6362,1.5);
#6364=EDGE_CURVE('',#6329,#510,#6363,.T.);
#6365=ORIENTED_EDGE('',*,*,#6364,.F.);
#6366=ORIENTED_EDGE('',*,*,#6334,.F.);
#6367=EDGE_LOOP('',(#6357,#6358,#6365,#6366));
#6368=FACE_BOUND('',#6367,.T.);
#6369=ADVANCED_FACE('',(#6368),#6350,.T.);
#6370=CARTESIAN_POINT('',(0.,0.,4.95));
#6371=DIRECTION('',(0.,0.,1.));
#6372=DIRECTION('',(1.,0.,0.));
#6373=AXIS2_PLACEMENT_3D('',#6370,#6371,#6372);
#6374=PLANE('',#6373);
#6375=CARTESIAN_POINT('',(4.55,5.,4.95));
#6376=VERTEX_POINT('',#6375);
#6377=CARTESIAN_POINT('',(7.85,5.,4.95));
#6378=VERTEX_POINT('',#6377);
#6379=CARTESIAN_POINT('',(6.2,5.,4.95));
#6380=DIRECTION('',(0.,0.,1.));
#6381=DIRECTION('',(1.,0.,-0.));
#6382=AXIS2_PLACEMENT_3D('',#6379,#6380,#6381);
#6383=CIRCLE('',#6382,1.65);
#6384=EDGE_CURVE('',#6376,#6378,#6383,.T.);
#6385=ORIENTED_EDGE('',*,*,#6384,.F.);
#6386=CARTESIAN_POINT('',(6.2,5.,4.95));
#6387=DIRECTION('',(0.,0.,1.));
#6388=DIRECTION('',(1.,0.,-0.));
#6389=AXIS2_PLACEMENT_3D('',#6386,#6387,#6388);
#6390=CIRCLE('',#6389,1.65);
#6391=EDGE_CURVE('',#6378,#6376,#6390,.T.);
#6392=ORIENTED_EDGE('',*,*,#6391,.F.);
#6393=EDGE_LOOP('',(#6385,#6392));
#6394=FACE_BOUND('',#6393,.T.);
#6395=ORIENTED_EDGE('',*,*,#365,.T.);
#6396=CARTESIAN_POINT('',(2.2,1.,4.95));
#6397=VERTEX_POINT('',#6396);
#6398=CARTESIAN_POINT('',(2.2,2.,4.95));
#6399=DIRECTION('',(0.,0.,1.));
#6400=DIRECTION('',(1.,0.,-0.));
#6401=AXIS2_PLACEMENT_3D('',#6398,#6399,#6400);
#6402=CIRCLE('',#6401,1.);
#6403=EDGE_CURVE('',#352,#6397,#6402,.T.);
#6404=ORIENTED_EDGE('',*,*,#6403,.T.);
#6405=CARTESIAN_POINT('',(9.7,1.,4.95));
#6406=VERTEX_POINT('',#6405);
#6407=CARTESIAN_POINT('',(2.2,1.,4.95));
#6408=DIRECTION('',(1.,0.,0.));
#6409=VECTOR('',#6408,7.5);
#6410=LINE('',#6407,#6409);
#6411=EDGE_CURVE('',#6397,#6406,#6410,.T.);
#6412=ORIENTED_EDGE('',*,*,#6411,.T.);
#6413=CARTESIAN_POINT('',(9.7,5.7,4.95));
#6414=VERTEX_POINT('',#6413);
#6415=CARTESIAN_POINT('',(9.7,1.,4.95));
#6416=DIRECTION('',(-0.,1.,0.));
#6417=VECTOR('',#6416,4.7);
#6418=LINE('',#6415,#6417);
#6419=EDGE_CURVE('',#6406,#6414,#6418,.T.);
#6420=ORIENTED_EDGE('',*,*,#6419,.T.);
#6421=CARTESIAN_POINT('',(6.7,8.7,4.95));
#6422=VERTEX_POINT('',#6421);
#6423=CARTESIAN_POINT('',(6.7,5.7,4.95));
#6424=DIRECTION('',(0.,0.,1.));
#6425=DIRECTION('',(1.,0.,-0.));
#6426=AXIS2_PLACEMENT_3D('',#6423,#6424,#6425);
#6427=CIRCLE('',#6426,3.);
#6428=EDGE_CURVE('',#6414,#6422,#6427,.T.);
#6429=ORIENTED_EDGE('',*,*,#6428,.T.);
#6430=CARTESIAN_POINT('',(6.7,8.7,4.95));
#6431=DIRECTION('',(-1.,-0.,0.));
#6432=VECTOR('',#6431,5.5);
#6433=LINE('',#6430,#6432);
#6434=EDGE_CURVE('',#6422,#360,#6433,.T.);
#6435=ORIENTED_EDGE('',*,*,#6434,.T.);
#6436=EDGE_LOOP('',(#6395,#6404,#6412,#6420,#6429,#6435));
#6437=FACE_BOUND('',#6436,.T.);
#6438=ADVANCED_FACE('',(#6394,#6437),#6374,.T.);
#6439=CARTESIAN_POINT('',(100.,-0.3,20.75));
#6440=DIRECTION('',(-0.,1.,0.));
#6441=DIRECTION('',(-1.,-0.,0.));
#6442=AXIS2_PLACEMENT_3D('',#6439,#6440,#6441);
#6443=PLANE('',#6442);
#6444=ORIENTED_EDGE('',*,*,#5878,.F.);
#6445=ORIENTED_EDGE('',*,*,#5910,.T.);
#6446=ORIENTED_EDGE('',*,*,#5942,.T.);
#6447=ORIENTED_EDGE('',*,*,#5989,.T.);
#6448=ORIENTED_EDGE('',*,*,#6006,.T.);
#6449=ORIENTED_EDGE('',*,*,#6053,.T.);
#6450=ORIENTED_EDGE('',*,*,#6084,.F.);
#6451=ORIENTED_EDGE('',*,*,#6102,.T.);
#6452=ORIENTED_EDGE('',*,*,#6134,.F.);
#6453=ORIENTED_EDGE('',*,*,#6181,.T.);
#6454=ORIENTED_EDGE('',*,*,#6198,.F.);
#6455=ORIENTED_EDGE('',*,*,#6230,.T.);
#6456=ORIENTED_EDGE('',*,*,#6276,.T.);
#6457=ORIENTED_EDGE('',*,*,#6294,.T.);
#6458=ORIENTED_EDGE('',*,*,#6340,.T.);
#6459=ORIENTED_EDGE('',*,*,#6364,.T.);
#6460=ORIENTED_EDGE('',*,*,#515,.F.);
#6461=ORIENTED_EDGE('',*,*,#490,.T.);
#6462=ORIENTED_EDGE('',*,*,#1728,.T.);
#6463=ORIENTED_EDGE('',*,*,#5836,.T.);
#6464=EDGE_LOOP('',(#6444,#6445,#6446,#6447,#6448,#6449,#6450,#6451,#6452,#6453,#6454,#6455,#6456,#6457,#6458,#6459,#6460,#6461,#6462,#6463));
#6465=FACE_BOUND('',#6464,.T.);
#6466=ADVANCED_FACE('',(#6465),#6443,.F.);
#6467=CARTESIAN_POINT('',(241.8,6.2,4.95));
#6468=DIRECTION('',(0.,0.,-1.));
#6469=DIRECTION('',(-1.,0.,0.));
#6470=AXIS2_PLACEMENT_3D('',#6467,#6468,#6469);
#6471=CYLINDRICAL_SURFACE('',#6470,3.);
#6472=CARTESIAN_POINT('',(241.8,9.2,4.95));
#6473=VERTEX_POINT('',#6472);
#6474=CARTESIAN_POINT('',(238.8,6.2,4.95));
#6475=VERTEX_POINT('',#6474);
#6476=CARTESIAN_POINT('',(241.8,6.2,4.95));
#6477=DIRECTION('',(0.,0.,1.));
#6478=DIRECTION('',(1.,0.,-0.));
#6479=AXIS2_PLACEMENT_3D('',#6476,#6477,#6478);
#6480=CIRCLE('',#6479,3.);
#6481=EDGE_CURVE('',#6473,#6475,#6480,.T.);
#6482=ORIENTED_EDGE('',*,*,#6481,.F.);
#6483=CARTESIAN_POINT('',(241.8,9.2,1.5));
#6484=DIRECTION('',(-0.,-0.,1.));
#6485=VECTOR('',#6484,3.45);
#6486=LINE('',#6483,#6485);
#6487=EDGE_CURVE('',#840,#6473,#6486,.T.);
#6488=ORIENTED_EDGE('',*,*,#6487,.F.);
#6489=ORIENTED_EDGE('',*,*,#846,.F.);
#6490=CARTESIAN_POINT('',(238.8,6.2,4.95));
#6491=DIRECTION('',(0.,0.,-1.));
#6492=VECTOR('',#6491,3.45);
#6493=LINE('',#6490,#6492);
#6494=EDGE_CURVE('',#6475,#832,#6493,.T.);
#6495=ORIENTED_EDGE('',*,*,#6494,.F.);
#6496=EDGE_LOOP('',(#6482,#6488,#6489,#6495));
#6497=FACE_BOUND('',#6496,.T.);
#6498=ADVANCED_FACE('',(#6497),#6471,.T.);
#6499=CARTESIAN_POINT('',(238.8,5.2,4.95));
#6500=DIRECTION('',(-1.,0.,0.));
#6501=DIRECTION('',(0.,0.,1.));
#6502=AXIS2_PLACEMENT_3D('',#6499,#6500,#6501);
#6503=PLANE('',#6502);
#6504=CARTESIAN_POINT('',(238.8,1.,4.95));
#6505=VERTEX_POINT('',#6504);
#6506=CARTESIAN_POINT('',(238.8,1.,4.95));
#6507=DIRECTION('',(0.,1.,0.));
#6508=VECTOR('',#6507,5.2);
#6509=LINE('',#6506,#6508);
#6510=EDGE_CURVE('',#6505,#6475,#6509,.T.);
#6511=ORIENTED_EDGE('',*,*,#6510,.T.);
#6512=ORIENTED_EDGE('',*,*,#6494,.T.);
#6513=ORIENTED_EDGE('',*,*,#837,.F.);
#6514=CARTESIAN_POINT('',(238.8,1.,4.95));
#6515=DIRECTION('',(0.,0.,-1.));
#6516=VECTOR('',#6515,3.45);
#6517=LINE('',#6514,#6516);
#6518=EDGE_CURVE('',#6505,#824,#6517,.T.);
#6519=ORIENTED_EDGE('',*,*,#6518,.F.);
#6520=EDGE_LOOP('',(#6511,#6512,#6513,#6519));
#6521=FACE_BOUND('',#6520,.T.);
#6522=ADVANCED_FACE('',(#6521),#6503,.T.);
#6523=CARTESIAN_POINT('',(9.7,4.95,4.95));
#6524=DIRECTION('',(-1.,-0.,0.));
#6525=DIRECTION('',(0.,-1.,0.));
#6526=AXIS2_PLACEMENT_3D('',#6523,#6524,#6525);
#6527=PLANE('',#6526);
#6528=ORIENTED_EDGE('',*,*,#821,.T.);
#6529=CARTESIAN_POINT('',(9.7,5.7,1.5));
#6530=DIRECTION('',(-0.,-0.,1.));
#6531=VECTOR('',#6530,3.45);
#6532=LINE('',#6529,#6531);
#6533=EDGE_CURVE('',#807,#6414,#6532,.T.);
#6534=ORIENTED_EDGE('',*,*,#6533,.T.);
#6535=ORIENTED_EDGE('',*,*,#6419,.F.);
#6536=CARTESIAN_POINT('',(9.7,1.,4.95));
#6537=DIRECTION('',(0.,0.,-1.));
#6538=VECTOR('',#6537,3.45);
#6539=LINE('',#6536,#6538);
#6540=EDGE_CURVE('',#6406,#816,#6539,.T.);
#6541=ORIENTED_EDGE('',*,*,#6540,.T.);
#6542=EDGE_LOOP('',(#6528,#6534,#6535,#6541));
#6543=FACE_BOUND('',#6542,.T.);
#6544=ADVANCED_FACE('',(#6543),#6527,.F.);
#6545=CARTESIAN_POINT('',(6.7,5.7,4.95));
#6546=DIRECTION('',(0.,0.,-1.));
#6547=DIRECTION('',(-1.,0.,0.));
#6548=AXIS2_PLACEMENT_3D('',#6545,#6546,#6547);
#6549=CYLINDRICAL_SURFACE('',#6548,3.);
#6550=ORIENTED_EDGE('',*,*,#6428,.F.);
#6551=ORIENTED_EDGE('',*,*,#6533,.F.);
#6552=ORIENTED_EDGE('',*,*,#813,.F.);
#6553=CARTESIAN_POINT('',(6.7,8.7,4.95));
#6554=DIRECTION('',(0.,0.,-1.));
#6555=VECTOR('',#6554,3.45);
#6556=LINE('',#6553,#6555);
#6557=EDGE_CURVE('',#6422,#799,#6556,.T.);
#6558=ORIENTED_EDGE('',*,*,#6557,.F.);
#6559=EDGE_LOOP('',(#6550,#6551,#6552,#6558));
#6560=FACE_BOUND('',#6559,.T.);
#6561=ADVANCED_FACE('',(#6560),#6549,.T.);
#6562=CARTESIAN_POINT('',(4.95,8.7,4.95));
#6563=DIRECTION('',(0.,-1.,0.));
#6564=DIRECTION('',(1.,0.,0.));
#6565=AXIS2_PLACEMENT_3D('',#6562,#6563,#6564);
#6566=PLANE('',#6565);
#6567=ORIENTED_EDGE('',*,*,#6434,.F.);
#6568=ORIENTED_EDGE('',*,*,#6557,.T.);
#6569=ORIENTED_EDGE('',*,*,#804,.T.);
#6570=ORIENTED_EDGE('',*,*,#373,.F.);
#6571=EDGE_LOOP('',(#6567,#6568,#6569,#6570));
#6572=FACE_BOUND('',#6571,.T.);
#6573=ADVANCED_FACE('',(#6572),#6566,.F.);
#6574=CARTESIAN_POINT('',(0.,0.,4.95));
#6575=DIRECTION('',(0.,0.,1.));
#6576=DIRECTION('',(1.,0.,0.));
#6577=AXIS2_PLACEMENT_3D('',#6574,#6575,#6576);
#6578=PLANE('',#6577);
#6579=CARTESIAN_POINT('',(241.7,5.,4.95));
#6580=VERTEX_POINT('',#6579);
#6581=CARTESIAN_POINT('',(243.9,5.,4.95));
#6582=VERTEX_POINT('',#6581);
#6583=CARTESIAN_POINT('',(242.8,5.,4.95));
#6584=DIRECTION('',(0.,0.,1.));
#6585=DIRECTION('',(1.,0.,-0.));
#6586=AXIS2_PLACEMENT_3D('',#6583,#6584,#6585);
#6587=CIRCLE('',#6586,1.1);
#6588=EDGE_CURVE('',#6580,#6582,#6587,.T.);
#6589=ORIENTED_EDGE('',*,*,#6588,.F.);
#6590=CARTESIAN_POINT('',(242.8,5.,4.95));
#6591=DIRECTION('',(0.,0.,1.));
#6592=DIRECTION('',(1.,0.,-0.));
#6593=AXIS2_PLACEMENT_3D('',#6590,#6591,#6592);
#6594=CIRCLE('',#6593,1.1);
#6595=EDGE_CURVE('',#6582,#6580,#6594,.T.);
#6596=ORIENTED_EDGE('',*,*,#6595,.F.);
#6597=EDGE_LOOP('',(#6589,#6596));
#6598=FACE_BOUND('',#6597,.T.);
#6599=CARTESIAN_POINT('',(245.8,1.,4.95));
#6600=VERTEX_POINT('',#6599);
#6601=CARTESIAN_POINT('',(238.8,1.,4.95));
#6602=DIRECTION('',(1.,0.,0.));
#6603=VECTOR('',#6602,7.);
#6604=LINE('',#6601,#6603);
#6605=EDGE_CURVE('',#6505,#6600,#6604,.T.);
#6606=ORIENTED_EDGE('',*,*,#6605,.T.);
#6607=CARTESIAN_POINT('',(245.8,2.,4.95));
#6608=DIRECTION('',(0.,0.,1.));
#6609=DIRECTION('',(1.,0.,-0.));
#6610=AXIS2_PLACEMENT_3D('',#6607,#6608,#6609);
#6611=CIRCLE('',#6610,1.);
#6612=EDGE_CURVE('',#6600,#5736,#6611,.T.);
#6613=ORIENTED_EDGE('',*,*,#6612,.T.);
#6614=ORIENTED_EDGE('',*,*,#5743,.T.);
#6615=CARTESIAN_POINT('',(241.8,9.2,4.95));
#6616=DIRECTION('',(1.,0.,0.));
#6617=VECTOR('',#6616,5.);
#6618=LINE('',#6615,#6617);
#6619=EDGE_CURVE('',#6473,#5738,#6618,.T.);
#6620=ORIENTED_EDGE('',*,*,#6619,.F.);
#6621=ORIENTED_EDGE('',*,*,#6481,.T.);
#6622=ORIENTED_EDGE('',*,*,#6510,.F.);
#6623=EDGE_LOOP('',(#6606,#6613,#6614,#6620,#6621,#6622));
#6624=FACE_BOUND('',#6623,.T.);
#6625=ADVANCED_FACE('',(#6598,#6624),#6578,.T.);
#6626=CARTESIAN_POINT('',(242.8,9.2,4.95));
#6627=DIRECTION('',(-0.,1.,0.));
#6628=DIRECTION('',(-1.,-0.,0.));
#6629=AXIS2_PLACEMENT_3D('',#6626,#6627,#6628);
#6630=PLANE('',#6629);
#6631=ORIENTED_EDGE('',*,*,#854,.F.);
#6632=ORIENTED_EDGE('',*,*,#6487,.T.);
#6633=ORIENTED_EDGE('',*,*,#6619,.T.);
#6634=ORIENTED_EDGE('',*,*,#5800,.T.);
#6635=EDGE_LOOP('',(#6631,#6632,#6633,#6634));
#6636=FACE_BOUND('',#6635,.T.);
#6637=ADVANCED_FACE('',(#6636),#6630,.T.);
#6638=CARTESIAN_POINT('',(100.,1.,20.75));
#6639=DIRECTION('',(-0.,1.,0.));
#6640=DIRECTION('',(-1.,-0.,0.));
#6641=AXIS2_PLACEMENT_3D('',#6638,#6639,#6640);
#6642=PLANE('',#6641);
#6643=ORIENTED_EDGE('',*,*,#6411,.F.);
#6644=CARTESIAN_POINT('',(2.2,1.,4.95));
#6645=DIRECTION('',(-0.,-0.,1.));
#6646=VECTOR('',#6645,15.8);
#6647=LINE('',#6644,#6646);
#6648=EDGE_CURVE('',#6397,#526,#6647,.T.);
#6649=ORIENTED_EDGE('',*,*,#6648,.T.);
#6650=ORIENTED_EDGE('',*,*,#531,.T.);
#6651=ORIENTED_EDGE('',*,*,#6356,.T.);
#6652=ORIENTED_EDGE('',*,*,#6326,.F.);
#6653=ORIENTED_EDGE('',*,*,#6304,.T.);
#6654=ORIENTED_EDGE('',*,*,#6262,.F.);
#6655=ORIENTED_EDGE('',*,*,#6240,.T.);
#6656=ORIENTED_EDGE('',*,*,#6207,.T.);
#6657=ORIENTED_EDGE('',*,*,#6166,.T.);
#6658=ORIENTED_EDGE('',*,*,#6143,.T.);
#6659=ORIENTED_EDGE('',*,*,#6112,.T.);
#6660=ORIENTED_EDGE('',*,*,#6070,.T.);
#6661=ORIENTED_EDGE('',*,*,#6038,.T.);
#6662=ORIENTED_EDGE('',*,*,#6015,.F.);
#6663=ORIENTED_EDGE('',*,*,#5974,.T.);
#6664=ORIENTED_EDGE('',*,*,#5951,.F.);
#6665=ORIENTED_EDGE('',*,*,#5920,.T.);
#6666=ORIENTED_EDGE('',*,*,#5864,.T.);
#6667=CARTESIAN_POINT('',(245.8,1.,20.75));
#6668=DIRECTION('',(0.,0.,-1.));
#6669=VECTOR('',#6668,15.8);
#6670=LINE('',#6667,#6669);
#6671=EDGE_CURVE('',#5850,#6600,#6670,.T.);
#6672=ORIENTED_EDGE('',*,*,#6671,.T.);
#6673=ORIENTED_EDGE('',*,*,#6605,.F.);
#6674=ORIENTED_EDGE('',*,*,#6518,.T.);
#6675=ORIENTED_EDGE('',*,*,#829,.F.);
#6676=ORIENTED_EDGE('',*,*,#6540,.F.);
#6677=EDGE_LOOP('',(#6643,#6649,#6650,#6651,#6652,#6653,#6654,#6655,#6656,#6657,#6658,#6659,#6660,#6661,#6662,#6663,#6664,#6665,#6666,#6672,#6673,#6674,#6675,#6676));
#6678=FACE_BOUND('',#6677,.T.);
#6679=ADVANCED_FACE('',(#6678),#6642,.T.);
#6680=CARTESIAN_POINT('',(0.,0.,1.));
#6681=DIRECTION('',(0.,0.,1.));
#6682=DIRECTION('',(1.,0.,0.));
#6683=AXIS2_PLACEMENT_3D('',#6680,#6681,#6682);
#6684=PLANE('',#6683);
#6685=CARTESIAN_POINT('',(244.45,182.3,1.));
#6686=VERTEX_POINT('',#6685);
#6687=CARTESIAN_POINT('',(241.15,182.3,1.));
#6688=VERTEX_POINT('',#6687);
#6689=CARTESIAN_POINT('',(242.8,182.3,1.));
#6690=DIRECTION('',(0.,0.,1.));
#6691=DIRECTION('',(1.,0.,-0.));
#6692=AXIS2_PLACEMENT_3D('',#6689,#6690,#6691);
#6693=CIRCLE('',#6692,1.65);
#6694=EDGE_CURVE('',#6686,#6688,#6693,.T.);
#6695=ORIENTED_EDGE('',*,*,#6694,.T.);
#6696=CARTESIAN_POINT('',(242.8,182.3,1.));
#6697=DIRECTION('',(0.,0.,1.));
#6698=DIRECTION('',(1.,0.,-0.));
#6699=AXIS2_PLACEMENT_3D('',#6696,#6697,#6698);
#6700=CIRCLE('',#6699,1.65);
#6701=EDGE_CURVE('',#6688,#6686,#6700,.T.);
#6702=ORIENTED_EDGE('',*,*,#6701,.T.);
#6703=EDGE_LOOP('',(#6695,#6702));
#6704=FACE_BOUND('',#6703,.T.);
#6705=ADVANCED_FACE('',(#6704),#6684,.T.);
#6706=CARTESIAN_POINT('',(242.8,182.3,4.95));
#6707=DIRECTION('',(0.,0.,-1.));
#6708=DIRECTION('',(-1.,0.,0.));
#6709=AXIS2_PLACEMENT_3D('',#6706,#6707,#6708);
#6710=CYLINDRICAL_SURFACE('',#6709,1.65);
#6711=CARTESIAN_POINT('',(241.15,182.3,1.));
#6712=DIRECTION('',(-0.,-0.,1.));
#6713=VECTOR('',#6712,3.95);
#6714=LINE('',#6711,#6713);
#6715=EDGE_CURVE('',#6688,#4496,#6714,.T.);
#6716=ORIENTED_EDGE('',*,*,#6715,.F.);
#6717=ORIENTED_EDGE('',*,*,#6694,.F.);
#6718=ORIENTED_EDGE('',*,*,#6701,.F.);
#6719=ORIENTED_EDGE('',*,*,#6715,.T.);
#6720=ORIENTED_EDGE('',*,*,#4504,.T.);
#6721=ORIENTED_EDGE('',*,*,#4511,.T.);
#6722=EDGE_LOOP('',(#6716,#6717,#6718,#6719,#6720,#6721));
#6723=FACE_BOUND('',#6722,.T.);
#6724=ADVANCED_FACE('',(#6723),#6710,.F.);
#6725=CARTESIAN_POINT('',(0.,0.,1.));
#6726=DIRECTION('',(0.,0.,1.));
#6727=DIRECTION('',(1.,0.,0.));
#6728=AXIS2_PLACEMENT_3D('',#6725,#6726,#6727);
#6729=PLANE('',#6728);
#6730=CARTESIAN_POINT('',(7.85,182.3,1.));
#6731=VERTEX_POINT('',#6730);
#6732=CARTESIAN_POINT('',(4.55,182.3,1.));
#6733=VERTEX_POINT('',#6732);
#6734=CARTESIAN_POINT('',(6.2,182.3,1.));
#6735=DIRECTION('',(0.,0.,1.));
#6736=DIRECTION('',(1.,0.,-0.));
#6737=AXIS2_PLACEMENT_3D('',#6734,#6735,#6736);
#6738=CIRCLE('',#6737,1.65);
#6739=EDGE_CURVE('',#6731,#6733,#6738,.T.);
#6740=ORIENTED_EDGE('',*,*,#6739,.T.);
#6741=CARTESIAN_POINT('',(6.2,182.3,1.));
#6742=DIRECTION('',(0.,0.,1.));
#6743=DIRECTION('',(1.,0.,-0.));
#6744=AXIS2_PLACEMENT_3D('',#6741,#6742,#6743);
#6745=CIRCLE('',#6744,1.65);
#6746=EDGE_CURVE('',#6733,#6731,#6745,.T.);
#6747=ORIENTED_EDGE('',*,*,#6746,.T.);
#6748=EDGE_LOOP('',(#6740,#6747));
#6749=FACE_BOUND('',#6748,.T.);
#6750=ADVANCED_FACE('',(#6749),#6729,.T.);
#6751=CARTESIAN_POINT('',(6.2,182.3,4.95));
#6752=DIRECTION('',(0.,0.,-1.));
#6753=DIRECTION('',(-1.,0.,0.));
#6754=AXIS2_PLACEMENT_3D('',#6751,#6752,#6753);
#6755=CYLINDRICAL_SURFACE('',#6754,1.65);
#6756=CARTESIAN_POINT('',(4.55,182.3,1.));
#6757=DIRECTION('',(-0.,-0.,1.));
#6758=VECTOR('',#6757,3.95);
#6759=LINE('',#6756,#6758);
#6760=EDGE_CURVE('',#6733,#4390,#6759,.T.);
#6761=ORIENTED_EDGE('',*,*,#6760,.F.);
#6762=ORIENTED_EDGE('',*,*,#6739,.F.);
#6763=ORIENTED_EDGE('',*,*,#6746,.F.);
#6764=ORIENTED_EDGE('',*,*,#6760,.T.);
#6765=ORIENTED_EDGE('',*,*,#4398,.T.);
#6766=ORIENTED_EDGE('',*,*,#4405,.T.);
#6767=EDGE_LOOP('',(#6761,#6762,#6763,#6764,#6765,#6766));
#6768=FACE_BOUND('',#6767,.T.);
#6769=ADVANCED_FACE('',(#6768),#6755,.F.);
#6770=CARTESIAN_POINT('',(0.,0.,1.));
#6771=DIRECTION('',(0.,0.,1.));
#6772=DIRECTION('',(1.,0.,0.));
#6773=AXIS2_PLACEMENT_3D('',#6770,#6771,#6772);
#6774=PLANE('',#6773);
#6775=CARTESIAN_POINT('',(243.9,5.,1.));
#6776=VERTEX_POINT('',#6775);
#6777=CARTESIAN_POINT('',(241.7,5.,1.));
#6778=VERTEX_POINT('',#6777);
#6779=CARTESIAN_POINT('',(242.8,5.,1.));
#6780=DIRECTION('',(0.,0.,1.));
#6781=DIRECTION('',(1.,0.,-0.));
#6782=AXIS2_PLACEMENT_3D('',#6779,#6780,#6781);
#6783=CIRCLE('',#6782,1.1);
#6784=EDGE_CURVE('',#6776,#6778,#6783,.T.);
#6785=ORIENTED_EDGE('',*,*,#6784,.T.);
#6786=CARTESIAN_POINT('',(242.8,5.,1.));
#6787=DIRECTION('',(0.,0.,1.));
#6788=DIRECTION('',(1.,0.,-0.));
#6789=AXIS2_PLACEMENT_3D('',#6786,#6787,#6788);
#6790=CIRCLE('',#6789,1.1);
#6791=EDGE_CURVE('',#6778,#6776,#6790,.T.);
#6792=ORIENTED_EDGE('',*,*,#6791,.T.);
#6793=EDGE_LOOP('',(#6785,#6792));
#6794=FACE_BOUND('',#6793,.T.);
#6795=ADVANCED_FACE('',(#6794),#6774,.T.);
#6796=CARTESIAN_POINT('',(242.8,5.,4.95));
#6797=DIRECTION('',(0.,0.,-1.));
#6798=DIRECTION('',(-1.,0.,0.));
#6799=AXIS2_PLACEMENT_3D('',#6796,#6797,#6798);
#6800=CYLINDRICAL_SURFACE('',#6799,1.1);
#6801=CARTESIAN_POINT('',(241.7,5.,1.));
#6802=DIRECTION('',(-0.,-0.,1.));
#6803=VECTOR('',#6802,3.95);
#6804=LINE('',#6801,#6803);
#6805=EDGE_CURVE('',#6778,#6580,#6804,.T.);
#6806=ORIENTED_EDGE('',*,*,#6805,.F.);
#6807=ORIENTED_EDGE('',*,*,#6784,.F.);
#6808=ORIENTED_EDGE('',*,*,#6791,.F.);
#6809=ORIENTED_EDGE('',*,*,#6805,.T.);
#6810=ORIENTED_EDGE('',*,*,#6588,.T.);
#6811=ORIENTED_EDGE('',*,*,#6595,.T.);
#6812=EDGE_LOOP('',(#6806,#6807,#6808,#6809,#6810,#6811));
#6813=FACE_BOUND('',#6812,.T.);
#6814=ADVANCED_FACE('',(#6813),#6800,.F.);
#6815=CARTESIAN_POINT('',(0.,0.,1.));
#6816=DIRECTION('',(0.,0.,1.));
#6817=DIRECTION('',(1.,0.,0.));
#6818=AXIS2_PLACEMENT_3D('',#6815,#6816,#6817);
#6819=PLANE('',#6818);
#6820=CARTESIAN_POINT('',(7.85,5.,1.));
#6821=VERTEX_POINT('',#6820);
#6822=CARTESIAN_POINT('',(4.55,5.,1.));
#6823=VERTEX_POINT('',#6822);
#6824=CARTESIAN_POINT('',(6.2,5.,1.));
#6825=DIRECTION('',(0.,0.,1.));
#6826=DIRECTION('',(1.,0.,-0.));
#6827=AXIS2_PLACEMENT_3D('',#6824,#6825,#6826);
#6828=CIRCLE('',#6827,1.65);
#6829=EDGE_CURVE('',#6821,#6823,#6828,.T.);
#6830=ORIENTED_EDGE('',*,*,#6829,.T.);
#6831=CARTESIAN_POINT('',(6.2,5.,1.));
#6832=DIRECTION('',(0.,0.,1.));
#6833=DIRECTION('',(1.,0.,-0.));
#6834=AXIS2_PLACEMENT_3D('',#6831,#6832,#6833);
#6835=CIRCLE('',#6834,1.65);
#6836=EDGE_CURVE('',#6823,#6821,#6835,.T.);
#6837=ORIENTED_EDGE('',*,*,#6836,.T.);
#6838=EDGE_LOOP('',(#6830,#6837));
#6839=FACE_BOUND('',#6838,.T.);
#6840=ADVANCED_FACE('',(#6839),#6819,.T.);
#6841=CARTESIAN_POINT('',(6.2,5.,4.95));
#6842=DIRECTION('',(0.,0.,-1.));
#6843=DIRECTION('',(-1.,0.,0.));
#6844=AXIS2_PLACEMENT_3D('',#6841,#6842,#6843);
#6845=CYLINDRICAL_SURFACE('',#6844,1.65);
#6846=CARTESIAN_POINT('',(4.55,5.,1.));
#6847=DIRECTION('',(-0.,-0.,1.));
#6848=VECTOR('',#6847,3.95);
#6849=LINE('',#6846,#6848);
#6850=EDGE_CURVE('',#6823,#6376,#6849,.T.);
#6851=ORIENTED_EDGE('',*,*,#6850,.F.);
#6852=ORIENTED_EDGE('',*,*,#6829,.F.);
#6853=ORIENTED_EDGE('',*,*,#6836,.F.);
#6854=ORIENTED_EDGE('',*,*,#6850,.T.);
#6855=ORIENTED_EDGE('',*,*,#6384,.T.);
#6856=ORIENTED_EDGE('',*,*,#6391,.T.);
#6857=EDGE_LOOP('',(#6851,#6852,#6853,#6854,#6855,#6856));
#6858=FACE_BOUND('',#6857,.T.);
#6859=ADVANCED_FACE('',(#6858),#6845,.F.);
#6860=CARTESIAN_POINT('',(0.,0.,1.));
#6861=DIRECTION('',(0.,0.,1.));
#6862=DIRECTION('',(1.,0.,0.));
#6863=AXIS2_PLACEMENT_3D('',#6860,#6861,#6862);
#6864=PLANE('',#6863);
#6865=CARTESIAN_POINT('',(243.9,18.9,1.));
#6866=VERTEX_POINT('',#6865);
#6867=CARTESIAN_POINT('',(241.7,18.9,1.));
#6868=VERTEX_POINT('',#6867);
#6869=CARTESIAN_POINT('',(242.8,18.9,1.));
#6870=DIRECTION('',(0.,0.,1.));
#6871=DIRECTION('',(1.,0.,-0.));
#6872=AXIS2_PLACEMENT_3D('',#6869,#6870,#6871);
#6873=CIRCLE('',#6872,1.1);
#6874=EDGE_CURVE('',#6866,#6868,#6873,.T.);
#6875=ORIENTED_EDGE('',*,*,#6874,.T.);
#6876=CARTESIAN_POINT('',(242.8,18.9,1.));
#6877=DIRECTION('',(0.,0.,1.));
#6878=DIRECTION('',(1.,0.,-0.));
#6879=AXIS2_PLACEMENT_3D('',#6876,#6877,#6878);
#6880=CIRCLE('',#6879,1.1);
#6881=EDGE_CURVE('',#6868,#6866,#6880,.T.);
#6882=ORIENTED_EDGE('',*,*,#6881,.T.);
#6883=EDGE_LOOP('',(#6875,#6882));
#6884=FACE_BOUND('',#6883,.T.);
#6885=ADVANCED_FACE('',(#6884),#6864,.T.);
#6886=CARTESIAN_POINT('',(242.8,18.9,4.95));
#6887=DIRECTION('',(0.,0.,-1.));
#6888=DIRECTION('',(-1.,0.,0.));
#6889=AXIS2_PLACEMENT_3D('',#6886,#6887,#6888);
#6890=CYLINDRICAL_SURFACE('',#6889,1.1);
#6891=CARTESIAN_POINT('',(241.7,18.9,1.));
#6892=DIRECTION('',(-0.,-0.,1.));
#6893=VECTOR('',#6892,3.95);
#6894=LINE('',#6891,#6893);
#6895=EDGE_CURVE('',#6868,#5590,#6894,.T.);
#6896=ORIENTED_EDGE('',*,*,#6895,.F.);
#6897=ORIENTED_EDGE('',*,*,#6874,.F.);
#6898=ORIENTED_EDGE('',*,*,#6881,.F.);
#6899=ORIENTED_EDGE('',*,*,#6895,.T.);
#6900=ORIENTED_EDGE('',*,*,#5598,.T.);
#6901=ORIENTED_EDGE('',*,*,#5605,.T.);
#6902=EDGE_LOOP('',(#6896,#6897,#6898,#6899,#6900,#6901));
#6903=FACE_BOUND('',#6902,.T.);
#6904=ADVANCED_FACE('',(#6903),#6890,.F.);
#6905=CARTESIAN_POINT('',(245.8,2.,20.75));
#6906=DIRECTION('',(0.,0.,1.));
#6907=DIRECTION('',(1.,0.,-0.));
#6908=AXIS2_PLACEMENT_3D('',#6905,#6906,#6907);
#6909=CYLINDRICAL_SURFACE('',#6908,1.);
#6910=ORIENTED_EDGE('',*,*,#5856,.F.);
#6911=ORIENTED_EDGE('',*,*,#5751,.F.);
#6912=ORIENTED_EDGE('',*,*,#6612,.F.);
#6913=ORIENTED_EDGE('',*,*,#6671,.F.);
#6914=EDGE_LOOP('',(#6910,#6911,#6912,#6913));
#6915=FACE_BOUND('',#6914,.T.);
#6916=ADVANCED_FACE('',(#6915),#6909,.F.);
#6917=CARTESIAN_POINT('',(2.2,2.,20.75));
#6918=DIRECTION('',(0.,0.,1.));
#6919=DIRECTION('',(1.,0.,-0.));
#6920=AXIS2_PLACEMENT_3D('',#6917,#6918,#6919);
#6921=CYLINDRICAL_SURFACE('',#6920,1.);
#6922=ORIENTED_EDGE('',*,*,#538,.F.);
#6923=ORIENTED_EDGE('',*,*,#6648,.F.);
#6924=ORIENTED_EDGE('',*,*,#6403,.F.);
#6925=ORIENTED_EDGE('',*,*,#357,.F.);
#6926=EDGE_LOOP('',(#6922,#6923,#6924,#6925));
#6927=FACE_BOUND('',#6926,.T.);
#6928=ADVANCED_FACE('',(#6927),#6921,.F.);
#6929=CLOSED_SHELL('',(#135,#166,#191,#215,#239,#263,#312,#337,#469,#502,#545,#562,#579,#906,#939,#979,#1086,#1193,#1285,#1392,#1490,#1582,#1640,#1657,#1684,#1717,
#1734,#1774,#1830,#1855,#1874,#1891,#1915,#1932,#1949,#1997,#2014,#2031,#2078,#2142,#2188,#2252,#2315,#2372,#2436,#2474,#2507,#2954,#3401,#3423,#3445,
#3471,#3488,#3500,#3522,#3539,#3556,#3573,#3590,#3607,#3624,#3646,#3663,#3680,#3692,#3709,#3726,#3748,#3765,#3782,#3799,#3816,#3833,#3850,#3867,#3889,
#3906,#3923,#3940,#3952,#3974,#3991,#4008,#4025,#4042,#4059,#4076,#4093,#4110,#4127,#4139,#4151,#4168,#4180,#4192,#4204,#4221,#4238,#4255,#4272,#4289,
#4306,#4323,#4335,#4359,#4383,#4422,#4434,#4458,#4489,#4533,#4545,#4573,#4601,#4629,#4657,#4682,#4707,#4732,#4757,#4790,#4823,#4856,#4889,#4920,#4950,
#4974,#5005,#5035,#5059,#5076,#5093,#5115,#5132,#5149,#5161,#5178,#5195,#5212,#5229,#5254,#5272,#5289,#5311,#5328,#5345,#5357,#5380,#5403,#5422,#5439,
#5456,#5478,#5490,#5502,#5534,#5558,#5583,#5636,#5653,#5670,#5704,#5729,#5817,#5842,#5885,#5897,#5930,#5961,#5994,#6025,#6058,#6089,#6122,#6153,#6186,
#6217,#6250,#6281,#6314,#6345,#6369,#6438,#6466,#6498,#6522,#6544,#6561,#6573,#6625,#6637,#6679,#6705,#6724,#6750,#6769,#6795,#6814,#6840,#6859,#6885,
#6904,#6916,#6928));
#6930=MANIFOLD_SOLID_BREP('body',#6929);
#6931=COLOUR_RGB('',0.494117647,0.494117647,0.525490224);
#6932=FILL_AREA_STYLE_COLOUR('',#6931);
#6933=FILL_AREA_STYLE('',(#6932));
#6934=SURFACE_STYLE_FILL_AREA(#6933);
#6935=SURFACE_SIDE_STYLE('',(#6934));
#6936=SURFACE_STYLE_USAGE(.BOTH.,#6935);
#6937=PRESENTATION_STYLE_ASSIGNMENT((#6936));
#54=STYLED_ITEM('',(#6937),#6930);
#35=SHAPE_REPRESENTATION('body',(#15),#33);
#36=ADVANCED_BREP_SHAPE_REPRESENTATION('body',(#6930),#33);
#6945=SHAPE_REPRESENTATION_RELATIONSHIP('','',#35,#36);
#6946=CARTESIAN_POINT('',(0.,0.,0.));
#6947=DIRECTION('',(0.,0.,1.));
#6948=DIRECTION('',(1.,0.,0.));
#6949=AXIS2_PLACEMENT_3D('',#6946,#6947,#6948);
#6951=MAPPED_ITEM('',#6950,#6949);
#6950=REPRESENTATION_MAP(#6949,#35);
#6952=APPLICATION_CONTEXT('Managed model based 3d engineering');
#6953=APPLICATION_PROTOCOL_DEFINITION('international standard','ap242_managed_model_based_3d_engineering',2014,#6952);
#6954=PRODUCT_CONTEXT('',#6952,'mechanical');
#6955=PRODUCT_DEFINITION_CONTEXT('part definition',#6952,'design');
#43=PRODUCT('body','body','',(#6954));
#6956=PRODUCT_RELATED_PRODUCT_CATEGORY('part','',(#43));
#6957=PRODUCT_DEFINITION_FORMATION_WITH_SPECIFIED_SOURCE('','',#43,.NOT_KNOWN.);
#44=PRODUCT_DEFINITION('design','',#6957,#6955);
#42=PRODUCT_DEFINITION_SHAPE('','',#44);
#6958=SHAPE_DEFINITION_REPRESENTATION(#42,#35);
#34=DRAUGHTING_MODEL('',(#6951),#33);
#16=SHAPE_REPRESENTATION('root',(#15,#48),#10);
#6959=CARTESIAN_POINT('',(0.,0.,0.));
#6960=DIRECTION('',(0.,0.,1.));
#6961=DIRECTION('',(1.,0.,0.));
#6962=AXIS2_PLACEMENT_3D('',#6959,#6960,#6961);
#6964=MAPPED_ITEM('',#6963,#6962);
#6963=REPRESENTATION_MAP(#6962,#16);
#24=PRODUCT('root','root','',(#6954));
#6965=PRODUCT_RELATED_PRODUCT_CATEGORY('part','',(#24));
#6966=PRODUCT_DEFINITION_FORMATION_WITH_SPECIFIED_SOURCE('','',#24,.NOT_KNOWN.);
#25=PRODUCT_DEFINITION('design','',#6966,#6955);
#23=PRODUCT_DEFINITION_SHAPE('','',#25);
#6967=SHAPE_DEFINITION_REPRESENTATION(#23,#16);
#11=DRAUGHTING_MODEL('',(#6964),#10);
#6968=DESCRIPTIVE_REPRESENTATION_ITEM('KEY','/Users/hrushka/Library/Containers/com.shapr3d.shapr/Data/tmp/8B993037-F105-411E-922E-94F633BDB132.tmp');
#6969=PROPERTY_DEFINITION('KEY','',#25);
#6970=REPRESENTATION('',(#6968),#10);
#6971=PROPERTY_DEFINITION_REPRESENTATION(#6969,#6970);
#6972=GENERAL_PROPERTY('','KEY','');
#6973=GENERAL_PROPERTY_ASSOCIATION('','',#6972,#6969);
#1=MECHANICAL_DESIGN_GEOMETRIC_PRESENTATION_REPRESENTATION('',(#54),#10);
ENDSEC;
END-ISO-10303-21;
